$MeshFormat
2.2 0 8
$EndMeshFormat
$PhysicalNames
10
2 201 "LPOUG"
2 202 "LVOI1G"
2 203 "LVOI1D"
2 204 "LBOD1D"
2 205 "LBOD2H"
2 206 "Z_BACK_FACE"
2 207 "Z_FRONT_FACE"
3 300 "POUTRE_3D"
3 301 "VOID1_3D"
3 302 "VOID2_3D"
$EndPhysicalNames
$Nodes
6895
1 0 0.55 0
2 2 0.55 0
3 2 0.65 0
4 0 0.65 0
5 1.4 0.55 0
6 0.5 0.65 0
7 2 0.2 0
8 1.4 0.2 0
9 0 0.75 0
10 0.5 1.35 0
11 0 0.55 0.2
12 1.4 0.55 0.2
13 2 0.55 0.2
14 2 0.65 0.2
15 0.5 0.65 0.2
16 0 0.65 0.2
17 0 0.75 0.2
18 0.5 1.35 0.2
19 1.4 0.2 0.2
20 2 0.2 0.2
21 0.0199999999999609 0.55 0
22 0.03999999999992312 0.55 0
23 0.05999999999987928 0.55 0
24 0.07999999999983178 0.55 0
25 0.09999999999979425 0.55 0
26 0.119999999999765 0.55 0
27 0.1399999999997331 0.55 0
28 0.1599999999997004 0.55 0
29 0.1799999999996588 0.55 0
30 0.1999999999996028 0.55 0
31 0.2199999999995499 0.55 0
32 0.2399999999994957 0.55 0
33 0.2599999999994451 0.55 0
34 0.2799999999993995 0.55 0
35 0.2999999999993405 0.55 0
36 0.3199999999992815 0.55 0
37 0.3399999999992225 0.55 0
38 0.3599999999991635 0.55 0
39 0.3799999999991045 0.55 0
40 0.3999999999990456 0.55 0
41 0.4199999999989866 0.55 0
42 0.4399999999989409 0.55 0
43 0.4599999999988904 0.55 0
44 0.4799999999988314 0.55 0
45 0.4999999999987725 0.55 0
46 0.5199999999987134 0.55 0
47 0.5399999999986544 0.55 0
48 0.5599999999985955 0.55 0
49 0.5799999999985366 0.55 0
50 0.5999999999984775 0.55 0
51 0.6199999999984185 0.55 0
52 0.6399999999983595 0.55 0
53 0.6599999999983005 0.55 0
54 0.6799999999982417 0.55 0
55 0.6999999999982044 0.55 0
56 0.7199999999982645 0.55 0
57 0.7399999999983027 0.55 0
58 0.7599999999983628 0.55 0
59 0.779999999998416 0.55 0
60 0.7999999999984612 0.55 0
61 0.8199999999985212 0.55 0
62 0.8399999999985638 0.55 0
63 0.8599999999986194 0.55 0
64 0.8799999999986795 0.55 0
65 0.8999999999987396 0.55 0
66 0.9199999999987779 0.55 0
67 0.9399999999988379 0.55 0
68 0.959999999998898 0.55 0
69 0.9799999999989363 0.55 0
70 0.999999999998987 0.55 0
71 1.019999999999007 0.55 0
72 1.039999999999031 0.55 0
73 1.059999999999131 0.55 0
74 1.079999999999155 0.55 0
75 1.0999999999992 0.55 0
76 1.119999999999282 0.55 0
77 1.139999999999302 0.55 0
78 1.159999999999368 0.55 0
79 1.17999999999943 0.55 0
80 1.19999999999945 0.55 0
81 1.219999999999537 0.55 0
82 1.239999999999577 0.55 0
83 1.259999999999606 0.55 0
84 1.279999999999704 0.55 0
85 1.299999999999724 0.55 0
86 1.319999999999774 0.55 0
87 1.339999999999852 0.55 0
88 1.359999999999872 0.55 0
89 1.379999999999943 0.55 0
90 1.419999999999971 0.55 0
91 1.439999999999962 0.55 0
92 1.459999999999974 0.55 0
93 1.479999999999922 0.55 0
94 1.49999999999987 0.55 0
95 1.519999999999801 0.55 0
96 1.539999999999711 0.55 0
97 1.559999999999682 0.55 0
98 1.579999999999653 0.55 0
99 1.599999999999639 0.55 0
100 1.619999999999645 0.55 0
101 1.639999999999679 0.55 0
102 1.659999999999691 0.55 0
103 1.679999999999682 0.55 0
104 1.699999999999653 0.55 0
105 1.719999999999624 0.55 0
106 1.739999999999616 0.55 0
107 1.759999999999627 0.55 0
108 1.779999999999662 0.55 0
109 1.799999999999668 0.55 0
110 1.819999999999653 0.55 0
111 1.839999999999711 0.55 0
112 1.859999999999769 0.55 0
113 1.879999999999853 0.55 0
114 1.899999999999942 0.55 0
115 1.920000000000029 0.55 0
116 1.94 0.55 0
117 1.959999999999994 0.55 0
118 1.979999999999997 0.55 0
119 2 0.5699999999997962 0
120 2 0.5899999999995967 0
121 2 0.6099999999996227 0
122 2 0.6299999999997701 0
123 1.980000000000265 0.65 0
124 1.96000000000053 0.65 0
125 1.940000000000794 0.65 0
126 1.920000000001059 0.65 0
127 1.900000000001211 0.65 0
128 1.8800000000012 0.65 0
129 1.860000000001169 0.65 0
130 1.840000000001137 0.65 0
131 1.820000000001122 0.65 0
132 1.80000000000126 0.65 0
133 1.780000000001525 0.65 0
134 1.760000000001789 0.65 0
135 1.740000000001935 0.65 0
136 1.720000000001904 0.65 0
137 1.700000000001872 0.65 0
138 1.680000000001841 0.65 0
139 1.66000000000181 0.65 0
140 1.640000000001779 0.65 0
141 1.620000000001747 0.65 0
142 1.600000000001716 0.65 0
143 1.580000000001685 0.65 0
144 1.560000000001653 0.65 0
145 1.540000000001622 0.65 0
146 1.520000000001591 0.65 0
147 1.50000000000156 0.65 0
148 1.480000000001528 0.65 0
149 1.460000000001497 0.65 0
150 1.440000000001466 0.65 0
151 1.420000000001434 0.65 0
152 1.400000000001403 0.65 0
153 1.380000000001372 0.65 0
154 1.360000000001341 0.65 0
155 1.340000000001309 0.65 0
156 1.320000000001278 0.65 0
157 1.300000000001247 0.65 0
158 1.280000000001216 0.65 0
159 1.260000000001185 0.65 0
160 1.240000000001154 0.65 0
161 1.220000000001122 0.65 0
162 1.200000000001091 0.65 0
163 1.18000000000106 0.65 0
164 1.160000000001029 0.65 0
165 1.140000000000998 0.65 0
166 1.120000000000966 0.65 0
167 1.100000000000935 0.65 0
168 1.080000000000904 0.65 0
169 1.060000000000873 0.65 0
170 1.040000000000842 0.65 0
171 1.02000000000081 0.65 0
172 1.000000000000779 0.65 0
173 0.9800000000007483 0.65 0
174 0.9600000000007172 0.65 0
175 0.9400000000006861 0.65 0
176 0.9200000000006547 0.65 0
177 0.9000000000006236 0.65 0
178 0.8800000000005925 0.65 0
179 0.8600000000005612 0.65 0
180 0.8400000000005301 0.65 0
181 0.8200000000004988 0.65 0
182 0.8000000000004677 0.65 0
183 0.7800000000004363 0.65 0
184 0.7600000000004052 0.65 0
185 0.7400000000003741 0.65 0
186 0.720000000000343 0.65 0
187 0.7000000000003117 0.65 0
188 0.6800000000002806 0.65 0
189 0.6600000000002493 0.65 0
190 0.6400000000002182 0.65 0
191 0.6200000000001871 0.65 0
192 0.600000000000156 0.65 0
193 0.5800000000001249 0.65 0
194 0.5600000000000935 0.65 0
195 0.5400000000000624 0.65 0
196 0.5200000000000311 0.65 0
197 0.4799999999999167 0.65 0
198 0.4599999999998334 0.65 0
199 0.439999999999754 0.65 0
200 0.4199999999998611 0.65 0
201 0.3999999999999999 0.65 0
202 0.3800000000001386 0.65 0
203 0.3600000000002774 0.65 0
204 0.3400000000004162 0.65 0
205 0.3200000000005549 0.65 0
206 0.3000000000006936 0.65 0
207 0.2800000000008322 0.65 0
208 0.260000000000971 0.65 0
209 0.2400000000009987 0.65 0
210 0.2200000000009155 0.65 0
211 0.2000000000008322 0.65 0
212 0.180000000000749 0.65 0
213 0.1600000000006658 0.65 0
214 0.1400000000005825 0.65 0
215 0.1200000000004994 0.65 0
216 0.1000000000004161 0.65 0
217 0.08000000000033292 0.65 0
218 0.06000000000024969 0.65 0
219 0.04000000000016646 0.65 0
220 0.02000000000008323 0.65 0
221 0 0.6300000000000737 0
222 0 0.6099999999999697 0
223 0 0.5899999999998569 0
224 0 0.5699999999998829 0
225 1.999357676968028 0.2196209388232522 0
226 1.997433458398939 0.239157857766311 0
227 1.994235584091173 0.2585270967546346 0
228 1.989777747833456 0.2776457137295436 0
229 1.984079038760652 0.2964318398498339 0
230 1.977163859628997 0.3148050300098296 0
231 1.969061822282749 0.3326866074247373 0
232 1.959807620904265 0.3500000004002188 0
233 1.949440883409316 0.3666710703270968 0
234 1.938006001753655 0.3826284291375224 0
235 1.9255519418559 0.3978037449722147 0
236 1.912132033901297 0.4121320348106317 0
237 1.897803743975925 0.4255519427296225 0
238 1.882628428102947 0.438006002547513 0
239 1.866671069257025 0.4494408841243149 0
240 1.849999999269041 0.4598076215573511 0
241 1.832686606240029 0.4690618228669828 0
242 1.814805028762877 0.4771638601455012 0
243 1.796431838565128 0.4840790391967509 0
244 1.777645712384923 0.4897777481937456 0
245 1.758527095426731 0.4942355843553093 0
246 1.739157856498563 0.4974334585658413 0
247 1.719620937533366 0.4993576770525717 0
248 1.699999998728813 0.5 0
249 1.680379060009824 0.4993576768915438 0
250 1.660842141188153 0.4974334582612916 0
251 1.641472902285425 0.4942355839002289 0
252 1.622354285464796 0.4897777476175796 0
253 1.603568159500574 0.4840790385401452 0
254 1.58519496944234 0.4771638594020778 0
255 1.567313392218225 0.4690618221066775 0
256 1.549999999285039 0.4598076207225486 0
257 1.533328929464736 0.4494408832702234 0
258 1.517371570695399 0.4380060016254511 0
259 1.502196254926103 0.425551941766727 0
260 1.487867965186364 0.4121320338982924 0
261 1.474448057409929 0.3978037441350524 0
262 1.461993997624023 0.3826284283264972 0
263 1.450559116072271 0.3666710695512374 0
264 1.440192378678187 0.3499999996770046 0
265 1.430938177408772 0.3326866067992044 0
266 1.422836140146248 0.3148050294672234 0
267 1.415920961082502 0.2964318393877809 0
268 1.410222252069348 0.2776457133668027 0
269 1.405764415849253 0.2585270964551353 0
270 1.40256654157175 0.2391578575436732 0
271 1.400642323024329 0.2196209387066365 0
272 0.01932724751974743 0.7538670760233369 0
273 0.03851946892376168 0.7583565538682915 0
274 0.05755662624557117 0.7634637462175062 0
275 0.07641884351534309 0.7691833208469284 0
276 0.09508642728937028 0.7755093061313509 0
277 0.1135398873974006 0.7824350973303956 0
278 0.1317599572091195 0.7899534634601829 0
279 0.1497276138111135 0.7980565548681776 0
280 0.1674240977734074 0.8067359113887511 0
281 0.1848309327907169 0.8159824711961641 0
282 0.2019299450116717 0.8257865802890817 0
283 0.2187032818938218 0.8361380025023929 0
284 0.2351334310470161 0.8470259303167661 0
285 0.2512032382893052 0.85843899600424 0
286 0.2668959256794823 0.8703652835686242 0
287 0.2821951090526114 0.8827923412065998 0
288 0.297084815060258 0.8957071942597422 0
289 0.3115494978754815 0.9090963587801417 0
290 0.3255740553720859 0.9229458555560957 0
291 0.3391438450097414 0.9372412248178539 0
292 0.3522446991038668 0.9519675413356647 0
293 0.3648629394050026 0.9671094297587874 0
294 0.3769853916314111 0.9826510809358475 0
295 0.3885993992290893 0.9985762684615747 0
296 0.3996928363927146 1.014868365369741 0
297 0.410254120812802 1.031510361585658 0
298 0.4202722258447679 1.048484881809161 0
299 0.4297366920461438 1.065774203740959 0
300 0.4386376377729698 1.083360275992313 0
301 0.446965769841059 1.10122473751324 0
302 0.4547123931566764 1.119348936670001 0
303 0.4618694197786676 1.137713950712699 0
304 0.4684293772680304 1.156300605284067 0
305 0.4743854165945922 1.175089494679236 0
306 0.4797313192789501 1.19406100211458 0
307 0.4844615038522733 1.213195320117717 0
308 0.4885710316374196 1.232472470950354 0
309 0.4920556121043271 1.251872328399762 0
310 0.4949116070740476 1.271374637507398 0
311 0.497136034718901 1.290959036713401 0
312 0.4987265725735415 1.310605078463474 0
313 0.4996815600244396 1.330292251113694 0
314 0 0.6699999999999263 0
315 0 0.6900000000000304 0
316 0 0.7100000000001432 0
317 0 0.7300000000001171 0
318 0.5 1.330000000000024 0
319 0.5 1.31000000000009 0
320 0.5 1.290000000000156 0
321 0.5 1.270000000000165 0
322 0.5 1.250000000000204 0
323 0.5 1.230000000000271 0
324 0.5 1.210000000000321 0
325 0.5 1.190000000000329 0
326 0.5 1.170000000000385 0
327 0.5 1.150000000000452 0
328 0.5 1.130000000000486 0
329 0.5 1.110000000000499 0
330 0.5 1.090000000000566 0
331 0.5 1.070000000000633 0
332 0.5 1.05000000000065 0
333 0.5 1.03000000000068 0
334 0.5 1.010000000000747 0
335 0.5 0.9900000000006874 0
336 0.5 0.9700000000006535 0
337 0.5 0.9500000000006008 0
338 0.5 0.930000000000581 0
339 0.5 0.9100000000005611 0
340 0.5 0.8900000000005414 0
341 0.5 0.8700000000005215 0
342 0.5 0.8500000000005017 0
343 0.5 0.8300000000004585 0
344 0.5 0.8100000000004188 0
345 0.5 0.7900000000003556 0
346 0.5 0.7700000000002926 0
347 0.5 0.7500000000002573 0
348 0.5 0.7300000000002096 0
349 0.5 0.7100000000001465 0
350 0.5 0.69000000000009 0
351 0.5 0.6700000000000559 0
352 1.4 0.2194444444443951 0
353 1.4 0.238888888888786 0
354 1.4 0.2583333333331835 0
355 1.4 0.2777777777775756 0
356 1.4 0.2972222222219652 0
357 1.4 0.3166666666663705 0
358 1.4 0.3361111111107277 0
359 1.4 0.3555555555550957 0
360 1.4 0.3749999999994528 0
361 1.4 0.3944444444439195 0
362 1.4 0.413888888888432 0
363 1.4 0.4333333333329432 0
364 1.4 0.4527777777774605 0
365 1.4 0.472222222221944 0
366 1.4 0.4916666666664372 0
367 1.4 0.5111111111109414 0
368 1.4 0.5305555555554959 0
369 2 0.5305555555555953 0
370 2 0.5111111111111737 0
371 2 0.4916666666667461 0
372 2 0.4722222222223534 0
373 2 0.4527777777779716 0
374 2 0.4333333333336187 0
375 2 0.4138888888892405 0
376 2 0.394444444444837 0
377 2 0.3750000000004227 0
378 2 0.3555555555559096 0
379 2 0.3361111111114399 0
380 2 0.3166666666669702 0
381 2 0.2972222222225004 0
382 2 0.2777777777780031 0
383 2 0.2583333333334961 0
384 2 0.2388888888890046 0
385 2 0.2194444444444926 0
386 0.0199999999999609 0.55 0.2
387 0.03999999999992312 0.55 0.2
388 0.05999999999987928 0.55 0.2
389 0.07999999999983178 0.55 0.2
390 0.09999999999979425 0.55 0.2
391 0.119999999999765 0.55 0.2
392 0.1399999999997331 0.55 0.2
393 0.1599999999997004 0.55 0.2
394 0.1799999999996588 0.55 0.2
395 0.1999999999996028 0.55 0.2
396 0.2199999999995499 0.55 0.2
397 0.2399999999994957 0.55 0.2
398 0.2599999999994451 0.55 0.2
399 0.2799999999993995 0.55 0.2
400 0.2999999999993405 0.55 0.2
401 0.3199999999992815 0.55 0.2
402 0.3399999999992225 0.55 0.2
403 0.3599999999991635 0.55 0.2
404 0.3799999999991045 0.55 0.2
405 0.3999999999990456 0.55 0.2
406 0.4199999999989866 0.55 0.2
407 0.4399999999989409 0.55 0.2
408 0.4599999999988904 0.55 0.2
409 0.4799999999988314 0.55 0.2
410 0.4999999999987725 0.55 0.2
411 0.5199999999987134 0.55 0.2
412 0.5399999999986544 0.55 0.2
413 0.5599999999985955 0.55 0.2
414 0.5799999999985366 0.55 0.2
415 0.5999999999984775 0.55 0.2
416 0.6199999999984185 0.55 0.2
417 0.6399999999983595 0.55 0.2
418 0.6599999999983005 0.55 0.2
419 0.6799999999982417 0.55 0.2
420 0.6999999999982044 0.55 0.2
421 0.7199999999982645 0.55 0.2
422 0.7399999999983027 0.55 0.2
423 0.7599999999983628 0.55 0.2
424 0.779999999998416 0.55 0.2
425 0.7999999999984612 0.55 0.2
426 0.8199999999985212 0.55 0.2
427 0.8399999999985638 0.55 0.2
428 0.8599999999986194 0.55 0.2
429 0.8799999999986795 0.55 0.2
430 0.8999999999987396 0.55 0.2
431 0.9199999999987779 0.55 0.2
432 0.9399999999988379 0.55 0.2
433 0.959999999998898 0.55 0.2
434 0.9799999999989363 0.55 0.2
435 0.999999999998987 0.55 0.2
436 1.019999999999007 0.55 0.2
437 1.039999999999031 0.55 0.2
438 1.059999999999131 0.55 0.2
439 1.079999999999155 0.55 0.2
440 1.0999999999992 0.55 0.2
441 1.119999999999282 0.55 0.2
442 1.139999999999302 0.55 0.2
443 1.159999999999368 0.55 0.2
444 1.17999999999943 0.55 0.2
445 1.19999999999945 0.55 0.2
446 1.219999999999537 0.55 0.2
447 1.239999999999577 0.55 0.2
448 1.259999999999606 0.55 0.2
449 1.279999999999704 0.55 0.2
450 1.299999999999724 0.55 0.2
451 1.319999999999774 0.55 0.2
452 1.339999999999852 0.55 0.2
453 1.359999999999872 0.55 0.2
454 1.379999999999943 0.55 0.2
455 1.419999999999971 0.55 0.2
456 1.439999999999962 0.55 0.2
457 1.459999999999974 0.55 0.2
458 1.479999999999922 0.55 0.2
459 1.49999999999987 0.55 0.2
460 1.519999999999801 0.55 0.2
461 1.539999999999711 0.55 0.2
462 1.559999999999682 0.55 0.2
463 1.579999999999653 0.55 0.2
464 1.599999999999639 0.55 0.2
465 1.619999999999645 0.55 0.2
466 1.639999999999679 0.55 0.2
467 1.659999999999691 0.55 0.2
468 1.679999999999682 0.55 0.2
469 1.699999999999653 0.55 0.2
470 1.719999999999624 0.55 0.2
471 1.739999999999616 0.55 0.2
472 1.759999999999627 0.55 0.2
473 1.779999999999662 0.55 0.2
474 1.799999999999668 0.55 0.2
475 1.819999999999653 0.55 0.2
476 1.839999999999711 0.55 0.2
477 1.859999999999769 0.55 0.2
478 1.879999999999853 0.55 0.2
479 1.899999999999942 0.55 0.2
480 1.920000000000029 0.55 0.2
481 1.94 0.55 0.2
482 1.959999999999994 0.55 0.2
483 1.979999999999997 0.55 0.2
484 2 0.5699999999997962 0.2
485 2 0.5899999999995967 0.2
486 2 0.6099999999996227 0.2
487 2 0.6299999999997701 0.2
488 1.980000000000265 0.65 0.2
489 1.96000000000053 0.65 0.2
490 1.940000000000794 0.65 0.2
491 1.920000000001059 0.65 0.2
492 1.900000000001211 0.65 0.2
493 1.8800000000012 0.65 0.2
494 1.860000000001169 0.65 0.2
495 1.840000000001137 0.65 0.2
496 1.820000000001122 0.65 0.2
497 1.80000000000126 0.65 0.2
498 1.780000000001525 0.65 0.2
499 1.760000000001789 0.65 0.2
500 1.740000000001935 0.65 0.2
501 1.720000000001904 0.65 0.2
502 1.700000000001872 0.65 0.2
503 1.680000000001841 0.65 0.2
504 1.66000000000181 0.65 0.2
505 1.640000000001779 0.65 0.2
506 1.620000000001747 0.65 0.2
507 1.600000000001716 0.65 0.2
508 1.580000000001685 0.65 0.2
509 1.560000000001653 0.65 0.2
510 1.540000000001622 0.65 0.2
511 1.520000000001591 0.65 0.2
512 1.50000000000156 0.65 0.2
513 1.480000000001528 0.65 0.2
514 1.460000000001497 0.65 0.2
515 1.440000000001466 0.65 0.2
516 1.420000000001434 0.65 0.2
517 1.400000000001403 0.65 0.2
518 1.380000000001372 0.65 0.2
519 1.360000000001341 0.65 0.2
520 1.340000000001309 0.65 0.2
521 1.320000000001278 0.65 0.2
522 1.300000000001247 0.65 0.2
523 1.280000000001216 0.65 0.2
524 1.260000000001185 0.65 0.2
525 1.240000000001154 0.65 0.2
526 1.220000000001122 0.65 0.2
527 1.200000000001091 0.65 0.2
528 1.18000000000106 0.65 0.2
529 1.160000000001029 0.65 0.2
530 1.140000000000998 0.65 0.2
531 1.120000000000966 0.65 0.2
532 1.100000000000935 0.65 0.2
533 1.080000000000904 0.65 0.2
534 1.060000000000873 0.65 0.2
535 1.040000000000842 0.65 0.2
536 1.02000000000081 0.65 0.2
537 1.000000000000779 0.65 0.2
538 0.9800000000007483 0.65 0.2
539 0.9600000000007172 0.65 0.2
540 0.9400000000006861 0.65 0.2
541 0.9200000000006547 0.65 0.2
542 0.9000000000006236 0.65 0.2
543 0.8800000000005925 0.65 0.2
544 0.8600000000005612 0.65 0.2
545 0.8400000000005301 0.65 0.2
546 0.8200000000004988 0.65 0.2
547 0.8000000000004677 0.65 0.2
548 0.7800000000004363 0.65 0.2
549 0.7600000000004052 0.65 0.2
550 0.7400000000003741 0.65 0.2
551 0.720000000000343 0.65 0.2
552 0.7000000000003117 0.65 0.2
553 0.6800000000002806 0.65 0.2
554 0.6600000000002493 0.65 0.2
555 0.6400000000002182 0.65 0.2
556 0.6200000000001871 0.65 0.2
557 0.600000000000156 0.65 0.2
558 0.5800000000001249 0.65 0.2
559 0.5600000000000935 0.65 0.2
560 0.5400000000000624 0.65 0.2
561 0.5200000000000311 0.65 0.2
562 0.4799999999999167 0.65 0.2
563 0.4599999999998334 0.65 0.2
564 0.439999999999754 0.65 0.2
565 0.4199999999998611 0.65 0.2
566 0.3999999999999999 0.65 0.2
567 0.3800000000001386 0.65 0.2
568 0.3600000000002774 0.65 0.2
569 0.3400000000004162 0.65 0.2
570 0.3200000000005549 0.65 0.2
571 0.3000000000006936 0.65 0.2
572 0.2800000000008322 0.65 0.2
573 0.260000000000971 0.65 0.2
574 0.2400000000009987 0.65 0.2
575 0.2200000000009155 0.65 0.2
576 0.2000000000008322 0.65 0.2
577 0.180000000000749 0.65 0.2
578 0.1600000000006658 0.65 0.2
579 0.1400000000005825 0.65 0.2
580 0.1200000000004994 0.65 0.2
581 0.1000000000004161 0.65 0.2
582 0.08000000000033292 0.65 0.2
583 0.06000000000024969 0.65 0.2
584 0.04000000000016646 0.65 0.2
585 0.02000000000008323 0.65 0.2
586 0 0.6300000000000737 0.2
587 0 0.6099999999999697 0.2
588 0 0.5899999999998569 0.2
589 0 0.5699999999998829 0.2
590 0 0.55 0.05
591 0 0.55 0.1
592 0 0.55 0.15
593 1.4 0.55 0.05
594 1.4 0.55 0.1
595 1.4 0.55 0.15
596 2 0.55 0.05
597 2 0.55 0.1
598 2 0.55 0.15
599 2 0.65 0.05
600 2 0.65 0.1
601 2 0.65 0.15
602 0.5 0.65 0.05
603 0.5 0.65 0.1
604 0.5 0.65 0.15
605 0 0.65 0.05
606 0 0.65 0.1
607 0 0.65 0.15
608 0 0.6699999999999263 0.2
609 0 0.6900000000000304 0.2
610 0 0.7100000000001432 0.2
611 0 0.7300000000001171 0.2
612 0.01932724751974743 0.7538670760233369 0.2
613 0.03851946892376168 0.7583565538682915 0.2
614 0.05755662624557117 0.7634637462175062 0.2
615 0.07641884351534309 0.7691833208469284 0.2
616 0.09508642728937028 0.7755093061313509 0.2
617 0.1135398873974006 0.7824350973303956 0.2
618 0.1317599572091195 0.7899534634601829 0.2
619 0.1497276138111135 0.7980565548681776 0.2
620 0.1674240977734074 0.8067359113887511 0.2
621 0.1848309327907169 0.8159824711961641 0.2
622 0.2019299450116717 0.8257865802890817 0.2
623 0.2187032818938218 0.8361380025023929 0.2
624 0.2351334310470161 0.8470259303167661 0.2
625 0.2512032382893052 0.85843899600424 0.2
626 0.2668959256794823 0.8703652835686242 0.2
627 0.2821951090526114 0.8827923412065998 0.2
628 0.297084815060258 0.8957071942597422 0.2
629 0.3115494978754815 0.9090963587801417 0.2
630 0.3255740553720859 0.9229458555560957 0.2
631 0.3391438450097414 0.9372412248178539 0.2
632 0.3522446991038668 0.9519675413356647 0.2
633 0.3648629394050026 0.9671094297587874 0.2
634 0.3769853916314111 0.9826510809358475 0.2
635 0.3885993992290893 0.9985762684615747 0.2
636 0.3996928363927146 1.014868365369741 0.2
637 0.410254120812802 1.031510361585658 0.2
638 0.4202722258447679 1.048484881809161 0.2
639 0.4297366920461438 1.065774203740959 0.2
640 0.4386376377729698 1.083360275992313 0.2
641 0.446965769841059 1.10122473751324 0.2
642 0.4547123931566764 1.119348936670001 0.2
643 0.4618694197786676 1.137713950712699 0.2
644 0.4684293772680304 1.156300605284067 0.2
645 0.4743854165945922 1.175089494679236 0.2
646 0.4797313192789501 1.19406100211458 0.2
647 0.4844615038522733 1.213195320117717 0.2
648 0.4885710316374196 1.232472470950354 0.2
649 0.4920556121043271 1.251872328399762 0.2
650 0.4949116070740476 1.271374637507398 0.2
651 0.497136034718901 1.290959036713401 0.2
652 0.4987265725735415 1.310605078463474 0.2
653 0.4996815600244396 1.330292251113694 0.2
654 0.5 1.330000000000024 0.2
655 0.5 1.31000000000009 0.2
656 0.5 1.290000000000156 0.2
657 0.5 1.270000000000165 0.2
658 0.5 1.250000000000204 0.2
659 0.5 1.230000000000271 0.2
660 0.5 1.210000000000321 0.2
661 0.5 1.190000000000329 0.2
662 0.5 1.170000000000385 0.2
663 0.5 1.150000000000452 0.2
664 0.5 1.130000000000486 0.2
665 0.5 1.110000000000499 0.2
666 0.5 1.090000000000566 0.2
667 0.5 1.070000000000633 0.2
668 0.5 1.05000000000065 0.2
669 0.5 1.03000000000068 0.2
670 0.5 1.010000000000747 0.2
671 0.5 0.9900000000006874 0.2
672 0.5 0.9700000000006535 0.2
673 0.5 0.9500000000006008 0.2
674 0.5 0.930000000000581 0.2
675 0.5 0.9100000000005611 0.2
676 0.5 0.8900000000005414 0.2
677 0.5 0.8700000000005215 0.2
678 0.5 0.8500000000005017 0.2
679 0.5 0.8300000000004585 0.2
680 0.5 0.8100000000004188 0.2
681 0.5 0.7900000000003556 0.2
682 0.5 0.7700000000002926 0.2
683 0.5 0.7500000000002573 0.2
684 0.5 0.7300000000002096 0.2
685 0.5 0.7100000000001465 0.2
686 0.5 0.69000000000009 0.2
687 0.5 0.6700000000000559 0.2
688 0 0.75 0.05
689 0 0.75 0.1
690 0 0.75 0.15
691 0.5 1.35 0.05
692 0.5 1.35 0.1
693 0.5 1.35 0.15
694 1.4 0.2194444444443951 0.2
695 1.4 0.238888888888786 0.2
696 1.4 0.2583333333331835 0.2
697 1.4 0.2777777777775756 0.2
698 1.4 0.2972222222219652 0.2
699 1.4 0.3166666666663705 0.2
700 1.4 0.3361111111107277 0.2
701 1.4 0.3555555555550957 0.2
702 1.4 0.3749999999994528 0.2
703 1.4 0.3944444444439195 0.2
704 1.4 0.413888888888432 0.2
705 1.4 0.4333333333329432 0.2
706 1.4 0.4527777777774605 0.2
707 1.4 0.472222222221944 0.2
708 1.4 0.4916666666664372 0.2
709 1.4 0.5111111111109414 0.2
710 1.4 0.5305555555554959 0.2
711 2 0.5305555555555953 0.2
712 2 0.5111111111111737 0.2
713 2 0.4916666666667461 0.2
714 2 0.4722222222223534 0.2
715 2 0.4527777777779716 0.2
716 2 0.4333333333336187 0.2
717 2 0.4138888888892405 0.2
718 2 0.394444444444837 0.2
719 2 0.3750000000004227 0.2
720 2 0.3555555555559096 0.2
721 2 0.3361111111114399 0.2
722 2 0.3166666666669702 0.2
723 2 0.2972222222225004 0.2
724 2 0.2777777777780031 0.2
725 2 0.2583333333334961 0.2
726 2 0.2388888888890046 0.2
727 2 0.2194444444444926 0.2
728 1.999357676968028 0.2196209388232522 0.2
729 1.997433458398939 0.239157857766311 0.2
730 1.994235584091173 0.2585270967546346 0.2
731 1.989777747833456 0.2776457137295436 0.2
732 1.984079038760652 0.2964318398498339 0.2
733 1.977163859628997 0.3148050300098296 0.2
734 1.969061822282749 0.3326866074247373 0.2
735 1.959807620904265 0.3500000004002188 0.2
736 1.949440883409316 0.3666710703270968 0.2
737 1.938006001753655 0.3826284291375224 0.2
738 1.9255519418559 0.3978037449722147 0.2
739 1.912132033901297 0.4121320348106317 0.2
740 1.897803743975925 0.4255519427296225 0.2
741 1.882628428102947 0.438006002547513 0.2
742 1.866671069257025 0.4494408841243149 0.2
743 1.849999999269041 0.4598076215573511 0.2
744 1.832686606240029 0.4690618228669828 0.2
745 1.814805028762877 0.4771638601455012 0.2
746 1.796431838565128 0.4840790391967509 0.2
747 1.777645712384923 0.4897777481937456 0.2
748 1.758527095426731 0.4942355843553093 0.2
749 1.739157856498563 0.4974334585658413 0.2
750 1.719620937533366 0.4993576770525717 0.2
751 1.699999998728813 0.5 0.2
752 1.680379060009824 0.4993576768915438 0.2
753 1.660842141188153 0.4974334582612916 0.2
754 1.641472902285425 0.4942355839002289 0.2
755 1.622354285464796 0.4897777476175796 0.2
756 1.603568159500574 0.4840790385401452 0.2
757 1.58519496944234 0.4771638594020778 0.2
758 1.567313392218225 0.4690618221066775 0.2
759 1.549999999285039 0.4598076207225486 0.2
760 1.533328929464736 0.4494408832702234 0.2
761 1.517371570695399 0.4380060016254511 0.2
762 1.502196254926103 0.425551941766727 0.2
763 1.487867965186364 0.4121320338982924 0.2
764 1.474448057409929 0.3978037441350524 0.2
765 1.461993997624023 0.3826284283264972 0.2
766 1.450559116072271 0.3666710695512374 0.2
767 1.440192378678187 0.3499999996770046 0.2
768 1.430938177408772 0.3326866067992044 0.2
769 1.422836140146248 0.3148050294672234 0.2
770 1.415920961082502 0.2964318393877809 0.2
771 1.410222252069348 0.2776457133668027 0.2
772 1.405764415849253 0.2585270964551353 0.2
773 1.40256654157175 0.2391578575436732 0.2
774 1.400642323024329 0.2196209387066365 0.2
775 1.4 0.2 0.05
776 1.4 0.2 0.1
777 1.4 0.2 0.15
778 2 0.2 0.05
779 2 0.2 0.1
780 2 0.2 0.15
781 1.930000000000717 0.6326794919234934 0
782 1.790000000001105 0.6326794919235037 0
783 0.4099999999999165 0.6326794919244048 0
784 0.3702661277986128 0.633160061585032 0
785 0.3300000000004855 0.6326794919244314 0
786 0.2897338722022098 0.6331600615850852 0
787 1.750000000001491 0.6326794919231047 0
788 0.4505322555962101 0.5660128252574885 0
789 0.2500000000009848 0.6326794919243723 0
790 0.06969229955829055 0.5681318816885432 0
791 0.509999999998743 0.5673205080756376 0
792 1.829999999999681 0.5673205080757076 0
793 1.529999999999755 0.5673205080756112 0
794 0.5499999999986249 0.5673205080756378 0
795 0.1075572637864994 0.5689255392199736 0
796 1.890000000000932 0.6326794919231045 0
797 1.489999999999895 0.5673205080756363 0
798 0.1702359323939977 0.5679321440298591 0
799 0.5899999999985071 0.5673205080756377 0
800 0.2097338722014187 0.5668399384151777 0
801 0.6299999999983887 0.5673205080756377 0
802 1.409999999999985 0.5673205080756638 0
803 1.449999999999968 0.5673205080756626 0
804 0.6699999999982709 0.5673205080756378 0
805 1.569999999999669 0.5673205080756638 0
806 1.68999999999967 0.5673205080756638 0
807 1.350532255597458 0.5660128252568135 0
808 1.290190091284655 0.5664957897801642 0
809 1.190532255597052 0.5660128252569301 0
810 1.609999999999643 0.5673205080756851 0
811 1.130190091284248 0.5664957897802578 0
812 1.249999999999593 0.5673205080757139 0
813 0.710190091283051 0.5664957897803258 0
814 1.649999999999685 0.5673205080756901 0
815 1.009999999998996 0.5673205080757063 0
816 1.049999999999081 0.5673205080757096 0
817 1.089999999999177 0.5673205080757188 0
818 0.9700000000006277 0.632679491923981 0
819 0.9100000000005195 0.6326794919240941 0
820 0.8300000000004734 0.6326794919242265 0
821 0.7900000000004104 0.6326794919242336 0
822 0.8700000000005375 0.6326794919242191 0
823 0.7500000000001501 0.6326794919240343 0
824 1.729999999999622 0.5673205080756726 0
825 1.150000000000949 0.6326794919239412 0
826 0.9505322555964766 0.5660128252571065 0
827 1.210000000000984 0.6326794919237673 0
828 1.850000000000793 0.6326794919227519 0
829 1.310000000001195 0.6326794919238339 0
830 1.370000000001224 0.6326794919236122 0
831 0.4699999999998596 0.6326794919242483 0
832 0.1291762098195922 0.6332766549758899 0
833 1.94896860819404 0.566354992391807 0
834 0.3899999999991787 0.5663391742110024 0
835 0.3499999999992001 0.5673205080756328 0
836 0.309999999999319 0.5673205080756388 0
837 0.04826548690602984 0.6320740775008622 0
838 0.2699999999994218 0.5673205080756396 0
839 0.09063194187470019 0.6330443437354983 0
840 1.909999999999982 0.5673205080757139 0
841 0.5299999999999956 0.6326794919242239 0
842 1.770190091284629 0.5664957897800318 0
843 0.1873581183558017 0.6323852909367222 0
844 1.430000000001271 0.6326794919233186 0
845 0.5700000000000522 0.6326794919242098 0
846 1.470000000001412 0.6326794919235443 0
847 1.510000000001413 0.6326794919232238 0
848 0.6100000000000959 0.6326794919241883 0
849 1.270000000001049 0.6326794919235232 0
850 1.869999999999808 0.5673205080757501 0
851 0.6500000000001396 0.6326794919241678 0
852 1.110000000000852 0.6326794919237023 0
853 1.550000000001455 0.632679491923209 0
854 1.030000000000641 0.632679491923793 0
855 1.07000000000075 0.6326794919236973 0
856 1.670000000001612 0.6326794919231801 0
857 1.590000000001504 0.6326794919231928 0
858 1.710000000001655 0.6326794919231735 0
859 1.630000000001558 0.6326794919231834 0
860 0.6900000000001043 0.6326794919240259 0
861 0.8901900912836849 0.5664957897803881 0
862 0.8499999999985913 0.5673205080757313 0
863 0.8099999999984909 0.5673205080757268 0
864 0.7699999999983891 0.5673205080757314 0
865 0.01722613419733453 0.6001634603522163 0
866 1.983629338795418 0.5988665085736173 0
867 1.969915252614744 0.6330645590988699 0
868 0.03183651238112927 0.5681139449487999 0
869 0.01692970876566909 0.6199251809642636 0
870 0.03628225364738328 0.6131325274140401 0
871 0.03464101615146264 0.5899999999999711 0
872 0.0519615242271327 0.6000000000000241 0
873 0.05123556410346093 0.5799405477098323 0
874 0.06922941682479747 0.5896787382331152 0
875 0.06928203230279995 0.6100000000000757 0
876 0.08630810780425142 0.6001121848882365 0
877 0.08778502273798308 0.5800623427046738 0
878 0.1039230484542467 0.5900000000001471 0
879 0.1234904706129253 0.5835655635371995 0
880 0.1194833865325872 0.6029356647401358 0
881 0.1386835589299565 0.5965207268982533 0
882 0.1404546062559366 0.5803055122661437 0
883 0.1584214799405999 0.5869348540338596 0
884 0.1538491718976493 0.6097584360183245 0
885 0.1722930250830324 0.6035241092584245 0
886 0.169474333341126 0.6222489054433636 0
887 0.4499999999998295 0.632679491924273 0
888 0.4599999999998403 0.61535898384854 0
889 0.4799999999998584 0.615358983848513 0
890 0.4399999999998393 0.6153589838486029 0
891 0.4702661277983025 0.5981921247289119 0
892 0.490044354632921 0.5983915763878374 0
893 0.5000073924387216 0.6154178339509837 0
894 0.5100022450310363 0.598226697246389 0
895 0.4805840026684534 0.5821101087769077 0
896 0.5200016062449 0.6154001624444803 0
897 0.5300001670862183 0.5982186285095779 0
898 0.5400002955551521 0.6153958724039248 0
899 0.5500000200713122 0.5982180923276883 0
900 0.5600000526043833 0.6153950680335035 0
901 0.5700000031527575 0.5982180341681965 0
902 0.5800000092928372 0.6153949242785026 0
903 0.5900000005396809 0.5982180254081655 0
904 0.6000000016387381 0.6153948988593159 0
905 0.6100000000942314 0.59821802392528 0
906 0.6200000002888212 0.6153948943756227 0
907 0.6300000000163283 0.5982180236663911 0
908 0.6400000000508557 0.6153948935851781 0
909 0.6500000000026129 0.598218023620836 0
910 0.6600000000089178 0.6153948934458314 0
911 0.6700000000001874 0.5982180236127848 0
912 0.6800000000015196 0.6153948934212307 0
913 0.6899999999997611 0.5982180236113366 0
914 0.7000000000001931 0.6153948934168049 0
915 0.7102661277980853 0.5985549550009008 0
916 0.7200443546329997 0.6154510486476127 0
917 0.7303178748702105 0.5982935487331296 0
918 0.7400603715838404 0.6154168401414941 0
919 0.75006304107559 0.5984181231037564 0
920 0.7405957415874466 0.5821314372300466 0
921 0.7600205687766428 0.6154319011189794 0
922 0.7700036273883358 0.5982284592672269 0
923 0.7800040326942899 0.6154028006424916 0
924 0.7900003323303367 0.5982188194114263 0
925 0.8000007275042533 0.61539634392043 0
926 0.8100000459805835 0.598218121066175 0
927 0.8200001289143115 0.6153951514091965 0
928 0.830000000000011 0.5980384757721804 0
929 0.8400000214859161 0.6153650117749774 0
930 0.8500000000000495 0.5980384757721388 0
931 0.8600000035812135 0.6153599885025851 0
932 0.8700000000000883 0.5980384757720949 0
933 0.880000000597126 0.6153591512904983 0
934 0.890266127898129 0.5985190733399428 0
935 0.9000443547494609 0.6154391113497568 0
936 0.9103178749065481 0.598285578906431 0
937 0.920060371609588 0.6154135222873787 0
938 0.9300630410861599 0.598416241823406 0
939 0.9400205687828779 0.6154310345964016 0
940 0.9502800627768522 0.5985945866504871 0
941 0.920595741595583 0.5821297953787719 0
942 0.9600501052602355 0.6154636774523398 0
943 0.9703211558048841 0.5983022588085334 0
944 0.9800618768445079 0.6154203966212368 0
945 0.9900638387751078 0.5984201675293181 0
946 1.000020952603581 0.6154328346027693 0
947 1.010003678648852 0.5982285884624383 0
948 0.9805964213602328 0.5821332296467314 0
949 1.020004105209063 0.6154029777552892 0
950 1.030000337700574 0.5982188326999647 0
951 1.040000740485331 0.6153963756537277 0
952 1.050000046777025 0.5982181230188803 0
953 1.060000131210813 0.6153951570232541 0
954 1.070000000000428 0.5980384757716217 0
955 1.080000021868982 0.6153650127101057 0
956 1.09000000000046 0.5980384757715729 0
957 1.100000003645376 0.61535998865789 0
958 1.110000000000491 0.5980384757715241 0
959 1.120000000608132 0.6153591513158108 0
960 1.13026612790033 0.5985190733437381 0
961 1.140044354751923 0.6154391113541886 0
962 1.150317874907619 0.5982855789074335 0
963 1.160060371610424 0.6154135222877752 0
964 1.17006304108672 0.598416241823296 0
965 1.180020568783325 0.6154310345958698 0
966 1.190280062777304 0.5985945866500553 0
967 1.160595741596239 0.582129795378754 0
968 1.200050105260603 0.6154636774518423 0
969 1.2103211558053 0.59830225880799 0
970 1.220061876844866 0.6154203966207018 0
971 1.230063838775463 0.5984201675287846 0
972 1.240020952603913 0.6154328346021678 0
973 1.250003678649247 0.598228588461872 0
974 1.220596421360745 0.5821332296463787 0
975 1.26000410520941 0.6154029777547404 0
976 1.270000337701024 0.5982188326994189 0
977 1.280000740485708 0.6153963756530196 0
978 1.290266307496867 0.5985553368876735 0
979 1.300044507997764 0.6154513593341413 0
980 1.310317930381532 0.5982936641611393 0
981 1.320060406397203 0.6154169111598105 0
982 1.330063056130313 0.5984181541773345 0
983 1.340020577088535 0.615431918133256 0
984 1.350280066668953 0.598595052631729 0
985 1.320595753349424 0.5821314616465922 0
986 1.360050107293561 0.6154639023714392 0
987 1.370321156792912 0.5983023739579244 0
988 1.380061877348439 0.6154204532986931 0
989 1.390063839024126 0.5984201961665133 0
990 1.400020952729415 0.6154328488211501 0
991 1.410003678665616 0.5982285903207761 0
992 1.380596421567049 0.582133253610867 0
993 1.42000410523318 0.6154029804341369 0
994 1.430000337702849 0.5982188328958713 0
995 1.440000740490099 0.6153963761320788 0
996 1.450000046777808 0.5982181230471999 0
997 1.460000131212101 0.615395157106978 0
998 1.470000000000883 0.5980384757705416 0
999 1.480000021869621 0.615365012723329 0
1000 1.490000000000879 0.5980384757705005 0
1001 1.500000003645869 0.6153599886593173 0
1002 1.510000000000871 0.5980384757704692 0
1003 1.520000000608581 0.6153591513153034 0
1004 1.530000000000858 0.5980384757704479 0
1005 1.540000000102369 0.6153590117579513 0
1006 1.550000000000845 0.5980384757704139 0
1007 1.560000000018009 0.6153589884983723 0
1008 1.570000000000843 0.5980384757703762 0
1009 1.58000000000396 0.6153589846217571 0
1010 1.590000000000851 0.5980384757703427 0
1011 1.600000000001634 0.6153589839756419 0
1012 1.610000000000867 0.5980384757703175 0
1013 1.620000000001264 0.6153589838679446 0
1014 1.630000000000884 0.5980384757703023 0
1015 1.640000000001221 0.615358983849988 0
1016 1.650000000000903 0.5980384757702885 0
1017 1.66000000000123 0.6153589838469913 0
1018 1.670000000000919 0.5980384757702851 0
1019 1.680000000001246 0.6153589838464923 0
1020 1.690000000000927 0.5980384757702873 0
1021 1.700000000000931 0.6153589838459763 0
1022 1.710000000000928 0.5980384757702866 0
1023 1.720000000001197 0.6153589838463143 0
1024 1.730000000000906 0.5980384757703016 0
1025 1.740000000000887 0.615358983845957 0
1026 1.750000000000844 0.5980384757703187 0
1027 1.760000000001053 0.615358983846696 0
1028 1.77026612779939 0.5985190454313991 0
1029 1.780044354634064 0.6154390787903972 0
1030 1.790317874871231 0.5982855688274148 0
1031 1.800060371584715 0.6154135151803675 0
1032 1.810063041076302 0.5984162389581351 0
1033 1.820020568777209 0.6154310329336421 0
1034 1.830003627388834 0.598228339856402 0
1035 1.800595741588655 0.5821297932209165 0
1036 1.840004032694685 0.6154026360419179 0
1037 1.850000332330768 0.5982188070879121 0
1038 1.860000727504708 0.6153963144318302 0
1039 1.870000045981023 0.5982181192504605 0
1040 1.880000128914778 0.6153951461906328 0
1041 1.890000000000419 0.5980384757702869 0
1042 1.900000021486343 0.6153650109041359 0
1043 1.910000000000391 0.5980384757703068 0
1044 1.920000003581531 0.6153599883564547 0
1045 1.930000000000308 0.5980384757703343 0
1046 1.940000000597255 0.6153591512651846 0
1047 1.951520459647005 0.5981416579868287 0
1048 1.960608524196373 0.6170739852864409 0
1049 1.83000410024598 0.6326987754704941 0
1050 1.410004176327977 0.6326991355167714 0
1051 1.350000000000917 0.6326794919227621 0
1052 1.250004176302943 0.6326991327004927 0
1053 1.190000000000696 0.6326794919231724 0
1054 1.010004176302582 0.6326991327008458 0
1055 0.9500000000004417 0.6326794919237277 0
1056 0.7300174543696342 0.632704478772808 0
1057 1.730000000001616 0.6326794919228342 0
1058 1.983061785652496 0.5800113576601764 0
1059 1.889999999999882 0.5673205080757588 0
1060 1.270016164224755 0.5669167864132123 0
1061 1.929999999999977 0.5673205080757194 0
1062 1.75001616422476 0.566916786413139 0
1063 0.5100014997805915 0.6326961633739806 0
1064 0.2300000000010116 0.6326794919243446 0
1065 0.2397338722024573 0.6155126328048556 0
1066 0.2199556453679675 0.6153845920080294 0
1067 0.2594233897704802 0.6160182388737238 0
1068 0.2299172545640835 0.5982563003252973 0
1069 0.2097094672195733 0.5991883928519393 0
1070 1.870000000001176 0.632679491922138 0
1071 1.490000004253567 0.6326806642049023 0
1072 1.110016164224345 0.5669167864132811 0
1073 1.849999999999709 0.5673205080757258 0
1074 1.530000000119505 0.6326795244866145 0
1075 0.6300000000002033 0.6326794919241615 0
1076 0.5500000000000782 0.6326794919242058 0
1077 0.5900000000001403 0.6326794919241815 0
1078 1.06999999999911 0.5673205080757343 0
1079 1.450000000001479 0.6326794919222981 0
1080 1.690000000001621 0.6326794919228791 0
1081 1.02999999999905 0.5673205080757325 0
1082 0.429999999999868 0.632679491924318 0
1083 0.4199999999998583 0.6153589838487133 0
1084 0.4002661277983362 0.6155126328049011 0
1085 0.4103104824312849 0.5982177328885565 0
1086 0.3903622295030125 0.5995552918924357 0
1087 0.4503104824313862 0.5985452253439822 0
1088 0.4301034941436198 0.5984803026764314 0
1089 0.4206012516923575 0.5821291645184612 0
1090 1.629999999999679 0.5673205080756986 0
1091 0.06942032221439476 0.6298836791198378 0
1092 0.1099044273726607 0.6335070719795739 0
1093 0.1019515679750102 0.6137871156253074 0
1094 0.6700000000002645 0.6326794919241422 0
1095 1.650000000001534 0.6326794919238905 0
1096 1.570000000004711 0.6326794928277553 0
1097 0.3697338722007157 0.5670033034754615 0
1098 0.3596895175676618 0.5844344997618311 0
1099 0.3399482529273287 0.5846065967530236 0
1100 0.3499999999992104 0.6019615242268797 0
1101 0.3299999999993007 0.6019615242268848 0
1102 0.3700061603651307 0.6009499383454536 0
1103 0.319991375487322 0.584635279584892 0
1104 0.3099999999993934 0.6019615242268962 0
1105 1.709999999999653 0.567320508075663 0
1106 0.8700161642238058 0.5669167864133583 0
1107 1.610000000001571 0.6326794919483271 0
1108 1.429999999999981 0.5673205080756756 0
1109 0.289999999999367 0.5673205080756387 0
1110 0.2799999999994116 0.584313523695657 0
1111 0.2597338722011376 0.5834312567112543 0
1112 0.2999985625807134 0.5845854779809472 0
1113 0.2898097375937981 0.6010912070479821 0
1114 0.7899999999984468 0.567320508075732 0
1115 0.1504132945357664 0.6321612769973405 0
1116 0.8299999999985337 0.5673205080757323 0
1117 0.2000582643045739 0.6159892768010681 0
1118 0.6900161642231439 0.5669167864131904 0
1119 1.910000004178632 0.632680663851198 0
1120 1.54999999999967 0.5673205080756225 0
1121 1.469999999999931 0.567320508075662 0
1122 0.3299899380686123 0.5673138154148645 0
1123 1.669999999999683 0.5673205080756726 0
1124 1.290000000001232 0.6326794919226899 0
1125 1.090000004252967 0.6326806642025657 0
1126 1.130007392560637 0.6326928744196071 0
1127 0.2499884541245614 0.5671827740510247 0
1128 1.050000000000856 0.6326794919242837 0
1129 0.2695934158641696 0.6330231116614685 0
1130 0.7700041002453891 0.6326989476016232 0
1131 0.8900073925581433 0.6326928744147614 0
1132 0.810000000000483 0.6326794919242866 0
1133 0.8500000041782052 0.6326806640210013 0
1134 1.589999999999639 0.5673205080756534 0
1135 1.509999999999834 0.56732050807562 0
1136 0.3500161642252257 0.6329469614406429 0
1137 0.3099838357757364 0.6329469614406513 0
1138 0.6099999999984475 0.5673205080756373 0
1139 0.5699999999985665 0.5673205080756376 0
1140 0.5299999999986835 0.5673205080756359 0
1141 0.6499999999983307 0.5673205080756377 0
1142 0.4900014820364913 0.6326920788496209 0
1143 0.2299763882927638 0.5669340469663466 0
1144 0.1897288396339036 0.5671887035018806 0
1145 0.1798438634057863 0.5848384666381382 0
1146 1.770007392440171 0.632692841080617 0
1147 1.950087296235069 0.6330295312623314 0
1148 0.3903548370645952 0.6329388439832709 0
1149 0.2095620046718504 0.6327397752783607 0
1150 0.9300134900657946 0.6327005901219336 0
1151 0.9900145009588043 0.6327053093081387 0
1152 1.170013490066247 0.632700590121793 0
1153 1.230014500959164 0.632705309307855 0
1154 1.330013497248406 0.6327013021899437 0
1155 1.390014501068305 0.632705321593371 0
1156 0.7100103015005975 0.6327049854602085 0
1157 1.810014173435232 0.6327038025846679 0
1158 1.981211685225641 0.6183634071948781 0
1159 0.02981813030280754 0.6333667302612683 0
1160 1.968437556786047 0.5689118651070574 0
1161 0.01649463266837219 0.5806276488719584 0
1162 1.968401874880436 0.5885811487385639 0
1163 0.1352711030423843 0.6154604286906924 0
1164 0.1994243419449648 0.5834991373473453 0
1165 0.3806056812889674 0.6164894503442608 0
1166 0.3802314244043311 0.5833203448533846 0
1167 0.4002508980048634 0.5824862102842041 0
1168 0.4602821447488417 0.58214979331327 0
1169 0.7202283059225545 0.5822517960014314 0
1170 0.9002283059471303 0.5822442137783929 0
1171 0.9602883159229243 0.5821802293556748 0
1172 0.4301889178808913 0.5660300775914424 0
1173 1.140228305948039 0.5822442137790668 0
1174 0.2797600692384634 0.6167682827895787 0
1175 1.200288315923405 0.5821802293553394 0
1176 0.4900973337772472 0.5662448487707985 0
1177 0.2498013981228472 0.5993151766042941 0
1178 1.300228347085486 0.5822518829565555 0
1179 1.360288316771172 0.5821803302046149 0
1180 1.780228305924063 0.5822442070871522 0
1181 0.7500992902634397 0.5662484035128859 0
1182 0.9301879995314365 0.566030182734521 0
1183 0.9900994035593935 0.5662487022489265 0
1184 1.170187999531994 0.5660301827344077 0
1185 1.230099403559928 0.5662487022487858 0
1186 1.33018800149117 0.5660304604456387 0
1187 1.390099403594617 0.5662487062428014 0
1188 1.810099290264626 0.5662481295110827 0
1189 0.360149022279594 0.6171380740030492 0
1190 0.3400275310840617 0.6173346806496552 0
1191 0.3200000000005539 0.6173205080760438 0
1192 0.2998812524683591 0.6172080908610394 0
1193 0.5199999999987153 0.5826794919238402 0
1194 0.2197935540370502 0.5828989795539321 0
1195 0.5399999999986534 0.5826794919238036 0
1196 0.5599999999985957 0.5826794919237696 0
1197 0.5799999999985369 0.5826794919237361 0
1198 0.5999999999984764 0.5826794919237015 0
1199 0.6199999999984194 0.5826794919236693 0
1200 0.6399999999983592 0.5826794919236348 0
1201 0.6599999999983012 0.5826794919236016 0
1202 0.6799999999982159 0.5826794919235689 0
1203 0.7001167815374686 0.5825194737884589 0
1204 0.7799999999998884 0.5826794919244841 0
1205 0.7999999999999212 0.5826794919244552 0
1206 0.8199999999999622 0.5826794919244377 0
1207 0.8399999999999997 0.5826794919244102 0
1208 0.8600000000000338 0.582679491924382 0
1209 0.880116781558812 0.582482305168093 0
1210 1.019999999999003 0.5826794919233037 0
1211 1.039999999999081 0.5826794919233023 0
1212 1.059999999999075 0.5826794919232634 0
1213 1.079999999999782 0.5826794919236589 0
1214 1.120116781559649 0.5824823051686516 0
1215 1.100000000000442 0.5826794919240427 0
1216 1.260003363429321 0.5826745216673983 0
1217 1.280117435203685 0.582518858400737 0
1218 1.939213579853218 0.5823184692824119 0
1219 1.419999999999976 0.5826794919228858 0
1220 1.920000000000377 0.5826794919231379 0
1221 1.439999999999979 0.5826794919228631 0
1222 1.459999999999954 0.5826794919228317 0
1223 1.900000000000294 0.5826794919230879 0
1224 1.479999999999929 0.5826794919227888 0
1225 1.499999999999884 0.5826794919227467 0
1226 1.519999999999892 0.5826794919227605 0
1227 1.539999999999848 0.5826794919227601 0
1228 1.880000000000418 0.5826794919231975 0
1229 1.839999999999685 0.5826794919227614 0
1230 1.860000000000416 0.5826794919232161 0
1231 1.559999999999801 0.5826794919227383 0
1232 1.760116781539095 0.5824822994009061 0
1233 1.579999999999813 0.5826794919227332 0
1234 1.740000000000887 0.5826794919233963 0
1235 1.599999999999788 0.5826794919227061 0
1236 1.720000000000277 0.5826794919229814 0
1237 1.699999999999933 0.5826794919227425 0
1238 1.619999999999808 0.5826794919227015 0
1239 1.680000000000339 0.5826794919230051 0
1240 1.660000000000203 0.5826794919229243 0
1241 1.639999999999946 0.5826794919227731 0
1242 0.2698248174910435 0.6001106491078625 0
1243 0.2399999999994968 0.5826760614174865 0
1244 0.4403364244155511 0.5822245647835126 0
1245 0.4999999999998228 0.5826829224312373 0
1246 0.4101735112625538 0.5661641044341851 0
1247 0.7599999999998546 0.5826829224309249 0
1248 0.9403245694182387 0.5822273101999945 0
1249 1.000000000000292 0.5826829224307091 0
1250 0.4702492894647457 0.5660862626864107 0
1251 1.180324569418785 0.582227310199797 0
1252 1.240000000000624 0.5826829224304715 0
1253 0.7301855715088431 0.5661879044207815 0
1254 1.340324575001415 0.5822280473937871 0
1255 0.9102003563925585 0.5661499969453456 0
1256 1.400000000000819 0.5826829224302864 0
1257 0.9702527327394768 0.5660958310847399 0
1258 1.820000000000439 0.5826829224300952 0
1259 1.150200356393198 0.5661499969454142 0
1260 1.210252732740019 0.5660958310845723 0
1261 1.310200365535039 0.5661515991381584 0
1262 1.370252732921685 0.5660958525525162 0
1263 1.790185571510217 0.5661863199331971 0
1264 0.1907791077778119 0.6006009015654117 0
1265 0.1286834073714659 0.5658099309430585 0
1266 0.08974149240315192 0.5634992233716563 0
1267 0.05055287520853663 0.5632372748694351 0
1268 0.1839925697724692 0.6149496968009981 0
1269 0.05397114317036473 0.6165192378864255 0
1270 0.1194503828056846 0.6195194966516544 0
1271 0.08351879443423131 0.6173654646737912 0
1272 0.1516932395957066 0.5659846318450055 0
1273 0.01464101615136229 0.5646410161513409 0
1274 0.01464101615139668 0.6353589838486455 0
1275 1.985358983848902 0.635358983848767 0
1276 1.985358983848752 0.564641016151197 0
1277 0.1697992526414196 0.6381351132486969 0
1278 1.955308415872149 0.5808616267013339 0
1279 1.969074376548975 0.6042053415560659 0
1280 0.4826843424452169 0.7800033775761741 0
1281 0.2851635856775747 0.8632091349427423 0
1282 0.3497324424813659 0.6680137581207403 0
1283 0.3308949650545921 0.9018125608758227 0
1284 0.2899439451886992 0.6664263179037836 0
1285 0.4826203409803089 0.8392407506517969 0
1286 0.2377180691825588 0.8273070711600728 0
1287 0.2305343069340474 0.6670079100000008 0
1288 0.4099999999999304 0.6673205080755686 0
1289 0.485522605695043 0.8976932498873766 0
1290 0.1862744754084765 0.7978051748425882 0
1291 0.1717427957883861 0.6673848253071746 0
1292 0.3702322668198093 0.9464622142058627 0
1293 0.1106240925016993 0.763359855980677 0
1294 0.4800861714677195 0.9599066940846496 0
1295 0.4826794919242661 0.7200000000001782 0
1296 0.09092147976354839 0.6672587099419538 0
1297 0.1477612685144364 0.7784445621096711 0
1298 0.3965840123755121 0.9805556490881641 0
1299 0.0552167925047927 0.7450095378476154 0
1300 0.130000000000541 0.6673205080757608 0
1301 0.4186733013262699 1.014293921617335 0
1302 0.0492697139302778 0.6656272221414515 0
1303 0.4517391174382043 0.6679362281950352 0
1304 0.4834542115143488 1.001193941298255 0
1305 0.439874923728773 1.048595850672641 0
1306 0.01639288865150289 0.7001626760556496 0
1307 0.4826794919243531 1.06000000000064 0
1308 0.4677607395907059 1.10563063235402 0
1309 0.4830645760211734 0.680084768375812 0
1310 0.4836781999253268 1.119099140817081 0
1311 0.3005320974293932 0.8761075967562642 0
1312 0.3037335651303092 0.8562759396506469 0
1313 0.2883452070845001 0.8436074772098969 0
1314 0.3068654743472197 0.8367610381081364 0
1315 0.3222115634658048 0.8492365189574742 0
1316 0.3253319698438276 0.8296972850165718 0
1317 0.3100157101175613 0.8172300107858207 0
1318 0.3284673082117889 0.8101455945106044 0
1319 0.3406807979043355 0.8421889841089195 0
1320 0.3130731746985897 0.7976626279407398 0
1321 0.331594942025801 0.7905708831911809 0
1322 0.3161773976347476 0.7780653589455679 0
1323 0.3347223000348349 0.7709718068742526 0
1324 0.3501424900564654 0.7835038803439591 0
1325 0.3532772907895292 0.763873749934973 0
1326 0.3687120877167287 0.7764233342755593 0
1327 0.3718534176840356 0.7567766799889362 0
1328 0.3872947723262826 0.7693134127059214 0
1329 0.3841510304148203 0.7889817239095505 0
1330 0.3193017463076253 0.7584584813220936 0
1331 0.3007492335740269 0.7655583028046974 0
1332 0.3904369402400936 0.749653132282354 0
1333 0.3038728311682744 0.7459457917463527 0
1334 0.2853229689948126 0.7530565087809871 0
1335 0.4027373547750515 0.7818616975497827 0
1336 0.3995917964954448 0.8015282996552774 0
1337 0.3564348110930221 0.7442491292595803 0
1338 0.2821928410311741 0.7726576737813172 0
1339 0.2667810869777411 0.7601634187278634 0
1340 0.2699106008451743 0.7406052195582113 0
1341 0.2513610301133161 0.7476828591725304 0
1342 0.4178143370992842 0.7948845683431927 0
1343 0.4149680624640045 0.8141569266719819 0
1344 0.4208827375756511 0.775218523705833 0
1345 0.248252330574198 0.7672718225662998 0
1346 0.2328363557225969 0.7547965182273397 0
1347 0.2359323648253351 0.7351879896282434 0
1348 0.2173994717659349 0.742311637046199 0
1349 0.3964308910672752 0.8211959912607295 0
1350 0.4118575980089241 0.8337465233017243 0
1351 0.3932487774118767 0.8407913906874379 0
1352 0.4087228423336589 0.8533750478302218 0
1353 0.3900742013970594 0.8603475986063908 0
1354 0.4055584232575167 0.8729912470484744 0
1355 0.4241453386592032 0.865915043027398 0
1356 0.4209893376307515 0.8855587709562488 0
1357 0.3870060113775263 0.8800773687131112 0
1358 0.4330354435526014 0.8074367833895753 0
1359 0.2204954208255825 0.7226980336095408 0
1360 0.2019448595284379 0.7298240385784152 0
1361 0.2393845077850128 0.7153334094302106 0
1362 0.2050510907695708 0.7101944548883239 0
1363 0.1865029059383854 0.7173329090896039 0
1364 0.1834008031163143 0.7369511429528189 0
1365 0.167962658942677 0.7244709597157751 0
1366 0.2297474372320547 0.7743819195347121 0
1367 0.4395799717996006 0.8784693606348328 0
1368 0.4364116188944927 0.8981092496367895 0
1369 0.4178356169271502 0.9051947770720874 0
1370 0.4332455478112535 0.9177404249525056 0
1371 0.4149819523318666 0.924435890094892 0
1372 0.4301332521463803 0.9373075676082303 0
1373 0.4486694874093373 0.9302791405745016 0
1374 0.4455011705784616 0.9499228658337141 0
1375 0.4427411431379344 0.8588164627544704 0
1376 0.3375641770587454 0.8617255120817906 0
1377 0.2451410075045364 0.786841572690415 0
1378 0.3999084392796475 0.9116541533255278 0
1379 0.2945418605205233 0.8046890779628328 0
1380 0.3777867079779381 0.8282093387784235 0
1381 0.3224263477226766 0.7388287319205233 0
1382 0.3069857353721783 0.7263008081734049 0
1383 0.3255635539807534 0.7191761424953127 0
1384 0.3103285631431646 0.706670472582649 0
1385 0.2931462567526955 0.7139608477630059 0
1386 0.4581423980132461 0.8712518107823271 0
1387 0.2260596628271198 0.7944592539807905 0
1388 0.4115804172101302 0.9434279799480791 0
1389 0.1648803763769278 0.7440759320160084 0
1390 0.1498467779463564 0.7311067733836968 0
1391 0.152594035580786 0.7119099947611622 0
1392 0.1344761322328947 0.7185402291315361 0
1393 0.1809437179385488 0.7563967682874244 0
1394 0.3287060025748005 0.6995084666632198 0
1395 0.3441821012128548 0.7120633412373545 0
1396 0.1896473145461713 0.6978205727608717 0
1397 0.3560463268795774 0.8546700448059583 0
1398 0.3528788979896084 0.8741089712996384 0
1399 0.1371399155679473 0.6997484262715716 0
1400 0.1190036035398014 0.7075751007861231 0
1401 0.1168954008676871 0.7293379998570392 0
1402 0.1007064021927712 0.7154534061561855 0
1403 0.09639192661719921 0.7346965735243046 0
1404 0.08155195957779066 0.7214258167371281 0
1405 0.08689500161517971 0.7004657984709656 0
1406 0.06645809928674908 0.7084214032416343 0
1407 0.2119653448828399 0.7807168801548291 0
1408 0.207365518175426 0.6898695652964282 0
1409 0.3132243165328694 0.6869531484248731 0
1410 0.0690998162248026 0.6888921557875357 0
1411 0.04899410655604155 0.6960284824256852 0
1412 0.04749916217070456 0.715729137560688 0
1413 0.1558637009388888 0.6937870207433395 0
1414 0.1462990728004084 0.7483500313190785 0
1415 0.07743503543092969 0.7402312176783166 0
1416 0.20646624759569 0.7978280557115784 0
1417 0.1911477609323146 0.6783263118159786 0
1418 0.464133266705451 0.9432257499888621 0
1419 0.4667596282664453 0.9241428364011581 0
1420 0.3472494176154218 0.6913077530780086 0
1421 0.3627969859738098 0.704756229176615 0
1422 0.3659020766277347 0.6846535108429944 0
1423 0.3814385488493121 0.6976838463213526 0
1424 0.3786292009656378 0.7174989775179357 0
1425 0.3973408825393663 0.7098382124764947 0
1426 0.3842930844845732 0.6797839125660596 0
1427 0.4654135935382199 0.8509228937762217 0
1428 0.4466557384862263 0.8387618245112545 0
1429 0.4785942058051669 0.8681827429097797 0
1430 0.3343541082993565 0.8816757765351292 0
1431 0.3500555263656538 0.8938098559323487 0
1432 0.3472626545935996 0.9175299521013813 0
1433 0.366038699341495 0.9067297066559564 0
1434 0.3653139744702454 0.9255804888400878 0
1435 0.4609084073355958 0.9624960289459491 0
1436 0.442322747679735 0.9695677320723536 0
1437 0.4572153266463108 0.9820433869013451 0
1438 0.4402839826181364 0.9902588217431889 0
1439 0.4539178684524362 1.001931912748922 0
1440 0.4256067155150643 0.9770059915454727 0
1441 0.2411352843967662 0.8072318459807144 0
1442 0.2603466229349704 0.7993995953648774 0
1443 0.2568938942589616 0.8191698233282676 0
1444 0.3298186965342612 0.6792311008699479 0
1445 0.1203441512787741 0.6871306616244605 0
1446 0.1659802889397932 0.7868591499077853 0
1447 0.1286001923945023 0.7716156961105276 0
1448 0.1267251913838706 0.7513264479187397 0
1449 0.4073893937312014 0.9976901329521769 0
1450 0.4296541184358027 1.031301259057821 0
1451 0.4484275242870276 1.031876466262865 0
1452 0.4630493473607519 1.049869985475532 0
1453 0.4673123275757517 1.02986234978749 0
1454 0.03438281385390295 0.7416538012871594 0
1455 0.384720917554478 0.9644241643594071 0
1456 0.4494651301327388 1.066236511898285 0
1457 0.4581793540022513 1.084949328920424 0
1458 0.4772262192194926 1.087762348510286 0
1459 0.4811631173603551 1.139662022842133 0
1460 0.09078674346116104 0.7547387819585049 0
1461 0.2530523394847776 0.8388156018601051 0
1462 0.3155864133861385 0.8888642439864891 0
1463 0.3913373402024648 0.945762641935851 0
1464 0.2696741107172789 0.8508728513814502 0
1465 0.1828892611767577 0.7764513471830671 0
1466 0.2731755717125618 0.830951809933169 0
1467 0.4269118954398621 0.957046749011542 0
1468 0.407228975524902 0.9643230013818544 0
1469 0.1992651721895558 0.7490543119570227 0
1470 0.4026378904979893 0.8925552813384835 0
1471 0.1615888821301016 0.7650911927434243 0
1472 0.4835541912857455 0.9814951422953191 0
1473 0.06992994238737166 0.6694816429435636 0
1474 0.3809979773552814 0.8086427131335663 0
1475 0.3623802876756783 0.8156451742451662 0
1476 0.3655618536060757 0.7960455060372673 0
1477 0.1100131060031205 0.6673129413215949 0
1478 0.1000394721486998 0.6846936033416755 0
1479 0.1502885208427802 0.6658208923109821 0
1480 0.3714216243611029 0.8671534219224926 0
1481 0.214795381922493 0.7613606156440503 0
1482 0.03011371222883465 0.6648000110925687 0
1483 0.01631639319094706 0.7190430447057259 0
1484 0.4826785825692215 0.8198772771660081 0
1485 0.4652359914690606 0.8297896980106919 0
1486 0.4658268419864289 0.8099325870776453 0
1487 0.2500771828779873 0.6672649611285983 0
1488 0.2420109397536453 0.6835827900258261 0
1489 0.2605114185333112 0.6843253112689001 0
1490 0.2700767760298406 0.6671092546554287 0
1491 0.2799281095772428 0.6846389376312905 0
1492 0.2680909262853859 0.7011674323496657 0
1493 0.2092113135624167 0.6682477111486789 0
1494 0.4827600654206229 0.7999688734956298 0
1495 0.4658402365572301 0.7899926759086635 0
1496 0.4654505491512938 0.7700167911972751 0
1497 0.4485884162271103 0.7800165066027489 0
1498 0.4490623236166411 0.7600395451890544 0
1499 0.4655466694106346 0.7500348245229582 0
1500 0.448254417591894 0.7400678876115407 0
1501 0.4330038235019663 0.7500895810704861 0
1502 0.4312012619339768 0.7301645921464064 0
1503 0.4481515366534561 0.7201079591158474 0
1504 0.4310070284509238 0.7105502860834233 0
1505 0.4477715025050606 0.7007400932227525 0
1506 0.4307210668591984 0.6901406761244219 0
1507 0.4129264743393564 0.7433208995041939 0
1508 0.2636214809165774 0.7797666864833999 0
1509 0.2790081307755744 0.7921883522933295 0
1510 0.297623773039106 0.7851368989547473 0
1511 0.4305507657624847 0.6707735506494947 0
1512 0.4827395326070566 0.7000306591310675 0
1513 0.4636748838325769 0.6870267827075601 0
1514 0.4826794919242753 0.7400000000002332 0
1515 0.4827268421552367 0.7600091655495317 0
1516 0.3985845712008017 0.6920673105698607 0
1517 0.3189969874616245 0.8689809313279656 0
1518 0.4654409287508076 0.7300516141451454 0
1519 0.3469872484174804 0.8030762103158023 0
1520 0.2887243695440622 0.7335177767648691 0
1521 0.4058865173337914 0.7622059961295858 0
1522 0.3959474202694054 0.7303973358221361 0
1523 0.465076312712204 0.7096595180537584 0
1524 0.3378565230761088 0.7513495118223623 0
1525 0.4510876577340937 0.9107105608216557 0
1526 0.4541666089265216 0.8907834135329439 0
1527 0.2549167552249366 0.7289710149660842 0
1528 0.3438289732055937 0.8226562655169253 0
1529 0.4274268154043366 0.8462086169617915 0
1530 0.3596704356233146 0.7245756870292752 0
1531 0.2221045350640289 0.7032471280512312 0
1532 0.3113019970158964 0.6676124972420329 0
1533 0.171051523590691 0.7048614545478874 0
1534 0.3409766425089648 0.7317151716227511 0
1535 0.4304341164044035 0.8267030369076065 0
1536 0.3754953709792515 0.7371918236500361 0
1537 0.3592003454659012 0.8351765832735447 0
1538 0.3746296639155758 0.8477247296790412 0
1539 0.2186591913646252 0.814361264678814 0
1540 0.06226362594887352 0.7269469726841409 0
1541 0.2914450842081716 0.8241172708167666 0
1542 0.4388726941269983 1.013348687657524 0
1543 0.2740899256451495 0.7191156959491872 0
1544 0.2757722820675753 0.8115392952533914 0
1545 0.4136899909519963 0.7205191153681232 0
1546 0.448586762157797 0.8187749862967417 0
1547 0.4831475871685967 0.9394479418508994 0
1548 0.3842314502819062 0.8992052209173864 0
1549 0.3686053682862154 0.8868474242401554 0
1550 0.4722917259286109 0.8845887218447173 0
1551 0.1735741171051088 0.6865189428462344 0
1552 0.3716546005990264 0.6658735600247095 0
1553 0.0191636741021603 0.6795970678298445 0
1554 0.4701766347699411 0.6666546465432143 0
1555 0.2511570704309399 0.7005769387005105 0
1556 0.4835381392243555 1.02131383157829 0
1557 0.2959843274336968 0.694311925071968 0
1558 0.3821781518980294 0.9178577378586487 0
1559 0.03168907798004905 0.6919100139636523 0
1560 0.4142447514099543 0.7022499855008404 0
1561 0.4494004325426264 0.799376807906407 0
1562 0.4840305591113991 0.918124693145323 0
1563 0.4682626183816925 1.069499305057827 0
1564 0.1416218125351871 0.6820030163060654 0
1565 0.4827632176808686 1.040174361140547 0
1566 0.1975762840745123 0.7672562237752654 0
1567 0.4854819059752334 1.161315728905671 0
1568 0.3975885369849381 0.9296245103436871 0
1569 0.4681513760329742 1.010954211952961 0
1570 0.4927425248021524 1.221516927073025 0
1571 0.1086071546621897 0.7462580345043407 0
1572 0.01583126488861437 0.7370762409975021 0
1573 0.03190318069529573 0.7085261456692842 0
1574 0.4857330317471051 1.10249842433649 0
1575 0.4246375962462872 0.9976272560834469 0
1576 0.4343732487720277 0.7884782385160564 0
1577 0.2242895114306657 0.6844348929456507 0
1578 0.1348485150462435 0.7357322963220181 0
1579 0.444891467279505 0.6833234661798528 0
1580 0.08428447615584221 0.6827830585216391 0
1581 0.4682487480978177 0.9039470978455013 0
1582 0.380847628630849 0.9334229067653981 0
1583 0.3905713005160569 0.664291348256699 0
1584 0.07060780369486867 0.7543851414431076 0
1585 0.1961966578918617 0.7851787533746042 0
1586 0.1900000000007906 0.6623486763195692 0
1587 0.3300000000004852 0.6623393018600018 0
1588 0.4142578338205666 0.6841029671717753 0
1589 0.4687586478110649 0.9928904724889367 0
1590 0.3546674817880223 0.9363620292199484 0
1591 0.01464962591334619 0.6646496259133039 0
1592 0.4853589838485868 0.6646410161514058 0
1593 0.4356901699733436 0.7697618314344912 0
1594 0.2997726124964737 0.6793129081093536 0
1595 0.04626875940850015 0.7308176250652703 0
1596 0.05553552332566922 0.6805321893860539 0
1597 0.4875894204862954 0.8814949592348564 0
1598 0.2592116467526102 0.7135848778667215 0
1599 0.48847767997574 1.179503656065457 0
1600 0.4904066881175939 1.201677615819525 0
1601 0.4690399971056181 1.124436816432303 0
1602 0.031981402564227 0.7247486759467475 0
1603 0.1053618186907675 0.6995386989778161 0
1604 0.4858724594443399 1.074469618029042 0
1605 0.1599893239806951 0.6782215865816164 0
1606 0.4210125183894471 0.760166963434068 0
1607 0.1423050449513117 0.7642970844958605 0
1608 0.1991275169046909 0.8110508320130765 0
1609 0.4107967081470564 0.9829311210042535 0
1610 0.4696074622967112 0.9739830034957739 0
1611 0.4545283720665296 1.017577953033657 0
1612 0.3995413580043858 0.6775132093279926 0
1613 0.03977548788358455 0.6781235324649777 0
1614 0.2367843538037785 0.6982922772499877 0
1615 0.4858038465590861 0.8547172956169998 0
1616 0.2833845967786023 0.7021111186007438 0
1617 1.41634280707381 0.4820216383725527 0
1618 1.984198112323404 0.481746459382202 0
1619 1.491084676968087 0.5324871078901459 0
1620 1.910047686051893 0.5317962096207978 0
1621 1.901714203273889 0.4445121831544614 0
1622 1.498273455032093 0.4445561542229615 0
1623 1.417973613919261 0.442368236436564 0
1624 1.981964776436264 0.4424373621599544 0
1625 1.529999123657 0.5332373504724889 0
1626 1.870128256566411 0.530087081975413 0
1627 1.53299429177047 0.469137538996767 0
1628 1.86682790094242 0.4689253792943759 0
1629 1.452295637643746 0.5335978981869901 0
1630 1.949786070982298 0.5328140936956836 0
1631 1.830903666902711 0.4884383320212201 0
1632 1.569793869361514 0.4874471175356409 0
1633 1.932246362758339 0.4162354037674943 0
1634 1.467970196561621 0.4162252640702754 0
1635 1.416125183447438 0.4079408730228112 0
1636 1.983606973083361 0.4061188744750592 0
1637 1.592575041927115 0.5327687517178177 0
1638 1.808210815482236 0.5327318050995412 0
1639 1.628674471337057 0.5073030370299886 0
1640 1.772049236080181 0.5072575665112199 0
1641 1.416839382851416 0.5208333333332181 0
1642 1.980763471103965 0.5185387317396161 0
1643 1.731729696509615 0.515381917672613 0
1644 1.669292848826633 0.5161664373264031 0
1645 1.968604933981343 0.3666428221439983 0
1646 1.431748190106332 0.3668574443084991 0
1647 1.689999999999674 0.5326794919243363 0
1648 1.74987520943536 0.5321682910467289 0
1649 1.650354050759852 0.5317577739528163 0
1650 1.957709389104976 0.3846463736187738 0
1651 1.944927975829312 0.4014501449761774 0
1652 1.95148128640322 0.420343681002266 0
1653 1.937432768437114 0.4354914716404524 0
1654 1.958711993184473 0.4389429959217027 0
1655 1.943718354753694 0.4540591368509986 0
1656 1.964389017545026 0.4573655525898815 0
1657 1.950470649027438 0.4719249776003703 0
1658 1.931641032510738 0.4683361824276509 0
1659 1.938029314256228 0.4861056526949392 0
1660 1.919523058625801 0.4837358889777102 0
1661 1.92667966292551 0.5025145407208262 0
1662 1.906108284111374 0.4978355968825263 0
1663 1.899696735255246 0.4785530208280131 0
1664 1.886770613440759 0.4942611177340213 0
1665 1.956862035558044 0.4882654053573702 0
1666 1.893325000346002 0.5136998177471142 0
1667 1.87411514215068 0.5093621656726872 0
1668 1.971448803345688 0.4230933777169759 0
1669 1.916867590726864 0.430983287769816 0
1670 1.44277418134248 0.3846954080581401 0
1671 1.455298575552679 0.4012732797515893 0
1672 1.448463376500852 0.4201910055130799 0
1673 1.46251216694679 0.4353996904684515 0
1674 1.441109386479099 0.4387623273279194 0
1675 1.455997846234242 0.4539161163585562 0
1676 1.435355112686765 0.457153988083277 0
1677 1.449018154400069 0.4716883322310004 0
1678 1.467860332553825 0.468335263097359 0
1679 1.461300990168486 0.4868354301177563 0
1680 1.479812948549936 0.4840046963699489 0
1681 1.473623300437824 0.5012808670693853 0
1682 1.493470632380865 0.49828052079281 0
1683 1.49984343287199 0.4791428028172949 0
1684 1.512537609950383 0.4948721850351044 0
1685 1.44282911155784 0.4903002521379527 0
1686 1.506305894406502 0.5133186944998805 0
1687 1.428502473653002 0.4231860250985485 0
1688 1.526064213133124 0.5081113169182346 0
1689 1.534270129296523 0.489931936210191 0
1690 1.543060346202836 0.5064819135073489 0
1691 1.483143280404041 0.4309965917449999 0
1692 1.886437175979146 0.4598790484111871 0
1693 1.51344075064487 0.4600687776101282 0
1694 1.812383676004194 0.496050743182709 0
1695 1.827675399776958 0.5065922129076884 0
1696 1.846249698718955 0.4992225937522644 0
1697 1.838925583041897 0.5177438823102134 0
1698 1.792357014519828 0.5024407636850698 0
1699 1.786471559835658 0.5216639668293418 0
1700 1.588859464858857 0.4959272427761488 0
1701 1.574501521926388 0.5054587783774007 0
1702 1.608582068646782 0.5024162350161727 0
1703 1.614609849134105 0.5229921144148928 0
1704 1.711131350173731 0.5176584756425057 0
1705 1.551551378197767 0.4782575891910451 0
1706 1.981224911567026 0.347922120420909 0
1707 1.418825534544672 0.3479527804512215 0
1708 1.866196376867181 0.4913751662587833 0
1709 1.478452440055538 0.452104679836161 0
1710 1.921415727803544 0.4520729856734969 0
1711 1.848810708156722 0.4794718192918295 0
1712 1.980083997626441 0.3856052191561001 0
1713 1.420058487572991 0.3857797921129038 0
1714 1.648242270899317 0.5122325550329314 0
1715 1.751843127423259 0.5122128152404049 0
1716 1.472806923101464 0.5329404552616408 0
1717 1.930978472032887 0.533162019625685 0
1718 1.939921766911827 0.5159304045338879 0
1719 1.958720603340428 0.517242737395754 0
1720 1.888915991507421 0.5329136793443952 0
1721 1.570433348801554 0.5343778854058063 0
1722 1.550055078463058 0.5336872802586097 0
1723 1.983117912950638 0.4629802135438923 0
1724 1.415752764048253 0.5014017545434218 0
1725 1.43336147725286 0.5090689223843659 0
1726 1.453895521481604 0.504747383520881 0
1727 1.416850765237862 0.4627185289959574 0
1728 1.98393918732502 0.4989644884207147 0
1729 1.829847783681507 0.5345582149911344 0
1730 1.509999999999834 0.5328364261827534 0
1731 1.771668082931257 0.5353334112996121 0
1732 1.435203713011573 0.403844397259512 0
1733 1.628549183619434 0.5354647495398223 0
1734 1.964876404232166 0.4035429451575587 0
1735 1.431591163979367 0.531794301045832 0
1736 1.969163171067394 0.5340766030309809 0
1737 1.669929379917106 0.5361207406407112 0
1738 1.728531994567638 0.5337292304913455 0
1739 1.593186201544173 0.5134834327750071 0
1740 1.808174794864111 0.5133771237319131 0
1741 1.494429135442632 0.4609873741857764 0
1742 1.91244380236178 0.5129491681376337 0
1743 1.905371482319381 0.4608183826794247 0
1744 1.690160651547735 0.5131724163569578 0
1745 1.486498797367938 0.5149516756791791 0
1746 1.405899940533088 0.2873823409124034 0
1747 1.994100059582366 0.2873823410179653 0
1748 1.709932668948064 0.5368134396116374 0
1749 1.517771110621928 0.4779873596794508 0
1750 1.968125411589001 0.4746334836555098 0
1751 1.985991531620585 0.3652777777781663 0
1752 1.414008468096912 0.3652777777772743 0
1753 1.431411408428181 0.4752301130747082 0
1754 1.881185760496951 0.4785987465052762 0
1755 1.849718192070702 0.5341244619852228 0
1756 1.413510433867119 0.3258611064898191 0
1757 1.986497973767834 0.3258559966797702 0
1758 1.559000454432018 0.5166066485704024 0
1759 1.464953507174807 0.5174217747832796 0
1760 1.946631086934605 0.5014024263674348 0
1761 1.967715696097992 0.5021209202524357 0
1762 1.609999999999645 0.5379539516196009 0
1763 1.540027035603671 0.5207437085215955 0
1764 1.987819714556209 0.4236944050928277 0
1765 1.857667594088957 0.5123700321390026 0
1766 1.789999999999662 0.5381190823332933 0
1767 1.555091967228595 0.4953273194204948 0
1768 1.412254436303839 0.4239913684286677 0
1769 1.414291119022381 0.5358640553547328 0
1770 1.985708880977685 0.5358640553548324 0
1771 1.578943370401616 0.5209301401749962 0
1772 1.408462751103025 0.3069444444441677 0
1773 1.991537249128235 0.3069444444447352 0
1774 1.427554784919734 0.491666666666435 0
1775 1.881621097642629 0.5215156861849024 0
1776 1.482135598608669 0.4690644564423364 0
1777 1.446514152846607 0.5191517145596485 0
1778 1.821950303565796 0.5207832506871293 0
1779 1.925526282289847 0.5189961961278947 0
1780 1.634727461342446 0.5214170777819571 0
1781 1.765604381762979 0.5212477580148465 0
1782 1.917056303046499 0.46897800123253 0
1783 1.520586743987947 0.5223949265778483 0
1784 1.971272880907978 0.4887444173720972 0
1785 0.0199999999999609 0.55 0.05
1786 0.0199999999999609 0.55 0.1
1787 0.0199999999999609 0.55 0.15
1788 0.03999999999992312 0.55 0.05
1789 0.03999999999992312 0.55 0.1
1790 0.03999999999992312 0.55 0.15
1791 0.05999999999987928 0.55 0.05
1792 0.05999999999987928 0.55 0.1
1793 0.05999999999987928 0.55 0.15
1794 0.07999999999983178 0.55 0.05
1795 0.07999999999983178 0.55 0.1
1796 0.07999999999983178 0.55 0.15
1797 0.09999999999979425 0.55 0.05
1798 0.09999999999979425 0.55 0.1
1799 0.09999999999979425 0.55 0.15
1800 0.119999999999765 0.55 0.05
1801 0.119999999999765 0.55 0.1
1802 0.119999999999765 0.55 0.15
1803 0.1399999999997331 0.55 0.05
1804 0.1399999999997331 0.55 0.1
1805 0.1399999999997331 0.55 0.15
1806 0.1599999999997004 0.55 0.05
1807 0.1599999999997004 0.55 0.1
1808 0.1599999999997004 0.55 0.15
1809 0.1799999999996588 0.55 0.05
1810 0.1799999999996588 0.55 0.1
1811 0.1799999999996588 0.55 0.15
1812 0.1999999999996028 0.55 0.05
1813 0.1999999999996028 0.55 0.1
1814 0.1999999999996028 0.55 0.15
1815 0.2199999999995499 0.55 0.05
1816 0.2199999999995499 0.55 0.1
1817 0.2199999999995499 0.55 0.15
1818 0.2399999999994957 0.55 0.05
1819 0.2399999999994957 0.55 0.1
1820 0.2399999999994957 0.55 0.15
1821 0.2599999999994451 0.55 0.05
1822 0.2599999999994451 0.55 0.1
1823 0.2599999999994451 0.55 0.15
1824 0.2799999999993995 0.55 0.05
1825 0.2799999999993995 0.55 0.1
1826 0.2799999999993995 0.55 0.15
1827 0.2999999999993405 0.55 0.05
1828 0.2999999999993405 0.55 0.1
1829 0.2999999999993405 0.55 0.15
1830 0.3199999999992815 0.55 0.05
1831 0.3199999999992815 0.55 0.1
1832 0.3199999999992815 0.55 0.15
1833 0.3399999999992225 0.55 0.05
1834 0.3399999999992225 0.55 0.1
1835 0.3399999999992225 0.55 0.15
1836 0.3599999999991635 0.55 0.05
1837 0.3599999999991635 0.55 0.1
1838 0.3599999999991635 0.55 0.15
1839 0.3799999999991045 0.55 0.05
1840 0.3799999999991045 0.55 0.1
1841 0.3799999999991045 0.55 0.15
1842 0.3999999999990456 0.55 0.05
1843 0.3999999999990456 0.55 0.1
1844 0.3999999999990456 0.55 0.15
1845 0.4199999999989866 0.55 0.05
1846 0.4199999999989866 0.55 0.1
1847 0.4199999999989866 0.55 0.15
1848 0.4399999999989409 0.55 0.05
1849 0.4399999999989409 0.55 0.1
1850 0.4399999999989409 0.55 0.15
1851 0.4599999999988904 0.55 0.05
1852 0.4599999999988904 0.55 0.1
1853 0.4599999999988904 0.55 0.15
1854 0.4799999999988314 0.55 0.05
1855 0.4799999999988314 0.55 0.1
1856 0.4799999999988314 0.55 0.15
1857 0.4999999999987725 0.55 0.05
1858 0.4999999999987725 0.55 0.1
1859 0.4999999999987725 0.55 0.15
1860 0.5199999999987134 0.55 0.05
1861 0.5199999999987134 0.55 0.1
1862 0.5199999999987134 0.55 0.15
1863 0.5399999999986544 0.55 0.05
1864 0.5399999999986544 0.55 0.1
1865 0.5399999999986544 0.55 0.15
1866 0.5599999999985955 0.55 0.05
1867 0.5599999999985955 0.55 0.1
1868 0.5599999999985955 0.55 0.15
1869 0.5799999999985366 0.55 0.05
1870 0.5799999999985366 0.55 0.1
1871 0.5799999999985366 0.55 0.15
1872 0.5999999999984775 0.55 0.05
1873 0.5999999999984775 0.55 0.1
1874 0.5999999999984775 0.55 0.15
1875 0.6199999999984185 0.55 0.05
1876 0.6199999999984185 0.55 0.1
1877 0.6199999999984185 0.55 0.15
1878 0.6399999999983595 0.55 0.05
1879 0.6399999999983595 0.55 0.1
1880 0.6399999999983595 0.55 0.15
1881 0.6599999999983005 0.55 0.05
1882 0.6599999999983005 0.55 0.1
1883 0.6599999999983005 0.55 0.15
1884 0.6799999999982417 0.55 0.05
1885 0.6799999999982417 0.55 0.1
1886 0.6799999999982417 0.55 0.15
1887 0.6999999999982044 0.55 0.05
1888 0.6999999999982044 0.55 0.1
1889 0.6999999999982044 0.55 0.15
1890 0.7199999999982645 0.55 0.05
1891 0.7199999999982645 0.55 0.1
1892 0.7199999999982645 0.55 0.15
1893 0.7399999999983027 0.55 0.05
1894 0.7399999999983027 0.55 0.1
1895 0.7399999999983027 0.55 0.15
1896 0.7599999999983628 0.55 0.05
1897 0.7599999999983628 0.55 0.1
1898 0.7599999999983628 0.55 0.15
1899 0.779999999998416 0.55 0.05
1900 0.779999999998416 0.55 0.1
1901 0.779999999998416 0.55 0.15
1902 0.7999999999984612 0.55 0.05
1903 0.7999999999984612 0.55 0.1
1904 0.7999999999984612 0.55 0.15
1905 0.8199999999985212 0.55 0.05
1906 0.8199999999985212 0.55 0.1
1907 0.8199999999985212 0.55 0.15
1908 0.8399999999985638 0.55 0.05
1909 0.8399999999985638 0.55 0.1
1910 0.8399999999985638 0.55 0.15
1911 0.8599999999986194 0.55 0.05
1912 0.8599999999986194 0.55 0.1
1913 0.8599999999986194 0.55 0.15
1914 0.8799999999986795 0.55 0.05
1915 0.8799999999986795 0.55 0.1
1916 0.8799999999986795 0.55 0.15
1917 0.8999999999987396 0.55 0.05
1918 0.8999999999987396 0.55 0.1
1919 0.8999999999987396 0.55 0.15
1920 0.9199999999987779 0.55 0.05
1921 0.9199999999987779 0.55 0.1
1922 0.9199999999987779 0.55 0.15
1923 0.9399999999988379 0.55 0.05
1924 0.9399999999988379 0.55 0.1
1925 0.9399999999988379 0.55 0.15
1926 0.959999999998898 0.55 0.05
1927 0.959999999998898 0.55 0.1
1928 0.959999999998898 0.55 0.15
1929 0.9799999999989363 0.55 0.05
1930 0.9799999999989363 0.55 0.1
1931 0.9799999999989363 0.55 0.15
1932 0.999999999998987 0.55 0.05
1933 0.999999999998987 0.55 0.1
1934 0.999999999998987 0.55 0.15
1935 1.019999999999007 0.55 0.05
1936 1.019999999999007 0.55 0.1
1937 1.019999999999007 0.55 0.15
1938 1.039999999999031 0.55 0.05
1939 1.039999999999031 0.55 0.1
1940 1.039999999999031 0.55 0.15
1941 1.059999999999131 0.55 0.05
1942 1.059999999999131 0.55 0.1
1943 1.059999999999131 0.55 0.15
1944 1.079999999999155 0.55 0.05
1945 1.079999999999155 0.55 0.1
1946 1.079999999999155 0.55 0.15
1947 1.0999999999992 0.55 0.05
1948 1.0999999999992 0.55 0.1
1949 1.0999999999992 0.55 0.15
1950 1.119999999999282 0.55 0.05
1951 1.119999999999282 0.55 0.1
1952 1.119999999999282 0.55 0.15
1953 1.139999999999302 0.55 0.05
1954 1.139999999999302 0.55 0.1
1955 1.139999999999302 0.55 0.15
1956 1.159999999999368 0.55 0.05
1957 1.159999999999368 0.55 0.1
1958 1.159999999999368 0.55 0.15
1959 1.17999999999943 0.55 0.05
1960 1.17999999999943 0.55 0.1
1961 1.17999999999943 0.55 0.15
1962 1.19999999999945 0.55 0.05
1963 1.19999999999945 0.55 0.1
1964 1.19999999999945 0.55 0.15
1965 1.219999999999537 0.55 0.05
1966 1.219999999999537 0.55 0.1
1967 1.219999999999537 0.55 0.15
1968 1.239999999999577 0.55 0.05
1969 1.239999999999577 0.55 0.1
1970 1.239999999999577 0.55 0.15
1971 1.259999999999606 0.55 0.05
1972 1.259999999999606 0.55 0.1
1973 1.259999999999606 0.55 0.15
1974 1.279999999999704 0.55 0.05
1975 1.279999999999704 0.55 0.1
1976 1.279999999999704 0.55 0.15
1977 1.299999999999724 0.55 0.05
1978 1.299999999999724 0.55 0.1
1979 1.299999999999724 0.55 0.15
1980 1.319999999999774 0.55 0.05
1981 1.319999999999774 0.55 0.1
1982 1.319999999999774 0.55 0.15
1983 1.339999999999852 0.55 0.05
1984 1.339999999999852 0.55 0.1
1985 1.339999999999852 0.55 0.15
1986 1.359999999999872 0.55 0.05
1987 1.359999999999872 0.55 0.1
1988 1.359999999999872 0.55 0.15
1989 1.379999999999943 0.55 0.05
1990 1.379999999999943 0.55 0.1
1991 1.379999999999943 0.55 0.15
1992 1.419999999999971 0.55 0.05
1993 1.419999999999971 0.55 0.1
1994 1.419999999999971 0.55 0.15
1995 1.439999999999962 0.55 0.05
1996 1.439999999999962 0.55 0.1
1997 1.439999999999962 0.55 0.15
1998 1.459999999999974 0.55 0.05
1999 1.459999999999974 0.55 0.1
2000 1.459999999999974 0.55 0.15
2001 1.479999999999922 0.55 0.05
2002 1.479999999999922 0.55 0.1
2003 1.479999999999922 0.55 0.15
2004 1.49999999999987 0.55 0.05
2005 1.49999999999987 0.55 0.1
2006 1.49999999999987 0.55 0.15
2007 1.519999999999801 0.55 0.05
2008 1.519999999999801 0.55 0.1
2009 1.519999999999801 0.55 0.15
2010 1.539999999999711 0.55 0.05
2011 1.539999999999711 0.55 0.1
2012 1.539999999999711 0.55 0.15
2013 1.559999999999682 0.55 0.05
2014 1.559999999999682 0.55 0.1
2015 1.559999999999682 0.55 0.15
2016 1.579999999999653 0.55 0.05
2017 1.579999999999653 0.55 0.1
2018 1.579999999999653 0.55 0.15
2019 1.599999999999639 0.55 0.05
2020 1.599999999999639 0.55 0.1
2021 1.599999999999639 0.55 0.15
2022 1.619999999999645 0.55 0.05
2023 1.619999999999645 0.55 0.1
2024 1.619999999999645 0.55 0.15
2025 1.639999999999679 0.55 0.05
2026 1.639999999999679 0.55 0.1
2027 1.639999999999679 0.55 0.15
2028 1.659999999999691 0.55 0.05
2029 1.659999999999691 0.55 0.1
2030 1.659999999999691 0.55 0.15
2031 1.679999999999682 0.55 0.05
2032 1.679999999999682 0.55 0.1
2033 1.679999999999682 0.55 0.15
2034 1.699999999999653 0.55 0.05
2035 1.699999999999653 0.55 0.1
2036 1.699999999999653 0.55 0.15
2037 1.719999999999624 0.55 0.05
2038 1.719999999999624 0.55 0.1
2039 1.719999999999624 0.55 0.15
2040 1.739999999999616 0.55 0.05
2041 1.739999999999616 0.55 0.1
2042 1.739999999999616 0.55 0.15
2043 1.759999999999627 0.55 0.05
2044 1.759999999999627 0.55 0.1
2045 1.759999999999627 0.55 0.15
2046 1.779999999999662 0.55 0.05
2047 1.779999999999662 0.55 0.1
2048 1.779999999999662 0.55 0.15
2049 1.799999999999668 0.55 0.05
2050 1.799999999999668 0.55 0.1
2051 1.799999999999668 0.55 0.15
2052 1.819999999999653 0.55 0.05
2053 1.819999999999653 0.55 0.1
2054 1.819999999999653 0.55 0.15
2055 1.839999999999711 0.55 0.05
2056 1.839999999999711 0.55 0.1
2057 1.839999999999711 0.55 0.15
2058 1.859999999999769 0.55 0.05
2059 1.859999999999769 0.55 0.1
2060 1.859999999999769 0.55 0.15
2061 1.879999999999853 0.55 0.05
2062 1.879999999999853 0.55 0.1
2063 1.879999999999853 0.55 0.15
2064 1.899999999999942 0.55 0.05
2065 1.899999999999942 0.55 0.1
2066 1.899999999999942 0.55 0.15
2067 1.920000000000029 0.55 0.05
2068 1.920000000000029 0.55 0.1
2069 1.920000000000029 0.55 0.15
2070 1.94 0.55 0.05
2071 1.94 0.55 0.1
2072 1.94 0.55 0.15
2073 1.959999999999994 0.55 0.05
2074 1.959999999999994 0.55 0.1
2075 1.959999999999994 0.55 0.15
2076 1.979999999999997 0.55 0.05
2077 1.979999999999997 0.55 0.1
2078 1.979999999999997 0.55 0.15
2079 2 0.5699999999997962 0.05
2080 2 0.5699999999997962 0.1
2081 2 0.5699999999997962 0.15
2082 2 0.5899999999995967 0.05
2083 2 0.5899999999995967 0.1
2084 2 0.5899999999995967 0.15
2085 2 0.6099999999996227 0.05
2086 2 0.6099999999996227 0.1
2087 2 0.6099999999996227 0.15
2088 2 0.6299999999997701 0.05
2089 2 0.6299999999997701 0.1
2090 2 0.6299999999997701 0.15
2091 1.980000000000265 0.65 0.05
2092 1.980000000000265 0.65 0.1
2093 1.980000000000265 0.65 0.15
2094 1.96000000000053 0.65 0.05
2095 1.96000000000053 0.65 0.1
2096 1.96000000000053 0.65 0.15
2097 1.940000000000794 0.65 0.05
2098 1.940000000000794 0.65 0.1
2099 1.940000000000794 0.65 0.15
2100 1.920000000001059 0.65 0.05
2101 1.920000000001059 0.65 0.1
2102 1.920000000001059 0.65 0.15
2103 1.900000000001211 0.65 0.05
2104 1.900000000001211 0.65 0.1
2105 1.900000000001211 0.65 0.15
2106 1.8800000000012 0.65 0.05
2107 1.8800000000012 0.65 0.1
2108 1.8800000000012 0.65 0.15
2109 1.860000000001169 0.65 0.05
2110 1.860000000001169 0.65 0.1
2111 1.860000000001169 0.65 0.15
2112 1.840000000001137 0.65 0.05
2113 1.840000000001137 0.65 0.1
2114 1.840000000001137 0.65 0.15
2115 1.820000000001122 0.65 0.05
2116 1.820000000001122 0.65 0.1
2117 1.820000000001122 0.65 0.15
2118 1.80000000000126 0.65 0.05
2119 1.80000000000126 0.65 0.1
2120 1.80000000000126 0.65 0.15
2121 1.780000000001525 0.65 0.05
2122 1.780000000001525 0.65 0.1
2123 1.780000000001525 0.65 0.15
2124 1.760000000001789 0.65 0.05
2125 1.760000000001789 0.65 0.1
2126 1.760000000001789 0.65 0.15
2127 1.740000000001935 0.65 0.05
2128 1.740000000001935 0.65 0.1
2129 1.740000000001935 0.65 0.15
2130 1.720000000001904 0.65 0.05
2131 1.720000000001904 0.65 0.1
2132 1.720000000001904 0.65 0.15
2133 1.700000000001872 0.65 0.05
2134 1.700000000001872 0.65 0.1
2135 1.700000000001872 0.65 0.15
2136 1.680000000001841 0.65 0.05
2137 1.680000000001841 0.65 0.1
2138 1.680000000001841 0.65 0.15
2139 1.66000000000181 0.65 0.05
2140 1.66000000000181 0.65 0.1
2141 1.66000000000181 0.65 0.15
2142 1.640000000001779 0.65 0.05
2143 1.640000000001779 0.65 0.1
2144 1.640000000001779 0.65 0.15
2145 1.620000000001747 0.65 0.05
2146 1.620000000001747 0.65 0.1
2147 1.620000000001747 0.65 0.15
2148 1.600000000001716 0.65 0.05
2149 1.600000000001716 0.65 0.1
2150 1.600000000001716 0.65 0.15
2151 1.580000000001685 0.65 0.05
2152 1.580000000001685 0.65 0.1
2153 1.580000000001685 0.65 0.15
2154 1.560000000001653 0.65 0.05
2155 1.560000000001653 0.65 0.1
2156 1.560000000001653 0.65 0.15
2157 1.540000000001622 0.65 0.05
2158 1.540000000001622 0.65 0.1
2159 1.540000000001622 0.65 0.15
2160 1.520000000001591 0.65 0.05
2161 1.520000000001591 0.65 0.1
2162 1.520000000001591 0.65 0.15
2163 1.50000000000156 0.65 0.05
2164 1.50000000000156 0.65 0.1
2165 1.50000000000156 0.65 0.15
2166 1.480000000001528 0.65 0.05
2167 1.480000000001528 0.65 0.1
2168 1.480000000001528 0.65 0.15
2169 1.460000000001497 0.65 0.05
2170 1.460000000001497 0.65 0.1
2171 1.460000000001497 0.65 0.15
2172 1.440000000001466 0.65 0.05
2173 1.440000000001466 0.65 0.1
2174 1.440000000001466 0.65 0.15
2175 1.420000000001434 0.65 0.05
2176 1.420000000001434 0.65 0.1
2177 1.420000000001434 0.65 0.15
2178 1.400000000001403 0.65 0.05
2179 1.400000000001403 0.65 0.1
2180 1.400000000001403 0.65 0.15
2181 1.380000000001372 0.65 0.05
2182 1.380000000001372 0.65 0.1
2183 1.380000000001372 0.65 0.15
2184 1.360000000001341 0.65 0.05
2185 1.360000000001341 0.65 0.1
2186 1.360000000001341 0.65 0.15
2187 1.340000000001309 0.65 0.05
2188 1.340000000001309 0.65 0.1
2189 1.340000000001309 0.65 0.15
2190 1.320000000001278 0.65 0.05
2191 1.320000000001278 0.65 0.1
2192 1.320000000001278 0.65 0.15
2193 1.300000000001247 0.65 0.05
2194 1.300000000001247 0.65 0.1
2195 1.300000000001247 0.65 0.15
2196 1.280000000001216 0.65 0.05
2197 1.280000000001216 0.65 0.1
2198 1.280000000001216 0.65 0.15
2199 1.260000000001185 0.65 0.05
2200 1.260000000001185 0.65 0.1
2201 1.260000000001185 0.65 0.15
2202 1.240000000001154 0.65 0.05
2203 1.240000000001154 0.65 0.1
2204 1.240000000001154 0.65 0.15
2205 1.220000000001122 0.65 0.05
2206 1.220000000001122 0.65 0.1
2207 1.220000000001122 0.65 0.15
2208 1.200000000001091 0.65 0.05
2209 1.200000000001091 0.65 0.1
2210 1.200000000001091 0.65 0.15
2211 1.18000000000106 0.65 0.05
2212 1.18000000000106 0.65 0.1
2213 1.18000000000106 0.65 0.15
2214 1.160000000001029 0.65 0.05
2215 1.160000000001029 0.65 0.1
2216 1.160000000001029 0.65 0.15
2217 1.140000000000998 0.65 0.05
2218 1.140000000000998 0.65 0.1
2219 1.140000000000998 0.65 0.15
2220 1.120000000000966 0.65 0.05
2221 1.120000000000966 0.65 0.1
2222 1.120000000000966 0.65 0.15
2223 1.100000000000935 0.65 0.05
2224 1.100000000000935 0.65 0.1
2225 1.100000000000935 0.65 0.15
2226 1.080000000000904 0.65 0.05
2227 1.080000000000904 0.65 0.1
2228 1.080000000000904 0.65 0.15
2229 1.060000000000873 0.65 0.05
2230 1.060000000000873 0.65 0.1
2231 1.060000000000873 0.65 0.15
2232 1.040000000000842 0.65 0.05
2233 1.040000000000842 0.65 0.1
2234 1.040000000000842 0.65 0.15
2235 1.02000000000081 0.65 0.05
2236 1.02000000000081 0.65 0.1
2237 1.02000000000081 0.65 0.15
2238 1.000000000000779 0.65 0.05
2239 1.000000000000779 0.65 0.1
2240 1.000000000000779 0.65 0.15
2241 0.9800000000007483 0.65 0.05
2242 0.9800000000007483 0.65 0.1
2243 0.9800000000007483 0.65 0.15
2244 0.9600000000007172 0.65 0.05
2245 0.9600000000007172 0.65 0.1
2246 0.9600000000007172 0.65 0.15
2247 0.9400000000006861 0.65 0.05
2248 0.9400000000006861 0.65 0.1
2249 0.9400000000006861 0.65 0.15
2250 0.9200000000006547 0.65 0.05
2251 0.9200000000006547 0.65 0.1
2252 0.9200000000006547 0.65 0.15
2253 0.9000000000006236 0.65 0.05
2254 0.9000000000006236 0.65 0.1
2255 0.9000000000006236 0.65 0.15
2256 0.8800000000005925 0.65 0.05
2257 0.8800000000005925 0.65 0.1
2258 0.8800000000005925 0.65 0.15
2259 0.8600000000005612 0.65 0.05
2260 0.8600000000005612 0.65 0.1
2261 0.8600000000005612 0.65 0.15
2262 0.8400000000005301 0.65 0.05
2263 0.8400000000005301 0.65 0.1
2264 0.8400000000005301 0.65 0.15
2265 0.8200000000004988 0.65 0.05
2266 0.8200000000004988 0.65 0.1
2267 0.8200000000004988 0.65 0.15
2268 0.8000000000004677 0.65 0.05
2269 0.8000000000004677 0.65 0.1
2270 0.8000000000004677 0.65 0.15
2271 0.7800000000004363 0.65 0.05
2272 0.7800000000004363 0.65 0.1
2273 0.7800000000004363 0.65 0.15
2274 0.7600000000004052 0.65 0.05
2275 0.7600000000004052 0.65 0.1
2276 0.7600000000004052 0.65 0.15
2277 0.7400000000003741 0.65 0.05
2278 0.7400000000003741 0.65 0.1
2279 0.7400000000003741 0.65 0.15
2280 0.720000000000343 0.65 0.05
2281 0.720000000000343 0.65 0.1
2282 0.720000000000343 0.65 0.15
2283 0.7000000000003117 0.65 0.05
2284 0.7000000000003117 0.65 0.1
2285 0.7000000000003117 0.65 0.15
2286 0.6800000000002806 0.65 0.05
2287 0.6800000000002806 0.65 0.1
2288 0.6800000000002806 0.65 0.15
2289 0.6600000000002493 0.65 0.05
2290 0.6600000000002493 0.65 0.1
2291 0.6600000000002493 0.65 0.15
2292 0.6400000000002182 0.65 0.05
2293 0.6400000000002182 0.65 0.1
2294 0.6400000000002182 0.65 0.15
2295 0.6200000000001871 0.65 0.05
2296 0.6200000000001871 0.65 0.1
2297 0.6200000000001871 0.65 0.15
2298 0.600000000000156 0.65 0.05
2299 0.600000000000156 0.65 0.1
2300 0.600000000000156 0.65 0.15
2301 0.5800000000001249 0.65 0.05
2302 0.5800000000001249 0.65 0.1
2303 0.5800000000001249 0.65 0.15
2304 0.5600000000000935 0.65 0.05
2305 0.5600000000000935 0.65 0.1
2306 0.5600000000000935 0.65 0.15
2307 0.5400000000000624 0.65 0.05
2308 0.5400000000000624 0.65 0.1
2309 0.5400000000000624 0.65 0.15
2310 0.5200000000000311 0.65 0.05
2311 0.5200000000000311 0.65 0.1
2312 0.5200000000000311 0.65 0.15
2313 0.4799999999999167 0.65 0.05
2314 0.4799999999999167 0.65 0.1
2315 0.4799999999999167 0.65 0.15
2316 0.4599999999998334 0.65 0.05
2317 0.4599999999998334 0.65 0.1
2318 0.4599999999998334 0.65 0.15
2319 0.439999999999754 0.65 0.05
2320 0.439999999999754 0.65 0.1
2321 0.439999999999754 0.65 0.15
2322 0.4199999999998611 0.65 0.05
2323 0.4199999999998611 0.65 0.1
2324 0.4199999999998611 0.65 0.15
2325 0.3999999999999999 0.65 0.05
2326 0.3999999999999999 0.65 0.1
2327 0.3999999999999999 0.65 0.15
2328 0.3800000000001386 0.65 0.05
2329 0.3800000000001386 0.65 0.1
2330 0.3800000000001386 0.65 0.15
2331 0.3600000000002774 0.65 0.05
2332 0.3600000000002774 0.65 0.1
2333 0.3600000000002774 0.65 0.15
2334 0.3400000000004162 0.65 0.05
2335 0.3400000000004162 0.65 0.1
2336 0.3400000000004162 0.65 0.15
2337 0.3200000000005549 0.65 0.05
2338 0.3200000000005549 0.65 0.1
2339 0.3200000000005549 0.65 0.15
2340 0.3000000000006936 0.65 0.05
2341 0.3000000000006936 0.65 0.1
2342 0.3000000000006936 0.65 0.15
2343 0.2800000000008322 0.65 0.05
2344 0.2800000000008322 0.65 0.1
2345 0.2800000000008322 0.65 0.15
2346 0.260000000000971 0.65 0.05
2347 0.260000000000971 0.65 0.1
2348 0.260000000000971 0.65 0.15
2349 0.2400000000009987 0.65 0.05
2350 0.2400000000009987 0.65 0.1
2351 0.2400000000009987 0.65 0.15
2352 0.2200000000009155 0.65 0.05
2353 0.2200000000009155 0.65 0.1
2354 0.2200000000009155 0.65 0.15
2355 0.2000000000008322 0.65 0.05
2356 0.2000000000008322 0.65 0.1
2357 0.2000000000008322 0.65 0.15
2358 0.180000000000749 0.65 0.05
2359 0.180000000000749 0.65 0.1
2360 0.180000000000749 0.65 0.15
2361 0.1600000000006658 0.65 0.05
2362 0.1600000000006658 0.65 0.1
2363 0.1600000000006658 0.65 0.15
2364 0.1400000000005825 0.65 0.05
2365 0.1400000000005825 0.65 0.1
2366 0.1400000000005825 0.65 0.15
2367 0.1200000000004994 0.65 0.05
2368 0.1200000000004994 0.65 0.1
2369 0.1200000000004994 0.65 0.15
2370 0.1000000000004161 0.65 0.05
2371 0.1000000000004161 0.65 0.1
2372 0.1000000000004161 0.65 0.15
2373 0.08000000000033292 0.65 0.05
2374 0.08000000000033292 0.65 0.1
2375 0.08000000000033292 0.65 0.15
2376 0.06000000000024969 0.65 0.05
2377 0.06000000000024969 0.65 0.1
2378 0.06000000000024969 0.65 0.15
2379 0.04000000000016646 0.65 0.05
2380 0.04000000000016646 0.65 0.1
2381 0.04000000000016646 0.65 0.15
2382 0.02000000000008323 0.65 0.05
2383 0.02000000000008323 0.65 0.1
2384 0.02000000000008323 0.65 0.15
2385 0 0.6300000000000737 0.05
2386 0 0.6300000000000737 0.1
2387 0 0.6300000000000737 0.15
2388 0 0.6099999999999697 0.05
2389 0 0.6099999999999697 0.1
2390 0 0.6099999999999697 0.15
2391 0 0.5899999999998569 0.05
2392 0 0.5899999999998569 0.1
2393 0 0.5899999999998569 0.15
2394 0 0.5699999999998829 0.05
2395 0 0.5699999999998829 0.1
2396 0 0.5699999999998829 0.15
2397 1.930000000000717 0.6326794919234934 0.2
2398 1.790000000001105 0.6326794919235037 0.2
2399 0.4099999999999165 0.6326794919244048 0.2
2400 0.3702661277986128 0.633160061585032 0.2
2401 0.3300000000004855 0.6326794919244314 0.2
2402 0.2897338722022098 0.6331600615850852 0.2
2403 1.750000000001491 0.6326794919231047 0.2
2404 0.4505322555962101 0.5660128252574885 0.2
2405 0.2500000000009848 0.6326794919243723 0.2
2406 0.06969229955829055 0.5681318816885432 0.2
2407 0.509999999998743 0.5673205080756376 0.2
2408 1.829999999999681 0.5673205080757076 0.2
2409 1.529999999999755 0.5673205080756112 0.2
2410 0.5499999999986249 0.5673205080756378 0.2
2411 0.1075572637864994 0.5689255392199736 0.2
2412 1.890000000000932 0.6326794919231045 0.2
2413 1.489999999999895 0.5673205080756363 0.2
2414 0.1702359323939977 0.5679321440298591 0.2
2415 0.5899999999985071 0.5673205080756377 0.2
2416 0.2097338722014187 0.5668399384151777 0.2
2417 0.6299999999983887 0.5673205080756377 0.2
2418 1.409999999999985 0.5673205080756638 0.2
2419 1.449999999999968 0.5673205080756626 0.2
2420 0.6699999999982709 0.5673205080756378 0.2
2421 1.569999999999669 0.5673205080756638 0.2
2422 1.68999999999967 0.5673205080756638 0.2
2423 1.350532255597458 0.5660128252568135 0.2
2424 1.290190091284655 0.5664957897801642 0.2
2425 1.190532255597052 0.5660128252569301 0.2
2426 1.609999999999643 0.5673205080756851 0.2
2427 1.130190091284248 0.5664957897802578 0.2
2428 1.249999999999593 0.5673205080757139 0.2
2429 0.710190091283051 0.5664957897803258 0.2
2430 1.649999999999685 0.5673205080756901 0.2
2431 1.009999999998996 0.5673205080757063 0.2
2432 1.049999999999081 0.5673205080757096 0.2
2433 1.089999999999177 0.5673205080757188 0.2
2434 0.9700000000006277 0.632679491923981 0.2
2435 0.9100000000005195 0.6326794919240941 0.2
2436 0.8300000000004734 0.6326794919242265 0.2
2437 0.7900000000004104 0.6326794919242336 0.2
2438 0.8700000000005375 0.6326794919242191 0.2
2439 0.7500000000001501 0.6326794919240343 0.2
2440 1.729999999999622 0.5673205080756726 0.2
2441 1.150000000000949 0.6326794919239412 0.2
2442 0.9505322555964766 0.5660128252571065 0.2
2443 1.210000000000984 0.6326794919237673 0.2
2444 1.850000000000793 0.6326794919227519 0.2
2445 1.310000000001195 0.6326794919238339 0.2
2446 1.370000000001224 0.6326794919236122 0.2
2447 0.4699999999998596 0.6326794919242483 0.2
2448 0.1291762098195922 0.6332766549758899 0.2
2449 1.94896860819404 0.566354992391807 0.2
2450 0.3899999999991787 0.5663391742110024 0.2
2451 0.3499999999992001 0.5673205080756328 0.2
2452 0.309999999999319 0.5673205080756388 0.2
2453 0.04826548690602984 0.6320740775008622 0.2
2454 0.2699999999994218 0.5673205080756396 0.2
2455 0.09063194187470019 0.6330443437354983 0.2
2456 1.909999999999982 0.5673205080757139 0.2
2457 0.5299999999999956 0.6326794919242239 0.2
2458 1.770190091284629 0.5664957897800318 0.2
2459 0.1873581183558017 0.6323852909367222 0.2
2460 1.430000000001271 0.6326794919233186 0.2
2461 0.5700000000000522 0.6326794919242098 0.2
2462 1.470000000001412 0.6326794919235443 0.2
2463 1.510000000001413 0.6326794919232238 0.2
2464 0.6100000000000959 0.6326794919241883 0.2
2465 1.270000000001049 0.6326794919235232 0.2
2466 1.869999999999808 0.5673205080757501 0.2
2467 0.6500000000001396 0.6326794919241678 0.2
2468 1.110000000000852 0.6326794919237023 0.2
2469 1.550000000001455 0.632679491923209 0.2
2470 1.030000000000641 0.632679491923793 0.2
2471 1.07000000000075 0.6326794919236973 0.2
2472 1.670000000001612 0.6326794919231801 0.2
2473 1.590000000001504 0.6326794919231928 0.2
2474 1.710000000001655 0.6326794919231735 0.2
2475 1.630000000001558 0.6326794919231834 0.2
2476 0.6900000000001043 0.6326794919240259 0.2
2477 0.8901900912836849 0.5664957897803881 0.2
2478 0.8499999999985913 0.5673205080757313 0.2
2479 0.8099999999984909 0.5673205080757268 0.2
2480 0.7699999999983891 0.5673205080757314 0.2
2481 0.01722613419733453 0.6001634603522163 0.2
2482 1.983629338795418 0.5988665085736173 0.2
2483 1.969915252614744 0.6330645590988699 0.2
2484 0.03183651238112927 0.5681139449487999 0.2
2485 0.01692970876566909 0.6199251809642636 0.2
2486 0.03628225364738328 0.6131325274140401 0.2
2487 0.03464101615146264 0.5899999999999711 0.2
2488 0.0519615242271327 0.6000000000000241 0.2
2489 0.05123556410346093 0.5799405477098323 0.2
2490 0.06922941682479747 0.5896787382331152 0.2
2491 0.06928203230279995 0.6100000000000757 0.2
2492 0.08630810780425142 0.6001121848882365 0.2
2493 0.08778502273798308 0.5800623427046738 0.2
2494 0.1039230484542467 0.5900000000001471 0.2
2495 0.1234904706129253 0.5835655635371995 0.2
2496 0.1194833865325872 0.6029356647401358 0.2
2497 0.1386835589299565 0.5965207268982533 0.2
2498 0.1404546062559366 0.5803055122661437 0.2
2499 0.1584214799405999 0.5869348540338596 0.2
2500 0.1538491718976493 0.6097584360183245 0.2
2501 0.1722930250830324 0.6035241092584245 0.2
2502 0.169474333341126 0.6222489054433636 0.2
2503 0.4499999999998295 0.632679491924273 0.2
2504 0.4599999999998403 0.61535898384854 0.2
2505 0.4799999999998584 0.615358983848513 0.2
2506 0.4399999999998393 0.6153589838486029 0.2
2507 0.4702661277983025 0.5981921247289119 0.2
2508 0.490044354632921 0.5983915763878374 0.2
2509 0.5000073924387216 0.6154178339509837 0.2
2510 0.5100022450310363 0.598226697246389 0.2
2511 0.4805840026684534 0.5821101087769077 0.2
2512 0.5200016062449 0.6154001624444803 0.2
2513 0.5300001670862183 0.5982186285095779 0.2
2514 0.5400002955551521 0.6153958724039248 0.2
2515 0.5500000200713122 0.5982180923276883 0.2
2516 0.5600000526043833 0.6153950680335035 0.2
2517 0.5700000031527575 0.5982180341681965 0.2
2518 0.5800000092928372 0.6153949242785026 0.2
2519 0.5900000005396809 0.5982180254081655 0.2
2520 0.6000000016387381 0.6153948988593159 0.2
2521 0.6100000000942314 0.59821802392528 0.2
2522 0.6200000002888212 0.6153948943756227 0.2
2523 0.6300000000163283 0.5982180236663911 0.2
2524 0.6400000000508557 0.6153948935851781 0.2
2525 0.6500000000026129 0.598218023620836 0.2
2526 0.6600000000089178 0.6153948934458314 0.2
2527 0.6700000000001874 0.5982180236127848 0.2
2528 0.6800000000015196 0.6153948934212307 0.2
2529 0.6899999999997611 0.5982180236113366 0.2
2530 0.7000000000001931 0.6153948934168049 0.2
2531 0.7102661277980853 0.5985549550009008 0.2
2532 0.7200443546329997 0.6154510486476127 0.2
2533 0.7303178748702105 0.5982935487331296 0.2
2534 0.7400603715838404 0.6154168401414941 0.2
2535 0.75006304107559 0.5984181231037564 0.2
2536 0.7405957415874466 0.5821314372300466 0.2
2537 0.7600205687766428 0.6154319011189794 0.2
2538 0.7700036273883358 0.5982284592672269 0.2
2539 0.7800040326942899 0.6154028006424916 0.2
2540 0.7900003323303367 0.5982188194114263 0.2
2541 0.8000007275042533 0.61539634392043 0.2
2542 0.8100000459805835 0.598218121066175 0.2
2543 0.8200001289143115 0.6153951514091965 0.2
2544 0.830000000000011 0.5980384757721804 0.2
2545 0.8400000214859161 0.6153650117749774 0.2
2546 0.8500000000000495 0.5980384757721388 0.2
2547 0.8600000035812135 0.6153599885025851 0.2
2548 0.8700000000000883 0.5980384757720949 0.2
2549 0.880000000597126 0.6153591512904983 0.2
2550 0.890266127898129 0.5985190733399428 0.2
2551 0.9000443547494609 0.6154391113497568 0.2
2552 0.9103178749065481 0.598285578906431 0.2
2553 0.920060371609588 0.6154135222873787 0.2
2554 0.9300630410861599 0.598416241823406 0.2
2555 0.9400205687828779 0.6154310345964016 0.2
2556 0.9502800627768522 0.5985945866504871 0.2
2557 0.920595741595583 0.5821297953787719 0.2
2558 0.9600501052602355 0.6154636774523398 0.2
2559 0.9703211558048841 0.5983022588085334 0.2
2560 0.9800618768445079 0.6154203966212368 0.2
2561 0.9900638387751078 0.5984201675293181 0.2
2562 1.000020952603581 0.6154328346027693 0.2
2563 1.010003678648852 0.5982285884624383 0.2
2564 0.9805964213602328 0.5821332296467314 0.2
2565 1.020004105209063 0.6154029777552892 0.2
2566 1.030000337700574 0.5982188326999647 0.2
2567 1.040000740485331 0.6153963756537277 0.2
2568 1.050000046777025 0.5982181230188803 0.2
2569 1.060000131210813 0.6153951570232541 0.2
2570 1.070000000000428 0.5980384757716217 0.2
2571 1.080000021868982 0.6153650127101057 0.2
2572 1.09000000000046 0.5980384757715729 0.2
2573 1.100000003645376 0.61535998865789 0.2
2574 1.110000000000491 0.5980384757715241 0.2
2575 1.120000000608132 0.6153591513158108 0.2
2576 1.13026612790033 0.5985190733437381 0.2
2577 1.140044354751923 0.6154391113541886 0.2
2578 1.150317874907619 0.5982855789074335 0.2
2579 1.160060371610424 0.6154135222877752 0.2
2580 1.17006304108672 0.598416241823296 0.2
2581 1.180020568783325 0.6154310345958698 0.2
2582 1.190280062777304 0.5985945866500553 0.2
2583 1.160595741596239 0.582129795378754 0.2
2584 1.200050105260603 0.6154636774518423 0.2
2585 1.2103211558053 0.59830225880799 0.2
2586 1.220061876844866 0.6154203966207018 0.2
2587 1.230063838775463 0.5984201675287846 0.2
2588 1.240020952603913 0.6154328346021678 0.2
2589 1.250003678649247 0.598228588461872 0.2
2590 1.220596421360745 0.5821332296463787 0.2
2591 1.26000410520941 0.6154029777547404 0.2
2592 1.270000337701024 0.5982188326994189 0.2
2593 1.280000740485708 0.6153963756530196 0.2
2594 1.290266307496867 0.5985553368876735 0.2
2595 1.300044507997764 0.6154513593341413 0.2
2596 1.310317930381532 0.5982936641611393 0.2
2597 1.320060406397203 0.6154169111598105 0.2
2598 1.330063056130313 0.5984181541773345 0.2
2599 1.340020577088535 0.615431918133256 0.2
2600 1.350280066668953 0.598595052631729 0.2
2601 1.320595753349424 0.5821314616465922 0.2
2602 1.360050107293561 0.6154639023714392 0.2
2603 1.370321156792912 0.5983023739579244 0.2
2604 1.380061877348439 0.6154204532986931 0.2
2605 1.390063839024126 0.5984201961665133 0.2
2606 1.400020952729415 0.6154328488211501 0.2
2607 1.410003678665616 0.5982285903207761 0.2
2608 1.380596421567049 0.582133253610867 0.2
2609 1.42000410523318 0.6154029804341369 0.2
2610 1.430000337702849 0.5982188328958713 0.2
2611 1.440000740490099 0.6153963761320788 0.2
2612 1.450000046777808 0.5982181230471999 0.2
2613 1.460000131212101 0.615395157106978 0.2
2614 1.470000000000883 0.5980384757705416 0.2
2615 1.480000021869621 0.615365012723329 0.2
2616 1.490000000000879 0.5980384757705005 0.2
2617 1.500000003645869 0.6153599886593173 0.2
2618 1.510000000000871 0.5980384757704692 0.2
2619 1.520000000608581 0.6153591513153034 0.2
2620 1.530000000000858 0.5980384757704479 0.2
2621 1.540000000102369 0.6153590117579513 0.2
2622 1.550000000000845 0.5980384757704139 0.2
2623 1.560000000018009 0.6153589884983723 0.2
2624 1.570000000000843 0.5980384757703762 0.2
2625 1.58000000000396 0.6153589846217571 0.2
2626 1.590000000000851 0.5980384757703427 0.2
2627 1.600000000001634 0.6153589839756419 0.2
2628 1.610000000000867 0.5980384757703175 0.2
2629 1.620000000001264 0.6153589838679446 0.2
2630 1.630000000000884 0.5980384757703023 0.2
2631 1.640000000001221 0.615358983849988 0.2
2632 1.650000000000903 0.5980384757702885 0.2
2633 1.66000000000123 0.6153589838469913 0.2
2634 1.670000000000919 0.5980384757702851 0.2
2635 1.680000000001246 0.6153589838464923 0.2
2636 1.690000000000927 0.5980384757702873 0.2
2637 1.700000000000931 0.6153589838459763 0.2
2638 1.710000000000928 0.5980384757702866 0.2
2639 1.720000000001197 0.6153589838463143 0.2
2640 1.730000000000906 0.5980384757703016 0.2
2641 1.740000000000887 0.615358983845957 0.2
2642 1.750000000000844 0.5980384757703187 0.2
2643 1.760000000001053 0.615358983846696 0.2
2644 1.77026612779939 0.5985190454313991 0.2
2645 1.780044354634064 0.6154390787903972 0.2
2646 1.790317874871231 0.5982855688274148 0.2
2647 1.800060371584715 0.6154135151803675 0.2
2648 1.810063041076302 0.5984162389581351 0.2
2649 1.820020568777209 0.6154310329336421 0.2
2650 1.830003627388834 0.598228339856402 0.2
2651 1.800595741588655 0.5821297932209165 0.2
2652 1.840004032694685 0.6154026360419179 0.2
2653 1.850000332330768 0.5982188070879121 0.2
2654 1.860000727504708 0.6153963144318302 0.2
2655 1.870000045981023 0.5982181192504605 0.2
2656 1.880000128914778 0.6153951461906328 0.2
2657 1.890000000000419 0.5980384757702869 0.2
2658 1.900000021486343 0.6153650109041359 0.2
2659 1.910000000000391 0.5980384757703068 0.2
2660 1.920000003581531 0.6153599883564547 0.2
2661 1.930000000000308 0.5980384757703343 0.2
2662 1.940000000597255 0.6153591512651846 0.2
2663 1.951520459647005 0.5981416579868287 0.2
2664 1.960608524196373 0.6170739852864409 0.2
2665 1.83000410024598 0.6326987754704941 0.2
2666 1.410004176327977 0.6326991355167714 0.2
2667 1.350000000000917 0.6326794919227621 0.2
2668 1.250004176302943 0.6326991327004927 0.2
2669 1.190000000000696 0.6326794919231724 0.2
2670 1.010004176302582 0.6326991327008458 0.2
2671 0.9500000000004417 0.6326794919237277 0.2
2672 0.7300174543696342 0.632704478772808 0.2
2673 1.730000000001616 0.6326794919228342 0.2
2674 1.983061785652496 0.5800113576601764 0.2
2675 1.889999999999882 0.5673205080757588 0.2
2676 1.270016164224755 0.5669167864132123 0.2
2677 1.929999999999977 0.5673205080757194 0.2
2678 1.75001616422476 0.566916786413139 0.2
2679 0.5100014997805915 0.6326961633739806 0.2
2680 0.2300000000010116 0.6326794919243446 0.2
2681 0.2397338722024573 0.6155126328048556 0.2
2682 0.2199556453679675 0.6153845920080294 0.2
2683 0.2594233897704802 0.6160182388737238 0.2
2684 0.2299172545640835 0.5982563003252973 0.2
2685 0.2097094672195733 0.5991883928519393 0.2
2686 1.870000000001176 0.632679491922138 0.2
2687 1.490000004253567 0.6326806642049023 0.2
2688 1.110016164224345 0.5669167864132811 0.2
2689 1.849999999999709 0.5673205080757258 0.2
2690 1.530000000119505 0.6326795244866145 0.2
2691 0.6300000000002033 0.6326794919241615 0.2
2692 0.5500000000000782 0.6326794919242058 0.2
2693 0.5900000000001403 0.6326794919241815 0.2
2694 1.06999999999911 0.5673205080757343 0.2
2695 1.450000000001479 0.6326794919222981 0.2
2696 1.690000000001621 0.6326794919228791 0.2
2697 1.02999999999905 0.5673205080757325 0.2
2698 0.429999999999868 0.632679491924318 0.2
2699 0.4199999999998583 0.6153589838487133 0.2
2700 0.4002661277983362 0.6155126328049011 0.2
2701 0.4103104824312849 0.5982177328885565 0.2
2702 0.3903622295030125 0.5995552918924357 0.2
2703 0.4503104824313862 0.5985452253439822 0.2
2704 0.4301034941436198 0.5984803026764314 0.2
2705 0.4206012516923575 0.5821291645184612 0.2
2706 1.629999999999679 0.5673205080756986 0.2
2707 0.06942032221439476 0.6298836791198378 0.2
2708 0.1099044273726607 0.6335070719795739 0.2
2709 0.1019515679750102 0.6137871156253074 0.2
2710 0.6700000000002645 0.6326794919241422 0.2
2711 1.650000000001534 0.6326794919238905 0.2
2712 1.570000000004711 0.6326794928277553 0.2
2713 0.3697338722007157 0.5670033034754615 0.2
2714 0.3596895175676618 0.5844344997618311 0.2
2715 0.3399482529273287 0.5846065967530236 0.2
2716 0.3499999999992104 0.6019615242268797 0.2
2717 0.3299999999993007 0.6019615242268848 0.2
2718 0.3700061603651307 0.6009499383454536 0.2
2719 0.319991375487322 0.584635279584892 0.2
2720 0.3099999999993934 0.6019615242268962 0.2
2721 1.709999999999653 0.567320508075663 0.2
2722 0.8700161642238058 0.5669167864133583 0.2
2723 1.610000000001571 0.6326794919483271 0.2
2724 1.429999999999981 0.5673205080756756 0.2
2725 0.289999999999367 0.5673205080756387 0.2
2726 0.2799999999994116 0.584313523695657 0.2
2727 0.2597338722011376 0.5834312567112543 0.2
2728 0.2999985625807134 0.5845854779809472 0.2
2729 0.2898097375937981 0.6010912070479821 0.2
2730 0.7899999999984468 0.567320508075732 0.2
2731 0.1504132945357664 0.6321612769973405 0.2
2732 0.8299999999985337 0.5673205080757323 0.2
2733 0.2000582643045739 0.6159892768010681 0.2
2734 0.6900161642231439 0.5669167864131904 0.2
2735 1.910000004178632 0.632680663851198 0.2
2736 1.54999999999967 0.5673205080756225 0.2
2737 1.469999999999931 0.567320508075662 0.2
2738 0.3299899380686123 0.5673138154148645 0.2
2739 1.669999999999683 0.5673205080756726 0.2
2740 1.290000000001232 0.6326794919226899 0.2
2741 1.090000004252967 0.6326806642025657 0.2
2742 1.130007392560637 0.6326928744196071 0.2
2743 0.2499884541245614 0.5671827740510247 0.2
2744 1.050000000000856 0.6326794919242837 0.2
2745 0.2695934158641696 0.6330231116614685 0.2
2746 0.7700041002453891 0.6326989476016232 0.2
2747 0.8900073925581433 0.6326928744147614 0.2
2748 0.810000000000483 0.6326794919242866 0.2
2749 0.8500000041782052 0.6326806640210013 0.2
2750 1.589999999999639 0.5673205080756534 0.2
2751 1.509999999999834 0.56732050807562 0.2
2752 0.3500161642252257 0.6329469614406429 0.2
2753 0.3099838357757364 0.6329469614406513 0.2
2754 0.6099999999984475 0.5673205080756373 0.2
2755 0.5699999999985665 0.5673205080756376 0.2
2756 0.5299999999986835 0.5673205080756359 0.2
2757 0.6499999999983307 0.5673205080756377 0.2
2758 0.4900014820364913 0.6326920788496209 0.2
2759 0.2299763882927638 0.5669340469663466 0.2
2760 0.1897288396339036 0.5671887035018806 0.2
2761 0.1798438634057863 0.5848384666381382 0.2
2762 1.770007392440171 0.632692841080617 0.2
2763 1.950087296235069 0.6330295312623314 0.2
2764 0.3903548370645952 0.6329388439832709 0.2
2765 0.2095620046718504 0.6327397752783607 0.2
2766 0.9300134900657946 0.6327005901219336 0.2
2767 0.9900145009588043 0.6327053093081387 0.2
2768 1.170013490066247 0.632700590121793 0.2
2769 1.230014500959164 0.632705309307855 0.2
2770 1.330013497248406 0.6327013021899437 0.2
2771 1.390014501068305 0.632705321593371 0.2
2772 0.7100103015005975 0.6327049854602085 0.2
2773 1.810014173435232 0.6327038025846679 0.2
2774 1.981211685225641 0.6183634071948781 0.2
2775 0.02981813030280754 0.6333667302612683 0.2
2776 1.968437556786047 0.5689118651070574 0.2
2777 0.01649463266837219 0.5806276488719584 0.2
2778 1.968401874880436 0.5885811487385639 0.2
2779 0.1352711030423843 0.6154604286906924 0.2
2780 0.1994243419449648 0.5834991373473453 0.2
2781 0.3806056812889674 0.6164894503442608 0.2
2782 0.3802314244043311 0.5833203448533846 0.2
2783 0.4002508980048634 0.5824862102842041 0.2
2784 0.4602821447488417 0.58214979331327 0.2
2785 0.7202283059225545 0.5822517960014314 0.2
2786 0.9002283059471303 0.5822442137783929 0.2
2787 0.9602883159229243 0.5821802293556748 0.2
2788 0.4301889178808913 0.5660300775914424 0.2
2789 1.140228305948039 0.5822442137790668 0.2
2790 0.2797600692384634 0.6167682827895787 0.2
2791 1.200288315923405 0.5821802293553394 0.2
2792 0.4900973337772472 0.5662448487707985 0.2
2793 0.2498013981228472 0.5993151766042941 0.2
2794 1.300228347085486 0.5822518829565555 0.2
2795 1.360288316771172 0.5821803302046149 0.2
2796 1.780228305924063 0.5822442070871522 0.2
2797 0.7500992902634397 0.5662484035128859 0.2
2798 0.9301879995314365 0.566030182734521 0.2
2799 0.9900994035593935 0.5662487022489265 0.2
2800 1.170187999531994 0.5660301827344077 0.2
2801 1.230099403559928 0.5662487022487858 0.2
2802 1.33018800149117 0.5660304604456387 0.2
2803 1.390099403594617 0.5662487062428014 0.2
2804 1.810099290264626 0.5662481295110827 0.2
2805 0.360149022279594 0.6171380740030492 0.2
2806 0.3400275310840617 0.6173346806496552 0.2
2807 0.3200000000005539 0.6173205080760438 0.2
2808 0.2998812524683591 0.6172080908610394 0.2
2809 0.5199999999987153 0.5826794919238402 0.2
2810 0.2197935540370502 0.5828989795539321 0.2
2811 0.5399999999986534 0.5826794919238036 0.2
2812 0.5599999999985957 0.5826794919237696 0.2
2813 0.5799999999985369 0.5826794919237361 0.2
2814 0.5999999999984764 0.5826794919237015 0.2
2815 0.6199999999984194 0.5826794919236693 0.2
2816 0.6399999999983592 0.5826794919236348 0.2
2817 0.6599999999983012 0.5826794919236016 0.2
2818 0.6799999999982159 0.5826794919235689 0.2
2819 0.7001167815374686 0.5825194737884589 0.2
2820 0.7799999999998884 0.5826794919244841 0.2
2821 0.7999999999999212 0.5826794919244552 0.2
2822 0.8199999999999622 0.5826794919244377 0.2
2823 0.8399999999999997 0.5826794919244102 0.2
2824 0.8600000000000338 0.582679491924382 0.2
2825 0.880116781558812 0.582482305168093 0.2
2826 1.019999999999003 0.5826794919233037 0.2
2827 1.039999999999081 0.5826794919233023 0.2
2828 1.059999999999075 0.5826794919232634 0.2
2829 1.079999999999782 0.5826794919236589 0.2
2830 1.120116781559649 0.5824823051686516 0.2
2831 1.100000000000442 0.5826794919240427 0.2
2832 1.260003363429321 0.5826745216673983 0.2
2833 1.280117435203685 0.582518858400737 0.2
2834 1.939213579853218 0.5823184692824119 0.2
2835 1.419999999999976 0.5826794919228858 0.2
2836 1.920000000000377 0.5826794919231379 0.2
2837 1.439999999999979 0.5826794919228631 0.2
2838 1.459999999999954 0.5826794919228317 0.2
2839 1.900000000000294 0.5826794919230879 0.2
2840 1.479999999999929 0.5826794919227888 0.2
2841 1.499999999999884 0.5826794919227467 0.2
2842 1.519999999999892 0.5826794919227605 0.2
2843 1.539999999999848 0.5826794919227601 0.2
2844 1.880000000000418 0.5826794919231975 0.2
2845 1.839999999999685 0.5826794919227614 0.2
2846 1.860000000000416 0.5826794919232161 0.2
2847 1.559999999999801 0.5826794919227383 0.2
2848 1.760116781539095 0.5824822994009061 0.2
2849 1.579999999999813 0.5826794919227332 0.2
2850 1.740000000000887 0.5826794919233963 0.2
2851 1.599999999999788 0.5826794919227061 0.2
2852 1.720000000000277 0.5826794919229814 0.2
2853 1.699999999999933 0.5826794919227425 0.2
2854 1.619999999999808 0.5826794919227015 0.2
2855 1.680000000000339 0.5826794919230051 0.2
2856 1.660000000000203 0.5826794919229243 0.2
2857 1.639999999999946 0.5826794919227731 0.2
2858 0.2698248174910435 0.6001106491078625 0.2
2859 0.2399999999994968 0.5826760614174865 0.2
2860 0.4403364244155511 0.5822245647835126 0.2
2861 0.4999999999998228 0.5826829224312373 0.2
2862 0.4101735112625538 0.5661641044341851 0.2
2863 0.7599999999998546 0.5826829224309249 0.2
2864 0.9403245694182387 0.5822273101999945 0.2
2865 1.000000000000292 0.5826829224307091 0.2
2866 0.4702492894647457 0.5660862626864107 0.2
2867 1.180324569418785 0.582227310199797 0.2
2868 1.240000000000624 0.5826829224304715 0.2
2869 0.7301855715088431 0.5661879044207815 0.2
2870 1.340324575001415 0.5822280473937871 0.2
2871 0.9102003563925585 0.5661499969453456 0.2
2872 1.400000000000819 0.5826829224302864 0.2
2873 0.9702527327394768 0.5660958310847399 0.2
2874 1.820000000000439 0.5826829224300952 0.2
2875 1.150200356393198 0.5661499969454142 0.2
2876 1.210252732740019 0.5660958310845723 0.2
2877 1.310200365535039 0.5661515991381584 0.2
2878 1.370252732921685 0.5660958525525162 0.2
2879 1.790185571510217 0.5661863199331971 0.2
2880 0.1907791077778119 0.6006009015654117 0.2
2881 0.1286834073714659 0.5658099309430585 0.2
2882 0.08974149240315192 0.5634992233716563 0.2
2883 0.05055287520853663 0.5632372748694351 0.2
2884 0.1839925697724692 0.6149496968009981 0.2
2885 0.05397114317036473 0.6165192378864255 0.2
2886 0.1194503828056846 0.6195194966516544 0.2
2887 0.08351879443423131 0.6173654646737912 0.2
2888 0.1516932395957066 0.5659846318450055 0.2
2889 0.01464101615136229 0.5646410161513409 0.2
2890 0.01464101615139668 0.6353589838486455 0.2
2891 1.985358983848902 0.635358983848767 0.2
2892 1.985358983848752 0.564641016151197 0.2
2893 0.1697992526414196 0.6381351132486969 0.2
2894 1.955308415872149 0.5808616267013339 0.2
2895 1.969074376548975 0.6042053415560659 0.2
2896 0 0.6699999999999263 0.05
2897 0 0.6699999999999263 0.1
2898 0 0.6699999999999263 0.15
2899 0 0.6900000000000304 0.05
2900 0 0.6900000000000304 0.1
2901 0 0.6900000000000304 0.15
2902 0 0.7100000000001432 0.05
2903 0 0.7100000000001432 0.1
2904 0 0.7100000000001432 0.15
2905 0 0.7300000000001171 0.05
2906 0 0.7300000000001171 0.1
2907 0 0.7300000000001171 0.15
2908 0.01932724751974743 0.7538670760233369 0.05
2909 0.01932724751974743 0.7538670760233369 0.1
2910 0.01932724751974743 0.7538670760233369 0.15
2911 0.03851946892376168 0.7583565538682915 0.05
2912 0.03851946892376168 0.7583565538682915 0.1
2913 0.03851946892376168 0.7583565538682915 0.15
2914 0.05755662624557117 0.7634637462175062 0.05
2915 0.05755662624557117 0.7634637462175062 0.1
2916 0.05755662624557117 0.7634637462175062 0.15
2917 0.07641884351534309 0.7691833208469284 0.05
2918 0.07641884351534309 0.7691833208469284 0.1
2919 0.07641884351534309 0.7691833208469284 0.15
2920 0.09508642728937028 0.7755093061313509 0.05
2921 0.09508642728937028 0.7755093061313509 0.1
2922 0.09508642728937028 0.7755093061313509 0.15
2923 0.1135398873974006 0.7824350973303956 0.05
2924 0.1135398873974006 0.7824350973303956 0.1
2925 0.1135398873974006 0.7824350973303956 0.15
2926 0.1317599572091195 0.7899534634601829 0.05
2927 0.1317599572091195 0.7899534634601829 0.1
2928 0.1317599572091195 0.7899534634601829 0.15
2929 0.1497276138111135 0.7980565548681776 0.05
2930 0.1497276138111135 0.7980565548681776 0.1
2931 0.1497276138111135 0.7980565548681776 0.15
2932 0.1674240977734074 0.8067359113887511 0.05
2933 0.1674240977734074 0.8067359113887511 0.1
2934 0.1674240977734074 0.8067359113887511 0.15
2935 0.1848309327907169 0.8159824711961641 0.05
2936 0.1848309327907169 0.8159824711961641 0.1
2937 0.1848309327907169 0.8159824711961641 0.15
2938 0.2019299450116717 0.8257865802890817 0.05
2939 0.2019299450116717 0.8257865802890817 0.1
2940 0.2019299450116717 0.8257865802890817 0.15
2941 0.2187032818938218 0.8361380025023929 0.05
2942 0.2187032818938218 0.8361380025023929 0.1
2943 0.2187032818938218 0.8361380025023929 0.15
2944 0.2351334310470161 0.8470259303167661 0.05
2945 0.2351334310470161 0.8470259303167661 0.1
2946 0.2351334310470161 0.8470259303167661 0.15
2947 0.2512032382893052 0.85843899600424 0.05
2948 0.2512032382893052 0.85843899600424 0.1
2949 0.2512032382893052 0.85843899600424 0.15
2950 0.2668959256794823 0.8703652835686242 0.05
2951 0.2668959256794823 0.8703652835686242 0.1
2952 0.2668959256794823 0.8703652835686242 0.15
2953 0.2821951090526114 0.8827923412065998 0.05
2954 0.2821951090526114 0.8827923412065998 0.1
2955 0.2821951090526114 0.8827923412065998 0.15
2956 0.297084815060258 0.8957071942597422 0.05
2957 0.297084815060258 0.8957071942597422 0.1
2958 0.297084815060258 0.8957071942597422 0.15
2959 0.3115494978754815 0.9090963587801417 0.05
2960 0.3115494978754815 0.9090963587801417 0.1
2961 0.3115494978754815 0.9090963587801417 0.15
2962 0.3255740553720859 0.9229458555560957 0.05
2963 0.3255740553720859 0.9229458555560957 0.1
2964 0.3255740553720859 0.9229458555560957 0.15
2965 0.3391438450097414 0.9372412248178539 0.05
2966 0.3391438450097414 0.9372412248178539 0.1
2967 0.3391438450097414 0.9372412248178539 0.15
2968 0.3522446991038668 0.9519675413356647 0.05
2969 0.3522446991038668 0.9519675413356647 0.1
2970 0.3522446991038668 0.9519675413356647 0.15
2971 0.3648629394050026 0.9671094297587874 0.05
2972 0.3648629394050026 0.9671094297587874 0.1
2973 0.3648629394050026 0.9671094297587874 0.15
2974 0.3769853916314111 0.9826510809358475 0.05
2975 0.3769853916314111 0.9826510809358475 0.1
2976 0.3769853916314111 0.9826510809358475 0.15
2977 0.3885993992290893 0.9985762684615747 0.05
2978 0.3885993992290893 0.9985762684615747 0.1
2979 0.3885993992290893 0.9985762684615747 0.15
2980 0.3996928363927146 1.014868365369741 0.05
2981 0.3996928363927146 1.014868365369741 0.1
2982 0.3996928363927146 1.014868365369741 0.15
2983 0.410254120812802 1.031510361585658 0.05
2984 0.410254120812802 1.031510361585658 0.1
2985 0.410254120812802 1.031510361585658 0.15
2986 0.4202722258447679 1.048484881809161 0.05
2987 0.4202722258447679 1.048484881809161 0.1
2988 0.4202722258447679 1.048484881809161 0.15
2989 0.4297366920461438 1.065774203740959 0.05
2990 0.4297366920461438 1.065774203740959 0.1
2991 0.4297366920461438 1.065774203740959 0.15
2992 0.4386376377729698 1.083360275992313 0.05
2993 0.4386376377729698 1.083360275992313 0.1
2994 0.4386376377729698 1.083360275992313 0.15
2995 0.446965769841059 1.10122473751324 0.05
2996 0.446965769841059 1.10122473751324 0.1
2997 0.446965769841059 1.10122473751324 0.15
2998 0.4547123931566764 1.119348936670001 0.05
2999 0.4547123931566764 1.119348936670001 0.1
3000 0.4547123931566764 1.119348936670001 0.15
3001 0.4618694197786676 1.137713950712699 0.05
3002 0.4618694197786676 1.137713950712699 0.1
3003 0.4618694197786676 1.137713950712699 0.15
3004 0.4684293772680304 1.156300605284067 0.05
3005 0.4684293772680304 1.156300605284067 0.1
3006 0.4684293772680304 1.156300605284067 0.15
3007 0.4743854165945922 1.175089494679236 0.05
3008 0.4743854165945922 1.175089494679236 0.1
3009 0.4743854165945922 1.175089494679236 0.15
3010 0.4797313192789501 1.19406100211458 0.05
3011 0.4797313192789501 1.19406100211458 0.1
3012 0.4797313192789501 1.19406100211458 0.15
3013 0.4844615038522733 1.213195320117717 0.05
3014 0.4844615038522733 1.213195320117717 0.1
3015 0.4844615038522733 1.213195320117717 0.15
3016 0.4885710316374196 1.232472470950354 0.05
3017 0.4885710316374196 1.232472470950354 0.1
3018 0.4885710316374196 1.232472470950354 0.15
3019 0.4920556121043271 1.251872328399762 0.05
3020 0.4920556121043271 1.251872328399762 0.1
3021 0.4920556121043271 1.251872328399762 0.15
3022 0.4949116070740476 1.271374637507398 0.05
3023 0.4949116070740476 1.271374637507398 0.1
3024 0.4949116070740476 1.271374637507398 0.15
3025 0.497136034718901 1.290959036713401 0.05
3026 0.497136034718901 1.290959036713401 0.1
3027 0.497136034718901 1.290959036713401 0.15
3028 0.4987265725735415 1.310605078463474 0.05
3029 0.4987265725735415 1.310605078463474 0.1
3030 0.4987265725735415 1.310605078463474 0.15
3031 0.4996815600244396 1.330292251113694 0.05
3032 0.4996815600244396 1.330292251113694 0.1
3033 0.4996815600244396 1.330292251113694 0.15
3034 0.5 1.330000000000024 0.05
3035 0.5 1.330000000000024 0.1
3036 0.5 1.330000000000024 0.15
3037 0.5 1.31000000000009 0.05
3038 0.5 1.31000000000009 0.1
3039 0.5 1.31000000000009 0.15
3040 0.5 1.290000000000156 0.05
3041 0.5 1.290000000000156 0.1
3042 0.5 1.290000000000156 0.15
3043 0.5 1.270000000000165 0.05
3044 0.5 1.270000000000165 0.1
3045 0.5 1.270000000000165 0.15
3046 0.5 1.250000000000204 0.05
3047 0.5 1.250000000000204 0.1
3048 0.5 1.250000000000204 0.15
3049 0.5 1.230000000000271 0.05
3050 0.5 1.230000000000271 0.1
3051 0.5 1.230000000000271 0.15
3052 0.5 1.210000000000321 0.05
3053 0.5 1.210000000000321 0.1
3054 0.5 1.210000000000321 0.15
3055 0.5 1.190000000000329 0.05
3056 0.5 1.190000000000329 0.1
3057 0.5 1.190000000000329 0.15
3058 0.5 1.170000000000385 0.05
3059 0.5 1.170000000000385 0.1
3060 0.5 1.170000000000385 0.15
3061 0.5 1.150000000000452 0.05
3062 0.5 1.150000000000452 0.1
3063 0.5 1.150000000000452 0.15
3064 0.5 1.130000000000486 0.05
3065 0.5 1.130000000000486 0.1
3066 0.5 1.130000000000486 0.15
3067 0.5 1.110000000000499 0.05
3068 0.5 1.110000000000499 0.1
3069 0.5 1.110000000000499 0.15
3070 0.5 1.090000000000566 0.05
3071 0.5 1.090000000000566 0.1
3072 0.5 1.090000000000566 0.15
3073 0.5 1.070000000000633 0.05
3074 0.5 1.070000000000633 0.1
3075 0.5 1.070000000000633 0.15
3076 0.5 1.05000000000065 0.05
3077 0.5 1.05000000000065 0.1
3078 0.5 1.05000000000065 0.15
3079 0.5 1.03000000000068 0.05
3080 0.5 1.03000000000068 0.1
3081 0.5 1.03000000000068 0.15
3082 0.5 1.010000000000747 0.05
3083 0.5 1.010000000000747 0.1
3084 0.5 1.010000000000747 0.15
3085 0.5 0.9900000000006874 0.05
3086 0.5 0.9900000000006874 0.1
3087 0.5 0.9900000000006874 0.15
3088 0.5 0.9700000000006535 0.05
3089 0.5 0.9700000000006535 0.1
3090 0.5 0.9700000000006535 0.15
3091 0.5 0.9500000000006008 0.05
3092 0.5 0.9500000000006008 0.1
3093 0.5 0.9500000000006008 0.15
3094 0.5 0.930000000000581 0.05
3095 0.5 0.930000000000581 0.1
3096 0.5 0.930000000000581 0.15
3097 0.5 0.9100000000005611 0.05
3098 0.5 0.9100000000005611 0.1
3099 0.5 0.9100000000005611 0.15
3100 0.5 0.8900000000005414 0.05
3101 0.5 0.8900000000005414 0.1
3102 0.5 0.8900000000005414 0.15
3103 0.5 0.8700000000005215 0.05
3104 0.5 0.8700000000005215 0.1
3105 0.5 0.8700000000005215 0.15
3106 0.5 0.8500000000005017 0.05
3107 0.5 0.8500000000005017 0.1
3108 0.5 0.8500000000005017 0.15
3109 0.5 0.8300000000004585 0.05
3110 0.5 0.8300000000004585 0.1
3111 0.5 0.8300000000004585 0.15
3112 0.5 0.8100000000004188 0.05
3113 0.5 0.8100000000004188 0.1
3114 0.5 0.8100000000004188 0.15
3115 0.5 0.7900000000003556 0.05
3116 0.5 0.7900000000003556 0.1
3117 0.5 0.7900000000003556 0.15
3118 0.5 0.7700000000002926 0.05
3119 0.5 0.7700000000002926 0.1
3120 0.5 0.7700000000002926 0.15
3121 0.5 0.7500000000002573 0.05
3122 0.5 0.7500000000002573 0.1
3123 0.5 0.7500000000002573 0.15
3124 0.5 0.7300000000002096 0.05
3125 0.5 0.7300000000002096 0.1
3126 0.5 0.7300000000002096 0.15
3127 0.5 0.7100000000001465 0.05
3128 0.5 0.7100000000001465 0.1
3129 0.5 0.7100000000001465 0.15
3130 0.5 0.69000000000009 0.05
3131 0.5 0.69000000000009 0.1
3132 0.5 0.69000000000009 0.15
3133 0.5 0.6700000000000559 0.05
3134 0.5 0.6700000000000559 0.1
3135 0.5 0.6700000000000559 0.15
3136 0.4826843424452169 0.7800033775761741 0.2
3137 0.2851635856775747 0.8632091349427423 0.2
3138 0.3497324424813659 0.6680137581207403 0.2
3139 0.3308949650545921 0.9018125608758227 0.2
3140 0.2899439451886992 0.6664263179037836 0.2
3141 0.4826203409803089 0.8392407506517969 0.2
3142 0.2377180691825588 0.8273070711600728 0.2
3143 0.2305343069340474 0.6670079100000008 0.2
3144 0.4099999999999304 0.6673205080755686 0.2
3145 0.485522605695043 0.8976932498873766 0.2
3146 0.1862744754084765 0.7978051748425882 0.2
3147 0.1717427957883861 0.6673848253071746 0.2
3148 0.3702322668198093 0.9464622142058627 0.2
3149 0.1106240925016993 0.763359855980677 0.2
3150 0.4800861714677195 0.9599066940846496 0.2
3151 0.4826794919242661 0.7200000000001782 0.2
3152 0.09092147976354839 0.6672587099419538 0.2
3153 0.1477612685144364 0.7784445621096711 0.2
3154 0.3965840123755121 0.9805556490881641 0.2
3155 0.0552167925047927 0.7450095378476154 0.2
3156 0.130000000000541 0.6673205080757608 0.2
3157 0.4186733013262699 1.014293921617335 0.2
3158 0.0492697139302778 0.6656272221414515 0.2
3159 0.4517391174382043 0.6679362281950352 0.2
3160 0.4834542115143488 1.001193941298255 0.2
3161 0.439874923728773 1.048595850672641 0.2
3162 0.01639288865150289 0.7001626760556496 0.2
3163 0.4826794919243531 1.06000000000064 0.2
3164 0.4677607395907059 1.10563063235402 0.2
3165 0.4830645760211734 0.680084768375812 0.2
3166 0.4836781999253268 1.119099140817081 0.2
3167 0.3005320974293932 0.8761075967562642 0.2
3168 0.3037335651303092 0.8562759396506469 0.2
3169 0.2883452070845001 0.8436074772098969 0.2
3170 0.3068654743472197 0.8367610381081364 0.2
3171 0.3222115634658048 0.8492365189574742 0.2
3172 0.3253319698438276 0.8296972850165718 0.2
3173 0.3100157101175613 0.8172300107858207 0.2
3174 0.3284673082117889 0.8101455945106044 0.2
3175 0.3406807979043355 0.8421889841089195 0.2
3176 0.3130731746985897 0.7976626279407398 0.2
3177 0.331594942025801 0.7905708831911809 0.2
3178 0.3161773976347476 0.7780653589455679 0.2
3179 0.3347223000348349 0.7709718068742526 0.2
3180 0.3501424900564654 0.7835038803439591 0.2
3181 0.3532772907895292 0.763873749934973 0.2
3182 0.3687120877167287 0.7764233342755593 0.2
3183 0.3718534176840356 0.7567766799889362 0.2
3184 0.3872947723262826 0.7693134127059214 0.2
3185 0.3841510304148203 0.7889817239095505 0.2
3186 0.3193017463076253 0.7584584813220936 0.2
3187 0.3007492335740269 0.7655583028046974 0.2
3188 0.3904369402400936 0.749653132282354 0.2
3189 0.3038728311682744 0.7459457917463527 0.2
3190 0.2853229689948126 0.7530565087809871 0.2
3191 0.4027373547750515 0.7818616975497827 0.2
3192 0.3995917964954448 0.8015282996552774 0.2
3193 0.3564348110930221 0.7442491292595803 0.2
3194 0.2821928410311741 0.7726576737813172 0.2
3195 0.2667810869777411 0.7601634187278634 0.2
3196 0.2699106008451743 0.7406052195582113 0.2
3197 0.2513610301133161 0.7476828591725304 0.2
3198 0.4178143370992842 0.7948845683431927 0.2
3199 0.4149680624640045 0.8141569266719819 0.2
3200 0.4208827375756511 0.775218523705833 0.2
3201 0.248252330574198 0.7672718225662998 0.2
3202 0.2328363557225969 0.7547965182273397 0.2
3203 0.2359323648253351 0.7351879896282434 0.2
3204 0.2173994717659349 0.742311637046199 0.2
3205 0.3964308910672752 0.8211959912607295 0.2
3206 0.4118575980089241 0.8337465233017243 0.2
3207 0.3932487774118767 0.8407913906874379 0.2
3208 0.4087228423336589 0.8533750478302218 0.2
3209 0.3900742013970594 0.8603475986063908 0.2
3210 0.4055584232575167 0.8729912470484744 0.2
3211 0.4241453386592032 0.865915043027398 0.2
3212 0.4209893376307515 0.8855587709562488 0.2
3213 0.3870060113775263 0.8800773687131112 0.2
3214 0.4330354435526014 0.8074367833895753 0.2
3215 0.2204954208255825 0.7226980336095408 0.2
3216 0.2019448595284379 0.7298240385784152 0.2
3217 0.2393845077850128 0.7153334094302106 0.2
3218 0.2050510907695708 0.7101944548883239 0.2
3219 0.1865029059383854 0.7173329090896039 0.2
3220 0.1834008031163143 0.7369511429528189 0.2
3221 0.167962658942677 0.7244709597157751 0.2
3222 0.2297474372320547 0.7743819195347121 0.2
3223 0.4395799717996006 0.8784693606348328 0.2
3224 0.4364116188944927 0.8981092496367895 0.2
3225 0.4178356169271502 0.9051947770720874 0.2
3226 0.4332455478112535 0.9177404249525056 0.2
3227 0.4149819523318666 0.924435890094892 0.2
3228 0.4301332521463803 0.9373075676082303 0.2
3229 0.4486694874093373 0.9302791405745016 0.2
3230 0.4455011705784616 0.9499228658337141 0.2
3231 0.4427411431379344 0.8588164627544704 0.2
3232 0.3375641770587454 0.8617255120817906 0.2
3233 0.2451410075045364 0.786841572690415 0.2
3234 0.3999084392796475 0.9116541533255278 0.2
3235 0.2945418605205233 0.8046890779628328 0.2
3236 0.3777867079779381 0.8282093387784235 0.2
3237 0.3224263477226766 0.7388287319205233 0.2
3238 0.3069857353721783 0.7263008081734049 0.2
3239 0.3255635539807534 0.7191761424953127 0.2
3240 0.3103285631431646 0.706670472582649 0.2
3241 0.2931462567526955 0.7139608477630059 0.2
3242 0.4581423980132461 0.8712518107823271 0.2
3243 0.2260596628271198 0.7944592539807905 0.2
3244 0.4115804172101302 0.9434279799480791 0.2
3245 0.1648803763769278 0.7440759320160084 0.2
3246 0.1498467779463564 0.7311067733836968 0.2
3247 0.152594035580786 0.7119099947611622 0.2
3248 0.1344761322328947 0.7185402291315361 0.2
3249 0.1809437179385488 0.7563967682874244 0.2
3250 0.3287060025748005 0.6995084666632198 0.2
3251 0.3441821012128548 0.7120633412373545 0.2
3252 0.1896473145461713 0.6978205727608717 0.2
3253 0.3560463268795774 0.8546700448059583 0.2
3254 0.3528788979896084 0.8741089712996384 0.2
3255 0.1371399155679473 0.6997484262715716 0.2
3256 0.1190036035398014 0.7075751007861231 0.2
3257 0.1168954008676871 0.7293379998570392 0.2
3258 0.1007064021927712 0.7154534061561855 0.2
3259 0.09639192661719921 0.7346965735243046 0.2
3260 0.08155195957779066 0.7214258167371281 0.2
3261 0.08689500161517971 0.7004657984709656 0.2
3262 0.06645809928674908 0.7084214032416343 0.2
3263 0.2119653448828399 0.7807168801548291 0.2
3264 0.207365518175426 0.6898695652964282 0.2
3265 0.3132243165328694 0.6869531484248731 0.2
3266 0.0690998162248026 0.6888921557875357 0.2
3267 0.04899410655604155 0.6960284824256852 0.2
3268 0.04749916217070456 0.715729137560688 0.2
3269 0.1558637009388888 0.6937870207433395 0.2
3270 0.1462990728004084 0.7483500313190785 0.2
3271 0.07743503543092969 0.7402312176783166 0.2
3272 0.20646624759569 0.7978280557115784 0.2
3273 0.1911477609323146 0.6783263118159786 0.2
3274 0.464133266705451 0.9432257499888621 0.2
3275 0.4667596282664453 0.9241428364011581 0.2
3276 0.3472494176154218 0.6913077530780086 0.2
3277 0.3627969859738098 0.704756229176615 0.2
3278 0.3659020766277347 0.6846535108429944 0.2
3279 0.3814385488493121 0.6976838463213526 0.2
3280 0.3786292009656378 0.7174989775179357 0.2
3281 0.3973408825393663 0.7098382124764947 0.2
3282 0.3842930844845732 0.6797839125660596 0.2
3283 0.4654135935382199 0.8509228937762217 0.2
3284 0.4466557384862263 0.8387618245112545 0.2
3285 0.4785942058051669 0.8681827429097797 0.2
3286 0.3343541082993565 0.8816757765351292 0.2
3287 0.3500555263656538 0.8938098559323487 0.2
3288 0.3472626545935996 0.9175299521013813 0.2
3289 0.366038699341495 0.9067297066559564 0.2
3290 0.3653139744702454 0.9255804888400878 0.2
3291 0.4609084073355958 0.9624960289459491 0.2
3292 0.442322747679735 0.9695677320723536 0.2
3293 0.4572153266463108 0.9820433869013451 0.2
3294 0.4402839826181364 0.9902588217431889 0.2
3295 0.4539178684524362 1.001931912748922 0.2
3296 0.4256067155150643 0.9770059915454727 0.2
3297 0.2411352843967662 0.8072318459807144 0.2
3298 0.2603466229349704 0.7993995953648774 0.2
3299 0.2568938942589616 0.8191698233282676 0.2
3300 0.3298186965342612 0.6792311008699479 0.2
3301 0.1203441512787741 0.6871306616244605 0.2
3302 0.1659802889397932 0.7868591499077853 0.2
3303 0.1286001923945023 0.7716156961105276 0.2
3304 0.1267251913838706 0.7513264479187397 0.2
3305 0.4073893937312014 0.9976901329521769 0.2
3306 0.4296541184358027 1.031301259057821 0.2
3307 0.4484275242870276 1.031876466262865 0.2
3308 0.4630493473607519 1.049869985475532 0.2
3309 0.4673123275757517 1.02986234978749 0.2
3310 0.03438281385390295 0.7416538012871594 0.2
3311 0.384720917554478 0.9644241643594071 0.2
3312 0.4494651301327388 1.066236511898285 0.2
3313 0.4581793540022513 1.084949328920424 0.2
3314 0.4772262192194926 1.087762348510286 0.2
3315 0.4811631173603551 1.139662022842133 0.2
3316 0.09078674346116104 0.7547387819585049 0.2
3317 0.2530523394847776 0.8388156018601051 0.2
3318 0.3155864133861385 0.8888642439864891 0.2
3319 0.3913373402024648 0.945762641935851 0.2
3320 0.2696741107172789 0.8508728513814502 0.2
3321 0.1828892611767577 0.7764513471830671 0.2
3322 0.2731755717125618 0.830951809933169 0.2
3323 0.4269118954398621 0.957046749011542 0.2
3324 0.407228975524902 0.9643230013818544 0.2
3325 0.1992651721895558 0.7490543119570227 0.2
3326 0.4026378904979893 0.8925552813384835 0.2
3327 0.1615888821301016 0.7650911927434243 0.2
3328 0.4835541912857455 0.9814951422953191 0.2
3329 0.06992994238737166 0.6694816429435636 0.2
3330 0.3809979773552814 0.8086427131335663 0.2
3331 0.3623802876756783 0.8156451742451662 0.2
3332 0.3655618536060757 0.7960455060372673 0.2
3333 0.1100131060031205 0.6673129413215949 0.2
3334 0.1000394721486998 0.6846936033416755 0.2
3335 0.1502885208427802 0.6658208923109821 0.2
3336 0.3714216243611029 0.8671534219224926 0.2
3337 0.214795381922493 0.7613606156440503 0.2
3338 0.03011371222883465 0.6648000110925687 0.2
3339 0.01631639319094706 0.7190430447057259 0.2
3340 0.4826785825692215 0.8198772771660081 0.2
3341 0.4652359914690606 0.8297896980106919 0.2
3342 0.4658268419864289 0.8099325870776453 0.2
3343 0.2500771828779873 0.6672649611285983 0.2
3344 0.2420109397536453 0.6835827900258261 0.2
3345 0.2605114185333112 0.6843253112689001 0.2
3346 0.2700767760298406 0.6671092546554287 0.2
3347 0.2799281095772428 0.6846389376312905 0.2
3348 0.2680909262853859 0.7011674323496657 0.2
3349 0.2092113135624167 0.6682477111486789 0.2
3350 0.4827600654206229 0.7999688734956298 0.2
3351 0.4658402365572301 0.7899926759086635 0.2
3352 0.4654505491512938 0.7700167911972751 0.2
3353 0.4485884162271103 0.7800165066027489 0.2
3354 0.4490623236166411 0.7600395451890544 0.2
3355 0.4655466694106346 0.7500348245229582 0.2
3356 0.448254417591894 0.7400678876115407 0.2
3357 0.4330038235019663 0.7500895810704861 0.2
3358 0.4312012619339768 0.7301645921464064 0.2
3359 0.4481515366534561 0.7201079591158474 0.2
3360 0.4310070284509238 0.7105502860834233 0.2
3361 0.4477715025050606 0.7007400932227525 0.2
3362 0.4307210668591984 0.6901406761244219 0.2
3363 0.4129264743393564 0.7433208995041939 0.2
3364 0.2636214809165774 0.7797666864833999 0.2
3365 0.2790081307755744 0.7921883522933295 0.2
3366 0.297623773039106 0.7851368989547473 0.2
3367 0.4305507657624847 0.6707735506494947 0.2
3368 0.4827395326070566 0.7000306591310675 0.2
3369 0.4636748838325769 0.6870267827075601 0.2
3370 0.4826794919242753 0.7400000000002332 0.2
3371 0.4827268421552367 0.7600091655495317 0.2
3372 0.3985845712008017 0.6920673105698607 0.2
3373 0.3189969874616245 0.8689809313279656 0.2
3374 0.4654409287508076 0.7300516141451454 0.2
3375 0.3469872484174804 0.8030762103158023 0.2
3376 0.2887243695440622 0.7335177767648691 0.2
3377 0.4058865173337914 0.7622059961295858 0.2
3378 0.3959474202694054 0.7303973358221361 0.2
3379 0.465076312712204 0.7096595180537584 0.2
3380 0.3378565230761088 0.7513495118223623 0.2
3381 0.4510876577340937 0.9107105608216557 0.2
3382 0.4541666089265216 0.8907834135329439 0.2
3383 0.2549167552249366 0.7289710149660842 0.2
3384 0.3438289732055937 0.8226562655169253 0.2
3385 0.4274268154043366 0.8462086169617915 0.2
3386 0.3596704356233146 0.7245756870292752 0.2
3387 0.2221045350640289 0.7032471280512312 0.2
3388 0.3113019970158964 0.6676124972420329 0.2
3389 0.171051523590691 0.7048614545478874 0.2
3390 0.3409766425089648 0.7317151716227511 0.2
3391 0.4304341164044035 0.8267030369076065 0.2
3392 0.3754953709792515 0.7371918236500361 0.2
3393 0.3592003454659012 0.8351765832735447 0.2
3394 0.3746296639155758 0.8477247296790412 0.2
3395 0.2186591913646252 0.814361264678814 0.2
3396 0.06226362594887352 0.7269469726841409 0.2
3397 0.2914450842081716 0.8241172708167666 0.2
3398 0.4388726941269983 1.013348687657524 0.2
3399 0.2740899256451495 0.7191156959491872 0.2
3400 0.2757722820675753 0.8115392952533914 0.2
3401 0.4136899909519963 0.7205191153681232 0.2
3402 0.448586762157797 0.8187749862967417 0.2
3403 0.4831475871685967 0.9394479418508994 0.2
3404 0.3842314502819062 0.8992052209173864 0.2
3405 0.3686053682862154 0.8868474242401554 0.2
3406 0.4722917259286109 0.8845887218447173 0.2
3407 0.1735741171051088 0.6865189428462344 0.2
3408 0.3716546005990264 0.6658735600247095 0.2
3409 0.0191636741021603 0.6795970678298445 0.2
3410 0.4701766347699411 0.6666546465432143 0.2
3411 0.2511570704309399 0.7005769387005105 0.2
3412 0.4835381392243555 1.02131383157829 0.2
3413 0.2959843274336968 0.694311925071968 0.2
3414 0.3821781518980294 0.9178577378586487 0.2
3415 0.03168907798004905 0.6919100139636523 0.2
3416 0.4142447514099543 0.7022499855008404 0.2
3417 0.4494004325426264 0.799376807906407 0.2
3418 0.4840305591113991 0.918124693145323 0.2
3419 0.4682626183816925 1.069499305057827 0.2
3420 0.1416218125351871 0.6820030163060654 0.2
3421 0.4827632176808686 1.040174361140547 0.2
3422 0.1975762840745123 0.7672562237752654 0.2
3423 0.4854819059752334 1.161315728905671 0.2
3424 0.3975885369849381 0.9296245103436871 0.2
3425 0.4681513760329742 1.010954211952961 0.2
3426 0.4927425248021524 1.221516927073025 0.2
3427 0.1086071546621897 0.7462580345043407 0.2
3428 0.01583126488861437 0.7370762409975021 0.2
3429 0.03190318069529573 0.7085261456692842 0.2
3430 0.4857330317471051 1.10249842433649 0.2
3431 0.4246375962462872 0.9976272560834469 0.2
3432 0.4343732487720277 0.7884782385160564 0.2
3433 0.2242895114306657 0.6844348929456507 0.2
3434 0.1348485150462435 0.7357322963220181 0.2
3435 0.444891467279505 0.6833234661798528 0.2
3436 0.08428447615584221 0.6827830585216391 0.2
3437 0.4682487480978177 0.9039470978455013 0.2
3438 0.380847628630849 0.9334229067653981 0.2
3439 0.3905713005160569 0.664291348256699 0.2
3440 0.07060780369486867 0.7543851414431076 0.2
3441 0.1961966578918617 0.7851787533746042 0.2
3442 0.1900000000007906 0.6623486763195692 0.2
3443 0.3300000000004852 0.6623393018600018 0.2
3444 0.4142578338205666 0.6841029671717753 0.2
3445 0.4687586478110649 0.9928904724889367 0.2
3446 0.3546674817880223 0.9363620292199484 0.2
3447 0.01464962591334619 0.6646496259133039 0.2
3448 0.4853589838485868 0.6646410161514058 0.2
3449 0.4356901699733436 0.7697618314344912 0.2
3450 0.2997726124964737 0.6793129081093536 0.2
3451 0.04626875940850015 0.7308176250652703 0.2
3452 0.05553552332566922 0.6805321893860539 0.2
3453 0.4875894204862954 0.8814949592348564 0.2
3454 0.2592116467526102 0.7135848778667215 0.2
3455 0.48847767997574 1.179503656065457 0.2
3456 0.4904066881175939 1.201677615819525 0.2
3457 0.4690399971056181 1.124436816432303 0.2
3458 0.031981402564227 0.7247486759467475 0.2
3459 0.1053618186907675 0.6995386989778161 0.2
3460 0.4858724594443399 1.074469618029042 0.2
3461 0.1599893239806951 0.6782215865816164 0.2
3462 0.4210125183894471 0.760166963434068 0.2
3463 0.1423050449513117 0.7642970844958605 0.2
3464 0.1991275169046909 0.8110508320130765 0.2
3465 0.4107967081470564 0.9829311210042535 0.2
3466 0.4696074622967112 0.9739830034957739 0.2
3467 0.4545283720665296 1.017577953033657 0.2
3468 0.3995413580043858 0.6775132093279926 0.2
3469 0.03977548788358455 0.6781235324649777 0.2
3470 0.2367843538037785 0.6982922772499877 0.2
3471 0.4858038465590861 0.8547172956169998 0.2
3472 0.2833845967786023 0.7021111186007438 0.2
3473 1.4 0.2194444444443951 0.05
3474 1.4 0.2194444444443951 0.1
3475 1.4 0.2194444444443951 0.15
3476 1.4 0.238888888888786 0.05
3477 1.4 0.238888888888786 0.1
3478 1.4 0.238888888888786 0.15
3479 1.4 0.2583333333331835 0.05
3480 1.4 0.2583333333331835 0.1
3481 1.4 0.2583333333331835 0.15
3482 1.4 0.2777777777775756 0.05
3483 1.4 0.2777777777775756 0.1
3484 1.4 0.2777777777775756 0.15
3485 1.4 0.2972222222219652 0.05
3486 1.4 0.2972222222219652 0.1
3487 1.4 0.2972222222219652 0.15
3488 1.4 0.3166666666663705 0.05
3489 1.4 0.3166666666663705 0.1
3490 1.4 0.3166666666663705 0.15
3491 1.4 0.3361111111107277 0.05
3492 1.4 0.3361111111107277 0.1
3493 1.4 0.3361111111107277 0.15
3494 1.4 0.3555555555550957 0.05
3495 1.4 0.3555555555550957 0.1
3496 1.4 0.3555555555550957 0.15
3497 1.4 0.3749999999994528 0.05
3498 1.4 0.3749999999994528 0.1
3499 1.4 0.3749999999994528 0.15
3500 1.4 0.3944444444439195 0.05
3501 1.4 0.3944444444439195 0.1
3502 1.4 0.3944444444439195 0.15
3503 1.4 0.413888888888432 0.05
3504 1.4 0.413888888888432 0.1
3505 1.4 0.413888888888432 0.15
3506 1.4 0.4333333333329432 0.05
3507 1.4 0.4333333333329432 0.1
3508 1.4 0.4333333333329432 0.15
3509 1.4 0.4527777777774605 0.05
3510 1.4 0.4527777777774605 0.1
3511 1.4 0.4527777777774605 0.15
3512 1.4 0.472222222221944 0.05
3513 1.4 0.472222222221944 0.1
3514 1.4 0.472222222221944 0.15
3515 1.4 0.4916666666664372 0.05
3516 1.4 0.4916666666664372 0.1
3517 1.4 0.4916666666664372 0.15
3518 1.4 0.5111111111109414 0.05
3519 1.4 0.5111111111109414 0.1
3520 1.4 0.5111111111109414 0.15
3521 1.4 0.5305555555554959 0.05
3522 1.4 0.5305555555554959 0.1
3523 1.4 0.5305555555554959 0.15
3524 2 0.5305555555555953 0.05
3525 2 0.5305555555555953 0.1
3526 2 0.5305555555555953 0.15
3527 2 0.5111111111111737 0.05
3528 2 0.5111111111111737 0.1
3529 2 0.5111111111111737 0.15
3530 2 0.4916666666667461 0.05
3531 2 0.4916666666667461 0.1
3532 2 0.4916666666667461 0.15
3533 2 0.4722222222223534 0.05
3534 2 0.4722222222223534 0.1
3535 2 0.4722222222223534 0.15
3536 2 0.4527777777779716 0.05
3537 2 0.4527777777779716 0.1
3538 2 0.4527777777779716 0.15
3539 2 0.4333333333336187 0.05
3540 2 0.4333333333336187 0.1
3541 2 0.4333333333336187 0.15
3542 2 0.4138888888892405 0.05
3543 2 0.4138888888892405 0.1
3544 2 0.4138888888892405 0.15
3545 2 0.394444444444837 0.05
3546 2 0.394444444444837 0.1
3547 2 0.394444444444837 0.15
3548 2 0.3750000000004227 0.05
3549 2 0.3750000000004227 0.1
3550 2 0.3750000000004227 0.15
3551 2 0.3555555555559096 0.05
3552 2 0.3555555555559096 0.1
3553 2 0.3555555555559096 0.15
3554 2 0.3361111111114399 0.05
3555 2 0.3361111111114399 0.1
3556 2 0.3361111111114399 0.15
3557 2 0.3166666666669702 0.05
3558 2 0.3166666666669702 0.1
3559 2 0.3166666666669702 0.15
3560 2 0.2972222222225004 0.05
3561 2 0.2972222222225004 0.1
3562 2 0.2972222222225004 0.15
3563 2 0.2777777777780031 0.05
3564 2 0.2777777777780031 0.1
3565 2 0.2777777777780031 0.15
3566 2 0.2583333333334961 0.05
3567 2 0.2583333333334961 0.1
3568 2 0.2583333333334961 0.15
3569 2 0.2388888888890046 0.05
3570 2 0.2388888888890046 0.1
3571 2 0.2388888888890046 0.15
3572 2 0.2194444444444926 0.05
3573 2 0.2194444444444926 0.1
3574 2 0.2194444444444926 0.15
3575 1.999357676968028 0.2196209388232522 0.05
3576 1.999357676968028 0.2196209388232522 0.1
3577 1.999357676968028 0.2196209388232522 0.15
3578 1.997433458398939 0.239157857766311 0.05
3579 1.997433458398939 0.239157857766311 0.1
3580 1.997433458398939 0.239157857766311 0.15
3581 1.994235584091173 0.2585270967546346 0.05
3582 1.994235584091173 0.2585270967546346 0.1
3583 1.994235584091173 0.2585270967546346 0.15
3584 1.989777747833456 0.2776457137295436 0.05
3585 1.989777747833456 0.2776457137295436 0.1
3586 1.989777747833456 0.2776457137295436 0.15
3587 1.984079038760652 0.2964318398498339 0.05
3588 1.984079038760652 0.2964318398498339 0.1
3589 1.984079038760652 0.2964318398498339 0.15
3590 1.977163859628997 0.3148050300098296 0.05
3591 1.977163859628997 0.3148050300098296 0.1
3592 1.977163859628997 0.3148050300098296 0.15
3593 1.969061822282749 0.3326866074247373 0.05
3594 1.969061822282749 0.3326866074247373 0.1
3595 1.969061822282749 0.3326866074247373 0.15
3596 1.959807620904265 0.3500000004002188 0.05
3597 1.959807620904265 0.3500000004002188 0.1
3598 1.959807620904265 0.3500000004002188 0.15
3599 1.949440883409316 0.3666710703270968 0.05
3600 1.949440883409316 0.3666710703270968 0.1
3601 1.949440883409316 0.3666710703270968 0.15
3602 1.938006001753655 0.3826284291375224 0.05
3603 1.938006001753655 0.3826284291375224 0.1
3604 1.938006001753655 0.3826284291375224 0.15
3605 1.9255519418559 0.3978037449722147 0.05
3606 1.9255519418559 0.3978037449722147 0.1
3607 1.9255519418559 0.3978037449722147 0.15
3608 1.912132033901297 0.4121320348106317 0.05
3609 1.912132033901297 0.4121320348106317 0.1
3610 1.912132033901297 0.4121320348106317 0.15
3611 1.897803743975925 0.4255519427296225 0.05
3612 1.897803743975925 0.4255519427296225 0.1
3613 1.897803743975925 0.4255519427296225 0.15
3614 1.882628428102947 0.438006002547513 0.05
3615 1.882628428102947 0.438006002547513 0.1
3616 1.882628428102947 0.438006002547513 0.15
3617 1.866671069257025 0.4494408841243149 0.05
3618 1.866671069257025 0.4494408841243149 0.1
3619 1.866671069257025 0.4494408841243149 0.15
3620 1.849999999269041 0.4598076215573511 0.05
3621 1.849999999269041 0.4598076215573511 0.1
3622 1.849999999269041 0.4598076215573511 0.15
3623 1.832686606240029 0.4690618228669828 0.05
3624 1.832686606240029 0.4690618228669828 0.1
3625 1.832686606240029 0.4690618228669828 0.15
3626 1.814805028762877 0.4771638601455012 0.05
3627 1.814805028762877 0.4771638601455012 0.1
3628 1.814805028762877 0.4771638601455012 0.15
3629 1.796431838565128 0.4840790391967509 0.05
3630 1.796431838565128 0.4840790391967509 0.1
3631 1.796431838565128 0.4840790391967509 0.15
3632 1.777645712384923 0.4897777481937456 0.05
3633 1.777645712384923 0.4897777481937456 0.1
3634 1.777645712384923 0.4897777481937456 0.15
3635 1.758527095426731 0.4942355843553093 0.05
3636 1.758527095426731 0.4942355843553093 0.1
3637 1.758527095426731 0.4942355843553093 0.15
3638 1.739157856498563 0.4974334585658413 0.05
3639 1.739157856498563 0.4974334585658413 0.1
3640 1.739157856498563 0.4974334585658413 0.15
3641 1.719620937533366 0.4993576770525717 0.05
3642 1.719620937533366 0.4993576770525717 0.1
3643 1.719620937533366 0.4993576770525717 0.15
3644 1.699999998728813 0.5 0.05
3645 1.699999998728813 0.5 0.1
3646 1.699999998728813 0.5 0.15
3647 1.680379060009824 0.4993576768915438 0.05
3648 1.680379060009824 0.4993576768915438 0.1
3649 1.680379060009824 0.4993576768915438 0.15
3650 1.660842141188153 0.4974334582612916 0.05
3651 1.660842141188153 0.4974334582612916 0.1
3652 1.660842141188153 0.4974334582612916 0.15
3653 1.641472902285425 0.4942355839002289 0.05
3654 1.641472902285425 0.4942355839002289 0.1
3655 1.641472902285425 0.4942355839002289 0.15
3656 1.622354285464796 0.4897777476175796 0.05
3657 1.622354285464796 0.4897777476175796 0.1
3658 1.622354285464796 0.4897777476175796 0.15
3659 1.603568159500574 0.4840790385401452 0.05
3660 1.603568159500574 0.4840790385401452 0.1
3661 1.603568159500574 0.4840790385401452 0.15
3662 1.58519496944234 0.4771638594020778 0.05
3663 1.58519496944234 0.4771638594020778 0.1
3664 1.58519496944234 0.4771638594020778 0.15
3665 1.567313392218225 0.4690618221066775 0.05
3666 1.567313392218225 0.4690618221066775 0.1
3667 1.567313392218225 0.4690618221066775 0.15
3668 1.549999999285039 0.4598076207225486 0.05
3669 1.549999999285039 0.4598076207225486 0.1
3670 1.549999999285039 0.4598076207225486 0.15
3671 1.533328929464736 0.4494408832702234 0.05
3672 1.533328929464736 0.4494408832702234 0.1
3673 1.533328929464736 0.4494408832702234 0.15
3674 1.517371570695399 0.4380060016254511 0.05
3675 1.517371570695399 0.4380060016254511 0.1
3676 1.517371570695399 0.4380060016254511 0.15
3677 1.502196254926103 0.425551941766727 0.05
3678 1.502196254926103 0.425551941766727 0.1
3679 1.502196254926103 0.425551941766727 0.15
3680 1.487867965186364 0.4121320338982924 0.05
3681 1.487867965186364 0.4121320338982924 0.1
3682 1.487867965186364 0.4121320338982924 0.15
3683 1.474448057409929 0.3978037441350524 0.05
3684 1.474448057409929 0.3978037441350524 0.1
3685 1.474448057409929 0.3978037441350524 0.15
3686 1.461993997624023 0.3826284283264972 0.05
3687 1.461993997624023 0.3826284283264972 0.1
3688 1.461993997624023 0.3826284283264972 0.15
3689 1.450559116072271 0.3666710695512374 0.05
3690 1.450559116072271 0.3666710695512374 0.1
3691 1.450559116072271 0.3666710695512374 0.15
3692 1.440192378678187 0.3499999996770046 0.05
3693 1.440192378678187 0.3499999996770046 0.1
3694 1.440192378678187 0.3499999996770046 0.15
3695 1.430938177408772 0.3326866067992044 0.05
3696 1.430938177408772 0.3326866067992044 0.1
3697 1.430938177408772 0.3326866067992044 0.15
3698 1.422836140146248 0.3148050294672234 0.05
3699 1.422836140146248 0.3148050294672234 0.1
3700 1.422836140146248 0.3148050294672234 0.15
3701 1.415920961082502 0.2964318393877809 0.05
3702 1.415920961082502 0.2964318393877809 0.1
3703 1.415920961082502 0.2964318393877809 0.15
3704 1.410222252069348 0.2776457133668027 0.05
3705 1.410222252069348 0.2776457133668027 0.1
3706 1.410222252069348 0.2776457133668027 0.15
3707 1.405764415849253 0.2585270964551353 0.05
3708 1.405764415849253 0.2585270964551353 0.1
3709 1.405764415849253 0.2585270964551353 0.15
3710 1.40256654157175 0.2391578575436732 0.05
3711 1.40256654157175 0.2391578575436732 0.1
3712 1.40256654157175 0.2391578575436732 0.15
3713 1.400642323024329 0.2196209387066365 0.05
3714 1.400642323024329 0.2196209387066365 0.1
3715 1.400642323024329 0.2196209387066365 0.15
3716 1.41634280707381 0.4820216383725527 0.2
3717 1.984198112323404 0.481746459382202 0.2
3718 1.491084676968087 0.5324871078901459 0.2
3719 1.910047686051893 0.5317962096207978 0.2
3720 1.901714203273889 0.4445121831544614 0.2
3721 1.498273455032093 0.4445561542229615 0.2
3722 1.417973613919261 0.442368236436564 0.2
3723 1.981964776436264 0.4424373621599544 0.2
3724 1.529999123657 0.5332373504724889 0.2
3725 1.870128256566411 0.530087081975413 0.2
3726 1.53299429177047 0.469137538996767 0.2
3727 1.86682790094242 0.4689253792943759 0.2
3728 1.452295637643746 0.5335978981869901 0.2
3729 1.949786070982298 0.5328140936956836 0.2
3730 1.830903666902711 0.4884383320212201 0.2
3731 1.569793869361514 0.4874471175356409 0.2
3732 1.932246362758339 0.4162354037674943 0.2
3733 1.467970196561621 0.4162252640702754 0.2
3734 1.416125183447438 0.4079408730228112 0.2
3735 1.983606973083361 0.4061188744750592 0.2
3736 1.592575041927115 0.5327687517178177 0.2
3737 1.808210815482236 0.5327318050995412 0.2
3738 1.628674471337057 0.5073030370299886 0.2
3739 1.772049236080181 0.5072575665112199 0.2
3740 1.416839382851416 0.5208333333332181 0.2
3741 1.980763471103965 0.5185387317396161 0.2
3742 1.731729696509615 0.515381917672613 0.2
3743 1.669292848826633 0.5161664373264031 0.2
3744 1.968604933981343 0.3666428221439983 0.2
3745 1.431748190106332 0.3668574443084991 0.2
3746 1.689999999999674 0.5326794919243363 0.2
3747 1.74987520943536 0.5321682910467289 0.2
3748 1.650354050759852 0.5317577739528163 0.2
3749 1.957709389104976 0.3846463736187738 0.2
3750 1.944927975829312 0.4014501449761774 0.2
3751 1.95148128640322 0.420343681002266 0.2
3752 1.937432768437114 0.4354914716404524 0.2
3753 1.958711993184473 0.4389429959217027 0.2
3754 1.943718354753694 0.4540591368509986 0.2
3755 1.964389017545026 0.4573655525898815 0.2
3756 1.950470649027438 0.4719249776003703 0.2
3757 1.931641032510738 0.4683361824276509 0.2
3758 1.938029314256228 0.4861056526949392 0.2
3759 1.919523058625801 0.4837358889777102 0.2
3760 1.92667966292551 0.5025145407208262 0.2
3761 1.906108284111374 0.4978355968825263 0.2
3762 1.899696735255246 0.4785530208280131 0.2
3763 1.886770613440759 0.4942611177340213 0.2
3764 1.956862035558044 0.4882654053573702 0.2
3765 1.893325000346002 0.5136998177471142 0.2
3766 1.87411514215068 0.5093621656726872 0.2
3767 1.971448803345688 0.4230933777169759 0.2
3768 1.916867590726864 0.430983287769816 0.2
3769 1.44277418134248 0.3846954080581401 0.2
3770 1.455298575552679 0.4012732797515893 0.2
3771 1.448463376500852 0.4201910055130799 0.2
3772 1.46251216694679 0.4353996904684515 0.2
3773 1.441109386479099 0.4387623273279194 0.2
3774 1.455997846234242 0.4539161163585562 0.2
3775 1.435355112686765 0.457153988083277 0.2
3776 1.449018154400069 0.4716883322310004 0.2
3777 1.467860332553825 0.468335263097359 0.2
3778 1.461300990168486 0.4868354301177563 0.2
3779 1.479812948549936 0.4840046963699489 0.2
3780 1.473623300437824 0.5012808670693853 0.2
3781 1.493470632380865 0.49828052079281 0.2
3782 1.49984343287199 0.4791428028172949 0.2
3783 1.512537609950383 0.4948721850351044 0.2
3784 1.44282911155784 0.4903002521379527 0.2
3785 1.506305894406502 0.5133186944998805 0.2
3786 1.428502473653002 0.4231860250985485 0.2
3787 1.526064213133124 0.5081113169182346 0.2
3788 1.534270129296523 0.489931936210191 0.2
3789 1.543060346202836 0.5064819135073489 0.2
3790 1.483143280404041 0.4309965917449999 0.2
3791 1.886437175979146 0.4598790484111871 0.2
3792 1.51344075064487 0.4600687776101282 0.2
3793 1.812383676004194 0.496050743182709 0.2
3794 1.827675399776958 0.5065922129076884 0.2
3795 1.846249698718955 0.4992225937522644 0.2
3796 1.838925583041897 0.5177438823102134 0.2
3797 1.792357014519828 0.5024407636850698 0.2
3798 1.786471559835658 0.5216639668293418 0.2
3799 1.588859464858857 0.4959272427761488 0.2
3800 1.574501521926388 0.5054587783774007 0.2
3801 1.608582068646782 0.5024162350161727 0.2
3802 1.614609849134105 0.5229921144148928 0.2
3803 1.711131350173731 0.5176584756425057 0.2
3804 1.551551378197767 0.4782575891910451 0.2
3805 1.981224911567026 0.347922120420909 0.2
3806 1.418825534544672 0.3479527804512215 0.2
3807 1.866196376867181 0.4913751662587833 0.2
3808 1.478452440055538 0.452104679836161 0.2
3809 1.921415727803544 0.4520729856734969 0.2
3810 1.848810708156722 0.4794718192918295 0.2
3811 1.980083997626441 0.3856052191561001 0.2
3812 1.420058487572991 0.3857797921129038 0.2
3813 1.648242270899317 0.5122325550329314 0.2
3814 1.751843127423259 0.5122128152404049 0.2
3815 1.472806923101464 0.5329404552616408 0.2
3816 1.930978472032887 0.533162019625685 0.2
3817 1.939921766911827 0.5159304045338879 0.2
3818 1.958720603340428 0.517242737395754 0.2
3819 1.888915991507421 0.5329136793443952 0.2
3820 1.570433348801554 0.5343778854058063 0.2
3821 1.550055078463058 0.5336872802586097 0.2
3822 1.983117912950638 0.4629802135438923 0.2
3823 1.415752764048253 0.5014017545434218 0.2
3824 1.43336147725286 0.5090689223843659 0.2
3825 1.453895521481604 0.504747383520881 0.2
3826 1.416850765237862 0.4627185289959574 0.2
3827 1.98393918732502 0.4989644884207147 0.2
3828 1.829847783681507 0.5345582149911344 0.2
3829 1.509999999999834 0.5328364261827534 0.2
3830 1.771668082931257 0.5353334112996121 0.2
3831 1.435203713011573 0.403844397259512 0.2
3832 1.628549183619434 0.5354647495398223 0.2
3833 1.964876404232166 0.4035429451575587 0.2
3834 1.431591163979367 0.531794301045832 0.2
3835 1.969163171067394 0.5340766030309809 0.2
3836 1.669929379917106 0.5361207406407112 0.2
3837 1.728531994567638 0.5337292304913455 0.2
3838 1.593186201544173 0.5134834327750071 0.2
3839 1.808174794864111 0.5133771237319131 0.2
3840 1.494429135442632 0.4609873741857764 0.2
3841 1.91244380236178 0.5129491681376337 0.2
3842 1.905371482319381 0.4608183826794247 0.2
3843 1.690160651547735 0.5131724163569578 0.2
3844 1.486498797367938 0.5149516756791791 0.2
3845 1.405899940533088 0.2873823409124034 0.2
3846 1.994100059582366 0.2873823410179653 0.2
3847 1.709932668948064 0.5368134396116374 0.2
3848 1.517771110621928 0.4779873596794508 0.2
3849 1.968125411589001 0.4746334836555098 0.2
3850 1.985991531620585 0.3652777777781663 0.2
3851 1.414008468096912 0.3652777777772743 0.2
3852 1.431411408428181 0.4752301130747082 0.2
3853 1.881185760496951 0.4785987465052762 0.2
3854 1.849718192070702 0.5341244619852228 0.2
3855 1.413510433867119 0.3258611064898191 0.2
3856 1.986497973767834 0.3258559966797702 0.2
3857 1.559000454432018 0.5166066485704024 0.2
3858 1.464953507174807 0.5174217747832796 0.2
3859 1.946631086934605 0.5014024263674348 0.2
3860 1.967715696097992 0.5021209202524357 0.2
3861 1.609999999999645 0.5379539516196009 0.2
3862 1.540027035603671 0.5207437085215955 0.2
3863 1.987819714556209 0.4236944050928277 0.2
3864 1.857667594088957 0.5123700321390026 0.2
3865 1.789999999999662 0.5381190823332933 0.2
3866 1.555091967228595 0.4953273194204948 0.2
3867 1.412254436303839 0.4239913684286677 0.2
3868 1.414291119022381 0.5358640553547328 0.2
3869 1.985708880977685 0.5358640553548324 0.2
3870 1.578943370401616 0.5209301401749962 0.2
3871 1.408462751103025 0.3069444444441677 0.2
3872 1.991537249128235 0.3069444444447352 0.2
3873 1.427554784919734 0.491666666666435 0.2
3874 1.881621097642629 0.5215156861849024 0.2
3875 1.482135598608669 0.4690644564423364 0.2
3876 1.446514152846607 0.5191517145596485 0.2
3877 1.821950303565796 0.5207832506871293 0.2
3878 1.925526282289847 0.5189961961278947 0.2
3879 1.634727461342446 0.5214170777819571 0.2
3880 1.765604381762979 0.5212477580148465 0.2
3881 1.917056303046499 0.46897800123253 0.2
3882 1.520586743987947 0.5223949265778483 0.2
3883 1.971272880907978 0.4887444173720972 0.2
3884 1.930000000000717 0.6326794919234934 0.05
3885 1.930000000000717 0.6326794919234934 0.1
3886 1.930000000000717 0.6326794919234934 0.15
3887 1.790000000001105 0.6326794919235037 0.05
3888 1.790000000001105 0.6326794919235037 0.1
3889 1.790000000001105 0.6326794919235037 0.15
3890 0.4099999999999165 0.6326794919244048 0.05
3891 0.4099999999999165 0.6326794919244048 0.1
3892 0.4099999999999165 0.6326794919244048 0.15
3893 0.3702661277986128 0.633160061585032 0.05
3894 0.3702661277986128 0.633160061585032 0.1
3895 0.3702661277986128 0.633160061585032 0.15
3896 0.3300000000004855 0.6326794919244314 0.05
3897 0.3300000000004855 0.6326794919244314 0.1
3898 0.3300000000004855 0.6326794919244314 0.15
3899 0.2897338722022098 0.6331600615850852 0.05
3900 0.2897338722022098 0.6331600615850852 0.1
3901 0.2897338722022098 0.6331600615850852 0.15
3902 1.750000000001491 0.6326794919231047 0.05
3903 1.750000000001491 0.6326794919231047 0.1
3904 1.750000000001491 0.6326794919231047 0.15
3905 0.4505322555962101 0.5660128252574885 0.05
3906 0.4505322555962101 0.5660128252574885 0.1
3907 0.4505322555962101 0.5660128252574885 0.15
3908 0.2500000000009848 0.6326794919243723 0.05
3909 0.2500000000009848 0.6326794919243723 0.1
3910 0.2500000000009848 0.6326794919243723 0.15
3911 0.06969229955829055 0.5681318816885432 0.05
3912 0.06969229955829055 0.5681318816885432 0.1
3913 0.06969229955829055 0.5681318816885432 0.15
3914 0.509999999998743 0.5673205080756376 0.05
3915 0.509999999998743 0.5673205080756376 0.1
3916 0.509999999998743 0.5673205080756376 0.15
3917 1.829999999999681 0.5673205080757076 0.05
3918 1.829999999999681 0.5673205080757076 0.1
3919 1.829999999999681 0.5673205080757076 0.15
3920 1.529999999999755 0.5673205080756112 0.05
3921 1.529999999999755 0.5673205080756112 0.1
3922 1.529999999999755 0.5673205080756112 0.15
3923 0.5499999999986249 0.5673205080756378 0.05
3924 0.5499999999986249 0.5673205080756378 0.1
3925 0.5499999999986249 0.5673205080756378 0.15
3926 0.1075572637864994 0.5689255392199736 0.05
3927 0.1075572637864994 0.5689255392199736 0.1
3928 0.1075572637864994 0.5689255392199736 0.15
3929 1.890000000000932 0.6326794919231045 0.05
3930 1.890000000000932 0.6326794919231045 0.1
3931 1.890000000000932 0.6326794919231045 0.15
3932 1.489999999999895 0.5673205080756363 0.05
3933 1.489999999999895 0.5673205080756363 0.1
3934 1.489999999999895 0.5673205080756363 0.15
3935 0.1702359323939977 0.5679321440298591 0.05
3936 0.1702359323939977 0.5679321440298591 0.1
3937 0.1702359323939977 0.5679321440298591 0.15
3938 0.5899999999985071 0.5673205080756377 0.05
3939 0.5899999999985071 0.5673205080756377 0.1
3940 0.5899999999985071 0.5673205080756377 0.15
3941 0.2097338722014187 0.5668399384151777 0.05
3942 0.2097338722014187 0.5668399384151777 0.1
3943 0.2097338722014187 0.5668399384151777 0.15
3944 0.6299999999983887 0.5673205080756377 0.05
3945 0.6299999999983887 0.5673205080756377 0.1
3946 0.6299999999983887 0.5673205080756377 0.15
3947 1.409999999999985 0.5673205080756638 0.05
3948 1.409999999999985 0.5673205080756638 0.1
3949 1.409999999999985 0.5673205080756638 0.15
3950 1.449999999999968 0.5673205080756626 0.05
3951 1.449999999999968 0.5673205080756626 0.1
3952 1.449999999999968 0.5673205080756626 0.15
3953 0.6699999999982709 0.5673205080756378 0.05
3954 0.6699999999982709 0.5673205080756378 0.1
3955 0.6699999999982709 0.5673205080756378 0.15
3956 1.569999999999669 0.5673205080756638 0.05
3957 1.569999999999669 0.5673205080756638 0.1
3958 1.569999999999669 0.5673205080756638 0.15
3959 1.68999999999967 0.5673205080756638 0.05
3960 1.68999999999967 0.5673205080756638 0.1
3961 1.68999999999967 0.5673205080756638 0.15
3962 1.350532255597458 0.5660128252568135 0.05
3963 1.350532255597458 0.5660128252568135 0.1
3964 1.350532255597458 0.5660128252568135 0.15
3965 1.290190091284655 0.5664957897801642 0.05
3966 1.290190091284655 0.5664957897801642 0.1
3967 1.290190091284655 0.5664957897801642 0.15
3968 1.190532255597052 0.5660128252569301 0.05
3969 1.190532255597052 0.5660128252569301 0.1
3970 1.190532255597052 0.5660128252569301 0.15
3971 1.609999999999643 0.5673205080756851 0.05
3972 1.609999999999643 0.5673205080756851 0.1
3973 1.609999999999643 0.5673205080756851 0.15
3974 1.130190091284248 0.5664957897802578 0.05
3975 1.130190091284248 0.5664957897802578 0.1
3976 1.130190091284248 0.5664957897802578 0.15
3977 1.249999999999593 0.5673205080757139 0.05
3978 1.249999999999593 0.5673205080757139 0.1
3979 1.249999999999593 0.5673205080757139 0.15
3980 0.710190091283051 0.5664957897803258 0.05
3981 0.710190091283051 0.5664957897803258 0.1
3982 0.710190091283051 0.5664957897803258 0.15
3983 1.649999999999685 0.5673205080756901 0.05
3984 1.649999999999685 0.5673205080756901 0.1
3985 1.649999999999685 0.5673205080756901 0.15
3986 1.009999999998996 0.5673205080757063 0.05
3987 1.009999999998996 0.5673205080757063 0.1
3988 1.009999999998996 0.5673205080757063 0.15
3989 1.049999999999081 0.5673205080757096 0.05
3990 1.049999999999081 0.5673205080757096 0.1
3991 1.049999999999081 0.5673205080757096 0.15
3992 1.089999999999177 0.5673205080757188 0.05
3993 1.089999999999177 0.5673205080757188 0.1
3994 1.089999999999177 0.5673205080757188 0.15
3995 0.9700000000006277 0.632679491923981 0.05
3996 0.9700000000006277 0.632679491923981 0.1
3997 0.9700000000006277 0.632679491923981 0.15
3998 0.9100000000005195 0.6326794919240941 0.05
3999 0.9100000000005195 0.6326794919240941 0.1
4000 0.9100000000005195 0.6326794919240941 0.15
4001 0.8300000000004734 0.6326794919242265 0.05
4002 0.8300000000004734 0.6326794919242265 0.1
4003 0.8300000000004734 0.6326794919242265 0.15
4004 0.7900000000004104 0.6326794919242336 0.05
4005 0.7900000000004104 0.6326794919242336 0.1
4006 0.7900000000004104 0.6326794919242336 0.15
4007 0.8700000000005375 0.6326794919242191 0.05
4008 0.8700000000005375 0.6326794919242191 0.1
4009 0.8700000000005375 0.6326794919242191 0.15
4010 0.7500000000001501 0.6326794919240343 0.05
4011 0.7500000000001501 0.6326794919240343 0.1
4012 0.7500000000001501 0.6326794919240343 0.15
4013 1.729999999999622 0.5673205080756726 0.05
4014 1.729999999999622 0.5673205080756726 0.1
4015 1.729999999999622 0.5673205080756726 0.15
4016 1.150000000000949 0.6326794919239412 0.05
4017 1.150000000000949 0.6326794919239412 0.1
4018 1.150000000000949 0.6326794919239412 0.15
4019 0.9505322555964766 0.5660128252571065 0.05
4020 0.9505322555964766 0.5660128252571065 0.1
4021 0.9505322555964766 0.5660128252571065 0.15
4022 1.210000000000984 0.6326794919237673 0.05
4023 1.210000000000984 0.6326794919237673 0.1
4024 1.210000000000984 0.6326794919237673 0.15
4025 1.850000000000793 0.6326794919227519 0.05
4026 1.850000000000793 0.6326794919227519 0.1
4027 1.850000000000793 0.6326794919227519 0.15
4028 1.310000000001195 0.6326794919238339 0.05
4029 1.310000000001195 0.6326794919238339 0.1
4030 1.310000000001195 0.6326794919238339 0.15
4031 1.370000000001224 0.6326794919236122 0.05
4032 1.370000000001224 0.6326794919236122 0.1
4033 1.370000000001224 0.6326794919236122 0.15
4034 0.4699999999998596 0.6326794919242483 0.05
4035 0.4699999999998596 0.6326794919242483 0.1
4036 0.4699999999998596 0.6326794919242483 0.15
4037 0.1291762098195922 0.6332766549758899 0.05
4038 0.1291762098195922 0.6332766549758899 0.1
4039 0.1291762098195922 0.6332766549758899 0.15
4040 1.94896860819404 0.566354992391807 0.05
4041 1.94896860819404 0.566354992391807 0.1
4042 1.94896860819404 0.566354992391807 0.15
4043 0.3899999999991787 0.5663391742110024 0.05
4044 0.3899999999991787 0.5663391742110024 0.1
4045 0.3899999999991787 0.5663391742110024 0.15
4046 0.3499999999992001 0.5673205080756328 0.05
4047 0.3499999999992001 0.5673205080756328 0.1
4048 0.3499999999992001 0.5673205080756328 0.15
4049 0.309999999999319 0.5673205080756388 0.05
4050 0.309999999999319 0.5673205080756388 0.1
4051 0.309999999999319 0.5673205080756388 0.15
4052 0.04826548690602984 0.6320740775008622 0.05
4053 0.04826548690602984 0.6320740775008622 0.1
4054 0.04826548690602984 0.6320740775008622 0.15
4055 0.2699999999994218 0.5673205080756396 0.05
4056 0.2699999999994218 0.5673205080756396 0.1
4057 0.2699999999994218 0.5673205080756396 0.15
4058 0.09063194187470019 0.6330443437354983 0.05
4059 0.09063194187470019 0.6330443437354983 0.1
4060 0.09063194187470019 0.6330443437354983 0.15
4061 1.909999999999982 0.5673205080757139 0.05
4062 1.909999999999982 0.5673205080757139 0.1
4063 1.909999999999982 0.5673205080757139 0.15
4064 0.5299999999999956 0.6326794919242239 0.05
4065 0.5299999999999956 0.6326794919242239 0.1
4066 0.5299999999999956 0.6326794919242239 0.15
4067 1.770190091284629 0.5664957897800318 0.05
4068 1.770190091284629 0.5664957897800318 0.1
4069 1.770190091284629 0.5664957897800318 0.15
4070 0.1873581183558017 0.6323852909367222 0.05
4071 0.1873581183558017 0.6323852909367222 0.1
4072 0.1873581183558017 0.6323852909367222 0.15
4073 1.430000000001271 0.6326794919233186 0.05
4074 1.430000000001271 0.6326794919233186 0.1
4075 1.430000000001271 0.6326794919233186 0.15
4076 0.5700000000000522 0.6326794919242098 0.05
4077 0.5700000000000522 0.6326794919242098 0.1
4078 0.5700000000000522 0.6326794919242098 0.15
4079 1.470000000001412 0.6326794919235443 0.05
4080 1.470000000001412 0.6326794919235443 0.1
4081 1.470000000001412 0.6326794919235443 0.15
4082 1.510000000001413 0.6326794919232238 0.05
4083 1.510000000001413 0.6326794919232238 0.1
4084 1.510000000001413 0.6326794919232238 0.15
4085 0.6100000000000959 0.6326794919241883 0.05
4086 0.6100000000000959 0.6326794919241883 0.1
4087 0.6100000000000959 0.6326794919241883 0.15
4088 1.270000000001049 0.6326794919235232 0.05
4089 1.270000000001049 0.6326794919235232 0.1
4090 1.270000000001049 0.6326794919235232 0.15
4091 1.869999999999808 0.5673205080757501 0.05
4092 1.869999999999808 0.5673205080757501 0.1
4093 1.869999999999808 0.5673205080757501 0.15
4094 0.6500000000001396 0.6326794919241678 0.05
4095 0.6500000000001396 0.6326794919241678 0.1
4096 0.6500000000001396 0.6326794919241678 0.15
4097 1.110000000000852 0.6326794919237023 0.05
4098 1.110000000000852 0.6326794919237023 0.1
4099 1.110000000000852 0.6326794919237023 0.15
4100 1.550000000001455 0.632679491923209 0.05
4101 1.550000000001455 0.632679491923209 0.1
4102 1.550000000001455 0.632679491923209 0.15
4103 1.030000000000641 0.632679491923793 0.05
4104 1.030000000000641 0.632679491923793 0.1
4105 1.030000000000641 0.632679491923793 0.15
4106 1.07000000000075 0.6326794919236973 0.05
4107 1.07000000000075 0.6326794919236973 0.1
4108 1.07000000000075 0.6326794919236973 0.15
4109 1.670000000001612 0.6326794919231801 0.05
4110 1.670000000001612 0.6326794919231801 0.1
4111 1.670000000001612 0.6326794919231801 0.15
4112 1.590000000001504 0.6326794919231928 0.05
4113 1.590000000001504 0.6326794919231928 0.1
4114 1.590000000001504 0.6326794919231928 0.15
4115 1.710000000001655 0.6326794919231735 0.05
4116 1.710000000001655 0.6326794919231735 0.1
4117 1.710000000001655 0.6326794919231735 0.15
4118 1.630000000001558 0.6326794919231834 0.05
4119 1.630000000001558 0.6326794919231834 0.1
4120 1.630000000001558 0.6326794919231834 0.15
4121 0.6900000000001043 0.6326794919240259 0.05
4122 0.6900000000001043 0.6326794919240259 0.1
4123 0.6900000000001043 0.6326794919240259 0.15
4124 0.8901900912836849 0.5664957897803881 0.05
4125 0.8901900912836849 0.5664957897803881 0.1
4126 0.8901900912836849 0.5664957897803881 0.15
4127 0.8499999999985913 0.5673205080757313 0.05
4128 0.8499999999985913 0.5673205080757313 0.1
4129 0.8499999999985913 0.5673205080757313 0.15
4130 0.8099999999984909 0.5673205080757268 0.05
4131 0.8099999999984909 0.5673205080757268 0.1
4132 0.8099999999984909 0.5673205080757268 0.15
4133 0.7699999999983891 0.5673205080757314 0.05
4134 0.7699999999983891 0.5673205080757314 0.1
4135 0.7699999999983891 0.5673205080757314 0.15
4136 0.01722613419733453 0.6001634603522163 0.05
4137 0.01722613419733453 0.6001634603522163 0.1
4138 0.01722613419733453 0.6001634603522163 0.15
4139 1.983629338795418 0.5988665085736173 0.05
4140 1.983629338795418 0.5988665085736173 0.1
4141 1.983629338795418 0.5988665085736173 0.15
4142 1.969915252614744 0.6330645590988699 0.05
4143 1.969915252614744 0.6330645590988699 0.1
4144 1.969915252614744 0.6330645590988699 0.15
4145 0.03183651238112927 0.5681139449487999 0.05
4146 0.03183651238112927 0.5681139449487999 0.1
4147 0.03183651238112927 0.5681139449487999 0.15
4148 0.01692970876566909 0.6199251809642636 0.05
4149 0.01692970876566909 0.6199251809642636 0.1
4150 0.01692970876566909 0.6199251809642636 0.15
4151 0.03628225364738328 0.6131325274140401 0.05
4152 0.03628225364738328 0.6131325274140401 0.1
4153 0.03628225364738328 0.6131325274140401 0.15
4154 0.03464101615146264 0.5899999999999711 0.05
4155 0.03464101615146264 0.5899999999999711 0.1
4156 0.03464101615146264 0.5899999999999711 0.15
4157 0.0519615242271327 0.6000000000000241 0.05
4158 0.0519615242271327 0.6000000000000241 0.1
4159 0.0519615242271327 0.6000000000000241 0.15
4160 0.05123556410346093 0.5799405477098323 0.05
4161 0.05123556410346093 0.5799405477098323 0.1
4162 0.05123556410346093 0.5799405477098323 0.15
4163 0.06922941682479747 0.5896787382331152 0.05
4164 0.06922941682479747 0.5896787382331152 0.1
4165 0.06922941682479747 0.5896787382331152 0.15
4166 0.06928203230279995 0.6100000000000757 0.05
4167 0.06928203230279995 0.6100000000000757 0.1
4168 0.06928203230279995 0.6100000000000757 0.15
4169 0.08630810780425142 0.6001121848882365 0.05
4170 0.08630810780425142 0.6001121848882365 0.1
4171 0.08630810780425142 0.6001121848882365 0.15
4172 0.08778502273798308 0.5800623427046738 0.05
4173 0.08778502273798308 0.5800623427046738 0.1
4174 0.08778502273798308 0.5800623427046738 0.15
4175 0.1039230484542467 0.5900000000001471 0.05
4176 0.1039230484542467 0.5900000000001471 0.1
4177 0.1039230484542467 0.5900000000001471 0.15
4178 0.1234904706129253 0.5835655635371995 0.05
4179 0.1234904706129253 0.5835655635371995 0.1
4180 0.1234904706129253 0.5835655635371995 0.15
4181 0.1194833865325872 0.6029356647401358 0.05
4182 0.1194833865325872 0.6029356647401358 0.1
4183 0.1194833865325872 0.6029356647401358 0.15
4184 0.1386835589299565 0.5965207268982533 0.05
4185 0.1386835589299565 0.5965207268982533 0.1
4186 0.1386835589299565 0.5965207268982533 0.15
4187 0.1404546062559366 0.5803055122661437 0.05
4188 0.1404546062559366 0.5803055122661437 0.1
4189 0.1404546062559366 0.5803055122661437 0.15
4190 0.1584214799405999 0.5869348540338596 0.05
4191 0.1584214799405999 0.5869348540338596 0.1
4192 0.1584214799405999 0.5869348540338596 0.15
4193 0.1538491718976493 0.6097584360183245 0.05
4194 0.1538491718976493 0.6097584360183245 0.1
4195 0.1538491718976493 0.6097584360183245 0.15
4196 0.1722930250830324 0.6035241092584245 0.05
4197 0.1722930250830324 0.6035241092584245 0.1
4198 0.1722930250830324 0.6035241092584245 0.15
4199 0.169474333341126 0.6222489054433636 0.05
4200 0.169474333341126 0.6222489054433636 0.1
4201 0.169474333341126 0.6222489054433636 0.15
4202 0.4499999999998295 0.632679491924273 0.05
4203 0.4499999999998295 0.632679491924273 0.1
4204 0.4499999999998295 0.632679491924273 0.15
4205 0.4599999999998403 0.61535898384854 0.05
4206 0.4599999999998403 0.61535898384854 0.1
4207 0.4599999999998403 0.61535898384854 0.15
4208 0.4799999999998584 0.615358983848513 0.05
4209 0.4799999999998584 0.615358983848513 0.1
4210 0.4799999999998584 0.615358983848513 0.15
4211 0.4399999999998393 0.6153589838486029 0.05
4212 0.4399999999998393 0.6153589838486029 0.1
4213 0.4399999999998393 0.6153589838486029 0.15
4214 0.4702661277983025 0.5981921247289119 0.05
4215 0.4702661277983025 0.5981921247289119 0.1
4216 0.4702661277983025 0.5981921247289119 0.15
4217 0.490044354632921 0.5983915763878374 0.05
4218 0.490044354632921 0.5983915763878374 0.1
4219 0.490044354632921 0.5983915763878374 0.15
4220 0.5000073924387216 0.6154178339509837 0.05
4221 0.5000073924387216 0.6154178339509837 0.1
4222 0.5000073924387216 0.6154178339509837 0.15
4223 0.5100022450310363 0.598226697246389 0.05
4224 0.5100022450310363 0.598226697246389 0.1
4225 0.5100022450310363 0.598226697246389 0.15
4226 0.4805840026684534 0.5821101087769077 0.05
4227 0.4805840026684534 0.5821101087769077 0.1
4228 0.4805840026684534 0.5821101087769077 0.15
4229 0.5200016062449 0.6154001624444803 0.05
4230 0.5200016062449 0.6154001624444803 0.1
4231 0.5200016062449 0.6154001624444803 0.15
4232 0.5300001670862183 0.5982186285095779 0.05
4233 0.5300001670862183 0.5982186285095779 0.1
4234 0.5300001670862183 0.5982186285095779 0.15
4235 0.5400002955551521 0.6153958724039248 0.05
4236 0.5400002955551521 0.6153958724039248 0.1
4237 0.5400002955551521 0.6153958724039248 0.15
4238 0.5500000200713122 0.5982180923276883 0.05
4239 0.5500000200713122 0.5982180923276883 0.1
4240 0.5500000200713122 0.5982180923276883 0.15
4241 0.5600000526043833 0.6153950680335035 0.05
4242 0.5600000526043833 0.6153950680335035 0.1
4243 0.5600000526043833 0.6153950680335035 0.15
4244 0.5700000031527575 0.5982180341681965 0.05
4245 0.5700000031527575 0.5982180341681965 0.1
4246 0.5700000031527575 0.5982180341681965 0.15
4247 0.5800000092928372 0.6153949242785026 0.05
4248 0.5800000092928372 0.6153949242785026 0.1
4249 0.5800000092928372 0.6153949242785026 0.15
4250 0.5900000005396809 0.5982180254081655 0.05
4251 0.5900000005396809 0.5982180254081655 0.1
4252 0.5900000005396809 0.5982180254081655 0.15
4253 0.6000000016387381 0.6153948988593159 0.05
4254 0.6000000016387381 0.6153948988593159 0.1
4255 0.6000000016387381 0.6153948988593159 0.15
4256 0.6100000000942314 0.59821802392528 0.05
4257 0.6100000000942314 0.59821802392528 0.1
4258 0.6100000000942314 0.59821802392528 0.15
4259 0.6200000002888212 0.6153948943756227 0.05
4260 0.6200000002888212 0.6153948943756227 0.1
4261 0.6200000002888212 0.6153948943756227 0.15
4262 0.6300000000163283 0.5982180236663911 0.05
4263 0.6300000000163283 0.5982180236663911 0.1
4264 0.6300000000163283 0.5982180236663911 0.15
4265 0.6400000000508557 0.6153948935851781 0.05
4266 0.6400000000508557 0.6153948935851781 0.1
4267 0.6400000000508557 0.6153948935851781 0.15
4268 0.6500000000026129 0.598218023620836 0.05
4269 0.6500000000026129 0.598218023620836 0.1
4270 0.6500000000026129 0.598218023620836 0.15
4271 0.6600000000089178 0.6153948934458314 0.05
4272 0.6600000000089178 0.6153948934458314 0.1
4273 0.6600000000089178 0.6153948934458314 0.15
4274 0.6700000000001874 0.5982180236127848 0.05
4275 0.6700000000001874 0.5982180236127848 0.1
4276 0.6700000000001874 0.5982180236127848 0.15
4277 0.6800000000015196 0.6153948934212307 0.05
4278 0.6800000000015196 0.6153948934212307 0.1
4279 0.6800000000015196 0.6153948934212307 0.15
4280 0.6899999999997611 0.5982180236113366 0.05
4281 0.6899999999997611 0.5982180236113366 0.1
4282 0.6899999999997611 0.5982180236113366 0.15
4283 0.7000000000001931 0.6153948934168049 0.05
4284 0.7000000000001931 0.6153948934168049 0.1
4285 0.7000000000001931 0.6153948934168049 0.15
4286 0.7102661277980853 0.5985549550009008 0.05
4287 0.7102661277980853 0.5985549550009008 0.1
4288 0.7102661277980853 0.5985549550009008 0.15
4289 0.7200443546329997 0.6154510486476127 0.05
4290 0.7200443546329997 0.6154510486476127 0.1
4291 0.7200443546329997 0.6154510486476127 0.15
4292 0.7303178748702105 0.5982935487331296 0.05
4293 0.7303178748702105 0.5982935487331296 0.1
4294 0.7303178748702105 0.5982935487331296 0.15
4295 0.7400603715838404 0.6154168401414941 0.05
4296 0.7400603715838404 0.6154168401414941 0.1
4297 0.7400603715838404 0.6154168401414941 0.15
4298 0.75006304107559 0.5984181231037564 0.05
4299 0.75006304107559 0.5984181231037564 0.1
4300 0.75006304107559 0.5984181231037564 0.15
4301 0.7405957415874466 0.5821314372300466 0.05
4302 0.7405957415874466 0.5821314372300466 0.1
4303 0.7405957415874466 0.5821314372300466 0.15
4304 0.7600205687766428 0.6154319011189794 0.05
4305 0.7600205687766428 0.6154319011189794 0.1
4306 0.7600205687766428 0.6154319011189794 0.15
4307 0.7700036273883358 0.5982284592672269 0.05
4308 0.7700036273883358 0.5982284592672269 0.1
4309 0.7700036273883358 0.5982284592672269 0.15
4310 0.7800040326942899 0.6154028006424916 0.05
4311 0.7800040326942899 0.6154028006424916 0.1
4312 0.7800040326942899 0.6154028006424916 0.15
4313 0.7900003323303367 0.5982188194114263 0.05
4314 0.7900003323303367 0.5982188194114263 0.1
4315 0.7900003323303367 0.5982188194114263 0.15
4316 0.8000007275042533 0.61539634392043 0.05
4317 0.8000007275042533 0.61539634392043 0.1
4318 0.8000007275042533 0.61539634392043 0.15
4319 0.8100000459805835 0.598218121066175 0.05
4320 0.8100000459805835 0.598218121066175 0.1
4321 0.8100000459805835 0.598218121066175 0.15
4322 0.8200001289143115 0.6153951514091965 0.05
4323 0.8200001289143115 0.6153951514091965 0.1
4324 0.8200001289143115 0.6153951514091965 0.15
4325 0.830000000000011 0.5980384757721804 0.05
4326 0.830000000000011 0.5980384757721804 0.1
4327 0.830000000000011 0.5980384757721804 0.15
4328 0.8400000214859161 0.6153650117749774 0.05
4329 0.8400000214859161 0.6153650117749774 0.1
4330 0.8400000214859161 0.6153650117749774 0.15
4331 0.8500000000000495 0.5980384757721388 0.05
4332 0.8500000000000495 0.5980384757721388 0.1
4333 0.8500000000000495 0.5980384757721388 0.15
4334 0.8600000035812135 0.6153599885025851 0.05
4335 0.8600000035812135 0.6153599885025851 0.1
4336 0.8600000035812135 0.6153599885025851 0.15
4337 0.8700000000000883 0.5980384757720949 0.05
4338 0.8700000000000883 0.5980384757720949 0.1
4339 0.8700000000000883 0.5980384757720949 0.15
4340 0.880000000597126 0.6153591512904983 0.05
4341 0.880000000597126 0.6153591512904983 0.1
4342 0.880000000597126 0.6153591512904983 0.15
4343 0.890266127898129 0.5985190733399428 0.05
4344 0.890266127898129 0.5985190733399428 0.1
4345 0.890266127898129 0.5985190733399428 0.15
4346 0.9000443547494609 0.6154391113497568 0.05
4347 0.9000443547494609 0.6154391113497568 0.1
4348 0.9000443547494609 0.6154391113497568 0.15
4349 0.9103178749065481 0.598285578906431 0.05
4350 0.9103178749065481 0.598285578906431 0.1
4351 0.9103178749065481 0.598285578906431 0.15
4352 0.920060371609588 0.6154135222873787 0.05
4353 0.920060371609588 0.6154135222873787 0.1
4354 0.920060371609588 0.6154135222873787 0.15
4355 0.9300630410861599 0.598416241823406 0.05
4356 0.9300630410861599 0.598416241823406 0.1
4357 0.9300630410861599 0.598416241823406 0.15
4358 0.9400205687828779 0.6154310345964016 0.05
4359 0.9400205687828779 0.6154310345964016 0.1
4360 0.9400205687828779 0.6154310345964016 0.15
4361 0.9502800627768522 0.5985945866504871 0.05
4362 0.9502800627768522 0.5985945866504871 0.1
4363 0.9502800627768522 0.5985945866504871 0.15
4364 0.920595741595583 0.5821297953787719 0.05
4365 0.920595741595583 0.5821297953787719 0.1
4366 0.920595741595583 0.5821297953787719 0.15
4367 0.9600501052602355 0.6154636774523398 0.05
4368 0.9600501052602355 0.6154636774523398 0.1
4369 0.9600501052602355 0.6154636774523398 0.15
4370 0.9703211558048841 0.5983022588085334 0.05
4371 0.9703211558048841 0.5983022588085334 0.1
4372 0.9703211558048841 0.5983022588085334 0.15
4373 0.9800618768445079 0.6154203966212368 0.05
4374 0.9800618768445079 0.6154203966212368 0.1
4375 0.9800618768445079 0.6154203966212368 0.15
4376 0.9900638387751078 0.5984201675293181 0.05
4377 0.9900638387751078 0.5984201675293181 0.1
4378 0.9900638387751078 0.5984201675293181 0.15
4379 1.000020952603581 0.6154328346027693 0.05
4380 1.000020952603581 0.6154328346027693 0.1
4381 1.000020952603581 0.6154328346027693 0.15
4382 1.010003678648852 0.5982285884624383 0.05
4383 1.010003678648852 0.5982285884624383 0.1
4384 1.010003678648852 0.5982285884624383 0.15
4385 0.9805964213602328 0.5821332296467314 0.05
4386 0.9805964213602328 0.5821332296467314 0.1
4387 0.9805964213602328 0.5821332296467314 0.15
4388 1.020004105209063 0.6154029777552892 0.05
4389 1.020004105209063 0.6154029777552892 0.1
4390 1.020004105209063 0.6154029777552892 0.15
4391 1.030000337700574 0.5982188326999647 0.05
4392 1.030000337700574 0.5982188326999647 0.1
4393 1.030000337700574 0.5982188326999647 0.15
4394 1.040000740485331 0.6153963756537277 0.05
4395 1.040000740485331 0.6153963756537277 0.1
4396 1.040000740485331 0.6153963756537277 0.15
4397 1.050000046777025 0.5982181230188803 0.05
4398 1.050000046777025 0.5982181230188803 0.1
4399 1.050000046777025 0.5982181230188803 0.15
4400 1.060000131210813 0.6153951570232541 0.05
4401 1.060000131210813 0.6153951570232541 0.1
4402 1.060000131210813 0.6153951570232541 0.15
4403 1.070000000000428 0.5980384757716217 0.05
4404 1.070000000000428 0.5980384757716217 0.1
4405 1.070000000000428 0.5980384757716217 0.15
4406 1.080000021868982 0.6153650127101057 0.05
4407 1.080000021868982 0.6153650127101057 0.1
4408 1.080000021868982 0.6153650127101057 0.15
4409 1.09000000000046 0.5980384757715729 0.05
4410 1.09000000000046 0.5980384757715729 0.1
4411 1.09000000000046 0.5980384757715729 0.15
4412 1.100000003645376 0.61535998865789 0.05
4413 1.100000003645376 0.61535998865789 0.1
4414 1.100000003645376 0.61535998865789 0.15
4415 1.110000000000491 0.5980384757715241 0.05
4416 1.110000000000491 0.5980384757715241 0.1
4417 1.110000000000491 0.5980384757715241 0.15
4418 1.120000000608132 0.6153591513158108 0.05
4419 1.120000000608132 0.6153591513158108 0.1
4420 1.120000000608132 0.6153591513158108 0.15
4421 1.13026612790033 0.5985190733437381 0.05
4422 1.13026612790033 0.5985190733437381 0.1
4423 1.13026612790033 0.5985190733437381 0.15
4424 1.140044354751923 0.6154391113541886 0.05
4425 1.140044354751923 0.6154391113541886 0.1
4426 1.140044354751923 0.6154391113541886 0.15
4427 1.150317874907619 0.5982855789074335 0.05
4428 1.150317874907619 0.5982855789074335 0.1
4429 1.150317874907619 0.5982855789074335 0.15
4430 1.160060371610424 0.6154135222877752 0.05
4431 1.160060371610424 0.6154135222877752 0.1
4432 1.160060371610424 0.6154135222877752 0.15
4433 1.17006304108672 0.598416241823296 0.05
4434 1.17006304108672 0.598416241823296 0.1
4435 1.17006304108672 0.598416241823296 0.15
4436 1.180020568783325 0.6154310345958698 0.05
4437 1.180020568783325 0.6154310345958698 0.1
4438 1.180020568783325 0.6154310345958698 0.15
4439 1.190280062777304 0.5985945866500553 0.05
4440 1.190280062777304 0.5985945866500553 0.1
4441 1.190280062777304 0.5985945866500553 0.15
4442 1.160595741596239 0.582129795378754 0.05
4443 1.160595741596239 0.582129795378754 0.1
4444 1.160595741596239 0.582129795378754 0.15
4445 1.200050105260603 0.6154636774518423 0.05
4446 1.200050105260603 0.6154636774518423 0.1
4447 1.200050105260603 0.6154636774518423 0.15
4448 1.2103211558053 0.59830225880799 0.05
4449 1.2103211558053 0.59830225880799 0.1
4450 1.2103211558053 0.59830225880799 0.15
4451 1.220061876844866 0.6154203966207018 0.05
4452 1.220061876844866 0.6154203966207018 0.1
4453 1.220061876844866 0.6154203966207018 0.15
4454 1.230063838775463 0.5984201675287846 0.05
4455 1.230063838775463 0.5984201675287846 0.1
4456 1.230063838775463 0.5984201675287846 0.15
4457 1.240020952603913 0.6154328346021678 0.05
4458 1.240020952603913 0.6154328346021678 0.1
4459 1.240020952603913 0.6154328346021678 0.15
4460 1.250003678649247 0.598228588461872 0.05
4461 1.250003678649247 0.598228588461872 0.1
4462 1.250003678649247 0.598228588461872 0.15
4463 1.220596421360745 0.5821332296463787 0.05
4464 1.220596421360745 0.5821332296463787 0.1
4465 1.220596421360745 0.5821332296463787 0.15
4466 1.26000410520941 0.6154029777547404 0.05
4467 1.26000410520941 0.6154029777547404 0.1
4468 1.26000410520941 0.6154029777547404 0.15
4469 1.270000337701024 0.5982188326994189 0.05
4470 1.270000337701024 0.5982188326994189 0.1
4471 1.270000337701024 0.5982188326994189 0.15
4472 1.280000740485708 0.6153963756530196 0.05
4473 1.280000740485708 0.6153963756530196 0.1
4474 1.280000740485708 0.6153963756530196 0.15
4475 1.290266307496867 0.5985553368876735 0.05
4476 1.290266307496867 0.5985553368876735 0.1
4477 1.290266307496867 0.5985553368876735 0.15
4478 1.300044507997764 0.6154513593341413 0.05
4479 1.300044507997764 0.6154513593341413 0.1
4480 1.300044507997764 0.6154513593341413 0.15
4481 1.310317930381532 0.5982936641611393 0.05
4482 1.310317930381532 0.5982936641611393 0.1
4483 1.310317930381532 0.5982936641611393 0.15
4484 1.320060406397203 0.6154169111598105 0.05
4485 1.320060406397203 0.6154169111598105 0.1
4486 1.320060406397203 0.6154169111598105 0.15
4487 1.330063056130313 0.5984181541773345 0.05
4488 1.330063056130313 0.5984181541773345 0.1
4489 1.330063056130313 0.5984181541773345 0.15
4490 1.340020577088535 0.615431918133256 0.05
4491 1.340020577088535 0.615431918133256 0.1
4492 1.340020577088535 0.615431918133256 0.15
4493 1.350280066668953 0.598595052631729 0.05
4494 1.350280066668953 0.598595052631729 0.1
4495 1.350280066668953 0.598595052631729 0.15
4496 1.320595753349424 0.5821314616465922 0.05
4497 1.320595753349424 0.5821314616465922 0.1
4498 1.320595753349424 0.5821314616465922 0.15
4499 1.360050107293561 0.6154639023714392 0.05
4500 1.360050107293561 0.6154639023714392 0.1
4501 1.360050107293561 0.6154639023714392 0.15
4502 1.370321156792912 0.5983023739579244 0.05
4503 1.370321156792912 0.5983023739579244 0.1
4504 1.370321156792912 0.5983023739579244 0.15
4505 1.380061877348439 0.6154204532986931 0.05
4506 1.380061877348439 0.6154204532986931 0.1
4507 1.380061877348439 0.6154204532986931 0.15
4508 1.390063839024126 0.5984201961665133 0.05
4509 1.390063839024126 0.5984201961665133 0.1
4510 1.390063839024126 0.5984201961665133 0.15
4511 1.400020952729415 0.6154328488211501 0.05
4512 1.400020952729415 0.6154328488211501 0.1
4513 1.400020952729415 0.6154328488211501 0.15
4514 1.410003678665616 0.5982285903207761 0.05
4515 1.410003678665616 0.5982285903207761 0.1
4516 1.410003678665616 0.5982285903207761 0.15
4517 1.380596421567049 0.582133253610867 0.05
4518 1.380596421567049 0.582133253610867 0.1
4519 1.380596421567049 0.582133253610867 0.15
4520 1.42000410523318 0.6154029804341369 0.05
4521 1.42000410523318 0.6154029804341369 0.1
4522 1.42000410523318 0.6154029804341369 0.15
4523 1.430000337702849 0.5982188328958713 0.05
4524 1.430000337702849 0.5982188328958713 0.1
4525 1.430000337702849 0.5982188328958713 0.15
4526 1.440000740490099 0.6153963761320788 0.05
4527 1.440000740490099 0.6153963761320788 0.1
4528 1.440000740490099 0.6153963761320788 0.15
4529 1.450000046777808 0.5982181230471999 0.05
4530 1.450000046777808 0.5982181230471999 0.1
4531 1.450000046777808 0.5982181230471999 0.15
4532 1.460000131212101 0.615395157106978 0.05
4533 1.460000131212101 0.615395157106978 0.1
4534 1.460000131212101 0.615395157106978 0.15
4535 1.470000000000883 0.5980384757705416 0.05
4536 1.470000000000883 0.5980384757705416 0.1
4537 1.470000000000883 0.5980384757705416 0.15
4538 1.480000021869621 0.615365012723329 0.05
4539 1.480000021869621 0.615365012723329 0.1
4540 1.480000021869621 0.615365012723329 0.15
4541 1.490000000000879 0.5980384757705005 0.05
4542 1.490000000000879 0.5980384757705005 0.1
4543 1.490000000000879 0.5980384757705005 0.15
4544 1.500000003645869 0.6153599886593173 0.05
4545 1.500000003645869 0.6153599886593173 0.1
4546 1.500000003645869 0.6153599886593173 0.15
4547 1.510000000000871 0.5980384757704692 0.05
4548 1.510000000000871 0.5980384757704692 0.1
4549 1.510000000000871 0.5980384757704692 0.15
4550 1.520000000608581 0.6153591513153034 0.05
4551 1.520000000608581 0.6153591513153034 0.1
4552 1.520000000608581 0.6153591513153034 0.15
4553 1.530000000000858 0.5980384757704479 0.05
4554 1.530000000000858 0.5980384757704479 0.1
4555 1.530000000000858 0.5980384757704479 0.15
4556 1.540000000102369 0.6153590117579513 0.05
4557 1.540000000102369 0.6153590117579513 0.1
4558 1.540000000102369 0.6153590117579513 0.15
4559 1.550000000000845 0.5980384757704139 0.05
4560 1.550000000000845 0.5980384757704139 0.1
4561 1.550000000000845 0.5980384757704139 0.15
4562 1.560000000018009 0.6153589884983723 0.05
4563 1.560000000018009 0.6153589884983723 0.1
4564 1.560000000018009 0.6153589884983723 0.15
4565 1.570000000000843 0.5980384757703762 0.05
4566 1.570000000000843 0.5980384757703762 0.1
4567 1.570000000000843 0.5980384757703762 0.15
4568 1.58000000000396 0.6153589846217571 0.05
4569 1.58000000000396 0.6153589846217571 0.1
4570 1.58000000000396 0.6153589846217571 0.15
4571 1.590000000000851 0.5980384757703427 0.05
4572 1.590000000000851 0.5980384757703427 0.1
4573 1.590000000000851 0.5980384757703427 0.15
4574 1.600000000001634 0.6153589839756419 0.05
4575 1.600000000001634 0.6153589839756419 0.1
4576 1.600000000001634 0.6153589839756419 0.15
4577 1.610000000000867 0.5980384757703175 0.05
4578 1.610000000000867 0.5980384757703175 0.1
4579 1.610000000000867 0.5980384757703175 0.15
4580 1.620000000001264 0.6153589838679446 0.05
4581 1.620000000001264 0.6153589838679446 0.1
4582 1.620000000001264 0.6153589838679446 0.15
4583 1.630000000000884 0.5980384757703023 0.05
4584 1.630000000000884 0.5980384757703023 0.1
4585 1.630000000000884 0.5980384757703023 0.15
4586 1.640000000001221 0.615358983849988 0.05
4587 1.640000000001221 0.615358983849988 0.1
4588 1.640000000001221 0.615358983849988 0.15
4589 1.650000000000903 0.5980384757702885 0.05
4590 1.650000000000903 0.5980384757702885 0.1
4591 1.650000000000903 0.5980384757702885 0.15
4592 1.66000000000123 0.6153589838469913 0.05
4593 1.66000000000123 0.6153589838469913 0.1
4594 1.66000000000123 0.6153589838469913 0.15
4595 1.670000000000919 0.5980384757702851 0.05
4596 1.670000000000919 0.5980384757702851 0.1
4597 1.670000000000919 0.5980384757702851 0.15
4598 1.680000000001246 0.6153589838464923 0.05
4599 1.680000000001246 0.6153589838464923 0.1
4600 1.680000000001246 0.6153589838464923 0.15
4601 1.690000000000927 0.5980384757702873 0.05
4602 1.690000000000927 0.5980384757702873 0.1
4603 1.690000000000927 0.5980384757702873 0.15
4604 1.700000000000931 0.6153589838459763 0.05
4605 1.700000000000931 0.6153589838459763 0.1
4606 1.700000000000931 0.6153589838459763 0.15
4607 1.710000000000928 0.5980384757702866 0.05
4608 1.710000000000928 0.5980384757702866 0.1
4609 1.710000000000928 0.5980384757702866 0.15
4610 1.720000000001197 0.6153589838463143 0.05
4611 1.720000000001197 0.6153589838463143 0.1
4612 1.720000000001197 0.6153589838463143 0.15
4613 1.730000000000906 0.5980384757703016 0.05
4614 1.730000000000906 0.5980384757703016 0.1
4615 1.730000000000906 0.5980384757703016 0.15
4616 1.740000000000887 0.615358983845957 0.05
4617 1.740000000000887 0.615358983845957 0.1
4618 1.740000000000887 0.615358983845957 0.15
4619 1.750000000000844 0.5980384757703187 0.05
4620 1.750000000000844 0.5980384757703187 0.1
4621 1.750000000000844 0.5980384757703187 0.15
4622 1.760000000001053 0.615358983846696 0.05
4623 1.760000000001053 0.615358983846696 0.1
4624 1.760000000001053 0.615358983846696 0.15
4625 1.77026612779939 0.5985190454313991 0.05
4626 1.77026612779939 0.5985190454313991 0.1
4627 1.77026612779939 0.5985190454313991 0.15
4628 1.780044354634064 0.6154390787903972 0.05
4629 1.780044354634064 0.6154390787903972 0.1
4630 1.780044354634064 0.6154390787903972 0.15
4631 1.790317874871231 0.5982855688274148 0.05
4632 1.790317874871231 0.5982855688274148 0.1
4633 1.790317874871231 0.5982855688274148 0.15
4634 1.800060371584715 0.6154135151803675 0.05
4635 1.800060371584715 0.6154135151803675 0.1
4636 1.800060371584715 0.6154135151803675 0.15
4637 1.810063041076302 0.5984162389581351 0.05
4638 1.810063041076302 0.5984162389581351 0.1
4639 1.810063041076302 0.5984162389581351 0.15
4640 1.820020568777209 0.6154310329336421 0.05
4641 1.820020568777209 0.6154310329336421 0.1
4642 1.820020568777209 0.6154310329336421 0.15
4643 1.830003627388834 0.598228339856402 0.05
4644 1.830003627388834 0.598228339856402 0.1
4645 1.830003627388834 0.598228339856402 0.15
4646 1.800595741588655 0.5821297932209165 0.05
4647 1.800595741588655 0.5821297932209165 0.1
4648 1.800595741588655 0.5821297932209165 0.15
4649 1.840004032694685 0.6154026360419179 0.05
4650 1.840004032694685 0.6154026360419179 0.1
4651 1.840004032694685 0.6154026360419179 0.15
4652 1.850000332330768 0.5982188070879121 0.05
4653 1.850000332330768 0.5982188070879121 0.1
4654 1.850000332330768 0.5982188070879121 0.15
4655 1.860000727504708 0.6153963144318302 0.05
4656 1.860000727504708 0.6153963144318302 0.1
4657 1.860000727504708 0.6153963144318302 0.15
4658 1.870000045981023 0.5982181192504605 0.05
4659 1.870000045981023 0.5982181192504605 0.1
4660 1.870000045981023 0.5982181192504605 0.15
4661 1.880000128914778 0.6153951461906328 0.05
4662 1.880000128914778 0.6153951461906328 0.1
4663 1.880000128914778 0.6153951461906328 0.15
4664 1.890000000000419 0.5980384757702869 0.05
4665 1.890000000000419 0.5980384757702869 0.1
4666 1.890000000000419 0.5980384757702869 0.15
4667 1.900000021486343 0.6153650109041359 0.05
4668 1.900000021486343 0.6153650109041359 0.1
4669 1.900000021486343 0.6153650109041359 0.15
4670 1.910000000000391 0.5980384757703068 0.05
4671 1.910000000000391 0.5980384757703068 0.1
4672 1.910000000000391 0.5980384757703068 0.15
4673 1.920000003581531 0.6153599883564547 0.05
4674 1.920000003581531 0.6153599883564547 0.1
4675 1.920000003581531 0.6153599883564547 0.15
4676 1.930000000000308 0.5980384757703343 0.05
4677 1.930000000000308 0.5980384757703343 0.1
4678 1.930000000000308 0.5980384757703343 0.15
4679 1.940000000597255 0.6153591512651846 0.05
4680 1.940000000597255 0.6153591512651846 0.1
4681 1.940000000597255 0.6153591512651846 0.15
4682 1.951520459647005 0.5981416579868287 0.05
4683 1.951520459647005 0.5981416579868287 0.1
4684 1.951520459647005 0.5981416579868287 0.15
4685 1.960608524196373 0.6170739852864409 0.05
4686 1.960608524196373 0.6170739852864409 0.1
4687 1.960608524196373 0.6170739852864409 0.15
4688 1.83000410024598 0.6326987754704941 0.05
4689 1.83000410024598 0.6326987754704941 0.1
4690 1.83000410024598 0.6326987754704941 0.15
4691 1.410004176327977 0.6326991355167714 0.05
4692 1.410004176327977 0.6326991355167714 0.1
4693 1.410004176327977 0.6326991355167714 0.15
4694 1.350000000000917 0.6326794919227621 0.05
4695 1.350000000000917 0.6326794919227621 0.1
4696 1.350000000000917 0.6326794919227621 0.15
4697 1.250004176302943 0.6326991327004927 0.05
4698 1.250004176302943 0.6326991327004927 0.1
4699 1.250004176302943 0.6326991327004927 0.15
4700 1.190000000000696 0.6326794919231724 0.05
4701 1.190000000000696 0.6326794919231724 0.1
4702 1.190000000000696 0.6326794919231724 0.15
4703 1.010004176302582 0.6326991327008458 0.05
4704 1.010004176302582 0.6326991327008458 0.1
4705 1.010004176302582 0.6326991327008458 0.15
4706 0.9500000000004417 0.6326794919237277 0.05
4707 0.9500000000004417 0.6326794919237277 0.1
4708 0.9500000000004417 0.6326794919237277 0.15
4709 0.7300174543696342 0.632704478772808 0.05
4710 0.7300174543696342 0.632704478772808 0.1
4711 0.7300174543696342 0.632704478772808 0.15
4712 1.730000000001616 0.6326794919228342 0.05
4713 1.730000000001616 0.6326794919228342 0.1
4714 1.730000000001616 0.6326794919228342 0.15
4715 1.983061785652496 0.5800113576601764 0.05
4716 1.983061785652496 0.5800113576601764 0.1
4717 1.983061785652496 0.5800113576601764 0.15
4718 1.889999999999882 0.5673205080757588 0.05
4719 1.889999999999882 0.5673205080757588 0.1
4720 1.889999999999882 0.5673205080757588 0.15
4721 1.270016164224755 0.5669167864132123 0.05
4722 1.270016164224755 0.5669167864132123 0.1
4723 1.270016164224755 0.5669167864132123 0.15
4724 1.929999999999977 0.5673205080757194 0.05
4725 1.929999999999977 0.5673205080757194 0.1
4726 1.929999999999977 0.5673205080757194 0.15
4727 1.75001616422476 0.566916786413139 0.05
4728 1.75001616422476 0.566916786413139 0.1
4729 1.75001616422476 0.566916786413139 0.15
4730 0.5100014997805915 0.6326961633739806 0.05
4731 0.5100014997805915 0.6326961633739806 0.1
4732 0.5100014997805915 0.6326961633739806 0.15
4733 0.2300000000010116 0.6326794919243446 0.05
4734 0.2300000000010116 0.6326794919243446 0.1
4735 0.2300000000010116 0.6326794919243446 0.15
4736 0.2397338722024573 0.6155126328048556 0.05
4737 0.2397338722024573 0.6155126328048556 0.1
4738 0.2397338722024573 0.6155126328048556 0.15
4739 0.2199556453679675 0.6153845920080294 0.05
4740 0.2199556453679675 0.6153845920080294 0.1
4741 0.2199556453679675 0.6153845920080294 0.15
4742 0.2594233897704802 0.6160182388737238 0.05
4743 0.2594233897704802 0.6160182388737238 0.1
4744 0.2594233897704802 0.6160182388737238 0.15
4745 0.2299172545640835 0.5982563003252973 0.05
4746 0.2299172545640835 0.5982563003252973 0.1
4747 0.2299172545640835 0.5982563003252973 0.15
4748 0.2097094672195733 0.5991883928519393 0.05
4749 0.2097094672195733 0.5991883928519393 0.1
4750 0.2097094672195733 0.5991883928519393 0.15
4751 1.870000000001176 0.632679491922138 0.05
4752 1.870000000001176 0.632679491922138 0.1
4753 1.870000000001176 0.632679491922138 0.15
4754 1.490000004253567 0.6326806642049023 0.05
4755 1.490000004253567 0.6326806642049023 0.1
4756 1.490000004253567 0.6326806642049023 0.15
4757 1.110016164224345 0.5669167864132811 0.05
4758 1.110016164224345 0.5669167864132811 0.1
4759 1.110016164224345 0.5669167864132811 0.15
4760 1.849999999999709 0.5673205080757258 0.05
4761 1.849999999999709 0.5673205080757258 0.1
4762 1.849999999999709 0.5673205080757258 0.15
4763 1.530000000119505 0.6326795244866145 0.05
4764 1.530000000119505 0.6326795244866145 0.1
4765 1.530000000119505 0.6326795244866145 0.15
4766 0.6300000000002033 0.6326794919241615 0.05
4767 0.6300000000002033 0.6326794919241615 0.1
4768 0.6300000000002033 0.6326794919241615 0.15
4769 0.5500000000000782 0.6326794919242058 0.05
4770 0.5500000000000782 0.6326794919242058 0.1
4771 0.5500000000000782 0.6326794919242058 0.15
4772 0.5900000000001403 0.6326794919241815 0.05
4773 0.5900000000001403 0.6326794919241815 0.1
4774 0.5900000000001403 0.6326794919241815 0.15
4775 1.06999999999911 0.5673205080757343 0.05
4776 1.06999999999911 0.5673205080757343 0.1
4777 1.06999999999911 0.5673205080757343 0.15
4778 1.450000000001479 0.6326794919222981 0.05
4779 1.450000000001479 0.6326794919222981 0.1
4780 1.450000000001479 0.6326794919222981 0.15
4781 1.690000000001621 0.6326794919228791 0.05
4782 1.690000000001621 0.6326794919228791 0.1
4783 1.690000000001621 0.6326794919228791 0.15
4784 1.02999999999905 0.5673205080757325 0.05
4785 1.02999999999905 0.5673205080757325 0.1
4786 1.02999999999905 0.5673205080757325 0.15
4787 0.429999999999868 0.632679491924318 0.05
4788 0.429999999999868 0.632679491924318 0.1
4789 0.429999999999868 0.632679491924318 0.15
4790 0.4199999999998583 0.6153589838487133 0.05
4791 0.4199999999998583 0.6153589838487133 0.1
4792 0.4199999999998583 0.6153589838487133 0.15
4793 0.4002661277983362 0.6155126328049011 0.05
4794 0.4002661277983362 0.6155126328049011 0.1
4795 0.4002661277983362 0.6155126328049011 0.15
4796 0.4103104824312849 0.5982177328885565 0.05
4797 0.4103104824312849 0.5982177328885565 0.1
4798 0.4103104824312849 0.5982177328885565 0.15
4799 0.3903622295030125 0.5995552918924357 0.05
4800 0.3903622295030125 0.5995552918924357 0.1
4801 0.3903622295030125 0.5995552918924357 0.15
4802 0.4503104824313862 0.5985452253439822 0.05
4803 0.4503104824313862 0.5985452253439822 0.1
4804 0.4503104824313862 0.5985452253439822 0.15
4805 0.4301034941436198 0.5984803026764314 0.05
4806 0.4301034941436198 0.5984803026764314 0.1
4807 0.4301034941436198 0.5984803026764314 0.15
4808 0.4206012516923575 0.5821291645184612 0.05
4809 0.4206012516923575 0.5821291645184612 0.1
4810 0.4206012516923575 0.5821291645184612 0.15
4811 1.629999999999679 0.5673205080756986 0.05
4812 1.629999999999679 0.5673205080756986 0.1
4813 1.629999999999679 0.5673205080756986 0.15
4814 0.06942032221439476 0.6298836791198378 0.05
4815 0.06942032221439476 0.6298836791198378 0.1
4816 0.06942032221439476 0.6298836791198378 0.15
4817 0.1099044273726607 0.6335070719795739 0.05
4818 0.1099044273726607 0.6335070719795739 0.1
4819 0.1099044273726607 0.6335070719795739 0.15
4820 0.1019515679750102 0.6137871156253074 0.05
4821 0.1019515679750102 0.6137871156253074 0.1
4822 0.1019515679750102 0.6137871156253074 0.15
4823 0.6700000000002645 0.6326794919241422 0.05
4824 0.6700000000002645 0.6326794919241422 0.1
4825 0.6700000000002645 0.6326794919241422 0.15
4826 1.650000000001534 0.6326794919238905 0.05
4827 1.650000000001534 0.6326794919238905 0.1
4828 1.650000000001534 0.6326794919238905 0.15
4829 1.570000000004711 0.6326794928277553 0.05
4830 1.570000000004711 0.6326794928277553 0.1
4831 1.570000000004711 0.6326794928277553 0.15
4832 0.3697338722007157 0.5670033034754615 0.05
4833 0.3697338722007157 0.5670033034754615 0.1
4834 0.3697338722007157 0.5670033034754615 0.15
4835 0.3596895175676618 0.5844344997618311 0.05
4836 0.3596895175676618 0.5844344997618311 0.1
4837 0.3596895175676618 0.5844344997618311 0.15
4838 0.3399482529273287 0.5846065967530236 0.05
4839 0.3399482529273287 0.5846065967530236 0.1
4840 0.3399482529273287 0.5846065967530236 0.15
4841 0.3499999999992104 0.6019615242268797 0.05
4842 0.3499999999992104 0.6019615242268797 0.1
4843 0.3499999999992104 0.6019615242268797 0.15
4844 0.3299999999993007 0.6019615242268848 0.05
4845 0.3299999999993007 0.6019615242268848 0.1
4846 0.3299999999993007 0.6019615242268848 0.15
4847 0.3700061603651307 0.6009499383454536 0.05
4848 0.3700061603651307 0.6009499383454536 0.1
4849 0.3700061603651307 0.6009499383454536 0.15
4850 0.319991375487322 0.584635279584892 0.05
4851 0.319991375487322 0.584635279584892 0.1
4852 0.319991375487322 0.584635279584892 0.15
4853 0.3099999999993934 0.6019615242268962 0.05
4854 0.3099999999993934 0.6019615242268962 0.1
4855 0.3099999999993934 0.6019615242268962 0.15
4856 1.709999999999653 0.567320508075663 0.05
4857 1.709999999999653 0.567320508075663 0.1
4858 1.709999999999653 0.567320508075663 0.15
4859 0.8700161642238058 0.5669167864133583 0.05
4860 0.8700161642238058 0.5669167864133583 0.1
4861 0.8700161642238058 0.5669167864133583 0.15
4862 1.610000000001571 0.6326794919483271 0.05
4863 1.610000000001571 0.6326794919483271 0.1
4864 1.610000000001571 0.6326794919483271 0.15
4865 1.429999999999981 0.5673205080756756 0.05
4866 1.429999999999981 0.5673205080756756 0.1
4867 1.429999999999981 0.5673205080756756 0.15
4868 0.289999999999367 0.5673205080756387 0.05
4869 0.289999999999367 0.5673205080756387 0.1
4870 0.289999999999367 0.5673205080756387 0.15
4871 0.2799999999994116 0.584313523695657 0.05
4872 0.2799999999994116 0.584313523695657 0.1
4873 0.2799999999994116 0.584313523695657 0.15
4874 0.2597338722011376 0.5834312567112543 0.05
4875 0.2597338722011376 0.5834312567112543 0.1
4876 0.2597338722011376 0.5834312567112543 0.15
4877 0.2999985625807134 0.5845854779809472 0.05
4878 0.2999985625807134 0.5845854779809472 0.1
4879 0.2999985625807134 0.5845854779809472 0.15
4880 0.2898097375937981 0.6010912070479821 0.05
4881 0.2898097375937981 0.6010912070479821 0.1
4882 0.2898097375937981 0.6010912070479821 0.15
4883 0.7899999999984468 0.567320508075732 0.05
4884 0.7899999999984468 0.567320508075732 0.1
4885 0.7899999999984468 0.567320508075732 0.15
4886 0.1504132945357664 0.6321612769973405 0.05
4887 0.1504132945357664 0.6321612769973405 0.1
4888 0.1504132945357664 0.6321612769973405 0.15
4889 0.8299999999985337 0.5673205080757323 0.05
4890 0.8299999999985337 0.5673205080757323 0.1
4891 0.8299999999985337 0.5673205080757323 0.15
4892 0.2000582643045739 0.6159892768010681 0.05
4893 0.2000582643045739 0.6159892768010681 0.1
4894 0.2000582643045739 0.6159892768010681 0.15
4895 0.6900161642231439 0.5669167864131904 0.05
4896 0.6900161642231439 0.5669167864131904 0.1
4897 0.6900161642231439 0.5669167864131904 0.15
4898 1.910000004178632 0.632680663851198 0.05
4899 1.910000004178632 0.632680663851198 0.1
4900 1.910000004178632 0.632680663851198 0.15
4901 1.54999999999967 0.5673205080756225 0.05
4902 1.54999999999967 0.5673205080756225 0.1
4903 1.54999999999967 0.5673205080756225 0.15
4904 1.469999999999931 0.567320508075662 0.05
4905 1.469999999999931 0.567320508075662 0.1
4906 1.469999999999931 0.567320508075662 0.15
4907 0.3299899380686123 0.5673138154148645 0.05
4908 0.3299899380686123 0.5673138154148645 0.1
4909 0.3299899380686123 0.5673138154148645 0.15
4910 1.669999999999683 0.5673205080756726 0.05
4911 1.669999999999683 0.5673205080756726 0.1
4912 1.669999999999683 0.5673205080756726 0.15
4913 1.290000000001232 0.6326794919226899 0.05
4914 1.290000000001232 0.6326794919226899 0.1
4915 1.290000000001232 0.6326794919226899 0.15
4916 1.090000004252967 0.6326806642025657 0.05
4917 1.090000004252967 0.6326806642025657 0.1
4918 1.090000004252967 0.6326806642025657 0.15
4919 1.130007392560637 0.6326928744196071 0.05
4920 1.130007392560637 0.6326928744196071 0.1
4921 1.130007392560637 0.6326928744196071 0.15
4922 0.2499884541245614 0.5671827740510247 0.05
4923 0.2499884541245614 0.5671827740510247 0.1
4924 0.2499884541245614 0.5671827740510247 0.15
4925 1.050000000000856 0.6326794919242837 0.05
4926 1.050000000000856 0.6326794919242837 0.1
4927 1.050000000000856 0.6326794919242837 0.15
4928 0.2695934158641696 0.6330231116614685 0.05
4929 0.2695934158641696 0.6330231116614685 0.1
4930 0.2695934158641696 0.6330231116614685 0.15
4931 0.7700041002453891 0.6326989476016232 0.05
4932 0.7700041002453891 0.6326989476016232 0.1
4933 0.7700041002453891 0.6326989476016232 0.15
4934 0.8900073925581433 0.6326928744147614 0.05
4935 0.8900073925581433 0.6326928744147614 0.1
4936 0.8900073925581433 0.6326928744147614 0.15
4937 0.810000000000483 0.6326794919242866 0.05
4938 0.810000000000483 0.6326794919242866 0.1
4939 0.810000000000483 0.6326794919242866 0.15
4940 0.8500000041782052 0.6326806640210013 0.05
4941 0.8500000041782052 0.6326806640210013 0.1
4942 0.8500000041782052 0.6326806640210013 0.15
4943 1.589999999999639 0.5673205080756534 0.05
4944 1.589999999999639 0.5673205080756534 0.1
4945 1.589999999999639 0.5673205080756534 0.15
4946 1.509999999999834 0.56732050807562 0.05
4947 1.509999999999834 0.56732050807562 0.1
4948 1.509999999999834 0.56732050807562 0.15
4949 0.3500161642252257 0.6329469614406429 0.05
4950 0.3500161642252257 0.6329469614406429 0.1
4951 0.3500161642252257 0.6329469614406429 0.15
4952 0.3099838357757364 0.6329469614406513 0.05
4953 0.3099838357757364 0.6329469614406513 0.1
4954 0.3099838357757364 0.6329469614406513 0.15
4955 0.6099999999984475 0.5673205080756373 0.05
4956 0.6099999999984475 0.5673205080756373 0.1
4957 0.6099999999984475 0.5673205080756373 0.15
4958 0.5699999999985665 0.5673205080756376 0.05
4959 0.5699999999985665 0.5673205080756376 0.1
4960 0.5699999999985665 0.5673205080756376 0.15
4961 0.5299999999986835 0.5673205080756359 0.05
4962 0.5299999999986835 0.5673205080756359 0.1
4963 0.5299999999986835 0.5673205080756359 0.15
4964 0.6499999999983307 0.5673205080756377 0.05
4965 0.6499999999983307 0.5673205080756377 0.1
4966 0.6499999999983307 0.5673205080756377 0.15
4967 0.4900014820364913 0.6326920788496209 0.05
4968 0.4900014820364913 0.6326920788496209 0.1
4969 0.4900014820364913 0.6326920788496209 0.15
4970 0.2299763882927638 0.5669340469663466 0.05
4971 0.2299763882927638 0.5669340469663466 0.1
4972 0.2299763882927638 0.5669340469663466 0.15
4973 0.1897288396339036 0.5671887035018806 0.05
4974 0.1897288396339036 0.5671887035018806 0.1
4975 0.1897288396339036 0.5671887035018806 0.15
4976 0.1798438634057863 0.5848384666381382 0.05
4977 0.1798438634057863 0.5848384666381382 0.1
4978 0.1798438634057863 0.5848384666381382 0.15
4979 1.770007392440171 0.632692841080617 0.05
4980 1.770007392440171 0.632692841080617 0.1
4981 1.770007392440171 0.632692841080617 0.15
4982 1.950087296235069 0.6330295312623314 0.05
4983 1.950087296235069 0.6330295312623314 0.1
4984 1.950087296235069 0.6330295312623314 0.15
4985 0.3903548370645952 0.6329388439832709 0.05
4986 0.3903548370645952 0.6329388439832709 0.1
4987 0.3903548370645952 0.6329388439832709 0.15
4988 0.2095620046718504 0.6327397752783607 0.05
4989 0.2095620046718504 0.6327397752783607 0.1
4990 0.2095620046718504 0.6327397752783607 0.15
4991 0.9300134900657946 0.6327005901219336 0.05
4992 0.9300134900657946 0.6327005901219336 0.1
4993 0.9300134900657946 0.6327005901219336 0.15
4994 0.9900145009588043 0.6327053093081387 0.05
4995 0.9900145009588043 0.6327053093081387 0.1
4996 0.9900145009588043 0.6327053093081387 0.15
4997 1.170013490066247 0.632700590121793 0.05
4998 1.170013490066247 0.632700590121793 0.1
4999 1.170013490066247 0.632700590121793 0.15
5000 1.230014500959164 0.632705309307855 0.05
5001 1.230014500959164 0.632705309307855 0.1
5002 1.230014500959164 0.632705309307855 0.15
5003 1.330013497248406 0.6327013021899437 0.05
5004 1.330013497248406 0.6327013021899437 0.1
5005 1.330013497248406 0.6327013021899437 0.15
5006 1.390014501068305 0.632705321593371 0.05
5007 1.390014501068305 0.632705321593371 0.1
5008 1.390014501068305 0.632705321593371 0.15
5009 0.7100103015005975 0.6327049854602085 0.05
5010 0.7100103015005975 0.6327049854602085 0.1
5011 0.7100103015005975 0.6327049854602085 0.15
5012 1.810014173435232 0.6327038025846679 0.05
5013 1.810014173435232 0.6327038025846679 0.1
5014 1.810014173435232 0.6327038025846679 0.15
5015 1.981211685225641 0.6183634071948781 0.05
5016 1.981211685225641 0.6183634071948781 0.1
5017 1.981211685225641 0.6183634071948781 0.15
5018 0.02981813030280754 0.6333667302612683 0.05
5019 0.02981813030280754 0.6333667302612683 0.1
5020 0.02981813030280754 0.6333667302612683 0.15
5021 1.968437556786047 0.5689118651070574 0.05
5022 1.968437556786047 0.5689118651070574 0.1
5023 1.968437556786047 0.5689118651070574 0.15
5024 0.01649463266837219 0.5806276488719584 0.05
5025 0.01649463266837219 0.5806276488719584 0.1
5026 0.01649463266837219 0.5806276488719584 0.15
5027 1.968401874880436 0.5885811487385639 0.05
5028 1.968401874880436 0.5885811487385639 0.1
5029 1.968401874880436 0.5885811487385639 0.15
5030 0.1352711030423843 0.6154604286906924 0.05
5031 0.1352711030423843 0.6154604286906924 0.1
5032 0.1352711030423843 0.6154604286906924 0.15
5033 0.1994243419449648 0.5834991373473453 0.05
5034 0.1994243419449648 0.5834991373473453 0.1
5035 0.1994243419449648 0.5834991373473453 0.15
5036 0.3806056812889674 0.6164894503442608 0.05
5037 0.3806056812889674 0.6164894503442608 0.1
5038 0.3806056812889674 0.6164894503442608 0.15
5039 0.3802314244043311 0.5833203448533846 0.05
5040 0.3802314244043311 0.5833203448533846 0.1
5041 0.3802314244043311 0.5833203448533846 0.15
5042 0.4002508980048634 0.5824862102842041 0.05
5043 0.4002508980048634 0.5824862102842041 0.1
5044 0.4002508980048634 0.5824862102842041 0.15
5045 0.4602821447488417 0.58214979331327 0.05
5046 0.4602821447488417 0.58214979331327 0.1
5047 0.4602821447488417 0.58214979331327 0.15
5048 0.7202283059225545 0.5822517960014314 0.05
5049 0.7202283059225545 0.5822517960014314 0.1
5050 0.7202283059225545 0.5822517960014314 0.15
5051 0.9002283059471303 0.5822442137783929 0.05
5052 0.9002283059471303 0.5822442137783929 0.1
5053 0.9002283059471303 0.5822442137783929 0.15
5054 0.9602883159229243 0.5821802293556748 0.05
5055 0.9602883159229243 0.5821802293556748 0.1
5056 0.9602883159229243 0.5821802293556748 0.15
5057 0.4301889178808913 0.5660300775914424 0.05
5058 0.4301889178808913 0.5660300775914424 0.1
5059 0.4301889178808913 0.5660300775914424 0.15
5060 1.140228305948039 0.5822442137790668 0.05
5061 1.140228305948039 0.5822442137790668 0.1
5062 1.140228305948039 0.5822442137790668 0.15
5063 0.2797600692384634 0.6167682827895787 0.05
5064 0.2797600692384634 0.6167682827895787 0.1
5065 0.2797600692384634 0.6167682827895787 0.15
5066 1.200288315923405 0.5821802293553394 0.05
5067 1.200288315923405 0.5821802293553394 0.1
5068 1.200288315923405 0.5821802293553394 0.15
5069 0.4900973337772472 0.5662448487707985 0.05
5070 0.4900973337772472 0.5662448487707985 0.1
5071 0.4900973337772472 0.5662448487707985 0.15
5072 0.2498013981228472 0.5993151766042941 0.05
5073 0.2498013981228472 0.5993151766042941 0.1
5074 0.2498013981228472 0.5993151766042941 0.15
5075 1.300228347085486 0.5822518829565555 0.05
5076 1.300228347085486 0.5822518829565555 0.1
5077 1.300228347085486 0.5822518829565555 0.15
5078 1.360288316771172 0.5821803302046149 0.05
5079 1.360288316771172 0.5821803302046149 0.1
5080 1.360288316771172 0.5821803302046149 0.15
5081 1.780228305924063 0.5822442070871522 0.05
5082 1.780228305924063 0.5822442070871522 0.1
5083 1.780228305924063 0.5822442070871522 0.15
5084 0.7500992902634397 0.5662484035128859 0.05
5085 0.7500992902634397 0.5662484035128859 0.1
5086 0.7500992902634397 0.5662484035128859 0.15
5087 0.9301879995314365 0.566030182734521 0.05
5088 0.9301879995314365 0.566030182734521 0.1
5089 0.9301879995314365 0.566030182734521 0.15
5090 0.9900994035593935 0.5662487022489265 0.05
5091 0.9900994035593935 0.5662487022489265 0.1
5092 0.9900994035593935 0.5662487022489265 0.15
5093 1.170187999531994 0.5660301827344077 0.05
5094 1.170187999531994 0.5660301827344077 0.1
5095 1.170187999531994 0.5660301827344077 0.15
5096 1.230099403559928 0.5662487022487858 0.05
5097 1.230099403559928 0.5662487022487858 0.1
5098 1.230099403559928 0.5662487022487858 0.15
5099 1.33018800149117 0.5660304604456387 0.05
5100 1.33018800149117 0.5660304604456387 0.1
5101 1.33018800149117 0.5660304604456387 0.15
5102 1.390099403594617 0.5662487062428014 0.05
5103 1.390099403594617 0.5662487062428014 0.1
5104 1.390099403594617 0.5662487062428014 0.15
5105 1.810099290264626 0.5662481295110827 0.05
5106 1.810099290264626 0.5662481295110827 0.1
5107 1.810099290264626 0.5662481295110827 0.15
5108 0.360149022279594 0.6171380740030492 0.05
5109 0.360149022279594 0.6171380740030492 0.1
5110 0.360149022279594 0.6171380740030492 0.15
5111 0.3400275310840617 0.6173346806496552 0.05
5112 0.3400275310840617 0.6173346806496552 0.1
5113 0.3400275310840617 0.6173346806496552 0.15
5114 0.3200000000005539 0.6173205080760438 0.05
5115 0.3200000000005539 0.6173205080760438 0.1
5116 0.3200000000005539 0.6173205080760438 0.15
5117 0.2998812524683591 0.6172080908610394 0.05
5118 0.2998812524683591 0.6172080908610394 0.1
5119 0.2998812524683591 0.6172080908610394 0.15
5120 0.5199999999987153 0.5826794919238402 0.05
5121 0.5199999999987153 0.5826794919238402 0.1
5122 0.5199999999987153 0.5826794919238402 0.15
5123 0.2197935540370502 0.5828989795539321 0.05
5124 0.2197935540370502 0.5828989795539321 0.1
5125 0.2197935540370502 0.5828989795539321 0.15
5126 0.5399999999986534 0.5826794919238036 0.05
5127 0.5399999999986534 0.5826794919238036 0.1
5128 0.5399999999986534 0.5826794919238036 0.15
5129 0.5599999999985957 0.5826794919237696 0.05
5130 0.5599999999985957 0.5826794919237696 0.1
5131 0.5599999999985957 0.5826794919237696 0.15
5132 0.5799999999985369 0.5826794919237361 0.05
5133 0.5799999999985369 0.5826794919237361 0.1
5134 0.5799999999985369 0.5826794919237361 0.15
5135 0.5999999999984764 0.5826794919237015 0.05
5136 0.5999999999984764 0.5826794919237015 0.1
5137 0.5999999999984764 0.5826794919237015 0.15
5138 0.6199999999984194 0.5826794919236693 0.05
5139 0.6199999999984194 0.5826794919236693 0.1
5140 0.6199999999984194 0.5826794919236693 0.15
5141 0.6399999999983592 0.5826794919236348 0.05
5142 0.6399999999983592 0.5826794919236348 0.1
5143 0.6399999999983592 0.5826794919236348 0.15
5144 0.6599999999983012 0.5826794919236016 0.05
5145 0.6599999999983012 0.5826794919236016 0.1
5146 0.6599999999983012 0.5826794919236016 0.15
5147 0.6799999999982159 0.5826794919235689 0.05
5148 0.6799999999982159 0.5826794919235689 0.1
5149 0.6799999999982159 0.5826794919235689 0.15
5150 0.7001167815374686 0.5825194737884589 0.05
5151 0.7001167815374686 0.5825194737884589 0.1
5152 0.7001167815374686 0.5825194737884589 0.15
5153 0.7799999999998884 0.5826794919244841 0.05
5154 0.7799999999998884 0.5826794919244841 0.1
5155 0.7799999999998884 0.5826794919244841 0.15
5156 0.7999999999999212 0.5826794919244552 0.05
5157 0.7999999999999212 0.5826794919244552 0.1
5158 0.7999999999999212 0.5826794919244552 0.15
5159 0.8199999999999622 0.5826794919244377 0.05
5160 0.8199999999999622 0.5826794919244377 0.1
5161 0.8199999999999622 0.5826794919244377 0.15
5162 0.8399999999999997 0.5826794919244102 0.05
5163 0.8399999999999997 0.5826794919244102 0.1
5164 0.8399999999999997 0.5826794919244102 0.15
5165 0.8600000000000338 0.582679491924382 0.05
5166 0.8600000000000338 0.582679491924382 0.1
5167 0.8600000000000338 0.582679491924382 0.15
5168 0.880116781558812 0.582482305168093 0.05
5169 0.880116781558812 0.582482305168093 0.1
5170 0.880116781558812 0.582482305168093 0.15
5171 1.019999999999003 0.5826794919233037 0.05
5172 1.019999999999003 0.5826794919233037 0.1
5173 1.019999999999003 0.5826794919233037 0.15
5174 1.039999999999081 0.5826794919233023 0.05
5175 1.039999999999081 0.5826794919233023 0.1
5176 1.039999999999081 0.5826794919233023 0.15
5177 1.059999999999075 0.5826794919232634 0.05
5178 1.059999999999075 0.5826794919232634 0.1
5179 1.059999999999075 0.5826794919232634 0.15
5180 1.079999999999782 0.5826794919236589 0.05
5181 1.079999999999782 0.5826794919236589 0.1
5182 1.079999999999782 0.5826794919236589 0.15
5183 1.120116781559649 0.5824823051686516 0.05
5184 1.120116781559649 0.5824823051686516 0.1
5185 1.120116781559649 0.5824823051686516 0.15
5186 1.100000000000442 0.5826794919240427 0.05
5187 1.100000000000442 0.5826794919240427 0.1
5188 1.100000000000442 0.5826794919240427 0.15
5189 1.260003363429321 0.5826745216673983 0.05
5190 1.260003363429321 0.5826745216673983 0.1
5191 1.260003363429321 0.5826745216673983 0.15
5192 1.280117435203685 0.582518858400737 0.05
5193 1.280117435203685 0.582518858400737 0.1
5194 1.280117435203685 0.582518858400737 0.15
5195 1.939213579853218 0.5823184692824119 0.05
5196 1.939213579853218 0.5823184692824119 0.1
5197 1.939213579853218 0.5823184692824119 0.15
5198 1.419999999999976 0.5826794919228858 0.05
5199 1.419999999999976 0.5826794919228858 0.1
5200 1.419999999999976 0.5826794919228858 0.15
5201 1.920000000000377 0.5826794919231379 0.05
5202 1.920000000000377 0.5826794919231379 0.1
5203 1.920000000000377 0.5826794919231379 0.15
5204 1.439999999999979 0.5826794919228631 0.05
5205 1.439999999999979 0.5826794919228631 0.1
5206 1.439999999999979 0.5826794919228631 0.15
5207 1.459999999999954 0.5826794919228317 0.05
5208 1.459999999999954 0.5826794919228317 0.1
5209 1.459999999999954 0.5826794919228317 0.15
5210 1.900000000000294 0.5826794919230879 0.05
5211 1.900000000000294 0.5826794919230879 0.1
5212 1.900000000000294 0.5826794919230879 0.15
5213 1.479999999999929 0.5826794919227888 0.05
5214 1.479999999999929 0.5826794919227888 0.1
5215 1.479999999999929 0.5826794919227888 0.15
5216 1.499999999999884 0.5826794919227467 0.05
5217 1.499999999999884 0.5826794919227467 0.1
5218 1.499999999999884 0.5826794919227467 0.15
5219 1.519999999999892 0.5826794919227605 0.05
5220 1.519999999999892 0.5826794919227605 0.1
5221 1.519999999999892 0.5826794919227605 0.15
5222 1.539999999999848 0.5826794919227601 0.05
5223 1.539999999999848 0.5826794919227601 0.1
5224 1.539999999999848 0.5826794919227601 0.15
5225 1.880000000000418 0.5826794919231975 0.05
5226 1.880000000000418 0.5826794919231975 0.1
5227 1.880000000000418 0.5826794919231975 0.15
5228 1.839999999999685 0.5826794919227614 0.05
5229 1.839999999999685 0.5826794919227614 0.1
5230 1.839999999999685 0.5826794919227614 0.15
5231 1.860000000000416 0.5826794919232161 0.05
5232 1.860000000000416 0.5826794919232161 0.1
5233 1.860000000000416 0.5826794919232161 0.15
5234 1.559999999999801 0.5826794919227383 0.05
5235 1.559999999999801 0.5826794919227383 0.1
5236 1.559999999999801 0.5826794919227383 0.15
5237 1.760116781539095 0.5824822994009061 0.05
5238 1.760116781539095 0.5824822994009061 0.1
5239 1.760116781539095 0.5824822994009061 0.15
5240 1.579999999999813 0.5826794919227332 0.05
5241 1.579999999999813 0.5826794919227332 0.1
5242 1.579999999999813 0.5826794919227332 0.15
5243 1.740000000000887 0.5826794919233963 0.05
5244 1.740000000000887 0.5826794919233963 0.1
5245 1.740000000000887 0.5826794919233963 0.15
5246 1.599999999999788 0.5826794919227061 0.05
5247 1.599999999999788 0.5826794919227061 0.1
5248 1.599999999999788 0.5826794919227061 0.15
5249 1.720000000000277 0.5826794919229814 0.05
5250 1.720000000000277 0.5826794919229814 0.1
5251 1.720000000000277 0.5826794919229814 0.15
5252 1.699999999999933 0.5826794919227425 0.05
5253 1.699999999999933 0.5826794919227425 0.1
5254 1.699999999999933 0.5826794919227425 0.15
5255 1.619999999999808 0.5826794919227015 0.05
5256 1.619999999999808 0.5826794919227015 0.1
5257 1.619999999999808 0.5826794919227015 0.15
5258 1.680000000000339 0.5826794919230051 0.05
5259 1.680000000000339 0.5826794919230051 0.1
5260 1.680000000000339 0.5826794919230051 0.15
5261 1.660000000000203 0.5826794919229243 0.05
5262 1.660000000000203 0.5826794919229243 0.1
5263 1.660000000000203 0.5826794919229243 0.15
5264 1.639999999999946 0.5826794919227731 0.05
5265 1.639999999999946 0.5826794919227731 0.1
5266 1.639999999999946 0.5826794919227731 0.15
5267 0.2698248174910435 0.6001106491078625 0.05
5268 0.2698248174910435 0.6001106491078625 0.1
5269 0.2698248174910435 0.6001106491078625 0.15
5270 0.2399999999994968 0.5826760614174865 0.05
5271 0.2399999999994968 0.5826760614174865 0.1
5272 0.2399999999994968 0.5826760614174865 0.15
5273 0.4403364244155511 0.5822245647835126 0.05
5274 0.4403364244155511 0.5822245647835126 0.1
5275 0.4403364244155511 0.5822245647835126 0.15
5276 0.4999999999998228 0.5826829224312373 0.05
5277 0.4999999999998228 0.5826829224312373 0.1
5278 0.4999999999998228 0.5826829224312373 0.15
5279 0.4101735112625538 0.5661641044341851 0.05
5280 0.4101735112625538 0.5661641044341851 0.1
5281 0.4101735112625538 0.5661641044341851 0.15
5282 0.7599999999998546 0.5826829224309249 0.05
5283 0.7599999999998546 0.5826829224309249 0.1
5284 0.7599999999998546 0.5826829224309249 0.15
5285 0.9403245694182387 0.5822273101999945 0.05
5286 0.9403245694182387 0.5822273101999945 0.1
5287 0.9403245694182387 0.5822273101999945 0.15
5288 1.000000000000292 0.5826829224307091 0.05
5289 1.000000000000292 0.5826829224307091 0.1
5290 1.000000000000292 0.5826829224307091 0.15
5291 0.4702492894647457 0.5660862626864107 0.05
5292 0.4702492894647457 0.5660862626864107 0.1
5293 0.4702492894647457 0.5660862626864107 0.15
5294 1.180324569418785 0.582227310199797 0.05
5295 1.180324569418785 0.582227310199797 0.1
5296 1.180324569418785 0.582227310199797 0.15
5297 1.240000000000624 0.5826829224304715 0.05
5298 1.240000000000624 0.5826829224304715 0.1
5299 1.240000000000624 0.5826829224304715 0.15
5300 0.7301855715088431 0.5661879044207815 0.05
5301 0.7301855715088431 0.5661879044207815 0.1
5302 0.7301855715088431 0.5661879044207815 0.15
5303 1.340324575001415 0.5822280473937871 0.05
5304 1.340324575001415 0.5822280473937871 0.1
5305 1.340324575001415 0.5822280473937871 0.15
5306 0.9102003563925585 0.5661499969453456 0.05
5307 0.9102003563925585 0.5661499969453456 0.1
5308 0.9102003563925585 0.5661499969453456 0.15
5309 1.400000000000819 0.5826829224302864 0.05
5310 1.400000000000819 0.5826829224302864 0.1
5311 1.400000000000819 0.5826829224302864 0.15
5312 0.9702527327394768 0.5660958310847399 0.05
5313 0.9702527327394768 0.5660958310847399 0.1
5314 0.9702527327394768 0.5660958310847399 0.15
5315 1.820000000000439 0.5826829224300952 0.05
5316 1.820000000000439 0.5826829224300952 0.1
5317 1.820000000000439 0.5826829224300952 0.15
5318 1.150200356393198 0.5661499969454142 0.05
5319 1.150200356393198 0.5661499969454142 0.1
5320 1.150200356393198 0.5661499969454142 0.15
5321 1.210252732740019 0.5660958310845723 0.05
5322 1.210252732740019 0.5660958310845723 0.1
5323 1.210252732740019 0.5660958310845723 0.15
5324 1.310200365535039 0.5661515991381584 0.05
5325 1.310200365535039 0.5661515991381584 0.1
5326 1.310200365535039 0.5661515991381584 0.15
5327 1.370252732921685 0.5660958525525162 0.05
5328 1.370252732921685 0.5660958525525162 0.1
5329 1.370252732921685 0.5660958525525162 0.15
5330 1.790185571510217 0.5661863199331971 0.05
5331 1.790185571510217 0.5661863199331971 0.1
5332 1.790185571510217 0.5661863199331971 0.15
5333 0.1907791077778119 0.6006009015654117 0.05
5334 0.1907791077778119 0.6006009015654117 0.1
5335 0.1907791077778119 0.6006009015654117 0.15
5336 0.1286834073714659 0.5658099309430585 0.05
5337 0.1286834073714659 0.5658099309430585 0.1
5338 0.1286834073714659 0.5658099309430585 0.15
5339 0.08974149240315192 0.5634992233716563 0.05
5340 0.08974149240315192 0.5634992233716563 0.1
5341 0.08974149240315192 0.5634992233716563 0.15
5342 0.05055287520853663 0.5632372748694351 0.05
5343 0.05055287520853663 0.5632372748694351 0.1
5344 0.05055287520853663 0.5632372748694351 0.15
5345 0.1839925697724692 0.6149496968009981 0.05
5346 0.1839925697724692 0.6149496968009981 0.1
5347 0.1839925697724692 0.6149496968009981 0.15
5348 0.05397114317036473 0.6165192378864255 0.05
5349 0.05397114317036473 0.6165192378864255 0.1
5350 0.05397114317036473 0.6165192378864255 0.15
5351 0.1194503828056846 0.6195194966516544 0.05
5352 0.1194503828056846 0.6195194966516544 0.1
5353 0.1194503828056846 0.6195194966516544 0.15
5354 0.08351879443423131 0.6173654646737912 0.05
5355 0.08351879443423131 0.6173654646737912 0.1
5356 0.08351879443423131 0.6173654646737912 0.15
5357 0.1516932395957066 0.5659846318450055 0.05
5358 0.1516932395957066 0.5659846318450055 0.1
5359 0.1516932395957066 0.5659846318450055 0.15
5360 0.01464101615136229 0.5646410161513409 0.05
5361 0.01464101615136229 0.5646410161513409 0.1
5362 0.01464101615136229 0.5646410161513409 0.15
5363 0.01464101615139668 0.6353589838486455 0.05
5364 0.01464101615139668 0.6353589838486455 0.1
5365 0.01464101615139668 0.6353589838486455 0.15
5366 1.985358983848902 0.635358983848767 0.05
5367 1.985358983848902 0.635358983848767 0.1
5368 1.985358983848902 0.635358983848767 0.15
5369 1.985358983848752 0.564641016151197 0.05
5370 1.985358983848752 0.564641016151197 0.1
5371 1.985358983848752 0.564641016151197 0.15
5372 0.1697992526414196 0.6381351132486969 0.05
5373 0.1697992526414196 0.6381351132486969 0.1
5374 0.1697992526414196 0.6381351132486969 0.15
5375 1.955308415872149 0.5808616267013339 0.05
5376 1.955308415872149 0.5808616267013339 0.1
5377 1.955308415872149 0.5808616267013339 0.15
5378 1.969074376548975 0.6042053415560659 0.05
5379 1.969074376548975 0.6042053415560659 0.1
5380 1.969074376548975 0.6042053415560659 0.15
5381 0.4826843424452169 0.7800033775761741 0.05
5382 0.4826843424452169 0.7800033775761741 0.1
5383 0.4826843424452169 0.7800033775761741 0.15
5384 0.2851635856775747 0.8632091349427423 0.05
5385 0.2851635856775747 0.8632091349427423 0.1
5386 0.2851635856775747 0.8632091349427423 0.15
5387 0.3497324424813659 0.6680137581207403 0.05
5388 0.3497324424813659 0.6680137581207403 0.1
5389 0.3497324424813659 0.6680137581207403 0.15
5390 0.3308949650545921 0.9018125608758227 0.05
5391 0.3308949650545921 0.9018125608758227 0.1
5392 0.3308949650545921 0.9018125608758227 0.15
5393 0.2899439451886992 0.6664263179037836 0.05
5394 0.2899439451886992 0.6664263179037836 0.1
5395 0.2899439451886992 0.6664263179037836 0.15
5396 0.4826203409803089 0.8392407506517969 0.05
5397 0.4826203409803089 0.8392407506517969 0.1
5398 0.4826203409803089 0.8392407506517969 0.15
5399 0.2377180691825588 0.8273070711600728 0.05
5400 0.2377180691825588 0.8273070711600728 0.1
5401 0.2377180691825588 0.8273070711600728 0.15
5402 0.2305343069340474 0.6670079100000008 0.05
5403 0.2305343069340474 0.6670079100000008 0.1
5404 0.2305343069340474 0.6670079100000008 0.15
5405 0.4099999999999304 0.6673205080755686 0.05
5406 0.4099999999999304 0.6673205080755686 0.1
5407 0.4099999999999304 0.6673205080755686 0.15
5408 0.485522605695043 0.8976932498873766 0.05
5409 0.485522605695043 0.8976932498873766 0.1
5410 0.485522605695043 0.8976932498873766 0.15
5411 0.1862744754084765 0.7978051748425882 0.05
5412 0.1862744754084765 0.7978051748425882 0.1
5413 0.1862744754084765 0.7978051748425882 0.15
5414 0.1717427957883861 0.6673848253071746 0.05
5415 0.1717427957883861 0.6673848253071746 0.1
5416 0.1717427957883861 0.6673848253071746 0.15
5417 0.3702322668198093 0.9464622142058627 0.05
5418 0.3702322668198093 0.9464622142058627 0.1
5419 0.3702322668198093 0.9464622142058627 0.15
5420 0.1106240925016993 0.763359855980677 0.05
5421 0.1106240925016993 0.763359855980677 0.1
5422 0.1106240925016993 0.763359855980677 0.15
5423 0.4800861714677195 0.9599066940846496 0.05
5424 0.4800861714677195 0.9599066940846496 0.1
5425 0.4800861714677195 0.9599066940846496 0.15
5426 0.4826794919242661 0.7200000000001782 0.05
5427 0.4826794919242661 0.7200000000001782 0.1
5428 0.4826794919242661 0.7200000000001782 0.15
5429 0.09092147976354839 0.6672587099419538 0.05
5430 0.09092147976354839 0.6672587099419538 0.1
5431 0.09092147976354839 0.6672587099419538 0.15
5432 0.1477612685144364 0.7784445621096711 0.05
5433 0.1477612685144364 0.7784445621096711 0.1
5434 0.1477612685144364 0.7784445621096711 0.15
5435 0.3965840123755121 0.9805556490881641 0.05
5436 0.3965840123755121 0.9805556490881641 0.1
5437 0.3965840123755121 0.9805556490881641 0.15
5438 0.0552167925047927 0.7450095378476154 0.05
5439 0.0552167925047927 0.7450095378476154 0.1
5440 0.0552167925047927 0.7450095378476154 0.15
5441 0.130000000000541 0.6673205080757608 0.05
5442 0.130000000000541 0.6673205080757608 0.1
5443 0.130000000000541 0.6673205080757608 0.15
5444 0.4186733013262699 1.014293921617335 0.05
5445 0.4186733013262699 1.014293921617335 0.1
5446 0.4186733013262699 1.014293921617335 0.15
5447 0.0492697139302778 0.6656272221414515 0.05
5448 0.0492697139302778 0.6656272221414515 0.1
5449 0.0492697139302778 0.6656272221414515 0.15
5450 0.4517391174382043 0.6679362281950352 0.05
5451 0.4517391174382043 0.6679362281950352 0.1
5452 0.4517391174382043 0.6679362281950352 0.15
5453 0.4834542115143488 1.001193941298255 0.05
5454 0.4834542115143488 1.001193941298255 0.1
5455 0.4834542115143488 1.001193941298255 0.15
5456 0.439874923728773 1.048595850672641 0.05
5457 0.439874923728773 1.048595850672641 0.1
5458 0.439874923728773 1.048595850672641 0.15
5459 0.01639288865150289 0.7001626760556496 0.05
5460 0.01639288865150289 0.7001626760556496 0.1
5461 0.01639288865150289 0.7001626760556496 0.15
5462 0.4826794919243531 1.06000000000064 0.05
5463 0.4826794919243531 1.06000000000064 0.1
5464 0.4826794919243531 1.06000000000064 0.15
5465 0.4677607395907059 1.10563063235402 0.05
5466 0.4677607395907059 1.10563063235402 0.1
5467 0.4677607395907059 1.10563063235402 0.15
5468 0.4830645760211734 0.680084768375812 0.05
5469 0.4830645760211734 0.680084768375812 0.1
5470 0.4830645760211734 0.680084768375812 0.15
5471 0.4836781999253268 1.119099140817081 0.05
5472 0.4836781999253268 1.119099140817081 0.1
5473 0.4836781999253268 1.119099140817081 0.15
5474 0.3005320974293932 0.8761075967562642 0.05
5475 0.3005320974293932 0.8761075967562642 0.1
5476 0.3005320974293932 0.8761075967562642 0.15
5477 0.3037335651303092 0.8562759396506469 0.05
5478 0.3037335651303092 0.8562759396506469 0.1
5479 0.3037335651303092 0.8562759396506469 0.15
5480 0.2883452070845001 0.8436074772098969 0.05
5481 0.2883452070845001 0.8436074772098969 0.1
5482 0.2883452070845001 0.8436074772098969 0.15
5483 0.3068654743472197 0.8367610381081364 0.05
5484 0.3068654743472197 0.8367610381081364 0.1
5485 0.3068654743472197 0.8367610381081364 0.15
5486 0.3222115634658048 0.8492365189574742 0.05
5487 0.3222115634658048 0.8492365189574742 0.1
5488 0.3222115634658048 0.8492365189574742 0.15
5489 0.3253319698438276 0.8296972850165718 0.05
5490 0.3253319698438276 0.8296972850165718 0.1
5491 0.3253319698438276 0.8296972850165718 0.15
5492 0.3100157101175613 0.8172300107858207 0.05
5493 0.3100157101175613 0.8172300107858207 0.1
5494 0.3100157101175613 0.8172300107858207 0.15
5495 0.3284673082117889 0.8101455945106044 0.05
5496 0.3284673082117889 0.8101455945106044 0.1
5497 0.3284673082117889 0.8101455945106044 0.15
5498 0.3406807979043355 0.8421889841089195 0.05
5499 0.3406807979043355 0.8421889841089195 0.1
5500 0.3406807979043355 0.8421889841089195 0.15
5501 0.3130731746985897 0.7976626279407398 0.05
5502 0.3130731746985897 0.7976626279407398 0.1
5503 0.3130731746985897 0.7976626279407398 0.15
5504 0.331594942025801 0.7905708831911809 0.05
5505 0.331594942025801 0.7905708831911809 0.1
5506 0.331594942025801 0.7905708831911809 0.15
5507 0.3161773976347476 0.7780653589455679 0.05
5508 0.3161773976347476 0.7780653589455679 0.1
5509 0.3161773976347476 0.7780653589455679 0.15
5510 0.3347223000348349 0.7709718068742526 0.05
5511 0.3347223000348349 0.7709718068742526 0.1
5512 0.3347223000348349 0.7709718068742526 0.15
5513 0.3501424900564654 0.7835038803439591 0.05
5514 0.3501424900564654 0.7835038803439591 0.1
5515 0.3501424900564654 0.7835038803439591 0.15
5516 0.3532772907895292 0.763873749934973 0.05
5517 0.3532772907895292 0.763873749934973 0.1
5518 0.3532772907895292 0.763873749934973 0.15
5519 0.3687120877167287 0.7764233342755593 0.05
5520 0.3687120877167287 0.7764233342755593 0.1
5521 0.3687120877167287 0.7764233342755593 0.15
5522 0.3718534176840356 0.7567766799889362 0.05
5523 0.3718534176840356 0.7567766799889362 0.1
5524 0.3718534176840356 0.7567766799889362 0.15
5525 0.3872947723262826 0.7693134127059214 0.05
5526 0.3872947723262826 0.7693134127059214 0.1
5527 0.3872947723262826 0.7693134127059214 0.15
5528 0.3841510304148203 0.7889817239095505 0.05
5529 0.3841510304148203 0.7889817239095505 0.1
5530 0.3841510304148203 0.7889817239095505 0.15
5531 0.3193017463076253 0.7584584813220936 0.05
5532 0.3193017463076253 0.7584584813220936 0.1
5533 0.3193017463076253 0.7584584813220936 0.15
5534 0.3007492335740269 0.7655583028046974 0.05
5535 0.3007492335740269 0.7655583028046974 0.1
5536 0.3007492335740269 0.7655583028046974 0.15
5537 0.3904369402400936 0.749653132282354 0.05
5538 0.3904369402400936 0.749653132282354 0.1
5539 0.3904369402400936 0.749653132282354 0.15
5540 0.3038728311682744 0.7459457917463527 0.05
5541 0.3038728311682744 0.7459457917463527 0.1
5542 0.3038728311682744 0.7459457917463527 0.15
5543 0.2853229689948126 0.7530565087809871 0.05
5544 0.2853229689948126 0.7530565087809871 0.1
5545 0.2853229689948126 0.7530565087809871 0.15
5546 0.4027373547750515 0.7818616975497827 0.05
5547 0.4027373547750515 0.7818616975497827 0.1
5548 0.4027373547750515 0.7818616975497827 0.15
5549 0.3995917964954448 0.8015282996552774 0.05
5550 0.3995917964954448 0.8015282996552774 0.1
5551 0.3995917964954448 0.8015282996552774 0.15
5552 0.3564348110930221 0.7442491292595803 0.05
5553 0.3564348110930221 0.7442491292595803 0.1
5554 0.3564348110930221 0.7442491292595803 0.15
5555 0.2821928410311741 0.7726576737813172 0.05
5556 0.2821928410311741 0.7726576737813172 0.1
5557 0.2821928410311741 0.7726576737813172 0.15
5558 0.2667810869777411 0.7601634187278634 0.05
5559 0.2667810869777411 0.7601634187278634 0.1
5560 0.2667810869777411 0.7601634187278634 0.15
5561 0.2699106008451743 0.7406052195582113 0.05
5562 0.2699106008451743 0.7406052195582113 0.1
5563 0.2699106008451743 0.7406052195582113 0.15
5564 0.2513610301133161 0.7476828591725304 0.05
5565 0.2513610301133161 0.7476828591725304 0.1
5566 0.2513610301133161 0.7476828591725304 0.15
5567 0.4178143370992842 0.7948845683431927 0.05
5568 0.4178143370992842 0.7948845683431927 0.1
5569 0.4178143370992842 0.7948845683431927 0.15
5570 0.4149680624640045 0.8141569266719819 0.05
5571 0.4149680624640045 0.8141569266719819 0.1
5572 0.4149680624640045 0.8141569266719819 0.15
5573 0.4208827375756511 0.775218523705833 0.05
5574 0.4208827375756511 0.775218523705833 0.1
5575 0.4208827375756511 0.775218523705833 0.15
5576 0.248252330574198 0.7672718225662998 0.05
5577 0.248252330574198 0.7672718225662998 0.1
5578 0.248252330574198 0.7672718225662998 0.15
5579 0.2328363557225969 0.7547965182273397 0.05
5580 0.2328363557225969 0.7547965182273397 0.1
5581 0.2328363557225969 0.7547965182273397 0.15
5582 0.2359323648253351 0.7351879896282434 0.05
5583 0.2359323648253351 0.7351879896282434 0.1
5584 0.2359323648253351 0.7351879896282434 0.15
5585 0.2173994717659349 0.742311637046199 0.05
5586 0.2173994717659349 0.742311637046199 0.1
5587 0.2173994717659349 0.742311637046199 0.15
5588 0.3964308910672752 0.8211959912607295 0.05
5589 0.3964308910672752 0.8211959912607295 0.1
5590 0.3964308910672752 0.8211959912607295 0.15
5591 0.4118575980089241 0.8337465233017243 0.05
5592 0.4118575980089241 0.8337465233017243 0.1
5593 0.4118575980089241 0.8337465233017243 0.15
5594 0.3932487774118767 0.8407913906874379 0.05
5595 0.3932487774118767 0.8407913906874379 0.1
5596 0.3932487774118767 0.8407913906874379 0.15
5597 0.4087228423336589 0.8533750478302218 0.05
5598 0.4087228423336589 0.8533750478302218 0.1
5599 0.4087228423336589 0.8533750478302218 0.15
5600 0.3900742013970594 0.8603475986063908 0.05
5601 0.3900742013970594 0.8603475986063908 0.1
5602 0.3900742013970594 0.8603475986063908 0.15
5603 0.4055584232575167 0.8729912470484744 0.05
5604 0.4055584232575167 0.8729912470484744 0.1
5605 0.4055584232575167 0.8729912470484744 0.15
5606 0.4241453386592032 0.865915043027398 0.05
5607 0.4241453386592032 0.865915043027398 0.1
5608 0.4241453386592032 0.865915043027398 0.15
5609 0.4209893376307515 0.8855587709562488 0.05
5610 0.4209893376307515 0.8855587709562488 0.1
5611 0.4209893376307515 0.8855587709562488 0.15
5612 0.3870060113775263 0.8800773687131112 0.05
5613 0.3870060113775263 0.8800773687131112 0.1
5614 0.3870060113775263 0.8800773687131112 0.15
5615 0.4330354435526014 0.8074367833895753 0.05
5616 0.4330354435526014 0.8074367833895753 0.1
5617 0.4330354435526014 0.8074367833895753 0.15
5618 0.2204954208255825 0.7226980336095408 0.05
5619 0.2204954208255825 0.7226980336095408 0.1
5620 0.2204954208255825 0.7226980336095408 0.15
5621 0.2019448595284379 0.7298240385784152 0.05
5622 0.2019448595284379 0.7298240385784152 0.1
5623 0.2019448595284379 0.7298240385784152 0.15
5624 0.2393845077850128 0.7153334094302106 0.05
5625 0.2393845077850128 0.7153334094302106 0.1
5626 0.2393845077850128 0.7153334094302106 0.15
5627 0.2050510907695708 0.7101944548883239 0.05
5628 0.2050510907695708 0.7101944548883239 0.1
5629 0.2050510907695708 0.7101944548883239 0.15
5630 0.1865029059383854 0.7173329090896039 0.05
5631 0.1865029059383854 0.7173329090896039 0.1
5632 0.1865029059383854 0.7173329090896039 0.15
5633 0.1834008031163143 0.7369511429528189 0.05
5634 0.1834008031163143 0.7369511429528189 0.1
5635 0.1834008031163143 0.7369511429528189 0.15
5636 0.167962658942677 0.7244709597157751 0.05
5637 0.167962658942677 0.7244709597157751 0.1
5638 0.167962658942677 0.7244709597157751 0.15
5639 0.2297474372320547 0.7743819195347121 0.05
5640 0.2297474372320547 0.7743819195347121 0.1
5641 0.2297474372320547 0.7743819195347121 0.15
5642 0.4395799717996006 0.8784693606348328 0.05
5643 0.4395799717996006 0.8784693606348328 0.1
5644 0.4395799717996006 0.8784693606348328 0.15
5645 0.4364116188944927 0.8981092496367895 0.05
5646 0.4364116188944927 0.8981092496367895 0.1
5647 0.4364116188944927 0.8981092496367895 0.15
5648 0.4178356169271502 0.9051947770720874 0.05
5649 0.4178356169271502 0.9051947770720874 0.1
5650 0.4178356169271502 0.9051947770720874 0.15
5651 0.4332455478112535 0.9177404249525056 0.05
5652 0.4332455478112535 0.9177404249525056 0.1
5653 0.4332455478112535 0.9177404249525056 0.15
5654 0.4149819523318666 0.924435890094892 0.05
5655 0.4149819523318666 0.924435890094892 0.1
5656 0.4149819523318666 0.924435890094892 0.15
5657 0.4301332521463803 0.9373075676082303 0.05
5658 0.4301332521463803 0.9373075676082303 0.1
5659 0.4301332521463803 0.9373075676082303 0.15
5660 0.4486694874093373 0.9302791405745016 0.05
5661 0.4486694874093373 0.9302791405745016 0.1
5662 0.4486694874093373 0.9302791405745016 0.15
5663 0.4455011705784616 0.9499228658337141 0.05
5664 0.4455011705784616 0.9499228658337141 0.1
5665 0.4455011705784616 0.9499228658337141 0.15
5666 0.4427411431379344 0.8588164627544704 0.05
5667 0.4427411431379344 0.8588164627544704 0.1
5668 0.4427411431379344 0.8588164627544704 0.15
5669 0.3375641770587454 0.8617255120817906 0.05
5670 0.3375641770587454 0.8617255120817906 0.1
5671 0.3375641770587454 0.8617255120817906 0.15
5672 0.2451410075045364 0.786841572690415 0.05
5673 0.2451410075045364 0.786841572690415 0.1
5674 0.2451410075045364 0.786841572690415 0.15
5675 0.3999084392796475 0.9116541533255278 0.05
5676 0.3999084392796475 0.9116541533255278 0.1
5677 0.3999084392796475 0.9116541533255278 0.15
5678 0.2945418605205233 0.8046890779628328 0.05
5679 0.2945418605205233 0.8046890779628328 0.1
5680 0.2945418605205233 0.8046890779628328 0.15
5681 0.3777867079779381 0.8282093387784235 0.05
5682 0.3777867079779381 0.8282093387784235 0.1
5683 0.3777867079779381 0.8282093387784235 0.15
5684 0.3224263477226766 0.7388287319205233 0.05
5685 0.3224263477226766 0.7388287319205233 0.1
5686 0.3224263477226766 0.7388287319205233 0.15
5687 0.3069857353721783 0.7263008081734049 0.05
5688 0.3069857353721783 0.7263008081734049 0.1
5689 0.3069857353721783 0.7263008081734049 0.15
5690 0.3255635539807534 0.7191761424953127 0.05
5691 0.3255635539807534 0.7191761424953127 0.1
5692 0.3255635539807534 0.7191761424953127 0.15
5693 0.3103285631431646 0.706670472582649 0.05
5694 0.3103285631431646 0.706670472582649 0.1
5695 0.3103285631431646 0.706670472582649 0.15
5696 0.2931462567526955 0.7139608477630059 0.05
5697 0.2931462567526955 0.7139608477630059 0.1
5698 0.2931462567526955 0.7139608477630059 0.15
5699 0.4581423980132461 0.8712518107823271 0.05
5700 0.4581423980132461 0.8712518107823271 0.1
5701 0.4581423980132461 0.8712518107823271 0.15
5702 0.2260596628271198 0.7944592539807905 0.05
5703 0.2260596628271198 0.7944592539807905 0.1
5704 0.2260596628271198 0.7944592539807905 0.15
5705 0.4115804172101302 0.9434279799480791 0.05
5706 0.4115804172101302 0.9434279799480791 0.1
5707 0.4115804172101302 0.9434279799480791 0.15
5708 0.1648803763769278 0.7440759320160084 0.05
5709 0.1648803763769278 0.7440759320160084 0.1
5710 0.1648803763769278 0.7440759320160084 0.15
5711 0.1498467779463564 0.7311067733836968 0.05
5712 0.1498467779463564 0.7311067733836968 0.1
5713 0.1498467779463564 0.7311067733836968 0.15
5714 0.152594035580786 0.7119099947611622 0.05
5715 0.152594035580786 0.7119099947611622 0.1
5716 0.152594035580786 0.7119099947611622 0.15
5717 0.1344761322328947 0.7185402291315361 0.05
5718 0.1344761322328947 0.7185402291315361 0.1
5719 0.1344761322328947 0.7185402291315361 0.15
5720 0.1809437179385488 0.7563967682874244 0.05
5721 0.1809437179385488 0.7563967682874244 0.1
5722 0.1809437179385488 0.7563967682874244 0.15
5723 0.3287060025748005 0.6995084666632198 0.05
5724 0.3287060025748005 0.6995084666632198 0.1
5725 0.3287060025748005 0.6995084666632198 0.15
5726 0.3441821012128548 0.7120633412373545 0.05
5727 0.3441821012128548 0.7120633412373545 0.1
5728 0.3441821012128548 0.7120633412373545 0.15
5729 0.1896473145461713 0.6978205727608717 0.05
5730 0.1896473145461713 0.6978205727608717 0.1
5731 0.1896473145461713 0.6978205727608717 0.15
5732 0.3560463268795774 0.8546700448059583 0.05
5733 0.3560463268795774 0.8546700448059583 0.1
5734 0.3560463268795774 0.8546700448059583 0.15
5735 0.3528788979896084 0.8741089712996384 0.05
5736 0.3528788979896084 0.8741089712996384 0.1
5737 0.3528788979896084 0.8741089712996384 0.15
5738 0.1371399155679473 0.6997484262715716 0.05
5739 0.1371399155679473 0.6997484262715716 0.1
5740 0.1371399155679473 0.6997484262715716 0.15
5741 0.1190036035398014 0.7075751007861231 0.05
5742 0.1190036035398014 0.7075751007861231 0.1
5743 0.1190036035398014 0.7075751007861231 0.15
5744 0.1168954008676871 0.7293379998570392 0.05
5745 0.1168954008676871 0.7293379998570392 0.1
5746 0.1168954008676871 0.7293379998570392 0.15
5747 0.1007064021927712 0.7154534061561855 0.05
5748 0.1007064021927712 0.7154534061561855 0.1
5749 0.1007064021927712 0.7154534061561855 0.15
5750 0.09639192661719921 0.7346965735243046 0.05
5751 0.09639192661719921 0.7346965735243046 0.1
5752 0.09639192661719921 0.7346965735243046 0.15
5753 0.08155195957779066 0.7214258167371281 0.05
5754 0.08155195957779066 0.7214258167371281 0.1
5755 0.08155195957779066 0.7214258167371281 0.15
5756 0.08689500161517971 0.7004657984709656 0.05
5757 0.08689500161517971 0.7004657984709656 0.1
5758 0.08689500161517971 0.7004657984709656 0.15
5759 0.06645809928674908 0.7084214032416343 0.05
5760 0.06645809928674908 0.7084214032416343 0.1
5761 0.06645809928674908 0.7084214032416343 0.15
5762 0.2119653448828399 0.7807168801548291 0.05
5763 0.2119653448828399 0.7807168801548291 0.1
5764 0.2119653448828399 0.7807168801548291 0.15
5765 0.207365518175426 0.6898695652964282 0.05
5766 0.207365518175426 0.6898695652964282 0.1
5767 0.207365518175426 0.6898695652964282 0.15
5768 0.3132243165328694 0.6869531484248731 0.05
5769 0.3132243165328694 0.6869531484248731 0.1
5770 0.3132243165328694 0.6869531484248731 0.15
5771 0.0690998162248026 0.6888921557875357 0.05
5772 0.0690998162248026 0.6888921557875357 0.1
5773 0.0690998162248026 0.6888921557875357 0.15
5774 0.04899410655604155 0.6960284824256852 0.05
5775 0.04899410655604155 0.6960284824256852 0.1
5776 0.04899410655604155 0.6960284824256852 0.15
5777 0.04749916217070456 0.715729137560688 0.05
5778 0.04749916217070456 0.715729137560688 0.1
5779 0.04749916217070456 0.715729137560688 0.15
5780 0.1558637009388888 0.6937870207433395 0.05
5781 0.1558637009388888 0.6937870207433395 0.1
5782 0.1558637009388888 0.6937870207433395 0.15
5783 0.1462990728004084 0.7483500313190785 0.05
5784 0.1462990728004084 0.7483500313190785 0.1
5785 0.1462990728004084 0.7483500313190785 0.15
5786 0.07743503543092969 0.7402312176783166 0.05
5787 0.07743503543092969 0.7402312176783166 0.1
5788 0.07743503543092969 0.7402312176783166 0.15
5789 0.20646624759569 0.7978280557115784 0.05
5790 0.20646624759569 0.7978280557115784 0.1
5791 0.20646624759569 0.7978280557115784 0.15
5792 0.1911477609323146 0.6783263118159786 0.05
5793 0.1911477609323146 0.6783263118159786 0.1
5794 0.1911477609323146 0.6783263118159786 0.15
5795 0.464133266705451 0.9432257499888621 0.05
5796 0.464133266705451 0.9432257499888621 0.1
5797 0.464133266705451 0.9432257499888621 0.15
5798 0.4667596282664453 0.9241428364011581 0.05
5799 0.4667596282664453 0.9241428364011581 0.1
5800 0.4667596282664453 0.9241428364011581 0.15
5801 0.3472494176154218 0.6913077530780086 0.05
5802 0.3472494176154218 0.6913077530780086 0.1
5803 0.3472494176154218 0.6913077530780086 0.15
5804 0.3627969859738098 0.704756229176615 0.05
5805 0.3627969859738098 0.704756229176615 0.1
5806 0.3627969859738098 0.704756229176615 0.15
5807 0.3659020766277347 0.6846535108429944 0.05
5808 0.3659020766277347 0.6846535108429944 0.1
5809 0.3659020766277347 0.6846535108429944 0.15
5810 0.3814385488493121 0.6976838463213526 0.05
5811 0.3814385488493121 0.6976838463213526 0.1
5812 0.3814385488493121 0.6976838463213526 0.15
5813 0.3786292009656378 0.7174989775179357 0.05
5814 0.3786292009656378 0.7174989775179357 0.1
5815 0.3786292009656378 0.7174989775179357 0.15
5816 0.3973408825393663 0.7098382124764947 0.05
5817 0.3973408825393663 0.7098382124764947 0.1
5818 0.3973408825393663 0.7098382124764947 0.15
5819 0.3842930844845732 0.6797839125660596 0.05
5820 0.3842930844845732 0.6797839125660596 0.1
5821 0.3842930844845732 0.6797839125660596 0.15
5822 0.4654135935382199 0.8509228937762217 0.05
5823 0.4654135935382199 0.8509228937762217 0.1
5824 0.4654135935382199 0.8509228937762217 0.15
5825 0.4466557384862263 0.8387618245112545 0.05
5826 0.4466557384862263 0.8387618245112545 0.1
5827 0.4466557384862263 0.8387618245112545 0.15
5828 0.4785942058051669 0.8681827429097797 0.05
5829 0.4785942058051669 0.8681827429097797 0.1
5830 0.4785942058051669 0.8681827429097797 0.15
5831 0.3343541082993565 0.8816757765351292 0.05
5832 0.3343541082993565 0.8816757765351292 0.1
5833 0.3343541082993565 0.8816757765351292 0.15
5834 0.3500555263656538 0.8938098559323487 0.05
5835 0.3500555263656538 0.8938098559323487 0.1
5836 0.3500555263656538 0.8938098559323487 0.15
5837 0.3472626545935996 0.9175299521013813 0.05
5838 0.3472626545935996 0.9175299521013813 0.1
5839 0.3472626545935996 0.9175299521013813 0.15
5840 0.366038699341495 0.9067297066559564 0.05
5841 0.366038699341495 0.9067297066559564 0.1
5842 0.366038699341495 0.9067297066559564 0.15
5843 0.3653139744702454 0.9255804888400878 0.05
5844 0.3653139744702454 0.9255804888400878 0.1
5845 0.3653139744702454 0.9255804888400878 0.15
5846 0.4609084073355958 0.9624960289459491 0.05
5847 0.4609084073355958 0.9624960289459491 0.1
5848 0.4609084073355958 0.9624960289459491 0.15
5849 0.442322747679735 0.9695677320723536 0.05
5850 0.442322747679735 0.9695677320723536 0.1
5851 0.442322747679735 0.9695677320723536 0.15
5852 0.4572153266463108 0.9820433869013451 0.05
5853 0.4572153266463108 0.9820433869013451 0.1
5854 0.4572153266463108 0.9820433869013451 0.15
5855 0.4402839826181364 0.9902588217431889 0.05
5856 0.4402839826181364 0.9902588217431889 0.1
5857 0.4402839826181364 0.9902588217431889 0.15
5858 0.4539178684524362 1.001931912748922 0.05
5859 0.4539178684524362 1.001931912748922 0.1
5860 0.4539178684524362 1.001931912748922 0.15
5861 0.4256067155150643 0.9770059915454727 0.05
5862 0.4256067155150643 0.9770059915454727 0.1
5863 0.4256067155150643 0.9770059915454727 0.15
5864 0.2411352843967662 0.8072318459807144 0.05
5865 0.2411352843967662 0.8072318459807144 0.1
5866 0.2411352843967662 0.8072318459807144 0.15
5867 0.2603466229349704 0.7993995953648774 0.05
5868 0.2603466229349704 0.7993995953648774 0.1
5869 0.2603466229349704 0.7993995953648774 0.15
5870 0.2568938942589616 0.8191698233282676 0.05
5871 0.2568938942589616 0.8191698233282676 0.1
5872 0.2568938942589616 0.8191698233282676 0.15
5873 0.3298186965342612 0.6792311008699479 0.05
5874 0.3298186965342612 0.6792311008699479 0.1
5875 0.3298186965342612 0.6792311008699479 0.15
5876 0.1203441512787741 0.6871306616244605 0.05
5877 0.1203441512787741 0.6871306616244605 0.1
5878 0.1203441512787741 0.6871306616244605 0.15
5879 0.1659802889397932 0.7868591499077853 0.05
5880 0.1659802889397932 0.7868591499077853 0.1
5881 0.1659802889397932 0.7868591499077853 0.15
5882 0.1286001923945023 0.7716156961105276 0.05
5883 0.1286001923945023 0.7716156961105276 0.1
5884 0.1286001923945023 0.7716156961105276 0.15
5885 0.1267251913838706 0.7513264479187397 0.05
5886 0.1267251913838706 0.7513264479187397 0.1
5887 0.1267251913838706 0.7513264479187397 0.15
5888 0.4073893937312014 0.9976901329521769 0.05
5889 0.4073893937312014 0.9976901329521769 0.1
5890 0.4073893937312014 0.9976901329521769 0.15
5891 0.4296541184358027 1.031301259057821 0.05
5892 0.4296541184358027 1.031301259057821 0.1
5893 0.4296541184358027 1.031301259057821 0.15
5894 0.4484275242870276 1.031876466262865 0.05
5895 0.4484275242870276 1.031876466262865 0.1
5896 0.4484275242870276 1.031876466262865 0.15
5897 0.4630493473607519 1.049869985475532 0.05
5898 0.4630493473607519 1.049869985475532 0.1
5899 0.4630493473607519 1.049869985475532 0.15
5900 0.4673123275757517 1.02986234978749 0.05
5901 0.4673123275757517 1.02986234978749 0.1
5902 0.4673123275757517 1.02986234978749 0.15
5903 0.03438281385390295 0.7416538012871594 0.05
5904 0.03438281385390295 0.7416538012871594 0.1
5905 0.03438281385390295 0.7416538012871594 0.15
5906 0.384720917554478 0.9644241643594071 0.05
5907 0.384720917554478 0.9644241643594071 0.1
5908 0.384720917554478 0.9644241643594071 0.15
5909 0.4494651301327388 1.066236511898285 0.05
5910 0.4494651301327388 1.066236511898285 0.1
5911 0.4494651301327388 1.066236511898285 0.15
5912 0.4581793540022513 1.084949328920424 0.05
5913 0.4581793540022513 1.084949328920424 0.1
5914 0.4581793540022513 1.084949328920424 0.15
5915 0.4772262192194926 1.087762348510286 0.05
5916 0.4772262192194926 1.087762348510286 0.1
5917 0.4772262192194926 1.087762348510286 0.15
5918 0.4811631173603551 1.139662022842133 0.05
5919 0.4811631173603551 1.139662022842133 0.1
5920 0.4811631173603551 1.139662022842133 0.15
5921 0.09078674346116104 0.7547387819585049 0.05
5922 0.09078674346116104 0.7547387819585049 0.1
5923 0.09078674346116104 0.7547387819585049 0.15
5924 0.2530523394847776 0.8388156018601051 0.05
5925 0.2530523394847776 0.8388156018601051 0.1
5926 0.2530523394847776 0.8388156018601051 0.15
5927 0.3155864133861385 0.8888642439864891 0.05
5928 0.3155864133861385 0.8888642439864891 0.1
5929 0.3155864133861385 0.8888642439864891 0.15
5930 0.3913373402024648 0.945762641935851 0.05
5931 0.3913373402024648 0.945762641935851 0.1
5932 0.3913373402024648 0.945762641935851 0.15
5933 0.2696741107172789 0.8508728513814502 0.05
5934 0.2696741107172789 0.8508728513814502 0.1
5935 0.2696741107172789 0.8508728513814502 0.15
5936 0.1828892611767577 0.7764513471830671 0.05
5937 0.1828892611767577 0.7764513471830671 0.1
5938 0.1828892611767577 0.7764513471830671 0.15
5939 0.2731755717125618 0.830951809933169 0.05
5940 0.2731755717125618 0.830951809933169 0.1
5941 0.2731755717125618 0.830951809933169 0.15
5942 0.4269118954398621 0.957046749011542 0.05
5943 0.4269118954398621 0.957046749011542 0.1
5944 0.4269118954398621 0.957046749011542 0.15
5945 0.407228975524902 0.9643230013818544 0.05
5946 0.407228975524902 0.9643230013818544 0.1
5947 0.407228975524902 0.9643230013818544 0.15
5948 0.1992651721895558 0.7490543119570227 0.05
5949 0.1992651721895558 0.7490543119570227 0.1
5950 0.1992651721895558 0.7490543119570227 0.15
5951 0.4026378904979893 0.8925552813384835 0.05
5952 0.4026378904979893 0.8925552813384835 0.1
5953 0.4026378904979893 0.8925552813384835 0.15
5954 0.1615888821301016 0.7650911927434243 0.05
5955 0.1615888821301016 0.7650911927434243 0.1
5956 0.1615888821301016 0.7650911927434243 0.15
5957 0.4835541912857455 0.9814951422953191 0.05
5958 0.4835541912857455 0.9814951422953191 0.1
5959 0.4835541912857455 0.9814951422953191 0.15
5960 0.06992994238737166 0.6694816429435636 0.05
5961 0.06992994238737166 0.6694816429435636 0.1
5962 0.06992994238737166 0.6694816429435636 0.15
5963 0.3809979773552814 0.8086427131335663 0.05
5964 0.3809979773552814 0.8086427131335663 0.1
5965 0.3809979773552814 0.8086427131335663 0.15
5966 0.3623802876756783 0.8156451742451662 0.05
5967 0.3623802876756783 0.8156451742451662 0.1
5968 0.3623802876756783 0.8156451742451662 0.15
5969 0.3655618536060757 0.7960455060372673 0.05
5970 0.3655618536060757 0.7960455060372673 0.1
5971 0.3655618536060757 0.7960455060372673 0.15
5972 0.1100131060031205 0.6673129413215949 0.05
5973 0.1100131060031205 0.6673129413215949 0.1
5974 0.1100131060031205 0.6673129413215949 0.15
5975 0.1000394721486998 0.6846936033416755 0.05
5976 0.1000394721486998 0.6846936033416755 0.1
5977 0.1000394721486998 0.6846936033416755 0.15
5978 0.1502885208427802 0.6658208923109821 0.05
5979 0.1502885208427802 0.6658208923109821 0.1
5980 0.1502885208427802 0.6658208923109821 0.15
5981 0.3714216243611029 0.8671534219224926 0.05
5982 0.3714216243611029 0.8671534219224926 0.1
5983 0.3714216243611029 0.8671534219224926 0.15
5984 0.214795381922493 0.7613606156440503 0.05
5985 0.214795381922493 0.7613606156440503 0.1
5986 0.214795381922493 0.7613606156440503 0.15
5987 0.03011371222883465 0.6648000110925687 0.05
5988 0.03011371222883465 0.6648000110925687 0.1
5989 0.03011371222883465 0.6648000110925687 0.15
5990 0.01631639319094706 0.7190430447057259 0.05
5991 0.01631639319094706 0.7190430447057259 0.1
5992 0.01631639319094706 0.7190430447057259 0.15
5993 0.4826785825692215 0.8198772771660081 0.05
5994 0.4826785825692215 0.8198772771660081 0.1
5995 0.4826785825692215 0.8198772771660081 0.15
5996 0.4652359914690606 0.8297896980106919 0.05
5997 0.4652359914690606 0.8297896980106919 0.1
5998 0.4652359914690606 0.8297896980106919 0.15
5999 0.4658268419864289 0.8099325870776453 0.05
6000 0.4658268419864289 0.8099325870776453 0.1
6001 0.4658268419864289 0.8099325870776453 0.15
6002 0.2500771828779873 0.6672649611285983 0.05
6003 0.2500771828779873 0.6672649611285983 0.1
6004 0.2500771828779873 0.6672649611285983 0.15
6005 0.2420109397536453 0.6835827900258261 0.05
6006 0.2420109397536453 0.6835827900258261 0.1
6007 0.2420109397536453 0.6835827900258261 0.15
6008 0.2605114185333112 0.6843253112689001 0.05
6009 0.2605114185333112 0.6843253112689001 0.1
6010 0.2605114185333112 0.6843253112689001 0.15
6011 0.2700767760298406 0.6671092546554287 0.05
6012 0.2700767760298406 0.6671092546554287 0.1
6013 0.2700767760298406 0.6671092546554287 0.15
6014 0.2799281095772428 0.6846389376312905 0.05
6015 0.2799281095772428 0.6846389376312905 0.1
6016 0.2799281095772428 0.6846389376312905 0.15
6017 0.2680909262853859 0.7011674323496657 0.05
6018 0.2680909262853859 0.7011674323496657 0.1
6019 0.2680909262853859 0.7011674323496657 0.15
6020 0.2092113135624167 0.6682477111486789 0.05
6021 0.2092113135624167 0.6682477111486789 0.1
6022 0.2092113135624167 0.6682477111486789 0.15
6023 0.4827600654206229 0.7999688734956298 0.05
6024 0.4827600654206229 0.7999688734956298 0.1
6025 0.4827600654206229 0.7999688734956298 0.15
6026 0.4658402365572301 0.7899926759086635 0.05
6027 0.4658402365572301 0.7899926759086635 0.1
6028 0.4658402365572301 0.7899926759086635 0.15
6029 0.4654505491512938 0.7700167911972751 0.05
6030 0.4654505491512938 0.7700167911972751 0.1
6031 0.4654505491512938 0.7700167911972751 0.15
6032 0.4485884162271103 0.7800165066027489 0.05
6033 0.4485884162271103 0.7800165066027489 0.1
6034 0.4485884162271103 0.7800165066027489 0.15
6035 0.4490623236166411 0.7600395451890544 0.05
6036 0.4490623236166411 0.7600395451890544 0.1
6037 0.4490623236166411 0.7600395451890544 0.15
6038 0.4655466694106346 0.7500348245229582 0.05
6039 0.4655466694106346 0.7500348245229582 0.1
6040 0.4655466694106346 0.7500348245229582 0.15
6041 0.448254417591894 0.7400678876115407 0.05
6042 0.448254417591894 0.7400678876115407 0.1
6043 0.448254417591894 0.7400678876115407 0.15
6044 0.4330038235019663 0.7500895810704861 0.05
6045 0.4330038235019663 0.7500895810704861 0.1
6046 0.4330038235019663 0.7500895810704861 0.15
6047 0.4312012619339768 0.7301645921464064 0.05
6048 0.4312012619339768 0.7301645921464064 0.1
6049 0.4312012619339768 0.7301645921464064 0.15
6050 0.4481515366534561 0.7201079591158474 0.05
6051 0.4481515366534561 0.7201079591158474 0.1
6052 0.4481515366534561 0.7201079591158474 0.15
6053 0.4310070284509238 0.7105502860834233 0.05
6054 0.4310070284509238 0.7105502860834233 0.1
6055 0.4310070284509238 0.7105502860834233 0.15
6056 0.4477715025050606 0.7007400932227525 0.05
6057 0.4477715025050606 0.7007400932227525 0.1
6058 0.4477715025050606 0.7007400932227525 0.15
6059 0.4307210668591984 0.6901406761244219 0.05
6060 0.4307210668591984 0.6901406761244219 0.1
6061 0.4307210668591984 0.6901406761244219 0.15
6062 0.4129264743393564 0.7433208995041939 0.05
6063 0.4129264743393564 0.7433208995041939 0.1
6064 0.4129264743393564 0.7433208995041939 0.15
6065 0.2636214809165774 0.7797666864833999 0.05
6066 0.2636214809165774 0.7797666864833999 0.1
6067 0.2636214809165774 0.7797666864833999 0.15
6068 0.2790081307755744 0.7921883522933295 0.05
6069 0.2790081307755744 0.7921883522933295 0.1
6070 0.2790081307755744 0.7921883522933295 0.15
6071 0.297623773039106 0.7851368989547473 0.05
6072 0.297623773039106 0.7851368989547473 0.1
6073 0.297623773039106 0.7851368989547473 0.15
6074 0.4305507657624847 0.6707735506494947 0.05
6075 0.4305507657624847 0.6707735506494947 0.1
6076 0.4305507657624847 0.6707735506494947 0.15
6077 0.4827395326070566 0.7000306591310675 0.05
6078 0.4827395326070566 0.7000306591310675 0.1
6079 0.4827395326070566 0.7000306591310675 0.15
6080 0.4636748838325769 0.6870267827075601 0.05
6081 0.4636748838325769 0.6870267827075601 0.1
6082 0.4636748838325769 0.6870267827075601 0.15
6083 0.4826794919242753 0.7400000000002332 0.05
6084 0.4826794919242753 0.7400000000002332 0.1
6085 0.4826794919242753 0.7400000000002332 0.15
6086 0.4827268421552367 0.7600091655495317 0.05
6087 0.4827268421552367 0.7600091655495317 0.1
6088 0.4827268421552367 0.7600091655495317 0.15
6089 0.3985845712008017 0.6920673105698607 0.05
6090 0.3985845712008017 0.6920673105698607 0.1
6091 0.3985845712008017 0.6920673105698607 0.15
6092 0.3189969874616245 0.8689809313279656 0.05
6093 0.3189969874616245 0.8689809313279656 0.1
6094 0.3189969874616245 0.8689809313279656 0.15
6095 0.4654409287508076 0.7300516141451454 0.05
6096 0.4654409287508076 0.7300516141451454 0.1
6097 0.4654409287508076 0.7300516141451454 0.15
6098 0.3469872484174804 0.8030762103158023 0.05
6099 0.3469872484174804 0.8030762103158023 0.1
6100 0.3469872484174804 0.8030762103158023 0.15
6101 0.2887243695440622 0.7335177767648691 0.05
6102 0.2887243695440622 0.7335177767648691 0.1
6103 0.2887243695440622 0.7335177767648691 0.15
6104 0.4058865173337914 0.7622059961295858 0.05
6105 0.4058865173337914 0.7622059961295858 0.1
6106 0.4058865173337914 0.7622059961295858 0.15
6107 0.3959474202694054 0.7303973358221361 0.05
6108 0.3959474202694054 0.7303973358221361 0.1
6109 0.3959474202694054 0.7303973358221361 0.15
6110 0.465076312712204 0.7096595180537584 0.05
6111 0.465076312712204 0.7096595180537584 0.1
6112 0.465076312712204 0.7096595180537584 0.15
6113 0.3378565230761088 0.7513495118223623 0.05
6114 0.3378565230761088 0.7513495118223623 0.1
6115 0.3378565230761088 0.7513495118223623 0.15
6116 0.4510876577340937 0.9107105608216557 0.05
6117 0.4510876577340937 0.9107105608216557 0.1
6118 0.4510876577340937 0.9107105608216557 0.15
6119 0.4541666089265216 0.8907834135329439 0.05
6120 0.4541666089265216 0.8907834135329439 0.1
6121 0.4541666089265216 0.8907834135329439 0.15
6122 0.2549167552249366 0.7289710149660842 0.05
6123 0.2549167552249366 0.7289710149660842 0.1
6124 0.2549167552249366 0.7289710149660842 0.15
6125 0.3438289732055937 0.8226562655169253 0.05
6126 0.3438289732055937 0.8226562655169253 0.1
6127 0.3438289732055937 0.8226562655169253 0.15
6128 0.4274268154043366 0.8462086169617915 0.05
6129 0.4274268154043366 0.8462086169617915 0.1
6130 0.4274268154043366 0.8462086169617915 0.15
6131 0.3596704356233146 0.7245756870292752 0.05
6132 0.3596704356233146 0.7245756870292752 0.1
6133 0.3596704356233146 0.7245756870292752 0.15
6134 0.2221045350640289 0.7032471280512312 0.05
6135 0.2221045350640289 0.7032471280512312 0.1
6136 0.2221045350640289 0.7032471280512312 0.15
6137 0.3113019970158964 0.6676124972420329 0.05
6138 0.3113019970158964 0.6676124972420329 0.1
6139 0.3113019970158964 0.6676124972420329 0.15
6140 0.171051523590691 0.7048614545478874 0.05
6141 0.171051523590691 0.7048614545478874 0.1
6142 0.171051523590691 0.7048614545478874 0.15
6143 0.3409766425089648 0.7317151716227511 0.05
6144 0.3409766425089648 0.7317151716227511 0.1
6145 0.3409766425089648 0.7317151716227511 0.15
6146 0.4304341164044035 0.8267030369076065 0.05
6147 0.4304341164044035 0.8267030369076065 0.1
6148 0.4304341164044035 0.8267030369076065 0.15
6149 0.3754953709792515 0.7371918236500361 0.05
6150 0.3754953709792515 0.7371918236500361 0.1
6151 0.3754953709792515 0.7371918236500361 0.15
6152 0.3592003454659012 0.8351765832735447 0.05
6153 0.3592003454659012 0.8351765832735447 0.1
6154 0.3592003454659012 0.8351765832735447 0.15
6155 0.3746296639155758 0.8477247296790412 0.05
6156 0.3746296639155758 0.8477247296790412 0.1
6157 0.3746296639155758 0.8477247296790412 0.15
6158 0.2186591913646252 0.814361264678814 0.05
6159 0.2186591913646252 0.814361264678814 0.1
6160 0.2186591913646252 0.814361264678814 0.15
6161 0.06226362594887352 0.7269469726841409 0.05
6162 0.06226362594887352 0.7269469726841409 0.1
6163 0.06226362594887352 0.7269469726841409 0.15
6164 0.2914450842081716 0.8241172708167666 0.05
6165 0.2914450842081716 0.8241172708167666 0.1
6166 0.2914450842081716 0.8241172708167666 0.15
6167 0.4388726941269983 1.013348687657524 0.05
6168 0.4388726941269983 1.013348687657524 0.1
6169 0.4388726941269983 1.013348687657524 0.15
6170 0.2740899256451495 0.7191156959491872 0.05
6171 0.2740899256451495 0.7191156959491872 0.1
6172 0.2740899256451495 0.7191156959491872 0.15
6173 0.2757722820675753 0.8115392952533914 0.05
6174 0.2757722820675753 0.8115392952533914 0.1
6175 0.2757722820675753 0.8115392952533914 0.15
6176 0.4136899909519963 0.7205191153681232 0.05
6177 0.4136899909519963 0.7205191153681232 0.1
6178 0.4136899909519963 0.7205191153681232 0.15
6179 0.448586762157797 0.8187749862967417 0.05
6180 0.448586762157797 0.8187749862967417 0.1
6181 0.448586762157797 0.8187749862967417 0.15
6182 0.4831475871685967 0.9394479418508994 0.05
6183 0.4831475871685967 0.9394479418508994 0.1
6184 0.4831475871685967 0.9394479418508994 0.15
6185 0.3842314502819062 0.8992052209173864 0.05
6186 0.3842314502819062 0.8992052209173864 0.1
6187 0.3842314502819062 0.8992052209173864 0.15
6188 0.3686053682862154 0.8868474242401554 0.05
6189 0.3686053682862154 0.8868474242401554 0.1
6190 0.3686053682862154 0.8868474242401554 0.15
6191 0.4722917259286109 0.8845887218447173 0.05
6192 0.4722917259286109 0.8845887218447173 0.1
6193 0.4722917259286109 0.8845887218447173 0.15
6194 0.1735741171051088 0.6865189428462344 0.05
6195 0.1735741171051088 0.6865189428462344 0.1
6196 0.1735741171051088 0.6865189428462344 0.15
6197 0.3716546005990264 0.6658735600247095 0.05
6198 0.3716546005990264 0.6658735600247095 0.1
6199 0.3716546005990264 0.6658735600247095 0.15
6200 0.0191636741021603 0.6795970678298445 0.05
6201 0.0191636741021603 0.6795970678298445 0.1
6202 0.0191636741021603 0.6795970678298445 0.15
6203 0.4701766347699411 0.6666546465432143 0.05
6204 0.4701766347699411 0.6666546465432143 0.1
6205 0.4701766347699411 0.6666546465432143 0.15
6206 0.2511570704309399 0.7005769387005105 0.05
6207 0.2511570704309399 0.7005769387005105 0.1
6208 0.2511570704309399 0.7005769387005105 0.15
6209 0.4835381392243555 1.02131383157829 0.05
6210 0.4835381392243555 1.02131383157829 0.1
6211 0.4835381392243555 1.02131383157829 0.15
6212 0.2959843274336968 0.694311925071968 0.05
6213 0.2959843274336968 0.694311925071968 0.1
6214 0.2959843274336968 0.694311925071968 0.15
6215 0.3821781518980294 0.9178577378586487 0.05
6216 0.3821781518980294 0.9178577378586487 0.1
6217 0.3821781518980294 0.9178577378586487 0.15
6218 0.03168907798004905 0.6919100139636523 0.05
6219 0.03168907798004905 0.6919100139636523 0.1
6220 0.03168907798004905 0.6919100139636523 0.15
6221 0.4142447514099543 0.7022499855008404 0.05
6222 0.4142447514099543 0.7022499855008404 0.1
6223 0.4142447514099543 0.7022499855008404 0.15
6224 0.4494004325426264 0.799376807906407 0.05
6225 0.4494004325426264 0.799376807906407 0.1
6226 0.4494004325426264 0.799376807906407 0.15
6227 0.4840305591113991 0.918124693145323 0.05
6228 0.4840305591113991 0.918124693145323 0.1
6229 0.4840305591113991 0.918124693145323 0.15
6230 0.4682626183816925 1.069499305057827 0.05
6231 0.4682626183816925 1.069499305057827 0.1
6232 0.4682626183816925 1.069499305057827 0.15
6233 0.1416218125351871 0.6820030163060654 0.05
6234 0.1416218125351871 0.6820030163060654 0.1
6235 0.1416218125351871 0.6820030163060654 0.15
6236 0.4827632176808686 1.040174361140547 0.05
6237 0.4827632176808686 1.040174361140547 0.1
6238 0.4827632176808686 1.040174361140547 0.15
6239 0.1975762840745123 0.7672562237752654 0.05
6240 0.1975762840745123 0.7672562237752654 0.1
6241 0.1975762840745123 0.7672562237752654 0.15
6242 0.4854819059752334 1.161315728905671 0.05
6243 0.4854819059752334 1.161315728905671 0.1
6244 0.4854819059752334 1.161315728905671 0.15
6245 0.3975885369849381 0.9296245103436871 0.05
6246 0.3975885369849381 0.9296245103436871 0.1
6247 0.3975885369849381 0.9296245103436871 0.15
6248 0.4681513760329742 1.010954211952961 0.05
6249 0.4681513760329742 1.010954211952961 0.1
6250 0.4681513760329742 1.010954211952961 0.15
6251 0.4927425248021524 1.221516927073025 0.05
6252 0.4927425248021524 1.221516927073025 0.1
6253 0.4927425248021524 1.221516927073025 0.15
6254 0.1086071546621897 0.7462580345043407 0.05
6255 0.1086071546621897 0.7462580345043407 0.1
6256 0.1086071546621897 0.7462580345043407 0.15
6257 0.01583126488861437 0.7370762409975021 0.05
6258 0.01583126488861437 0.7370762409975021 0.1
6259 0.01583126488861437 0.7370762409975021 0.15
6260 0.03190318069529573 0.7085261456692842 0.05
6261 0.03190318069529573 0.7085261456692842 0.1
6262 0.03190318069529573 0.7085261456692842 0.15
6263 0.4857330317471051 1.10249842433649 0.05
6264 0.4857330317471051 1.10249842433649 0.1
6265 0.4857330317471051 1.10249842433649 0.15
6266 0.4246375962462872 0.9976272560834469 0.05
6267 0.4246375962462872 0.9976272560834469 0.1
6268 0.4246375962462872 0.9976272560834469 0.15
6269 0.4343732487720277 0.7884782385160564 0.05
6270 0.4343732487720277 0.7884782385160564 0.1
6271 0.4343732487720277 0.7884782385160564 0.15
6272 0.2242895114306657 0.6844348929456507 0.05
6273 0.2242895114306657 0.6844348929456507 0.1
6274 0.2242895114306657 0.6844348929456507 0.15
6275 0.1348485150462435 0.7357322963220181 0.05
6276 0.1348485150462435 0.7357322963220181 0.1
6277 0.1348485150462435 0.7357322963220181 0.15
6278 0.444891467279505 0.6833234661798528 0.05
6279 0.444891467279505 0.6833234661798528 0.1
6280 0.444891467279505 0.6833234661798528 0.15
6281 0.08428447615584221 0.6827830585216391 0.05
6282 0.08428447615584221 0.6827830585216391 0.1
6283 0.08428447615584221 0.6827830585216391 0.15
6284 0.4682487480978177 0.9039470978455013 0.05
6285 0.4682487480978177 0.9039470978455013 0.1
6286 0.4682487480978177 0.9039470978455013 0.15
6287 0.380847628630849 0.9334229067653981 0.05
6288 0.380847628630849 0.9334229067653981 0.1
6289 0.380847628630849 0.9334229067653981 0.15
6290 0.3905713005160569 0.664291348256699 0.05
6291 0.3905713005160569 0.664291348256699 0.1
6292 0.3905713005160569 0.664291348256699 0.15
6293 0.07060780369486867 0.7543851414431076 0.05
6294 0.07060780369486867 0.7543851414431076 0.1
6295 0.07060780369486867 0.7543851414431076 0.15
6296 0.1961966578918617 0.7851787533746042 0.05
6297 0.1961966578918617 0.7851787533746042 0.1
6298 0.1961966578918617 0.7851787533746042 0.15
6299 0.1900000000007906 0.6623486763195692 0.05
6300 0.1900000000007906 0.6623486763195692 0.1
6301 0.1900000000007906 0.6623486763195692 0.15
6302 0.3300000000004852 0.6623393018600018 0.05
6303 0.3300000000004852 0.6623393018600018 0.1
6304 0.3300000000004852 0.6623393018600018 0.15
6305 0.4142578338205666 0.6841029671717753 0.05
6306 0.4142578338205666 0.6841029671717753 0.1
6307 0.4142578338205666 0.6841029671717753 0.15
6308 0.4687586478110649 0.9928904724889367 0.05
6309 0.4687586478110649 0.9928904724889367 0.1
6310 0.4687586478110649 0.9928904724889367 0.15
6311 0.3546674817880223 0.9363620292199484 0.05
6312 0.3546674817880223 0.9363620292199484 0.1
6313 0.3546674817880223 0.9363620292199484 0.15
6314 0.01464962591334619 0.6646496259133039 0.05
6315 0.01464962591334619 0.6646496259133039 0.1
6316 0.01464962591334619 0.6646496259133039 0.15
6317 0.4853589838485868 0.6646410161514058 0.05
6318 0.4853589838485868 0.6646410161514058 0.1
6319 0.4853589838485868 0.6646410161514058 0.15
6320 0.4356901699733436 0.7697618314344912 0.05
6321 0.4356901699733436 0.7697618314344912 0.1
6322 0.4356901699733436 0.7697618314344912 0.15
6323 0.2997726124964737 0.6793129081093536 0.05
6324 0.2997726124964737 0.6793129081093536 0.1
6325 0.2997726124964737 0.6793129081093536 0.15
6326 0.04626875940850015 0.7308176250652703 0.05
6327 0.04626875940850015 0.7308176250652703 0.1
6328 0.04626875940850015 0.7308176250652703 0.15
6329 0.05553552332566922 0.6805321893860539 0.05
6330 0.05553552332566922 0.6805321893860539 0.1
6331 0.05553552332566922 0.6805321893860539 0.15
6332 0.4875894204862954 0.8814949592348564 0.05
6333 0.4875894204862954 0.8814949592348564 0.1
6334 0.4875894204862954 0.8814949592348564 0.15
6335 0.2592116467526102 0.7135848778667215 0.05
6336 0.2592116467526102 0.7135848778667215 0.1
6337 0.2592116467526102 0.7135848778667215 0.15
6338 0.48847767997574 1.179503656065457 0.05
6339 0.48847767997574 1.179503656065457 0.1
6340 0.48847767997574 1.179503656065457 0.15
6341 0.4904066881175939 1.201677615819525 0.05
6342 0.4904066881175939 1.201677615819525 0.1
6343 0.4904066881175939 1.201677615819525 0.15
6344 0.4690399971056181 1.124436816432303 0.05
6345 0.4690399971056181 1.124436816432303 0.1
6346 0.4690399971056181 1.124436816432303 0.15
6347 0.031981402564227 0.7247486759467475 0.05
6348 0.031981402564227 0.7247486759467475 0.1
6349 0.031981402564227 0.7247486759467475 0.15
6350 0.1053618186907675 0.6995386989778161 0.05
6351 0.1053618186907675 0.6995386989778161 0.1
6352 0.1053618186907675 0.6995386989778161 0.15
6353 0.4858724594443399 1.074469618029042 0.05
6354 0.4858724594443399 1.074469618029042 0.1
6355 0.4858724594443399 1.074469618029042 0.15
6356 0.1599893239806951 0.6782215865816164 0.05
6357 0.1599893239806951 0.6782215865816164 0.1
6358 0.1599893239806951 0.6782215865816164 0.15
6359 0.4210125183894471 0.760166963434068 0.05
6360 0.4210125183894471 0.760166963434068 0.1
6361 0.4210125183894471 0.760166963434068 0.15
6362 0.1423050449513117 0.7642970844958605 0.05
6363 0.1423050449513117 0.7642970844958605 0.1
6364 0.1423050449513117 0.7642970844958605 0.15
6365 0.1991275169046909 0.8110508320130765 0.05
6366 0.1991275169046909 0.8110508320130765 0.1
6367 0.1991275169046909 0.8110508320130765 0.15
6368 0.4107967081470564 0.9829311210042535 0.05
6369 0.4107967081470564 0.9829311210042535 0.1
6370 0.4107967081470564 0.9829311210042535 0.15
6371 0.4696074622967112 0.9739830034957739 0.05
6372 0.4696074622967112 0.9739830034957739 0.1
6373 0.4696074622967112 0.9739830034957739 0.15
6374 0.4545283720665296 1.017577953033657 0.05
6375 0.4545283720665296 1.017577953033657 0.1
6376 0.4545283720665296 1.017577953033657 0.15
6377 0.3995413580043858 0.6775132093279926 0.05
6378 0.3995413580043858 0.6775132093279926 0.1
6379 0.3995413580043858 0.6775132093279926 0.15
6380 0.03977548788358455 0.6781235324649777 0.05
6381 0.03977548788358455 0.6781235324649777 0.1
6382 0.03977548788358455 0.6781235324649777 0.15
6383 0.2367843538037785 0.6982922772499877 0.05
6384 0.2367843538037785 0.6982922772499877 0.1
6385 0.2367843538037785 0.6982922772499877 0.15
6386 0.4858038465590861 0.8547172956169998 0.05
6387 0.4858038465590861 0.8547172956169998 0.1
6388 0.4858038465590861 0.8547172956169998 0.15
6389 0.2833845967786023 0.7021111186007438 0.05
6390 0.2833845967786023 0.7021111186007438 0.1
6391 0.2833845967786023 0.7021111186007438 0.15
6392 1.41634280707381 0.4820216383725527 0.05
6393 1.41634280707381 0.4820216383725527 0.1
6394 1.41634280707381 0.4820216383725527 0.15
6395 1.984198112323404 0.481746459382202 0.05
6396 1.984198112323404 0.481746459382202 0.1
6397 1.984198112323404 0.481746459382202 0.15
6398 1.491084676968087 0.5324871078901459 0.05
6399 1.491084676968087 0.5324871078901459 0.1
6400 1.491084676968087 0.5324871078901459 0.15
6401 1.910047686051893 0.5317962096207978 0.05
6402 1.910047686051893 0.5317962096207978 0.1
6403 1.910047686051893 0.5317962096207978 0.15
6404 1.901714203273889 0.4445121831544614 0.05
6405 1.901714203273889 0.4445121831544614 0.1
6406 1.901714203273889 0.4445121831544614 0.15
6407 1.498273455032093 0.4445561542229615 0.05
6408 1.498273455032093 0.4445561542229615 0.1
6409 1.498273455032093 0.4445561542229615 0.15
6410 1.417973613919261 0.442368236436564 0.05
6411 1.417973613919261 0.442368236436564 0.1
6412 1.417973613919261 0.442368236436564 0.15
6413 1.981964776436264 0.4424373621599544 0.05
6414 1.981964776436264 0.4424373621599544 0.1
6415 1.981964776436264 0.4424373621599544 0.15
6416 1.529999123657 0.5332373504724889 0.05
6417 1.529999123657 0.5332373504724889 0.1
6418 1.529999123657 0.5332373504724889 0.15
6419 1.870128256566411 0.530087081975413 0.05
6420 1.870128256566411 0.530087081975413 0.1
6421 1.870128256566411 0.530087081975413 0.15
6422 1.53299429177047 0.469137538996767 0.05
6423 1.53299429177047 0.469137538996767 0.1
6424 1.53299429177047 0.469137538996767 0.15
6425 1.86682790094242 0.4689253792943759 0.05
6426 1.86682790094242 0.4689253792943759 0.1
6427 1.86682790094242 0.4689253792943759 0.15
6428 1.452295637643746 0.5335978981869901 0.05
6429 1.452295637643746 0.5335978981869901 0.1
6430 1.452295637643746 0.5335978981869901 0.15
6431 1.949786070982298 0.5328140936956836 0.05
6432 1.949786070982298 0.5328140936956836 0.1
6433 1.949786070982298 0.5328140936956836 0.15
6434 1.830903666902711 0.4884383320212201 0.05
6435 1.830903666902711 0.4884383320212201 0.1
6436 1.830903666902711 0.4884383320212201 0.15
6437 1.569793869361514 0.4874471175356409 0.05
6438 1.569793869361514 0.4874471175356409 0.1
6439 1.569793869361514 0.4874471175356409 0.15
6440 1.932246362758339 0.4162354037674943 0.05
6441 1.932246362758339 0.4162354037674943 0.1
6442 1.932246362758339 0.4162354037674943 0.15
6443 1.467970196561621 0.4162252640702754 0.05
6444 1.467970196561621 0.4162252640702754 0.1
6445 1.467970196561621 0.4162252640702754 0.15
6446 1.416125183447438 0.4079408730228112 0.05
6447 1.416125183447438 0.4079408730228112 0.1
6448 1.416125183447438 0.4079408730228112 0.15
6449 1.983606973083361 0.4061188744750592 0.05
6450 1.983606973083361 0.4061188744750592 0.1
6451 1.983606973083361 0.4061188744750592 0.15
6452 1.592575041927115 0.5327687517178177 0.05
6453 1.592575041927115 0.5327687517178177 0.1
6454 1.592575041927115 0.5327687517178177 0.15
6455 1.808210815482236 0.5327318050995412 0.05
6456 1.808210815482236 0.5327318050995412 0.1
6457 1.808210815482236 0.5327318050995412 0.15
6458 1.628674471337057 0.5073030370299886 0.05
6459 1.628674471337057 0.5073030370299886 0.1
6460 1.628674471337057 0.5073030370299886 0.15
6461 1.772049236080181 0.5072575665112199 0.05
6462 1.772049236080181 0.5072575665112199 0.1
6463 1.772049236080181 0.5072575665112199 0.15
6464 1.416839382851416 0.5208333333332181 0.05
6465 1.416839382851416 0.5208333333332181 0.1
6466 1.416839382851416 0.5208333333332181 0.15
6467 1.980763471103965 0.5185387317396161 0.05
6468 1.980763471103965 0.5185387317396161 0.1
6469 1.980763471103965 0.5185387317396161 0.15
6470 1.731729696509615 0.515381917672613 0.05
6471 1.731729696509615 0.515381917672613 0.1
6472 1.731729696509615 0.515381917672613 0.15
6473 1.669292848826633 0.5161664373264031 0.05
6474 1.669292848826633 0.5161664373264031 0.1
6475 1.669292848826633 0.5161664373264031 0.15
6476 1.968604933981343 0.3666428221439983 0.05
6477 1.968604933981343 0.3666428221439983 0.1
6478 1.968604933981343 0.3666428221439983 0.15
6479 1.431748190106332 0.3668574443084991 0.05
6480 1.431748190106332 0.3668574443084991 0.1
6481 1.431748190106332 0.3668574443084991 0.15
6482 1.689999999999674 0.5326794919243363 0.05
6483 1.689999999999674 0.5326794919243363 0.1
6484 1.689999999999674 0.5326794919243363 0.15
6485 1.74987520943536 0.5321682910467289 0.05
6486 1.74987520943536 0.5321682910467289 0.1
6487 1.74987520943536 0.5321682910467289 0.15
6488 1.650354050759852 0.5317577739528163 0.05
6489 1.650354050759852 0.5317577739528163 0.1
6490 1.650354050759852 0.5317577739528163 0.15
6491 1.957709389104976 0.3846463736187738 0.05
6492 1.957709389104976 0.3846463736187738 0.1
6493 1.957709389104976 0.3846463736187738 0.15
6494 1.944927975829312 0.4014501449761774 0.05
6495 1.944927975829312 0.4014501449761774 0.1
6496 1.944927975829312 0.4014501449761774 0.15
6497 1.95148128640322 0.420343681002266 0.05
6498 1.95148128640322 0.420343681002266 0.1
6499 1.95148128640322 0.420343681002266 0.15
6500 1.937432768437114 0.4354914716404524 0.05
6501 1.937432768437114 0.4354914716404524 0.1
6502 1.937432768437114 0.4354914716404524 0.15
6503 1.958711993184473 0.4389429959217027 0.05
6504 1.958711993184473 0.4389429959217027 0.1
6505 1.958711993184473 0.4389429959217027 0.15
6506 1.943718354753694 0.4540591368509986 0.05
6507 1.943718354753694 0.4540591368509986 0.1
6508 1.943718354753694 0.4540591368509986 0.15
6509 1.964389017545026 0.4573655525898815 0.05
6510 1.964389017545026 0.4573655525898815 0.1
6511 1.964389017545026 0.4573655525898815 0.15
6512 1.950470649027438 0.4719249776003703 0.05
6513 1.950470649027438 0.4719249776003703 0.1
6514 1.950470649027438 0.4719249776003703 0.15
6515 1.931641032510738 0.4683361824276509 0.05
6516 1.931641032510738 0.4683361824276509 0.1
6517 1.931641032510738 0.4683361824276509 0.15
6518 1.938029314256228 0.4861056526949392 0.05
6519 1.938029314256228 0.4861056526949392 0.1
6520 1.938029314256228 0.4861056526949392 0.15
6521 1.919523058625801 0.4837358889777102 0.05
6522 1.919523058625801 0.4837358889777102 0.1
6523 1.919523058625801 0.4837358889777102 0.15
6524 1.92667966292551 0.5025145407208262 0.05
6525 1.92667966292551 0.5025145407208262 0.1
6526 1.92667966292551 0.5025145407208262 0.15
6527 1.906108284111374 0.4978355968825263 0.05
6528 1.906108284111374 0.4978355968825263 0.1
6529 1.906108284111374 0.4978355968825263 0.15
6530 1.899696735255246 0.4785530208280131 0.05
6531 1.899696735255246 0.4785530208280131 0.1
6532 1.899696735255246 0.4785530208280131 0.15
6533 1.886770613440759 0.4942611177340213 0.05
6534 1.886770613440759 0.4942611177340213 0.1
6535 1.886770613440759 0.4942611177340213 0.15
6536 1.956862035558044 0.4882654053573702 0.05
6537 1.956862035558044 0.4882654053573702 0.1
6538 1.956862035558044 0.4882654053573702 0.15
6539 1.893325000346002 0.5136998177471142 0.05
6540 1.893325000346002 0.5136998177471142 0.1
6541 1.893325000346002 0.5136998177471142 0.15
6542 1.87411514215068 0.5093621656726872 0.05
6543 1.87411514215068 0.5093621656726872 0.1
6544 1.87411514215068 0.5093621656726872 0.15
6545 1.971448803345688 0.4230933777169759 0.05
6546 1.971448803345688 0.4230933777169759 0.1
6547 1.971448803345688 0.4230933777169759 0.15
6548 1.916867590726864 0.430983287769816 0.05
6549 1.916867590726864 0.430983287769816 0.1
6550 1.916867590726864 0.430983287769816 0.15
6551 1.44277418134248 0.3846954080581401 0.05
6552 1.44277418134248 0.3846954080581401 0.1
6553 1.44277418134248 0.3846954080581401 0.15
6554 1.455298575552679 0.4012732797515893 0.05
6555 1.455298575552679 0.4012732797515893 0.1
6556 1.455298575552679 0.4012732797515893 0.15
6557 1.448463376500852 0.4201910055130799 0.05
6558 1.448463376500852 0.4201910055130799 0.1
6559 1.448463376500852 0.4201910055130799 0.15
6560 1.46251216694679 0.4353996904684515 0.05
6561 1.46251216694679 0.4353996904684515 0.1
6562 1.46251216694679 0.4353996904684515 0.15
6563 1.441109386479099 0.4387623273279194 0.05
6564 1.441109386479099 0.4387623273279194 0.1
6565 1.441109386479099 0.4387623273279194 0.15
6566 1.455997846234242 0.4539161163585562 0.05
6567 1.455997846234242 0.4539161163585562 0.1
6568 1.455997846234242 0.4539161163585562 0.15
6569 1.435355112686765 0.457153988083277 0.05
6570 1.435355112686765 0.457153988083277 0.1
6571 1.435355112686765 0.457153988083277 0.15
6572 1.449018154400069 0.4716883322310004 0.05
6573 1.449018154400069 0.4716883322310004 0.1
6574 1.449018154400069 0.4716883322310004 0.15
6575 1.467860332553825 0.468335263097359 0.05
6576 1.467860332553825 0.468335263097359 0.1
6577 1.467860332553825 0.468335263097359 0.15
6578 1.461300990168486 0.4868354301177563 0.05
6579 1.461300990168486 0.4868354301177563 0.1
6580 1.461300990168486 0.4868354301177563 0.15
6581 1.479812948549936 0.4840046963699489 0.05
6582 1.479812948549936 0.4840046963699489 0.1
6583 1.479812948549936 0.4840046963699489 0.15
6584 1.473623300437824 0.5012808670693853 0.05
6585 1.473623300437824 0.5012808670693853 0.1
6586 1.473623300437824 0.5012808670693853 0.15
6587 1.493470632380865 0.49828052079281 0.05
6588 1.493470632380865 0.49828052079281 0.1
6589 1.493470632380865 0.49828052079281 0.15
6590 1.49984343287199 0.4791428028172949 0.05
6591 1.49984343287199 0.4791428028172949 0.1
6592 1.49984343287199 0.4791428028172949 0.15
6593 1.512537609950383 0.4948721850351044 0.05
6594 1.512537609950383 0.4948721850351044 0.1
6595 1.512537609950383 0.4948721850351044 0.15
6596 1.44282911155784 0.4903002521379527 0.05
6597 1.44282911155784 0.4903002521379527 0.1
6598 1.44282911155784 0.4903002521379527 0.15
6599 1.506305894406502 0.5133186944998805 0.05
6600 1.506305894406502 0.5133186944998805 0.1
6601 1.506305894406502 0.5133186944998805 0.15
6602 1.428502473653002 0.4231860250985485 0.05
6603 1.428502473653002 0.4231860250985485 0.1
6604 1.428502473653002 0.4231860250985485 0.15
6605 1.526064213133124 0.5081113169182346 0.05
6606 1.526064213133124 0.5081113169182346 0.1
6607 1.526064213133124 0.5081113169182346 0.15
6608 1.534270129296523 0.489931936210191 0.05
6609 1.534270129296523 0.489931936210191 0.1
6610 1.534270129296523 0.489931936210191 0.15
6611 1.543060346202836 0.5064819135073489 0.05
6612 1.543060346202836 0.5064819135073489 0.1
6613 1.543060346202836 0.5064819135073489 0.15
6614 1.483143280404041 0.4309965917449999 0.05
6615 1.483143280404041 0.4309965917449999 0.1
6616 1.483143280404041 0.4309965917449999 0.15
6617 1.886437175979146 0.4598790484111871 0.05
6618 1.886437175979146 0.4598790484111871 0.1
6619 1.886437175979146 0.4598790484111871 0.15
6620 1.51344075064487 0.4600687776101282 0.05
6621 1.51344075064487 0.4600687776101282 0.1
6622 1.51344075064487 0.4600687776101282 0.15
6623 1.812383676004194 0.496050743182709 0.05
6624 1.812383676004194 0.496050743182709 0.1
6625 1.812383676004194 0.496050743182709 0.15
6626 1.827675399776958 0.5065922129076884 0.05
6627 1.827675399776958 0.5065922129076884 0.1
6628 1.827675399776958 0.5065922129076884 0.15
6629 1.846249698718955 0.4992225937522644 0.05
6630 1.846249698718955 0.4992225937522644 0.1
6631 1.846249698718955 0.4992225937522644 0.15
6632 1.838925583041897 0.5177438823102134 0.05
6633 1.838925583041897 0.5177438823102134 0.1
6634 1.838925583041897 0.5177438823102134 0.15
6635 1.792357014519828 0.5024407636850698 0.05
6636 1.792357014519828 0.5024407636850698 0.1
6637 1.792357014519828 0.5024407636850698 0.15
6638 1.786471559835658 0.5216639668293418 0.05
6639 1.786471559835658 0.5216639668293418 0.1
6640 1.786471559835658 0.5216639668293418 0.15
6641 1.588859464858857 0.4959272427761488 0.05
6642 1.588859464858857 0.4959272427761488 0.1
6643 1.588859464858857 0.4959272427761488 0.15
6644 1.574501521926388 0.5054587783774007 0.05
6645 1.574501521926388 0.5054587783774007 0.1
6646 1.574501521926388 0.5054587783774007 0.15
6647 1.608582068646782 0.5024162350161727 0.05
6648 1.608582068646782 0.5024162350161727 0.1
6649 1.608582068646782 0.5024162350161727 0.15
6650 1.614609849134105 0.5229921144148928 0.05
6651 1.614609849134105 0.5229921144148928 0.1
6652 1.614609849134105 0.5229921144148928 0.15
6653 1.711131350173731 0.5176584756425057 0.05
6654 1.711131350173731 0.5176584756425057 0.1
6655 1.711131350173731 0.5176584756425057 0.15
6656 1.551551378197767 0.4782575891910451 0.05
6657 1.551551378197767 0.4782575891910451 0.1
6658 1.551551378197767 0.4782575891910451 0.15
6659 1.981224911567026 0.347922120420909 0.05
6660 1.981224911567026 0.347922120420909 0.1
6661 1.981224911567026 0.347922120420909 0.15
6662 1.418825534544672 0.3479527804512215 0.05
6663 1.418825534544672 0.3479527804512215 0.1
6664 1.418825534544672 0.3479527804512215 0.15
6665 1.866196376867181 0.4913751662587833 0.05
6666 1.866196376867181 0.4913751662587833 0.1
6667 1.866196376867181 0.4913751662587833 0.15
6668 1.478452440055538 0.452104679836161 0.05
6669 1.478452440055538 0.452104679836161 0.1
6670 1.478452440055538 0.452104679836161 0.15
6671 1.921415727803544 0.4520729856734969 0.05
6672 1.921415727803544 0.4520729856734969 0.1
6673 1.921415727803544 0.4520729856734969 0.15
6674 1.848810708156722 0.4794718192918295 0.05
6675 1.848810708156722 0.4794718192918295 0.1
6676 1.848810708156722 0.4794718192918295 0.15
6677 1.980083997626441 0.3856052191561001 0.05
6678 1.980083997626441 0.3856052191561001 0.1
6679 1.980083997626441 0.3856052191561001 0.15
6680 1.420058487572991 0.3857797921129038 0.05
6681 1.420058487572991 0.3857797921129038 0.1
6682 1.420058487572991 0.3857797921129038 0.15
6683 1.648242270899317 0.5122325550329314 0.05
6684 1.648242270899317 0.5122325550329314 0.1
6685 1.648242270899317 0.5122325550329314 0.15
6686 1.751843127423259 0.5122128152404049 0.05
6687 1.751843127423259 0.5122128152404049 0.1
6688 1.751843127423259 0.5122128152404049 0.15
6689 1.472806923101464 0.5329404552616408 0.05
6690 1.472806923101464 0.5329404552616408 0.1
6691 1.472806923101464 0.5329404552616408 0.15
6692 1.930978472032887 0.533162019625685 0.05
6693 1.930978472032887 0.533162019625685 0.1
6694 1.930978472032887 0.533162019625685 0.15
6695 1.939921766911827 0.5159304045338879 0.05
6696 1.939921766911827 0.5159304045338879 0.1
6697 1.939921766911827 0.5159304045338879 0.15
6698 1.958720603340428 0.517242737395754 0.05
6699 1.958720603340428 0.517242737395754 0.1
6700 1.958720603340428 0.517242737395754 0.15
6701 1.888915991507421 0.5329136793443952 0.05
6702 1.888915991507421 0.5329136793443952 0.1
6703 1.888915991507421 0.5329136793443952 0.15
6704 1.570433348801554 0.5343778854058063 0.05
6705 1.570433348801554 0.5343778854058063 0.1
6706 1.570433348801554 0.5343778854058063 0.15
6707 1.550055078463058 0.5336872802586097 0.05
6708 1.550055078463058 0.5336872802586097 0.1
6709 1.550055078463058 0.5336872802586097 0.15
6710 1.983117912950638 0.4629802135438923 0.05
6711 1.983117912950638 0.4629802135438923 0.1
6712 1.983117912950638 0.4629802135438923 0.15
6713 1.415752764048253 0.5014017545434218 0.05
6714 1.415752764048253 0.5014017545434218 0.1
6715 1.415752764048253 0.5014017545434218 0.15
6716 1.43336147725286 0.5090689223843659 0.05
6717 1.43336147725286 0.5090689223843659 0.1
6718 1.43336147725286 0.5090689223843659 0.15
6719 1.453895521481604 0.504747383520881 0.05
6720 1.453895521481604 0.504747383520881 0.1
6721 1.453895521481604 0.504747383520881 0.15
6722 1.416850765237862 0.4627185289959574 0.05
6723 1.416850765237862 0.4627185289959574 0.1
6724 1.416850765237862 0.4627185289959574 0.15
6725 1.98393918732502 0.4989644884207147 0.05
6726 1.98393918732502 0.4989644884207147 0.1
6727 1.98393918732502 0.4989644884207147 0.15
6728 1.829847783681507 0.5345582149911344 0.05
6729 1.829847783681507 0.5345582149911344 0.1
6730 1.829847783681507 0.5345582149911344 0.15
6731 1.509999999999834 0.5328364261827534 0.05
6732 1.509999999999834 0.5328364261827534 0.1
6733 1.509999999999834 0.5328364261827534 0.15
6734 1.771668082931257 0.5353334112996121 0.05
6735 1.771668082931257 0.5353334112996121 0.1
6736 1.771668082931257 0.5353334112996121 0.15
6737 1.435203713011573 0.403844397259512 0.05
6738 1.435203713011573 0.403844397259512 0.1
6739 1.435203713011573 0.403844397259512 0.15
6740 1.628549183619434 0.5354647495398223 0.05
6741 1.628549183619434 0.5354647495398223 0.1
6742 1.628549183619434 0.5354647495398223 0.15
6743 1.964876404232166 0.4035429451575587 0.05
6744 1.964876404232166 0.4035429451575587 0.1
6745 1.964876404232166 0.4035429451575587 0.15
6746 1.431591163979367 0.531794301045832 0.05
6747 1.431591163979367 0.531794301045832 0.1
6748 1.431591163979367 0.531794301045832 0.15
6749 1.969163171067394 0.5340766030309809 0.05
6750 1.969163171067394 0.5340766030309809 0.1
6751 1.969163171067394 0.5340766030309809 0.15
6752 1.669929379917106 0.5361207406407112 0.05
6753 1.669929379917106 0.5361207406407112 0.1
6754 1.669929379917106 0.5361207406407112 0.15
6755 1.728531994567638 0.5337292304913455 0.05
6756 1.728531994567638 0.5337292304913455 0.1
6757 1.728531994567638 0.5337292304913455 0.15
6758 1.593186201544173 0.5134834327750071 0.05
6759 1.593186201544173 0.5134834327750071 0.1
6760 1.593186201544173 0.5134834327750071 0.15
6761 1.808174794864111 0.5133771237319131 0.05
6762 1.808174794864111 0.5133771237319131 0.1
6763 1.808174794864111 0.5133771237319131 0.15
6764 1.494429135442632 0.4609873741857764 0.05
6765 1.494429135442632 0.4609873741857764 0.1
6766 1.494429135442632 0.4609873741857764 0.15
6767 1.91244380236178 0.5129491681376337 0.05
6768 1.91244380236178 0.5129491681376337 0.1
6769 1.91244380236178 0.5129491681376337 0.15
6770 1.905371482319381 0.4608183826794247 0.05
6771 1.905371482319381 0.4608183826794247 0.1
6772 1.905371482319381 0.4608183826794247 0.15
6773 1.690160651547735 0.5131724163569578 0.05
6774 1.690160651547735 0.5131724163569578 0.1
6775 1.690160651547735 0.5131724163569578 0.15
6776 1.486498797367938 0.5149516756791791 0.05
6777 1.486498797367938 0.5149516756791791 0.1
6778 1.486498797367938 0.5149516756791791 0.15
6779 1.405899940533088 0.2873823409124034 0.05
6780 1.405899940533088 0.2873823409124034 0.1
6781 1.405899940533088 0.2873823409124034 0.15
6782 1.994100059582366 0.2873823410179653 0.05
6783 1.994100059582366 0.2873823410179653 0.1
6784 1.994100059582366 0.2873823410179653 0.15
6785 1.709932668948064 0.5368134396116374 0.05
6786 1.709932668948064 0.5368134396116374 0.1
6787 1.709932668948064 0.5368134396116374 0.15
6788 1.517771110621928 0.4779873596794508 0.05
6789 1.517771110621928 0.4779873596794508 0.1
6790 1.517771110621928 0.4779873596794508 0.15
6791 1.968125411589001 0.4746334836555098 0.05
6792 1.968125411589001 0.4746334836555098 0.1
6793 1.968125411589001 0.4746334836555098 0.15
6794 1.985991531620585 0.3652777777781663 0.05
6795 1.985991531620585 0.3652777777781663 0.1
6796 1.985991531620585 0.3652777777781663 0.15
6797 1.414008468096912 0.3652777777772743 0.05
6798 1.414008468096912 0.3652777777772743 0.1
6799 1.414008468096912 0.3652777777772743 0.15
6800 1.431411408428181 0.4752301130747082 0.05
6801 1.431411408428181 0.4752301130747082 0.1
6802 1.431411408428181 0.4752301130747082 0.15
6803 1.881185760496951 0.4785987465052762 0.05
6804 1.881185760496951 0.4785987465052762 0.1
6805 1.881185760496951 0.4785987465052762 0.15
6806 1.849718192070702 0.5341244619852228 0.05
6807 1.849718192070702 0.5341244619852228 0.1
6808 1.849718192070702 0.5341244619852228 0.15
6809 1.413510433867119 0.3258611064898191 0.05
6810 1.413510433867119 0.3258611064898191 0.1
6811 1.413510433867119 0.3258611064898191 0.15
6812 1.986497973767834 0.3258559966797702 0.05
6813 1.986497973767834 0.3258559966797702 0.1
6814 1.986497973767834 0.3258559966797702 0.15
6815 1.559000454432018 0.5166066485704024 0.05
6816 1.559000454432018 0.5166066485704024 0.1
6817 1.559000454432018 0.5166066485704024 0.15
6818 1.464953507174807 0.5174217747832796 0.05
6819 1.464953507174807 0.5174217747832796 0.1
6820 1.464953507174807 0.5174217747832796 0.15
6821 1.946631086934605 0.5014024263674348 0.05
6822 1.946631086934605 0.5014024263674348 0.1
6823 1.946631086934605 0.5014024263674348 0.15
6824 1.967715696097992 0.5021209202524357 0.05
6825 1.967715696097992 0.5021209202524357 0.1
6826 1.967715696097992 0.5021209202524357 0.15
6827 1.609999999999645 0.5379539516196009 0.05
6828 1.609999999999645 0.5379539516196009 0.1
6829 1.609999999999645 0.5379539516196009 0.15
6830 1.540027035603671 0.5207437085215955 0.05
6831 1.540027035603671 0.5207437085215955 0.1
6832 1.540027035603671 0.5207437085215955 0.15
6833 1.987819714556209 0.4236944050928277 0.05
6834 1.987819714556209 0.4236944050928277 0.1
6835 1.987819714556209 0.4236944050928277 0.15
6836 1.857667594088957 0.5123700321390026 0.05
6837 1.857667594088957 0.5123700321390026 0.1
6838 1.857667594088957 0.5123700321390026 0.15
6839 1.789999999999662 0.5381190823332933 0.05
6840 1.789999999999662 0.5381190823332933 0.1
6841 1.789999999999662 0.5381190823332933 0.15
6842 1.555091967228595 0.4953273194204948 0.05
6843 1.555091967228595 0.4953273194204948 0.1
6844 1.555091967228595 0.4953273194204948 0.15
6845 1.412254436303839 0.4239913684286677 0.05
6846 1.412254436303839 0.4239913684286677 0.1
6847 1.412254436303839 0.4239913684286677 0.15
6848 1.414291119022381 0.5358640553547328 0.05
6849 1.414291119022381 0.5358640553547328 0.1
6850 1.414291119022381 0.5358640553547328 0.15
6851 1.985708880977685 0.5358640553548324 0.05
6852 1.985708880977685 0.5358640553548324 0.1
6853 1.985708880977685 0.5358640553548324 0.15
6854 1.578943370401616 0.5209301401749962 0.05
6855 1.578943370401616 0.5209301401749962 0.1
6856 1.578943370401616 0.5209301401749962 0.15
6857 1.408462751103025 0.3069444444441677 0.05
6858 1.408462751103025 0.3069444444441677 0.1
6859 1.408462751103025 0.3069444444441677 0.15
6860 1.991537249128235 0.3069444444447352 0.05
6861 1.991537249128235 0.3069444444447352 0.1
6862 1.991537249128235 0.3069444444447352 0.15
6863 1.427554784919734 0.491666666666435 0.05
6864 1.427554784919734 0.491666666666435 0.1
6865 1.427554784919734 0.491666666666435 0.15
6866 1.881621097642629 0.5215156861849024 0.05
6867 1.881621097642629 0.5215156861849024 0.1
6868 1.881621097642629 0.5215156861849024 0.15
6869 1.482135598608669 0.4690644564423364 0.05
6870 1.482135598608669 0.4690644564423364 0.1
6871 1.482135598608669 0.4690644564423364 0.15
6872 1.446514152846607 0.5191517145596485 0.05
6873 1.446514152846607 0.5191517145596485 0.1
6874 1.446514152846607 0.5191517145596485 0.15
6875 1.821950303565796 0.5207832506871293 0.05
6876 1.821950303565796 0.5207832506871293 0.1
6877 1.821950303565796 0.5207832506871293 0.15
6878 1.925526282289847 0.5189961961278947 0.05
6879 1.925526282289847 0.5189961961278947 0.1
6880 1.925526282289847 0.5189961961278947 0.15
6881 1.634727461342446 0.5214170777819571 0.05
6882 1.634727461342446 0.5214170777819571 0.1
6883 1.634727461342446 0.5214170777819571 0.15
6884 1.765604381762979 0.5212477580148465 0.05
6885 1.765604381762979 0.5212477580148465 0.1
6886 1.765604381762979 0.5212477580148465 0.15
6887 1.917056303046499 0.46897800123253 0.05
6888 1.917056303046499 0.46897800123253 0.1
6889 1.917056303046499 0.46897800123253 0.15
6890 1.520586743987947 0.5223949265778483 0.05
6891 1.520586743987947 0.5223949265778483 0.1
6892 1.520586743987947 0.5223949265778483 0.15
6893 1.971272880907978 0.4887444173720972 0.05
6894 1.971272880907978 0.4887444173720972 0.1
6895 1.971272880907978 0.4887444173720972 0.15
$EndNodes
$Elements
15148
1 2 2 206 1 870 837 1159
2 2 2 206 1 877 795 878
3 2 2 206 1 837 870 1269
4 2 2 206 1 798 883 1272
5 2 2 206 1 883 798 1145
6 2 2 206 1 878 880 1093
7 2 2 206 1 871 868 873
8 2 2 206 1 795 877 1266
9 2 2 206 1 876 878 1093
10 2 2 206 1 1265 27 1272
11 2 2 206 1 883 882 1272
12 2 2 206 1 873 868 1267
13 2 2 206 1 878 795 879
14 2 2 206 1 882 1265 1272
15 2 2 206 1 884 1115 1163
16 2 2 206 1 873 790 874
17 2 2 206 1 885 883 1145
18 2 2 206 1 874 790 877
19 2 2 206 1 884 886 1115
20 2 2 206 1 867 1048 1158
21 2 2 206 1 869 870 1159
22 2 2 206 1 875 1091 1269
23 2 2 206 1 868 871 1161
24 2 2 206 1 1166 834 1167
25 2 2 206 1 1086 1166 1167
26 2 2 206 1 886 843 1277
27 2 2 206 1 1160 1058 1162
28 2 2 206 1 1115 832 1163
29 2 2 206 1 1158 1048 1279
30 2 2 206 1 843 886 1268
31 2 2 206 1 878 879 880
32 2 2 206 1 1093 880 1270
33 2 2 206 1 1160 1162 1278
34 2 2 206 1 1091 875 1271
35 2 2 206 1 1091 837 1269
36 2 2 206 1 1067 1177 1242
37 2 2 206 1 1169 915 1203
38 2 2 206 1 1164 800 1194
39 2 2 206 1 786 1174 1192
40 2 2 206 1 1178 978 1217
41 2 2 206 1 1180 1028 1232
42 2 2 206 1 1173 960 1214
43 2 2 206 1 1170 934 1209
44 2 2 206 1 1165 784 1189
45 2 2 206 1 109 1188 1263
46 2 2 206 1 86 1186 1261
47 2 2 206 1 89 1187 1262
48 2 2 206 1 81 1185 1260
49 2 2 206 1 78 1184 1259
50 2 2 206 1 66 1182 1255
51 2 2 206 1 69 1183 1257
52 2 2 206 1 57 1181 1253
53 2 2 206 1 1179 984 1254
54 2 2 206 1 44 1176 1250
55 2 2 206 1 41 1172 1246
56 2 2 206 1 1175 966 1251
57 2 2 206 1 1171 940 1248
58 2 2 206 1 1168 1087 1244
59 2 2 206 1 880 879 881
60 2 2 206 1 790 873 1267
61 2 2 206 1 881 879 882
62 2 2 206 1 881 882 883
63 2 2 206 1 881 883 884
64 2 2 206 1 884 883 885
65 2 2 206 1 884 885 886
66 2 2 206 1 1031 1033 1157
67 2 2 206 1 782 1029 1031
68 2 2 206 1 781 1044 1046
69 2 2 206 1 1046 1048 1147
70 2 2 206 1 1027 1029 1146
71 2 2 206 1 781 1046 1147
72 2 2 206 1 1029 782 1146
73 2 2 206 1 1042 1044 1119
74 2 2 206 1 787 1025 1027
75 2 2 206 1 787 1027 1146
76 2 2 206 1 1048 867 1147
77 2 2 206 1 1044 781 1119
78 2 2 206 1 796 1042 1119
79 2 2 206 1 782 1031 1157
80 2 2 206 1 796 1040 1042
81 2 2 206 1 858 1021 1023
82 2 2 206 1 828 1036 1038
83 2 2 206 1 856 1017 1019
84 2 2 206 1 859 1013 1015
85 2 2 206 1 857 1009 1011
86 2 2 206 1 853 1005 1007
87 2 2 206 1 847 1001 1003
88 2 2 206 1 1036 828 1049
89 2 2 206 1 846 997 999
90 2 2 206 1 152 153 1155
91 2 2 206 1 135 136 1057
92 2 2 206 1 844 993 995
93 2 2 206 1 128 129 1070
94 2 2 206 1 139 140 1095
95 2 2 206 1 830 986 988
96 2 2 206 1 141 142 1107
97 2 2 206 1 137 138 1080
98 2 2 206 1 143 144 1096
99 2 2 206 1 155 156 1154
100 2 2 206 1 147 148 1071
101 2 2 206 1 145 146 1074
102 2 2 206 1 149 150 1079
103 2 2 206 1 130 131 1049
104 2 2 206 1 829 979 981
105 2 2 206 1 1025 787 1057
106 2 2 206 1 993 844 1050
107 2 2 206 1 1050 152 1155
108 2 2 206 1 849 975 977
109 2 2 206 1 160 161 1153
110 2 2 206 1 1033 1049 1157
111 2 2 206 1 151 152 1050
112 2 2 206 1 1040 796 1070
113 2 2 206 1 986 830 1051
114 2 2 206 1 858 1023 1057
115 2 2 206 1 1051 155 1154
116 2 2 206 1 163 164 1152
117 2 2 206 1 827 968 970
118 2 2 206 1 1021 858 1080
119 2 2 206 1 157 158 1124
120 2 2 206 1 856 1019 1080
121 2 2 206 1 1017 856 1095
122 2 2 206 1 859 1015 1095
123 2 2 206 1 828 1038 1070
124 2 2 206 1 1013 859 1107
125 2 2 206 1 828 130 1049
126 2 2 206 1 857 1011 1107
127 2 2 206 1 154 155 1051
128 2 2 206 1 1009 857 1096
129 2 2 206 1 853 1007 1096
130 2 2 206 1 1005 853 1074
131 2 2 206 1 847 1003 1074
132 2 2 206 1 975 849 1052
133 2 2 206 1 825 961 963
134 2 2 206 1 1001 847 1071
135 2 2 206 1 846 999 1071
136 2 2 206 1 968 827 1053
137 2 2 206 1 997 846 1079
138 2 2 206 1 1052 160 1153
139 2 2 206 1 852 957 959
140 2 2 206 1 844 995 1079
141 2 2 206 1 159 160 1052
142 2 2 206 1 844 151 1050
143 2 2 206 1 855 953 955
144 2 2 206 1 953 855 1128
145 2 2 206 1 1053 163 1152
146 2 2 206 1 951 953 1128
147 2 2 206 1 787 135 1057
148 2 2 206 1 165 166 1126
149 2 2 206 1 854 951 1128
150 2 2 206 1 854 949 951
151 2 2 206 1 830 154 1051
152 2 2 206 1 162 163 1053
153 2 2 206 1 796 128 1070
154 2 2 206 1 129 828 1070
155 2 2 206 1 136 858 1057
156 2 2 206 1 979 829 1124
157 2 2 206 1 167 168 1125
158 2 2 206 1 172 173 1151
159 2 2 206 1 858 137 1080
160 2 2 206 1 140 859 1095
161 2 2 206 1 847 147 1071
162 2 2 206 1 856 139 1095
163 2 2 206 1 148 846 1071
164 2 2 206 1 144 853 1096
165 2 2 206 1 138 856 1080
166 2 2 206 1 142 857 1107
167 2 2 206 1 859 141 1107
168 2 2 206 1 146 847 1074
169 2 2 206 1 853 145 1074
170 2 2 206 1 857 143 1096
171 2 2 206 1 846 149 1079
172 2 2 206 1 150 844 1079
173 2 2 206 1 849 977 1124
174 2 2 206 1 949 854 1054
175 2 2 206 1 818 942 944
176 2 2 206 1 849 159 1052
177 2 2 206 1 937 939 1150
178 2 2 206 1 153 830 1155
179 2 2 206 1 942 818 1055
180 2 2 206 1 827 162 1053
181 2 2 206 1 1033 1036 1049
182 2 2 206 1 156 829 1154
183 2 2 206 1 819 935 937
184 2 2 206 1 961 825 1126
185 2 2 206 1 935 819 1131
186 2 2 206 1 158 849 1124
187 2 2 206 1 829 157 1124
188 2 2 206 1 933 935 1131
189 2 2 206 1 819 937 1150
190 2 2 206 1 957 852 1125
191 2 2 206 1 852 959 1126
192 2 2 206 1 830 988 1155
193 2 2 206 1 822 933 1131
194 2 2 206 1 1054 172 1151
195 2 2 206 1 822 931 933
196 2 2 206 1 855 955 1125
197 2 2 206 1 931 822 1133
198 2 2 206 1 161 827 1153
199 2 2 206 1 829 981 1154
200 2 2 206 1 929 931 1133
201 2 2 206 1 171 172 1054
202 2 2 206 1 820 929 1133
203 2 2 206 1 820 927 929
204 2 2 206 1 918 823 1056
205 2 2 206 1 927 820 1132
206 2 2 206 1 164 825 1152
207 2 2 206 1 823 185 1056
208 2 2 206 1 1023 1025 1057
209 2 2 206 1 925 927 1132
210 2 2 206 1 821 925 1132
211 2 2 206 1 854 171 1054
212 2 2 206 1 827 970 1153
213 2 2 206 1 825 165 1126
214 2 2 206 1 821 923 925
215 2 2 206 1 166 852 1126
216 2 2 206 1 186 187 1156
217 2 2 206 1 923 821 1130
218 2 2 206 1 174 175 1055
219 2 2 206 1 1049 131 1157
220 2 2 206 1 1019 1021 1080
221 2 2 206 1 921 923 1130
222 2 2 206 1 939 1055 1150
223 2 2 206 1 168 855 1125
224 2 2 206 1 852 167 1125
225 2 2 206 1 990 993 1050
226 2 2 206 1 823 921 1130
227 2 2 206 1 1015 1017 1095
228 2 2 206 1 823 918 921
229 2 2 206 1 825 963 1152
230 2 2 206 1 818 174 1055
231 2 2 206 1 1011 1013 1107
232 2 2 206 1 1038 1040 1070
233 2 2 206 1 185 186 1056
234 2 2 206 1 983 986 1051
235 2 2 206 1 972 975 1052
236 2 2 206 1 1007 1009 1096
237 2 2 206 1 965 968 1053
238 2 2 206 1 1003 1005 1074
239 2 2 206 1 860 912 914
240 2 2 206 1 173 818 1151
241 2 2 206 1 946 949 1054
242 2 2 206 1 939 942 1055
243 2 2 206 1 851 908 910
244 2 2 206 1 999 1001 1071
245 2 2 206 1 912 860 1094
246 2 2 206 1 818 944 1151
247 2 2 206 1 851 910 1094
248 2 2 206 1 1056 186 1156
249 2 2 206 1 908 851 1075
250 2 2 206 1 995 997 1079
251 2 2 206 1 848 904 906
252 2 2 206 1 848 906 1075
253 2 2 206 1 1083 1085 1088
254 2 2 206 1 904 848 1077
255 2 2 206 1 910 912 1094
256 2 2 206 1 890 1083 1088
257 2 2 206 1 977 979 1124
258 2 2 206 1 845 900 902
259 2 2 206 1 845 902 1077
260 2 2 206 1 955 957 1125
261 2 2 206 1 959 961 1126
262 2 2 206 1 906 908 1075
263 2 2 206 1 900 845 1076
264 2 2 206 1 896 841 1063
265 2 2 206 1 841 196 1063
266 2 2 206 1 841 898 1076
267 2 2 206 1 902 904 1077
268 2 2 206 1 211 843 1149
269 2 2 206 1 841 896 898
270 2 2 206 1 1088 1085 1089
271 2 2 206 1 198 199 887
272 2 2 206 1 188 189 1094
273 2 2 206 1 196 6 1063
274 2 2 206 1 190 191 1075
275 2 2 206 1 1055 175 1150
276 2 2 206 1 898 900 1076
277 2 2 206 1 890 1082 1083
278 2 2 206 1 192 193 1077
279 2 2 206 1 6 197 1142
280 2 2 206 1 1063 6 1142
281 2 2 206 1 836 1103 1112
282 2 2 206 1 187 860 1156
283 2 2 206 1 116 833 1061
284 2 2 206 1 1103 1104 1112
285 2 2 206 1 222 223 865
286 2 2 206 1 194 195 1076
287 2 2 206 1 189 851 1094
288 2 2 206 1 199 200 1082
289 2 2 206 1 191 848 1075
290 2 2 206 1 824 106 1062
291 2 2 206 1 869 865 870
292 2 2 206 1 860 188 1094
293 2 2 206 1 851 190 1075
294 2 2 206 1 887 199 1082
295 2 2 206 1 890 887 1082
296 2 2 206 1 1110 1112 1113
297 2 2 206 1 1042 1043 1044
298 2 2 206 1 200 783 1082
299 2 2 206 1 221 222 869
300 2 2 206 1 114 840 1059
301 2 2 206 1 843 1117 1149
302 2 2 206 1 114 115 840
303 2 2 206 1 848 192 1077
304 2 2 206 1 193 845 1077
305 2 2 206 1 72 73 816
306 2 2 206 1 840 115 1061
307 2 2 206 1 812 83 1060
308 2 2 206 1 83 84 1060
309 2 2 206 1 888 887 890
310 2 2 206 1 195 841 1076
311 2 2 206 1 845 194 1076
312 2 2 206 1 115 116 1061
313 2 2 206 1 831 198 887
314 2 2 206 1 1112 1104 1113
315 2 2 206 1 888 890 1087
316 2 2 206 1 75 76 1072
317 2 2 206 1 120 121 866
318 2 2 206 1 76 811 1072
319 2 2 206 1 1103 836 1122
320 2 2 206 1 831 887 888
321 2 2 206 1 1023 1024 1025
322 2 2 206 1 1044 1045 1046
323 2 2 206 1 946 1054 1151
324 2 2 206 1 1087 890 1088
325 2 2 206 1 127 128 796
326 2 2 206 1 1040 1041 1042
327 2 2 206 1 1025 1026 1027
328 2 2 206 1 222 865 869
329 2 2 206 1 55 56 813
330 2 2 206 1 112 850 1073
331 2 2 206 1 1044 1043 1045
332 2 2 206 1 106 107 1062
333 2 2 206 1 1027 1028 1029
334 2 2 206 1 110 111 792
335 2 2 206 1 74 817 1078
336 2 2 206 1 107 108 842
337 2 2 206 1 54 55 1118
338 2 2 206 1 815 71 1081
339 2 2 206 1 208 209 789
340 2 2 206 1 107 842 1062
341 2 2 206 1 1042 1041 1043
342 2 2 206 1 891 888 1087
343 2 2 206 1 113 114 1059
344 2 2 206 1 91 92 803
345 2 2 206 1 116 117 833
346 2 2 206 1 804 54 1118
347 2 2 206 1 1023 1022 1024
348 2 2 206 1 870 865 871
349 2 2 206 1 218 837 1091
350 2 2 206 1 1025 1024 1026
351 2 2 206 1 1109 836 1112
352 2 2 206 1 105 106 824
353 2 2 206 1 100 101 1090
354 2 2 206 1 832 215 1092
355 2 2 206 1 850 113 1059
356 2 2 206 1 810 100 1090
357 2 2 206 1 1021 1022 1023
358 2 2 206 1 71 72 1081
359 2 2 206 1 889 888 891
360 2 2 206 1 892 891 895
361 2 2 206 1 835 1097 1098
362 2 2 206 1 1092 839 1093
363 2 2 206 1 134 135 787
364 2 2 206 1 214 832 1115
365 2 2 206 1 836 36 1122
366 2 2 206 1 207 208 1129
367 2 2 206 1 1082 783 1083
368 2 2 206 1 1027 1026 1028
369 2 2 206 1 73 74 1078
370 2 2 206 1 835 38 1097
371 2 2 206 1 197 198 831
372 2 2 206 1 105 824 1105
373 2 2 206 1 35 836 1109
374 2 2 206 1 197 831 1142
375 2 2 206 1 835 1099 1122
376 2 2 206 1 862 63 1106
377 2 2 206 1 802 90 1108
378 2 2 206 1 72 816 1081
379 2 2 206 1 1099 1098 1100
380 2 2 206 1 864 59 1114
381 2 2 206 1 60 61 863
382 2 2 206 1 1099 1103 1122
383 2 2 206 1 839 217 1091
384 2 2 206 1 209 210 1064
385 2 2 206 1 786 207 1129
386 2 2 206 1 216 839 1092
387 2 2 206 1 990 1050 1155
388 2 2 206 1 62 862 1116
389 2 2 206 1 872 871 873
390 2 2 206 1 112 113 850
391 2 2 206 1 64 65 861
392 2 2 206 1 889 891 892
393 2 2 206 1 211 212 843
394 2 2 206 1 1001 1000 1002
395 2 2 206 1 835 1098 1099
396 2 2 206 1 90 91 1108
397 2 2 206 1 893 892 894
398 2 2 206 1 218 219 837
399 2 2 206 1 816 73 1078
400 2 2 206 1 999 998 1000
401 2 2 206 1 1019 1018 1020
402 2 2 206 1 1099 1100 1101
403 2 2 206 1 127 796 1119
404 2 2 206 1 1110 1109 1112
405 2 2 206 1 146 147 847
406 2 2 206 1 789 1065 1067
407 2 2 206 1 896 894 897
408 2 2 206 1 214 215 832
409 2 2 206 1 216 217 839
410 2 2 206 1 55 813 1118
411 2 2 206 1 213 214 1115
412 2 2 206 1 988 987 989
413 2 2 206 1 876 874 877
414 2 2 206 1 1021 1020 1022
415 2 2 206 1 33 34 838
416 2 2 206 1 1083 783 1084
417 2 2 206 1 39 834 1097
418 2 2 206 1 136 137 858
419 2 2 206 1 1100 1098 1102
420 2 2 206 1 995 994 996
421 2 2 206 1 983 1051 1154
422 2 2 206 1 838 34 1109
423 2 2 206 1 1040 1039 1041
424 2 2 206 1 42 43 788
425 2 2 206 1 1017 1016 1018
426 2 2 206 1 148 149 846
427 2 2 206 1 193 194 845
428 2 2 206 1 195 196 841
429 2 2 206 1 67 68 826
430 2 2 206 1 191 192 848
431 2 2 206 1 189 190 851
432 2 2 206 1 993 991 994
433 2 2 206 1 74 75 817
434 2 2 206 1 1038 1039 1040
435 2 2 206 1 92 93 1121
436 2 2 206 1 34 35 1109
437 2 2 206 1 39 40 834
438 2 2 206 1 37 38 835
439 2 2 206 1 35 36 836
440 2 2 206 1 129 130 828
441 2 2 206 1 997 996 998
442 2 2 206 1 990 989 991
443 2 2 206 1 898 897 899
444 2 2 206 1 1003 1002 1004
445 2 2 206 1 838 1109 1110
446 2 2 206 1 217 218 1091
447 2 2 206 1 806 104 1105
448 2 2 206 1 101 102 814
449 2 2 206 1 208 789 1129
450 2 2 206 1 215 216 1092
451 2 2 206 1 831 888 889
452 2 2 206 1 150 151 844
453 2 2 206 1 138 139 856
454 2 2 206 1 972 1052 1153
455 2 2 206 1 97 805 1120
456 2 2 206 1 63 64 1106
457 2 2 206 1 58 59 864
458 2 2 206 1 144 145 853
459 2 2 206 1 62 63 862
460 2 2 206 1 33 838 1127
461 2 2 206 1 38 39 1097
462 2 2 206 1 900 899 901
463 2 2 206 1 59 60 1114
464 2 2 206 1 61 62 1116
465 2 2 206 1 803 92 1121
466 2 2 206 1 986 987 988
467 2 2 206 1 986 984 987
468 2 2 206 1 93 797 1121
469 2 2 206 1 908 907 909
470 2 2 206 1 1019 1020 1021
471 2 2 206 1 1103 1101 1104
472 2 2 206 1 902 901 903
473 2 2 206 1 904 903 905
474 2 2 206 1 942 943 944
475 2 2 206 1 906 905 907
476 2 2 206 1 944 943 945
477 2 2 206 1 99 100 810
478 2 2 206 1 1013 1012 1014
479 2 2 206 1 60 863 1114
480 2 2 206 1 64 861 1106
481 2 2 206 1 893 894 896
482 2 2 206 1 944 945 946
483 2 2 206 1 142 143 857
484 2 2 206 1 1015 1014 1016
485 2 2 206 1 140 141 859
486 2 2 206 1 988 989 990
487 2 2 206 1 37 835 1122
488 2 2 206 1 863 61 1116
489 2 2 206 1 817 75 1072
490 2 2 206 1 965 1053 1152
491 2 2 206 1 104 105 1105
492 2 2 206 1 946 945 947
493 2 2 206 1 977 976 978
494 2 2 206 1 872 873 874
495 2 2 206 1 870 871 872
496 2 2 206 1 942 940 943
497 2 2 206 1 957 956 958
498 2 2 206 1 995 996 997
499 2 2 206 1 96 97 1120
500 2 2 206 1 187 188 860
501 2 2 206 1 876 877 878
502 2 2 206 1 36 37 1122
503 2 2 206 1 838 1111 1127
504 2 2 206 1 933 934 935
505 2 2 206 1 1017 1018 1019
506 2 2 206 1 955 954 956
507 2 2 206 1 955 956 957
508 2 2 206 1 957 958 959
509 2 2 206 1 961 960 962
510 2 2 206 1 931 932 933
511 2 2 206 1 102 103 1123
512 2 2 206 1 156 157 829
513 2 2 206 1 161 162 827
514 2 2 206 1 32 33 1127
515 2 2 206 1 937 938 939
516 2 2 206 1 949 947 950
517 2 2 206 1 972 973 975
518 2 2 206 1 111 112 1073
519 2 2 206 1 946 947 949
520 2 2 206 1 855 169 1128
521 2 2 206 1 158 159 849
522 2 2 206 1 939 940 942
523 2 2 206 1 153 154 830
524 2 2 206 1 164 165 825
525 2 2 206 1 166 167 852
526 2 2 206 1 933 932 934
527 2 2 206 1 959 960 961
528 2 2 206 1 970 969 971
529 2 2 206 1 959 958 960
530 2 2 206 1 923 924 925
531 2 2 206 1 990 991 993
532 2 2 206 1 983 982 984
533 2 2 206 1 896 897 898
534 2 2 206 1 935 936 937
535 2 2 206 1 981 980 982
536 2 2 206 1 965 964 966
537 2 2 206 1 169 170 1128
538 2 2 206 1 170 171 854
539 2 2 206 1 945 943 948
540 2 2 206 1 997 998 999
541 2 2 206 1 975 976 977
542 2 2 206 1 925 926 927
543 2 2 206 1 103 806 1123
544 2 2 206 1 792 111 1073
545 2 2 206 1 983 984 986
546 2 2 206 1 929 930 931
547 2 2 206 1 91 803 1108
548 2 2 206 1 168 169 855
549 2 2 206 1 972 971 973
550 2 2 206 1 1029 1028 1030
551 2 2 206 1 961 962 963
552 2 2 206 1 82 83 812
553 2 2 206 1 977 978 979
554 2 2 206 1 963 964 965
555 2 2 206 1 975 973 976
556 2 2 206 1 1029 1030 1031
557 2 2 206 1 949 950 951
558 2 2 206 1 170 854 1128
559 2 2 206 1 1011 1010 1012
560 2 2 206 1 965 966 968
561 2 2 206 1 173 174 818
562 2 2 206 1 176 177 819
563 2 2 206 1 84 85 808
564 2 2 206 1 979 978 980
565 2 2 206 1 999 1000 1001
566 2 2 206 1 968 966 969
567 2 2 206 1 981 982 983
568 2 2 206 1 935 934 936
569 2 2 206 1 927 928 929
570 2 2 206 1 180 181 820
571 2 2 206 1 921 922 923
572 2 2 206 1 979 980 981
573 2 2 206 1 931 930 932
574 2 2 206 1 951 952 953
575 2 2 206 1 963 962 964
576 2 2 206 1 93 94 797
577 2 2 206 1 993 994 995
578 2 2 206 1 182 183 821
579 2 2 206 1 889 892 893
580 2 2 206 1 101 814 1090
581 2 2 206 1 70 71 815
582 2 2 206 1 76 77 811
583 2 2 206 1 79 80 809
584 2 2 206 1 87 88 807
585 2 2 206 1 970 971 972
586 2 2 206 1 1013 1014 1015
587 2 2 206 1 923 922 924
588 2 2 206 1 971 969 974
589 2 2 206 1 1015 1016 1017
590 2 2 206 1 180 820 1133
591 2 2 206 1 1099 1101 1103
592 2 2 206 1 179 180 1133
593 2 2 206 1 968 969 970
594 2 2 206 1 819 177 1131
595 2 2 206 1 929 928 930
596 2 2 206 1 910 909 911
597 2 2 206 1 177 178 1131
598 2 2 206 1 927 926 928
599 2 2 206 1 951 950 952
600 2 2 206 1 925 924 926
601 2 2 206 1 953 954 955
602 2 2 206 1 184 185 823
603 2 2 206 1 989 987 992
604 2 2 206 1 939 938 940
605 2 2 206 1 953 952 954
606 2 2 206 1 937 936 938
607 2 2 206 1 938 936 941
608 2 2 206 1 178 179 822
609 2 2 206 1 898 899 900
610 2 2 206 1 183 184 1130
611 2 2 206 1 184 823 1130
612 2 2 206 1 181 182 1132
613 2 2 206 1 84 808 1060
614 2 2 206 1 814 102 1123
615 2 2 206 1 820 181 1132
616 2 2 206 1 94 95 1135
617 2 2 206 1 21 22 868
618 2 2 206 1 838 1110 1111
619 2 2 206 1 916 918 1056
620 2 2 206 1 900 901 902
621 2 2 206 1 182 821 1132
622 2 2 206 1 902 903 904
623 2 2 206 1 1009 1008 1010
624 2 2 206 1 982 980 985
625 2 2 206 1 1046 1047 1048
626 2 2 206 1 921 919 922
627 2 2 206 1 178 822 1131
628 2 2 206 1 1001 1002 1003
629 2 2 206 1 1085 1084 1086
630 2 2 206 1 919 917 920
631 2 2 206 1 821 183 1130
632 2 2 206 1 904 905 906
633 2 2 206 1 906 907 908
634 2 2 206 1 1065 1066 1068
635 2 2 206 1 918 919 921
636 2 2 206 1 99 810 1134
637 2 2 206 1 32 1127 1143
638 2 2 206 1 31 32 1143
639 2 2 206 1 822 179 1133
640 2 2 206 1 5 90 802
641 2 2 206 1 97 98 805
642 2 2 206 1 103 104 806
643 2 2 206 1 908 909 910
644 2 2 206 1 1005 1004 1006
645 2 2 206 1 28 29 798
646 2 2 206 1 1011 1012 1013
647 2 2 206 1 916 915 917
648 2 2 206 1 1007 1006 1008
649 2 2 206 1 25 26 795
650 2 2 206 1 964 962 967
651 2 2 206 1 916 917 918
652 2 2 206 1 203 204 1136
653 2 2 206 1 206 207 786
654 2 2 206 1 914 913 915
655 2 2 206 1 200 201 783
656 2 2 206 1 914 915 916
657 2 2 206 1 202 203 784
658 2 2 206 1 204 205 785
659 2 2 206 1 1009 1010 1011
660 2 2 206 1 918 917 919
661 2 2 206 1 205 206 1137
662 2 2 206 1 53 54 804
663 2 2 206 1 48 49 1139
664 2 2 206 1 49 50 799
665 2 2 206 1 52 53 1141
666 2 2 206 1 893 896 1063
667 2 2 206 1 51 52 801
668 2 2 206 1 47 48 794
669 2 2 206 1 45 46 791
670 2 2 206 1 1068 1066 1069
671 2 2 206 1 50 51 1138
672 2 2 206 1 912 911 913
673 2 2 206 1 1007 1008 1009
674 2 2 206 1 46 47 1140
675 2 2 206 1 875 874 876
676 2 2 206 1 1038 1037 1039
677 2 2 206 1 1003 1004 1005
678 2 2 206 1 1005 1006 1007
679 2 2 206 1 95 96 793
680 2 2 206 1 30 31 800
681 2 2 206 1 910 911 912
682 2 2 206 1 789 1064 1065
683 2 2 206 1 23 24 790
684 2 2 206 1 797 94 1135
685 2 2 206 1 912 913 914
686 2 2 206 1 1083 1084 1085
687 2 2 206 1 29 30 1144
688 2 2 206 1 784 203 1136
689 2 2 206 1 204 785 1136
690 2 2 206 1 206 786 1137
691 2 2 206 1 785 205 1137
692 2 2 206 1 801 52 1141
693 2 2 206 1 95 793 1135
694 2 2 206 1 893 1063 1142
695 2 2 206 1 794 48 1139
696 2 2 206 1 51 801 1138
697 2 2 206 1 872 874 875
698 2 2 206 1 800 31 1143
699 2 2 206 1 49 799 1139
700 2 2 206 1 47 794 1140
701 2 2 206 1 799 50 1138
702 2 2 206 1 53 804 1141
703 2 2 206 1 98 99 1134
704 2 2 206 1 889 893 1142
705 2 2 206 1 791 46 1140
706 2 2 206 1 1046 1045 1047
707 2 2 206 1 789 1067 1129
708 2 2 206 1 798 29 1144
709 2 2 206 1 125 126 781
710 2 2 206 1 831 889 1142
711 2 2 206 1 132 133 782
712 2 2 206 1 805 98 1134
713 2 2 206 1 134 787 1146
714 2 2 206 1 1036 1037 1038
715 2 2 206 1 30 800 1144
716 2 2 206 1 793 96 1120
717 2 2 206 1 1069 1066 1117
718 2 2 206 1 798 1144 1145
719 2 2 206 1 789 209 1064
720 2 2 206 1 1065 1064 1066
721 2 2 206 1 944 946 1151
722 2 2 206 1 1031 1030 1032
723 2 2 206 1 126 127 1119
724 2 2 206 1 783 201 1148
725 2 2 206 1 202 784 1148
726 2 2 206 1 1032 1030 1035
727 2 2 206 1 210 211 1149
728 2 2 206 1 1084 783 1148
729 2 2 206 1 1031 1032 1033
730 2 2 206 1 133 134 1146
731 2 2 206 1 124 125 1147
732 2 2 206 1 201 202 1148
733 2 2 206 1 860 914 1156
734 2 2 206 1 1036 1034 1037
735 2 2 206 1 123 124 867
736 2 2 206 1 1033 1034 1036
737 2 2 206 1 1033 1032 1034
738 2 2 206 1 125 781 1147
739 2 2 206 1 782 133 1146
740 2 2 206 1 120 866 1058
741 2 2 206 1 175 176 1150
742 2 2 206 1 1066 1064 1149
743 2 2 206 1 781 126 1119
744 2 2 206 1 1064 210 1149
745 2 2 206 1 867 124 1147
746 2 2 206 1 970 972 1153
747 2 2 206 1 119 120 1058
748 2 2 206 1 981 983 1154
749 2 2 206 1 963 965 1152
750 2 2 206 1 1117 1066 1149
751 2 2 206 1 914 916 1156
752 2 2 206 1 988 990 1155
753 2 2 206 1 131 132 1157
754 2 2 206 1 176 819 1150
755 2 2 206 1 916 1056 1156
756 2 2 206 1 132 782 1157
757 2 2 206 1 121 122 1158
758 2 2 206 1 223 224 1161
759 2 2 206 1 871 865 1161
760 2 2 206 1 219 220 1159
761 2 2 206 1 117 118 1160
762 2 2 206 1 1086 1102 1166
763 2 2 206 1 1102 1086 1165
764 2 2 206 1 1181 920 1253
765 2 2 206 1 1182 941 1255
766 2 2 206 1 1183 948 1257
767 2 2 206 1 1184 967 1259
768 2 2 206 1 1185 974 1260
769 2 2 206 1 1188 1035 1263
770 2 2 206 1 1186 985 1261
771 2 2 206 1 1176 895 1250
772 2 2 206 1 1187 992 1262
773 2 2 206 1 1172 1089 1246
774 2 2 206 1 788 1168 1244
775 2 2 206 1 807 1179 1254
776 2 2 206 1 809 1175 1251
777 2 2 206 1 826 1171 1248
778 2 2 206 1 813 1169 1203
779 2 2 206 1 1069 1164 1194
780 2 2 206 1 1174 1113 1192
781 2 2 206 1 808 1178 1217
782 2 2 206 1 811 1173 1214
783 2 2 206 1 861 1170 1209
784 2 2 206 1 1102 1165 1189
785 2 2 206 1 842 1180 1232
786 2 2 206 1 1177 1111 1242
787 2 2 206 1 1069 1117 1264
788 2 2 206 1 877 790 1266
789 2 2 206 1 880 881 1163
790 2 2 206 1 1097 834 1166
791 2 2 206 1 1102 1098 1166
792 2 2 206 1 1086 1084 1165
793 2 2 206 1 1144 800 1164
794 2 2 206 1 891 1087 1168
795 2 2 206 1 917 915 1169
796 2 2 206 1 1148 784 1165
797 2 2 206 1 1085 1086 1167
798 2 2 206 1 936 934 1170
799 2 2 206 1 41 42 1172
800 2 2 206 1 943 940 1171
801 2 2 206 1 962 960 1173
802 2 2 206 1 969 966 1175
803 2 2 206 1 786 1129 1174
804 2 2 206 1 44 45 1176
805 2 2 206 1 1067 1065 1177
806 2 2 206 1 980 978 1178
807 2 2 206 1 987 984 1179
808 2 2 206 1 57 58 1181
809 2 2 206 1 1030 1028 1180
810 2 2 206 1 66 67 1182
811 2 2 206 1 69 70 1183
812 2 2 206 1 78 79 1184
813 2 2 206 1 86 87 1186
814 2 2 206 1 81 82 1185
815 2 2 206 1 89 5 1187
816 2 2 206 1 109 110 1188
817 2 2 206 1 1110 1113 1242
818 2 2 206 1 1088 1089 1244
819 2 2 206 1 1127 1111 1243
820 2 2 206 1 892 895 1245
821 2 2 206 1 834 40 1246
822 2 2 206 1 919 920 1247
823 2 2 206 1 938 941 1248
824 2 2 206 1 945 948 1249
825 2 2 206 1 788 43 1250
826 2 2 206 1 964 967 1251
827 2 2 206 1 971 974 1252
828 2 2 206 1 813 56 1253
829 2 2 206 1 982 985 1254
830 2 2 206 1 861 65 1255
831 2 2 206 1 989 992 1256
832 2 2 206 1 826 68 1257
833 2 2 206 1 811 77 1259
834 2 2 206 1 809 80 1260
835 2 2 206 1 1032 1035 1258
836 2 2 206 1 808 85 1261
837 2 2 206 1 807 88 1262
838 2 2 206 1 842 108 1263
839 2 2 206 1 879 795 1265
840 2 2 206 1 866 121 1158
841 2 2 206 1 865 223 1161
842 2 2 206 1 837 219 1159
843 2 2 206 1 833 117 1160
844 2 2 206 1 25 795 1266
845 2 2 206 1 790 24 1266
846 2 2 206 1 868 22 1267
847 2 2 206 1 23 790 1267
848 2 2 206 1 26 27 1265
849 2 2 206 1 870 872 1269
850 2 2 206 1 1115 886 1277
851 2 2 206 1 839 1091 1271
852 2 2 206 1 1058 866 1162
853 2 2 206 1 27 28 1272
854 2 2 206 1 885 1145 1264
855 2 2 206 1 1 21 1273
856 2 2 206 1 224 1 1273
857 2 2 206 1 220 4 1274
858 2 2 206 1 4 221 1274
859 2 2 206 1 122 3 1275
860 2 2 206 1 118 2 1276
861 2 2 206 1 2 119 1276
862 2 2 206 1 3 123 1275
863 2 2 206 1 881 884 1163
864 2 2 206 1 843 212 1277
865 2 2 206 1 213 1115 1277
866 2 2 206 1 1089 1172 1244
867 2 2 206 1 1167 834 1246
868 2 2 206 1 1113 1174 1242
869 2 2 206 1 1168 788 1250
870 2 2 206 1 1111 1177 1243
871 2 2 206 1 895 1176 1245
872 2 2 206 1 1169 813 1253
873 2 2 206 1 1170 861 1255
874 2 2 206 1 920 1181 1247
875 2 2 206 1 1171 826 1257
876 2 2 206 1 941 1182 1248
877 2 2 206 1 1173 811 1259
878 2 2 206 1 948 1183 1249
879 2 2 206 1 1175 809 1260
880 2 2 206 1 967 1184 1251
881 2 2 206 1 1178 808 1261
882 2 2 206 1 974 1185 1252
883 2 2 206 1 1179 807 1262
884 2 2 206 1 1180 842 1263
885 2 2 206 1 985 1186 1254
886 2 2 206 1 992 1187 1256
887 2 2 206 1 1035 1188 1258
888 2 2 206 1 1092 1093 1270
889 2 2 206 1 1145 1144 1164
890 2 2 206 1 1098 1097 1166
891 2 2 206 1 1084 1148 1165
892 2 2 206 1 1089 1085 1167
893 2 2 206 1 895 891 1168
894 2 2 206 1 920 917 1169
895 2 2 206 1 941 936 1170
896 2 2 206 1 948 943 1171
897 2 2 206 1 42 788 1172
898 2 2 206 1 967 962 1173
899 2 2 206 1 974 969 1175
900 2 2 206 1 1129 1067 1174
901 2 2 206 1 45 791 1176
902 2 2 206 1 1065 1068 1177
903 2 2 206 1 985 980 1178
904 2 2 206 1 992 987 1179
905 2 2 206 1 1035 1030 1180
906 2 2 206 1 58 864 1181
907 2 2 206 1 67 826 1182
908 2 2 206 1 70 815 1183
909 2 2 206 1 79 809 1184
910 2 2 206 1 82 812 1185
911 2 2 206 1 87 807 1186
912 2 2 206 1 5 802 1187
913 2 2 206 1 110 792 1188
914 2 2 206 1 795 26 1265
915 2 2 206 1 864 1204 1247
916 2 2 206 1 812 1216 1252
917 2 2 206 1 791 1193 1245
918 2 2 206 1 1068 1194 1243
919 2 2 206 1 802 1219 1256
920 2 2 206 1 792 1229 1258
921 2 2 206 1 815 1210 1249
922 2 2 206 1 956 1213 1215
923 2 2 206 1 1213 817 1215
924 2 2 206 1 1104 1101 1191
925 2 2 206 1 1113 1104 1192
926 2 2 206 1 1101 1100 1190
927 2 2 206 1 1100 1102 1189
928 2 2 206 1 800 1143 1194
929 2 2 206 1 1104 1191 1192
930 2 2 206 1 1101 1190 1191
931 2 2 206 1 1100 1189 1190
932 2 2 206 1 905 903 1198
933 2 2 206 1 909 907 1200
934 2 2 206 1 901 899 1196
935 2 2 206 1 899 897 1195
936 2 2 206 1 903 901 1197
937 2 2 206 1 907 905 1199
938 2 2 206 1 911 909 1201
939 2 2 206 1 897 894 1193
940 2 2 206 1 913 1202 1203
941 2 2 206 1 913 911 1202
942 2 2 206 1 905 1198 1199
943 2 2 206 1 909 1200 1201
944 2 2 206 1 901 1196 1197
945 2 2 206 1 899 1195 1196
946 2 2 206 1 907 1199 1200
947 2 2 206 1 903 1197 1198
948 2 2 206 1 897 1193 1195
949 2 2 206 1 915 913 1203
950 2 2 206 1 911 1201 1202
951 2 2 206 1 1105 1236 1237
952 2 2 206 1 1236 1022 1237
953 2 2 206 1 864 1114 1204
954 2 2 206 1 1114 863 1205
955 2 2 206 1 1204 1114 1205
956 2 2 206 1 1205 863 1206
957 2 2 206 1 863 1116 1206
958 2 2 206 1 814 1240 1241
959 2 2 206 1 1240 1016 1241
960 2 2 206 1 1116 862 1207
961 2 2 206 1 1206 1116 1207
962 2 2 206 1 862 1106 1208
963 2 2 206 1 1207 862 1208
964 2 2 206 1 1208 1106 1209
965 2 2 206 1 1106 861 1209
966 2 2 206 1 784 1136 1189
967 2 2 206 1 1136 785 1190
968 2 2 206 1 1189 1136 1190
969 2 2 206 1 950 1210 1211
970 2 2 206 1 1190 785 1191
971 2 2 206 1 785 1137 1191
972 2 2 206 1 1191 1137 1192
973 2 2 206 1 1137 786 1192
974 2 2 206 1 950 947 1210
975 2 2 206 1 954 1212 1213
976 2 2 206 1 952 950 1211
977 2 2 206 1 954 952 1212
978 2 2 206 1 952 1211 1212
979 2 2 206 1 956 954 1213
980 2 2 206 1 1072 811 1214
981 2 2 206 1 817 1072 1215
982 2 2 206 1 1072 1214 1215
983 2 2 206 1 791 1140 1193
984 2 2 206 1 1068 1069 1194
985 2 2 206 1 1193 1140 1195
986 2 2 206 1 1140 794 1195
987 2 2 206 1 1195 794 1196
988 2 2 206 1 794 1139 1196
989 2 2 206 1 1196 1139 1197
990 2 2 206 1 1139 799 1197
991 2 2 206 1 1197 799 1198
992 2 2 206 1 1037 1229 1230
993 2 2 206 1 812 1060 1216
994 2 2 206 1 799 1138 1198
995 2 2 206 1 1198 1138 1199
996 2 2 206 1 1138 801 1199
997 2 2 206 1 1229 1073 1230
998 2 2 206 1 1199 801 1200
999 2 2 206 1 1216 1060 1217
1000 2 2 206 1 801 1141 1200
1001 2 2 206 1 1200 1141 1201
1002 2 2 206 1 1060 808 1217
1003 2 2 206 1 1141 804 1201
1004 2 2 206 1 804 1118 1202
1005 2 2 206 1 1202 1118 1203
1006 2 2 206 1 1201 804 1202
1007 2 2 206 1 1118 813 1203
1008 2 2 206 1 824 1062 1234
1009 2 2 206 1 1004 1002 1226
1010 2 2 206 1 994 991 1219
1011 2 2 206 1 1002 1000 1225
1012 2 2 206 1 1006 1004 1227
1013 2 2 206 1 994 1219 1221
1014 2 2 206 1 1105 824 1236
1015 2 2 206 1 1008 1231 1233
1016 2 2 206 1 996 994 1221
1017 2 2 206 1 1000 998 1224
1018 2 2 206 1 1008 1006 1231
1019 2 2 206 1 924 922 1204
1020 2 2 206 1 998 996 1222
1021 2 2 206 1 824 1234 1236
1022 2 2 206 1 924 1204 1205
1023 2 2 206 1 926 924 1205
1024 2 2 206 1 1022 1020 1237
1025 2 2 206 1 926 1205 1206
1026 2 2 206 1 1062 842 1232
1027 2 2 206 1 998 1222 1224
1028 2 2 206 1 996 1221 1222
1029 2 2 206 1 1000 1224 1225
1030 2 2 206 1 1014 1238 1241
1031 2 2 206 1 928 926 1206
1032 2 2 206 1 1012 1235 1238
1033 2 2 206 1 1012 1010 1235
1034 2 2 206 1 1020 1018 1239
1035 2 2 206 1 1002 1225 1226
1036 2 2 206 1 1006 1227 1231
1037 2 2 206 1 1010 1008 1233
1038 2 2 206 1 1237 1020 1239
1039 2 2 206 1 928 1206 1207
1040 2 2 206 1 930 928 1207
1041 2 2 206 1 1014 1012 1238
1042 2 2 206 1 1004 1226 1227
1043 2 2 206 1 932 930 1208
1044 2 2 206 1 930 1207 1208
1045 2 2 206 1 932 1208 1209
1046 2 2 206 1 814 1123 1240
1047 2 2 206 1 1016 1014 1241
1048 2 2 206 1 934 932 1209
1049 2 2 206 1 1062 1232 1234
1050 2 2 206 1 1010 1233 1235
1051 2 2 206 1 1210 1081 1211
1052 2 2 206 1 815 1081 1210
1053 2 2 206 1 1081 816 1211
1054 2 2 206 1 1212 1078 1213
1055 2 2 206 1 1078 817 1213
1056 2 2 206 1 816 1078 1212
1057 2 2 206 1 1211 816 1212
1058 2 2 206 1 1059 840 1223
1059 2 2 206 1 1037 1034 1229
1060 2 2 206 1 1073 850 1230
1061 2 2 206 1 1061 833 1218
1062 2 2 206 1 960 958 1214
1063 2 2 206 1 958 956 1215
1064 2 2 206 1 1214 958 1215
1065 2 2 206 1 840 1061 1220
1066 2 2 206 1 850 1059 1228
1067 2 2 206 1 840 1220 1223
1068 2 2 206 1 1059 1223 1228
1069 2 2 206 1 850 1228 1230
1070 2 2 206 1 976 1216 1217
1071 2 2 206 1 976 973 1216
1072 2 2 206 1 978 976 1217
1073 2 2 206 1 1061 1218 1220
1074 2 2 206 1 1047 1045 1218
1075 2 2 206 1 802 1108 1219
1076 2 2 206 1 1219 1108 1221
1077 2 2 206 1 1218 1045 1220
1078 2 2 206 1 1045 1043 1220
1079 2 2 206 1 1108 803 1221
1080 2 2 206 1 1221 803 1222
1081 2 2 206 1 1220 1043 1223
1082 2 2 206 1 803 1121 1222
1083 2 2 206 1 1222 1121 1224
1084 2 2 206 1 1121 797 1224
1085 2 2 206 1 1043 1041 1223
1086 2 2 206 1 1224 797 1225
1087 2 2 206 1 797 1135 1225
1088 2 2 206 1 1223 1041 1228
1089 2 2 206 1 1135 793 1226
1090 2 2 206 1 1225 1135 1226
1091 2 2 206 1 1041 1039 1228
1092 2 2 206 1 792 1073 1229
1093 2 2 206 1 1226 793 1227
1094 2 2 206 1 793 1120 1227
1095 2 2 206 1 1120 805 1231
1096 2 2 206 1 1231 805 1233
1097 2 2 206 1 1039 1037 1230
1098 2 2 206 1 1228 1039 1230
1099 2 2 206 1 1227 1120 1231
1100 2 2 206 1 1028 1026 1232
1101 2 2 206 1 805 1134 1233
1102 2 2 206 1 1232 1026 1234
1103 2 2 206 1 1026 1024 1234
1104 2 2 206 1 1238 1090 1241
1105 2 2 206 1 810 1090 1238
1106 2 2 206 1 1134 810 1235
1107 2 2 206 1 806 1105 1237
1108 2 2 206 1 1235 810 1238
1109 2 2 206 1 1234 1024 1236
1110 2 2 206 1 1233 1134 1235
1111 2 2 206 1 806 1237 1239
1112 2 2 206 1 1024 1022 1236
1113 2 2 206 1 1018 1016 1240
1114 2 2 206 1 1123 806 1239
1115 2 2 206 1 1090 814 1241
1116 2 2 206 1 1123 1239 1240
1117 2 2 206 1 1239 1018 1240
1118 2 2 206 1 1204 922 1247
1119 2 2 206 1 1216 973 1252
1120 2 2 206 1 1193 894 1245
1121 2 2 206 1 1194 1143 1243
1122 2 2 206 1 1210 947 1249
1123 2 2 206 1 1219 991 1256
1124 2 2 206 1 1229 1034 1258
1125 2 2 206 1 1111 1110 1242
1126 2 2 206 1 1143 1127 1243
1127 2 2 206 1 1087 1088 1244
1128 2 2 206 1 894 892 1245
1129 2 2 206 1 40 41 1246
1130 2 2 206 1 922 919 1247
1131 2 2 206 1 940 938 1248
1132 2 2 206 1 947 945 1249
1133 2 2 206 1 43 44 1250
1134 2 2 206 1 966 964 1251
1135 2 2 206 1 973 971 1252
1136 2 2 206 1 56 57 1253
1137 2 2 206 1 984 982 1254
1138 2 2 206 1 65 66 1255
1139 2 2 206 1 991 989 1256
1140 2 2 206 1 68 69 1257
1141 2 2 206 1 77 78 1259
1142 2 2 206 1 1034 1032 1258
1143 2 2 206 1 80 81 1260
1144 2 2 206 1 85 86 1261
1145 2 2 206 1 88 89 1262
1146 2 2 206 1 108 109 1263
1147 2 2 206 1 1164 1069 1264
1148 2 2 206 1 882 879 1265
1149 2 2 206 1 1048 1047 1279
1150 2 2 206 1 833 1160 1278
1151 2 2 206 1 866 1158 1279
1152 2 2 206 1 876 1093 1271
1153 2 2 206 1 1089 1167 1246
1154 2 2 206 1 895 1168 1250
1155 2 2 206 1 920 1169 1253
1156 2 2 206 1 941 1170 1255
1157 2 2 206 1 948 1171 1257
1158 2 2 206 1 1172 788 1244
1159 2 2 206 1 1174 1067 1242
1160 2 2 206 1 967 1173 1259
1161 2 2 206 1 1176 791 1245
1162 2 2 206 1 1177 1068 1243
1163 2 2 206 1 974 1175 1260
1164 2 2 206 1 985 1178 1261
1165 2 2 206 1 992 1179 1262
1166 2 2 206 1 1181 864 1247
1167 2 2 206 1 1035 1180 1263
1168 2 2 206 1 1182 826 1248
1169 2 2 206 1 1183 815 1249
1170 2 2 206 1 1184 809 1251
1171 2 2 206 1 1185 812 1252
1172 2 2 206 1 1186 807 1254
1173 2 2 206 1 1187 802 1256
1174 2 2 206 1 1188 792 1258
1175 2 2 206 1 875 876 1271
1176 2 2 206 1 1117 843 1268
1177 2 2 206 1 1145 1164 1264
1178 2 2 206 1 24 25 1266
1179 2 2 206 1 22 23 1267
1180 2 2 206 1 1047 1162 1279
1181 2 2 206 1 886 885 1268
1182 2 2 206 1 832 1092 1270
1183 2 2 206 1 872 875 1269
1184 2 2 206 1 880 1163 1270
1185 2 2 206 1 1093 839 1271
1186 2 2 206 1 28 798 1272
1187 2 2 206 1 1264 1117 1268
1188 2 2 206 1 1158 122 1275
1189 2 2 206 1 1161 224 1273
1190 2 2 206 1 1160 118 1276
1191 2 2 206 1 1159 220 1274
1192 2 2 206 1 885 1264 1268
1193 2 2 206 1 221 869 1274
1194 2 2 206 1 21 868 1273
1195 2 2 206 1 123 867 1275
1196 2 2 206 1 119 1058 1276
1197 2 2 206 1 212 213 1277
1198 2 2 206 1 1163 832 1270
1199 2 2 206 1 867 1158 1275
1200 2 2 206 1 869 1159 1274
1201 2 2 206 1 1058 1160 1276
1202 2 2 206 1 868 1161 1273
1203 2 2 206 1 1162 1047 1278
1204 2 2 206 1 1047 1218 1278
1205 2 2 206 1 1162 866 1279
1206 2 2 206 1 1218 833 1278
1207 2 2 206 2 1303 1513 1554
1208 2 2 206 2 1513 1303 1579
1209 2 2 206 2 290 291 1432
1210 2 2 206 2 1452 1307 1565
1211 2 2 206 2 1463 1455 1468
1212 2 2 206 2 1282 1420 1422
1213 2 2 206 2 1446 1465 1471
1214 2 2 206 2 1299 1415 1540
1215 2 2 206 2 1507 1332 1521
1216 2 2 206 2 1441 1387 1539
1217 2 2 206 2 1415 1299 1584
1218 2 2 206 2 1448 1401 1571
1219 2 2 206 2 1401 1448 1578
1220 2 2 206 2 1294 1418 1435
1221 2 2 206 2 1420 1282 1444
1222 2 2 206 2 1432 291 1590
1223 2 2 206 2 1286 1441 1539
1224 2 2 206 2 1427 1285 1485
1225 2 2 206 2 1388 1463 1468
1226 2 2 206 2 1307 1452 1563
1227 2 2 206 2 1285 1427 1615
1228 2 2 206 2 1418 1294 1547
1229 2 2 206 2 1332 1507 1522
1230 2 2 206 2 1465 1393 1471
1231 2 2 206 2 1409 1444 1532
1232 2 2 206 2 1417 1291 1551
1233 2 2 206 2 1283 290 1432
1234 2 2 206 2 1419 1562 1581
1235 2 2 206 2 1455 1298 1468
1236 2 2 206 2 1297 1446 1471
1237 2 2 206 2 1453 1452 1565
1238 2 2 206 2 1562 1289 1581
1239 2 2 206 2 1430 1283 1431
1240 2 2 206 2 1291 1417 1586
1241 2 2 206 2 1439 1438 1542
1242 2 2 206 2 1441 1286 1443
1243 2 2 206 2 1292 1434 1590
1244 2 2 206 2 1427 1429 1615
1245 2 2 206 2 1511 1288 1588
1246 2 2 206 2 1434 1292 1582
1247 2 2 206 2 1506 1511 1588
1248 2 2 206 2 1283 1430 1462
1249 2 2 206 2 1416 1290 1608
1250 2 2 206 2 1403 1415 1460
1251 2 2 206 2 1445 1477 1478
1252 2 2 206 2 1387 1416 1539
1253 2 2 206 2 1445 1300 1477
1254 2 2 206 2 333 1556 1565
1255 2 2 206 2 1290 1416 1585
1256 2 2 206 2 1443 1286 1461
1257 2 2 206 2 1532 1444 1587
1258 2 2 206 2 1542 1438 1575
1259 2 2 206 2 1417 1408 1493
1260 2 2 206 2 1522 1424 1536
1261 2 2 206 2 1282 1422 1552
1262 2 2 206 2 1411 1559 1573
1263 2 2 206 2 1428 1427 1485
1264 2 2 206 2 1511 1506 1579
1265 2 2 206 2 328 1310 1459
1266 2 2 206 2 1513 1309 1554
1267 2 2 206 2 1419 1418 1547
1268 2 2 206 2 1443 1461 1466
1269 2 2 206 2 1412 1411 1573
1270 2 2 206 2 1431 1283 1432
1271 2 2 206 2 327 328 1459
1272 2 2 206 2 1311 1462 1517
1273 2 2 206 2 1394 1420 1444
1274 2 2 206 2 1409 1394 1444
1275 2 2 206 2 1429 341 1615
1276 2 2 206 2 1419 1547 1562
1277 2 2 206 2 1434 1432 1590
1278 2 2 206 2 1403 1460 1571
1279 2 2 206 2 1477 1296 1478
1280 2 2 206 2 301 1308 1457
1281 2 2 206 2 1461 1464 1466
1282 2 2 206 2 1462 1430 1517
1283 2 2 206 2 1556 1453 1565
1284 2 2 206 2 1332 1522 1536
1285 2 2 206 2 1493 1408 1577
1286 2 2 206 2 341 1429 1597
1287 2 2 206 2 1425 1424 1522
1288 2 2 206 2 1457 1308 1458
1289 2 2 206 2 1507 1521 1606
1290 2 2 206 2 1548 1357 1549
1291 2 2 206 2 1310 1308 1601
1292 2 2 206 2 1281 1313 1464
1293 2 2 206 2 286 1281 1464
1294 2 2 206 2 1311 288 1462
1295 2 2 206 2 278 1297 1447
1296 2 2 206 2 1450 1451 1542
1297 2 2 206 2 298 1305 1450
1298 2 2 206 2 1450 1305 1451
1299 2 2 206 2 300 301 1457
1300 2 2 206 2 1553 1559 1613
1301 2 2 206 2 1482 1553 1613
1302 2 2 206 2 1541 1379 1544
1303 2 2 206 2 1457 1458 1563
1304 2 2 206 2 1303 1511 1579
1305 2 2 206 2 1428 1485 1546
1306 2 2 206 2 1433 1548 1549
1307 2 2 206 2 1464 1313 1466
1308 2 2 206 2 1473 1410 1580
1309 2 2 206 2 1446 1290 1465
1310 2 2 206 2 1292 1455 1463
1311 2 2 206 2 1431 1432 1433
1312 2 2 206 2 1456 300 1457
1313 2 2 206 2 1308 1310 1574
1314 2 2 206 2 285 286 1464
1315 2 2 206 2 287 288 1311
1316 2 2 206 2 277 278 1447
1317 2 2 206 2 1353 1351 1538
1318 2 2 206 2 275 276 1460
1319 2 2 206 2 297 298 1450
1320 2 2 206 2 299 300 1456
1321 2 2 206 2 1286 284 1461
1322 2 2 206 2 289 1283 1462
1323 2 2 206 2 280 1290 1446
1324 2 2 206 2 1297 279 1446
1325 2 2 206 2 1292 293 1455
1326 2 2 206 2 294 1298 1455
1327 2 2 206 2 296 1301 1449
1328 2 2 206 2 1357 1353 1480
1329 2 2 206 2 1298 295 1449
1330 2 2 206 2 1478 1405 1603
1331 2 2 206 2 1452 1305 1456
1332 2 2 206 2 273 1299 1454
1333 2 2 206 2 282 283 1539
1334 2 2 206 2 1414 1448 1607
1335 2 2 206 2 1466 1541 1544
1336 2 2 206 2 1451 1305 1452
1337 2 2 206 2 1480 1353 1538
1338 2 2 206 2 1509 1379 1510
1339 2 2 206 2 1348 1469 1481
1340 2 2 206 2 1372 1388 1467
1341 2 2 206 2 1433 1432 1434
1342 2 2 206 2 1440 1467 1468
1343 2 2 206 2 1512 1513 1523
1344 2 2 206 2 1467 1388 1468
1345 2 2 206 2 1513 1505 1523
1346 2 2 206 2 1326 1324 1476
1347 2 2 206 2 1354 1357 1470
1348 2 2 206 2 1374 1372 1467
1349 2 2 206 2 1284 1490 1491
1350 2 2 206 2 1338 1509 1510
1351 2 2 206 2 1284 207 1490
1352 2 2 206 2 1475 1519 1528
1353 2 2 206 2 1475 1476 1519
1354 2 2 206 2 336 1294 1472
1355 2 2 206 2 1329 1326 1476
1356 2 2 206 2 1348 1360 1469
1357 2 2 206 2 1356 1354 1470
1358 2 2 206 2 328 329 1310
1359 2 2 206 2 1296 217 1473
1360 2 2 206 2 1389 1414 1471
1361 2 2 206 2 330 1458 1574
1362 2 2 206 2 1486 1494 1495
1363 2 2 206 2 216 1296 1477
1364 2 2 206 2 1306 316 1483
1365 2 2 206 2 1438 1436 1440
1366 2 2 206 2 1315 1312 1517
1367 2 2 206 2 1291 213 1479
1368 2 2 206 2 1336 1329 1474
1369 2 2 206 2 316 317 1483
1370 2 2 206 2 1320 1322 1510
1371 2 2 206 2 1522 1507 1545
1372 2 2 206 2 1393 1389 1471
1373 2 2 206 2 331 332 1307
1374 2 2 206 2 1487 1287 1488
1375 2 2 206 2 1403 1404 1415
1376 2 2 206 2 1437 1436 1438
1377 2 2 206 2 1401 1402 1403
1378 2 2 206 2 207 208 1490
1379 2 2 206 2 1304 335 1472
1380 2 2 206 2 1514 1499 1515
1381 2 2 206 2 1379 1320 1510
1382 2 2 206 2 1474 1329 1476
1383 2 2 206 2 1371 1369 1378
1384 2 2 206 2 1425 1522 1545
1385 2 2 206 2 1364 1389 1393
1386 2 2 206 2 1436 1374 1467
1387 2 2 206 2 1389 1390 1414
1388 2 2 206 2 1377 1366 1387
1389 2 2 206 2 1372 1371 1388
1390 2 2 206 2 1364 1365 1389
1391 2 2 206 2 218 1302 1473
1392 2 2 206 2 334 335 1304
1393 2 2 206 2 1486 1484 1494
1394 2 2 206 2 1312 1311 1517
1395 2 2 206 2 1484 344 1494
1396 2 2 206 2 209 1287 1487
1397 2 2 206 2 1295 1512 1523
1398 2 2 206 2 1387 1407 1416
1399 2 2 206 2 1435 1374 1436
1400 2 2 206 2 1354 1353 1357
1401 2 2 206 2 1345 1377 1508
1402 2 2 206 2 1377 1442 1508
1403 2 2 206 2 1345 1346 1366
1404 2 2 206 2 1370 1369 1371
1405 2 2 206 2 1377 1387 1441
1406 2 2 206 2 1346 1348 1481
1407 2 2 206 2 1300 215 1477
1408 2 2 206 2 218 219 1302
1409 2 2 206 2 1392 1400 1401
1410 2 2 206 2 1345 1366 1377
1411 2 2 206 2 336 337 1294
1412 2 2 206 2 1351 1349 1380
1413 2 2 206 2 1514 1295 1518
1414 2 2 206 2 1398 1376 1430
1415 2 2 206 2 214 1300 1479
1416 2 2 206 2 1360 1364 1469
1417 2 2 206 2 1338 1508 1509
1418 2 2 206 2 1352 1351 1353
1419 2 2 206 2 1487 1488 1489
1420 2 2 206 2 1491 1489 1492
1421 2 2 206 2 216 217 1296
1422 2 2 206 2 1331 1334 1338
1423 2 2 206 2 1368 1356 1369
1424 2 2 206 2 1476 1324 1519
1425 2 2 206 2 1360 1363 1364
1426 2 2 206 2 1369 1356 1470
1427 2 2 206 2 1285 1484 1485
1428 2 2 206 2 1339 1341 1345
1429 2 2 206 2 214 215 1300
1430 2 2 206 2 1350 1349 1351
1431 2 2 206 2 1287 210 1493
1432 2 2 206 2 339 340 1289
1433 2 2 206 2 1302 219 1482
1434 2 2 206 2 1387 1366 1407
1435 2 2 206 2 212 213 1291
1436 2 2 206 2 1351 1380 1538
1437 2 2 206 2 1495 1496 1497
1438 2 2 206 2 1403 1402 1404
1439 2 2 206 2 335 336 1472
1440 2 2 206 2 1398 1430 1431
1441 2 2 206 2 1389 1365 1390
1442 2 2 206 2 1379 1509 1544
1443 2 2 206 2 315 316 1306
1444 2 2 206 2 1338 1334 1339
1445 2 2 206 2 1380 1474 1475
1446 2 2 206 2 347 1514 1515
1447 2 2 206 2 1285 343 1484
1448 2 2 206 2 342 343 1285
1449 2 2 206 2 209 210 1287
1450 2 2 206 2 1349 1336 1474
1451 2 2 206 2 1338 1339 1508
1452 2 2 206 2 208 209 1487
1453 2 2 206 2 1322 1331 1510
1454 2 2 206 2 1343 1336 1349
1455 2 2 206 2 206 207 1284
1456 2 2 206 2 1494 1280 1495
1457 2 2 206 2 217 218 1473
1458 2 2 206 2 1352 1353 1354
1459 2 2 206 2 1401 1400 1402
1460 2 2 206 2 1440 1436 1467
1461 2 2 206 2 215 216 1477
1462 2 2 206 2 1345 1341 1346
1463 2 2 206 2 1530 1395 1534
1464 2 2 206 2 1508 1442 1509
1465 2 2 206 2 1442 1441 1443
1466 2 2 206 2 1437 1438 1439
1467 2 2 206 2 203 204 1282
1468 2 2 206 2 1364 1363 1365
1469 2 2 206 2 1376 1315 1517
1470 2 2 206 2 1497 1496 1498
1471 2 2 206 2 213 214 1479
1472 2 2 206 2 1485 1484 1486
1473 2 2 206 2 1406 1411 1412
1474 2 2 206 2 210 211 1493
1475 2 2 206 2 1501 1502 1507
1476 2 2 206 2 1364 1393 1469
1477 2 2 206 2 1370 1371 1372
1478 2 2 206 2 1435 1436 1437
1479 2 2 206 2 1378 1369 1470
1480 2 2 206 2 1495 1280 1496
1481 2 2 206 2 1350 1351 1352
1482 2 2 206 2 1498 1500 1501
1483 2 2 206 2 1339 1345 1508
1484 2 2 206 2 1518 1295 1523
1485 2 2 206 2 208 1487 1490
1486 2 2 206 2 1368 1369 1370
1487 2 2 206 2 1496 1280 1515
1488 2 2 206 2 345 1280 1494
1489 2 2 206 2 1499 1496 1515
1490 2 2 206 2 1380 1349 1474
1491 2 2 206 2 344 345 1494
1492 2 2 206 2 1490 1489 1491
1493 2 2 206 2 1343 1349 1350
1494 2 2 206 2 1499 1514 1518
1495 2 2 206 2 343 344 1484
1496 2 2 206 2 1423 1421 1424
1497 2 2 206 2 348 1295 1514
1498 2 2 206 2 347 348 1514
1499 2 2 206 2 345 346 1280
1500 2 2 206 2 1331 1338 1510
1501 2 2 206 2 1512 1309 1513
1502 2 2 206 2 219 220 1482
1503 2 2 206 2 1475 1474 1476
1504 2 2 206 2 1331 1333 1334
1505 2 2 206 2 1380 1475 1537
1506 2 2 206 2 1377 1441 1442
1507 2 2 206 2 200 1288 1511
1508 2 2 206 2 200 201 1288
1509 2 2 206 2 1501 1500 1502
1510 2 2 206 2 1303 199 1511
1511 2 2 206 2 199 200 1511
1512 2 2 206 2 350 1309 1512
1513 2 2 206 2 348 349 1295
1514 2 2 206 2 1295 349 1512
1515 2 2 206 2 198 199 1303
1516 2 2 206 2 349 350 1512
1517 2 2 206 2 350 351 1309
1518 2 2 206 2 346 347 1515
1519 2 2 206 2 1337 1530 1534
1520 2 2 206 2 1397 1376 1398
1521 2 2 206 2 1317 1320 1379
1522 2 2 206 2 1366 1346 1481
1523 2 2 206 2 1423 1424 1425
1524 2 2 206 2 206 1284 1532
1525 2 2 206 2 1319 1315 1376
1526 2 2 206 2 1280 346 1515
1527 2 2 206 2 1335 1329 1336
1528 2 2 206 2 1322 1330 1331
1529 2 2 206 2 1328 1326 1329
1530 2 2 206 2 1430 1376 1517
1531 2 2 206 2 1346 1347 1348
1532 2 2 206 2 1498 1499 1500
1533 2 2 206 2 1339 1340 1341
1534 2 2 206 2 1355 1354 1356
1535 2 2 206 2 1487 1489 1490
1536 2 2 206 2 1498 1496 1499
1537 2 2 206 2 1342 1336 1343
1538 2 2 206 2 1375 1427 1428
1539 2 2 206 2 1502 1503 1504
1540 2 2 206 2 1382 1384 1385
1541 2 2 206 2 1348 1359 1360
1542 2 2 206 2 1504 1505 1506
1543 2 2 206 2 1367 1356 1368
1544 2 2 206 2 1423 1425 1516
1545 2 2 206 2 1394 1383 1395
1546 2 2 206 2 1504 1503 1505
1547 2 2 206 2 1390 1391 1392
1548 2 2 206 2 1502 1500 1503
1549 2 2 206 2 1424 1421 1530
1550 2 2 206 2 1422 1421 1423
1551 2 2 206 2 1373 1372 1374
1552 2 2 206 2 1328 1329 1335
1553 2 2 206 2 1420 1395 1421
1554 2 2 206 2 1407 1366 1481
1555 2 2 206 2 1331 1330 1333
1556 2 2 206 2 1360 1362 1363
1557 2 2 206 2 1382 1385 1520
1558 2 2 206 2 286 287 1281
1559 2 2 206 2 1335 1336 1342
1560 2 2 206 2 1339 1334 1340
1561 2 2 206 2 1392 1399 1400
1562 2 2 206 2 1321 1318 1519
1563 2 2 206 2 1346 1341 1347
1564 2 2 206 2 283 284 1286
1565 2 2 206 2 1319 1376 1397
1566 2 2 206 2 284 285 1461
1567 2 2 206 2 1342 1343 1358
1568 2 2 206 2 288 289 1462
1569 2 2 206 2 1451 1452 1453
1570 2 2 206 2 1397 1398 1480
1571 2 2 206 2 1352 1354 1355
1572 2 2 206 2 1418 1374 1435
1573 2 2 206 2 1323 1321 1324
1574 2 2 206 2 1422 1423 1426
1575 2 2 206 2 1325 1327 1337
1576 2 2 206 2 1500 1499 1518
1577 2 2 206 2 289 290 1283
1578 2 2 206 2 1426 1423 1516
1579 2 2 206 2 280 281 1290
1580 2 2 206 2 1503 1500 1518
1581 2 2 206 2 1394 1395 1420
1582 2 2 206 2 1335 1342 1344
1583 2 2 206 2 1281 287 1311
1584 2 2 206 2 1420 1421 1422
1585 2 2 206 2 1461 285 1464
1586 2 2 206 2 1334 1333 1520
1587 2 2 206 2 292 293 1292
1588 2 2 206 2 279 280 1446
1589 2 2 206 2 1325 1324 1326
1590 2 2 206 2 1327 1326 1328
1591 2 2 206 2 1348 1347 1359
1592 2 2 206 2 276 277 1293
1593 2 2 206 2 278 279 1297
1594 2 2 206 2 1281 1312 1313
1595 2 2 206 2 1314 1316 1317
1596 2 2 206 2 1314 1312 1315
1597 2 2 206 2 1390 1365 1391
1598 2 2 206 2 1355 1356 1367
1599 2 2 206 2 1317 1318 1320
1600 2 2 206 2 1333 1381 1382
1601 2 2 206 2 1384 1383 1394
1602 2 2 206 2 1320 1321 1322
1603 2 2 206 2 1322 1323 1330
1604 2 2 206 2 293 294 1455
1605 2 2 206 2 1324 1321 1519
1606 2 2 206 2 1333 1330 1381
1607 2 2 206 2 1323 1324 1325
1608 2 2 206 2 1375 1386 1427
1609 2 2 206 2 1382 1383 1384
1610 2 2 206 2 1325 1326 1327
1611 2 2 206 2 1384 1394 1409
1612 2 2 206 2 1327 1328 1332
1613 2 2 206 2 1382 1381 1383
1614 2 2 206 2 1505 1503 1523
1615 2 2 206 2 1322 1321 1323
1616 2 2 206 2 296 297 1301
1617 2 2 206 2 273 274 1299
1618 2 2 206 2 294 295 1298
1619 2 2 206 2 1316 1315 1319
1620 2 2 206 2 1320 1318 1321
1621 2 2 206 2 295 296 1449
1622 2 2 206 2 1375 1428 1529
1623 2 2 206 2 1503 1518 1523
1624 2 2 206 2 1370 1372 1373
1625 2 2 206 2 1360 1359 1362
1626 2 2 206 2 1293 277 1447
1627 2 2 206 2 1404 1402 1405
1628 2 2 206 2 1375 1367 1386
1629 2 2 206 2 1355 1367 1375
1630 2 2 206 2 1281 1311 1312
1631 2 2 206 2 1317 1316 1318
1632 2 2 206 2 1313 1312 1314
1633 2 2 206 2 1328 1335 1521
1634 2 2 206 2 1427 1386 1429
1635 2 2 206 2 1363 1362 1396
1636 2 2 206 2 1340 1334 1520
1637 2 2 206 2 1333 1382 1520
1638 2 2 206 2 1367 1368 1526
1639 2 2 206 2 1314 1315 1316
1640 2 2 206 2 276 1293 1460
1641 2 2 206 2 1404 1405 1406
1642 2 2 206 2 1347 1341 1527
1643 2 2 206 2 1350 1352 1529
1644 2 2 206 2 1335 1344 1521
1645 2 2 206 2 1392 1391 1399
1646 2 2 206 2 1373 1374 1418
1647 2 2 206 2 1332 1328 1521
1648 2 2 206 2 1341 1340 1527
1649 2 2 206 2 1400 1399 1445
1650 2 2 206 2 1357 1480 1549
1651 2 2 206 2 1396 1362 1408
1652 2 2 206 2 1359 1347 1361
1653 2 2 206 2 272 273 1454
1654 2 2 206 2 1325 1337 1524
1655 2 2 206 2 1373 1418 1419
1656 2 2 206 2 1396 1408 1417
1657 2 2 206 2 1352 1355 1529
1658 2 2 206 2 1330 1323 1524
1659 2 2 206 2 298 299 1305
1660 2 2 206 2 1323 1325 1524
1661 2 2 206 2 1381 1330 1524
1662 2 2 206 2 1421 1395 1530
1663 2 2 206 2 1301 297 1450
1664 2 2 206 2 1395 1383 1534
1665 2 2 206 2 1519 1318 1528
1666 2 2 206 2 1399 1391 1413
1667 2 2 206 2 1406 1410 1411
1668 2 2 206 2 1368 1370 1525
1669 2 2 206 2 1386 1367 1526
1670 2 2 206 2 1355 1375 1529
1671 2 2 206 2 1293 1447 1448
1672 2 2 206 2 1365 1363 1533
1673 2 2 206 2 1361 1347 1527
1674 2 2 206 2 1358 1343 1535
1675 2 2 206 2 1363 1396 1533
1676 2 2 206 2 1406 1405 1410
1677 2 2 206 2 1380 1537 1538
1678 2 2 206 2 205 206 1532
1679 2 2 206 2 1381 1524 1534
1680 2 2 206 2 1368 1525 1526
1681 2 2 206 2 1316 1319 1528
1682 2 2 206 2 1524 1337 1534
1683 2 2 206 2 1318 1316 1528
1684 2 2 206 2 1424 1530 1536
1685 2 2 206 2 1391 1365 1533
1686 2 2 206 2 1370 1373 1525
1687 2 2 206 2 1305 299 1456
1688 2 2 206 2 1529 1428 1535
1689 2 2 206 2 1350 1529 1535
1690 2 2 206 2 1373 1419 1525
1691 2 2 206 2 1443 1466 1544
1692 2 2 206 2 1337 1327 1536
1693 2 2 206 2 1343 1350 1535
1694 2 2 206 2 1413 1391 1533
1695 2 2 206 2 1362 1359 1531
1696 2 2 206 2 301 302 1308
1697 2 2 206 2 1383 1381 1534
1698 2 2 206 2 1359 1361 1531
1699 2 2 206 2 1408 1362 1531
1700 2 2 206 2 1530 1337 1536
1701 2 2 206 2 1466 1313 1541
1702 2 2 206 2 1415 1404 1540
1703 2 2 206 2 1475 1528 1537
1704 2 2 206 2 303 304 1459
1705 2 2 206 2 1406 1412 1540
1706 2 2 206 2 1327 1332 1536
1707 2 2 206 2 1528 1319 1537
1708 2 2 206 2 1452 1456 1563
1709 2 2 206 2 1319 1397 1537
1710 2 2 206 2 1569 1304 1589
1711 2 2 206 2 1317 1379 1541
1712 2 2 206 2 1537 1397 1538
1713 2 2 206 2 1397 1480 1538
1714 2 2 206 2 1438 1440 1575
1715 2 2 206 2 1313 1314 1541
1716 2 2 206 2 1442 1443 1544
1717 2 2 206 2 1405 1478 1580
1718 2 2 206 2 283 1286 1539
1719 2 2 206 2 1520 1385 1543
1720 2 2 206 2 1470 1357 1548
1721 2 2 206 2 1527 1340 1543
1722 2 2 206 2 1502 1504 1545
1723 2 2 206 2 1404 1406 1540
1724 2 2 206 2 1431 1433 1549
1725 2 2 206 2 1294 337 1547
1726 2 2 206 2 1448 1447 1607
1727 2 2 206 2 1460 1415 1584
1728 2 2 206 2 1398 1431 1549
1729 2 2 206 2 1458 330 1604
1730 2 2 206 2 1314 1317 1541
1731 2 2 206 2 282 1539 1608
1732 2 2 206 2 1433 1434 1558
1733 2 2 206 2 1301 1450 1542
1734 2 2 206 2 1451 1453 1611
1735 2 2 206 2 1509 1442 1544
1736 2 2 206 2 1340 1520 1543
1737 2 2 206 2 1575 1440 1609
1738 2 2 206 2 1358 1535 1546
1739 2 2 206 2 275 1460 1584
1740 2 2 206 2 1396 1417 1551
1741 2 2 206 2 1459 1310 1601
1742 2 2 206 2 1386 1526 1550
1743 2 2 206 2 1507 1502 1545
1744 2 2 206 2 1556 1304 1569
1745 2 2 206 2 1413 1533 1551
1746 2 2 206 2 314 315 1553
1747 2 2 206 2 197 198 1554
1748 2 2 206 2 1296 1473 1580
1749 2 2 206 2 1485 1486 1546
1750 2 2 206 2 1543 1385 1616
1751 2 2 206 2 1300 1445 1564
1752 2 2 206 2 1489 1488 1555
1753 2 2 206 2 337 338 1547
1754 2 2 206 2 1504 1506 1560
1755 2 2 206 2 333 334 1556
1756 2 2 206 2 1448 1414 1578
1757 2 2 206 2 1378 1470 1548
1758 2 2 206 2 1535 1428 1546
1759 2 2 206 2 1385 1384 1557
1760 2 2 206 2 1480 1398 1549
1761 2 2 206 2 1492 1543 1616
1762 2 2 206 2 1539 1416 1608
1763 2 2 206 2 1563 1458 1604
1764 2 2 206 2 1548 1433 1558
1765 2 2 206 2 1410 1473 1596
1766 2 2 206 2 202 203 1552
1767 2 2 206 2 1401 1403 1571
1768 2 2 206 2 1463 1388 1568
1769 2 2 206 2 1393 1465 1566
1770 2 2 206 2 317 9 1572
1771 2 2 206 2 203 1282 1552
1772 2 2 206 2 1429 1386 1550
1773 2 2 206 2 1533 1396 1551
1774 2 2 206 2 1495 1497 1561
1775 2 2 206 2 9 272 1572
1776 2 2 206 2 1453 1569 1611
1777 2 2 206 2 339 1289 1562
1778 2 2 206 2 1444 1282 1587
1779 2 2 206 2 306 307 1600
1780 2 2 206 2 1550 1526 1581
1781 2 2 206 2 1469 1393 1566
1782 2 2 206 2 332 333 1565
1783 2 2 206 2 1407 1481 1566
1784 2 2 206 2 315 1306 1553
1785 2 2 206 2 1388 1371 1568
1786 2 2 206 2 1422 1426 1552
1787 2 2 206 2 1358 1546 1561
1788 2 2 206 2 198 1303 1554
1789 2 2 206 2 1445 1478 1603
1790 2 2 206 2 324 325 1600
1791 2 2 206 2 327 1459 1567
1792 2 2 206 2 1294 1435 1610
1793 2 2 206 2 1301 1542 1575
1794 2 2 206 2 1299 274 1584
1795 2 2 206 2 1460 1293 1571
1796 2 2 206 2 292 1292 1590
1797 2 2 206 2 1417 1493 1586
1798 2 2 206 2 329 330 1574
1799 2 2 206 2 1287 1493 1577
1800 2 2 206 2 1290 281 1608
1801 2 2 206 2 1492 1489 1555
1802 2 2 206 2 1547 338 1562
1803 2 2 206 2 1408 1531 1577
1804 2 2 206 2 1392 1401 1578
1805 2 2 206 2 1546 1486 1561
1806 2 2 206 2 1414 1390 1578
1807 2 2 206 2 334 1304 1556
1808 2 2 206 2 1344 1342 1576
1809 2 2 206 2 1505 1513 1579
1810 2 2 206 2 1384 1409 1557
1811 2 2 206 2 1308 302 1601
1812 2 2 206 2 303 1459 1601
1813 2 2 206 2 1289 1550 1581
1814 2 2 206 2 1516 1425 1560
1815 2 2 206 2 1501 1507 1606
1816 2 2 206 2 202 1552 1583
1817 2 2 206 2 1577 1531 1614
1818 2 2 206 2 1288 201 1583
1819 2 2 206 2 1493 211 1586
1820 2 2 206 2 212 1291 1586
1821 2 2 206 2 1361 1527 1598
1822 2 2 206 2 1525 1419 1581
1823 2 2 206 2 1282 204 1587
1824 2 2 206 2 205 1532 1587
1825 2 2 206 2 1498 1501 1593
1826 2 2 206 2 220 4 1591
1827 2 2 206 2 4 314 1591
1828 2 2 206 2 1289 340 1597
1829 2 2 206 2 341 342 1615
1830 2 2 206 2 351 6 1592
1831 2 2 206 2 6 197 1592
1832 2 2 206 2 330 331 1604
1833 2 2 206 2 1400 1445 1603
1834 2 2 206 2 1284 1491 1594
1835 2 2 206 2 1459 304 1567
1836 2 2 206 2 1425 1545 1560
1837 2 2 206 2 1405 1402 1603
1838 2 2 206 2 1445 1399 1564
1839 2 2 206 2 1552 1426 1583
1840 2 2 206 2 1344 1576 1593
1841 2 2 206 2 1478 1296 1580
1842 2 2 206 2 304 305 1567
1843 2 2 206 2 1399 1413 1564
1844 2 2 206 2 1378 1548 1558
1845 2 2 206 2 1545 1504 1560
1846 2 2 206 2 1304 1472 1589
1847 2 2 206 2 1416 1407 1585
1848 2 2 206 2 1473 1302 1596
1849 2 2 206 2 1550 1289 1597
1850 2 2 206 2 1378 1558 1568
1851 2 2 206 2 1486 1495 1561
1852 2 2 206 2 1559 1411 1613
1853 2 2 206 2 1555 1361 1598
1854 2 2 206 2 1542 1451 1611
1855 2 2 206 2 338 339 1562
1856 2 2 206 2 1297 1471 1607
1857 2 2 206 2 1559 1306 1573
1858 2 2 206 2 1553 1306 1559
1859 2 2 206 2 1561 1497 1576
1860 2 2 206 2 1568 1558 1582
1861 2 2 206 2 1456 1457 1563
1862 2 2 206 2 325 306 1600
1863 2 2 206 2 1407 1566 1585
1864 2 2 206 2 1458 1308 1574
1865 2 2 206 2 1479 1300 1564
1866 2 2 206 2 1589 1472 1610
1867 2 2 206 2 1491 1557 1594
1868 2 2 206 2 1307 332 1565
1869 2 2 206 2 324 307 1570
1870 2 2 206 2 1481 1469 1566
1871 2 2 206 2 308 323 1570
1872 2 2 206 2 1468 1298 1609
1873 2 2 206 2 1411 1596 1613
1874 2 2 206 2 1567 305 1599
1875 2 2 206 2 326 327 1567
1876 2 2 206 2 1371 1378 1568
1877 2 2 206 2 1410 1405 1580
1878 2 2 206 2 1471 1414 1607
1879 2 2 206 2 1439 1569 1589
1880 2 2 206 2 1593 1501 1606
1881 2 2 206 2 1449 1301 1575
1882 2 2 206 2 1564 1413 1605
1883 2 2 206 2 1293 1448 1571
1884 2 2 206 2 1483 317 1572
1885 2 2 206 2 1449 1575 1609
1886 2 2 206 2 1440 1468 1609
1887 2 2 206 2 1488 1577 1614
1888 2 2 206 2 272 1454 1572
1889 2 2 206 2 1306 1483 1573
1890 2 2 206 2 1472 1294 1610
1891 2 2 206 2 1429 1550 1597
1892 2 2 206 2 1588 1288 1612
1893 2 2 206 2 1447 1297 1607
1894 2 2 206 2 306 325 1599
1895 2 2 206 2 1310 329 1574
1896 2 2 206 2 1488 1287 1577
1897 2 2 206 2 1483 1572 1602
1898 2 2 206 2 1342 1358 1576
1899 2 2 206 2 1540 1412 1595
1900 2 2 206 2 1479 1564 1605
1901 2 2 206 2 326 1567 1599
1902 2 2 206 2 1572 1454 1602
1903 2 2 206 2 1390 1392 1578
1904 2 2 206 2 1299 1540 1595
1905 2 2 206 2 1506 1505 1579
1906 2 2 206 2 1292 1463 1582
1907 2 2 206 2 1453 1556 1569
1908 2 2 206 2 1526 1525 1581
1909 2 2 206 2 1576 1497 1593
1910 2 2 206 2 1358 1561 1576
1911 2 2 206 2 1560 1506 1588
1912 2 2 206 2 1454 1299 1595
1913 2 2 206 2 1307 1563 1604
1914 2 2 206 2 1288 1583 1612
1915 2 2 206 2 1465 1290 1585
1916 2 2 206 2 201 202 1583
1917 2 2 206 2 1463 1568 1582
1918 2 2 206 2 274 275 1584
1919 2 2 206 2 1491 1492 1616
1920 2 2 206 2 314 1553 1591
1921 2 2 206 2 197 1554 1592
1922 2 2 206 2 1558 1434 1582
1923 2 2 206 2 305 306 1599
1924 2 2 206 2 1298 1449 1609
1925 2 2 206 2 211 212 1586
1926 2 2 206 2 204 205 1587
1927 2 2 206 2 1566 1465 1585
1928 2 2 206 2 1437 1439 1589
1929 2 2 206 2 1531 1361 1614
1930 2 2 206 2 1532 1284 1594
1931 2 2 206 2 291 292 1590
1932 2 2 206 2 1409 1532 1594
1933 2 2 206 2 1482 220 1591
1934 2 2 206 2 1497 1498 1593
1935 2 2 206 2 1309 351 1592
1936 2 2 206 2 1413 1551 1605
1937 2 2 206 2 340 341 1597
1938 2 2 206 2 1411 1410 1596
1939 2 2 206 2 1437 1589 1610
1940 2 2 206 2 325 326 1599
1941 2 2 206 2 1527 1543 1598
1942 2 2 206 2 1291 1479 1605
1943 2 2 206 2 331 1307 1604
1944 2 2 206 2 302 303 1601
1945 2 2 206 2 1402 1400 1603
1946 2 2 206 2 1555 1488 1614
1947 2 2 206 2 1543 1492 1598
1948 2 2 206 2 1385 1557 1616
1949 2 2 206 2 281 282 1608
1950 2 2 206 2 1302 1482 1613
1951 2 2 206 2 342 1285 1615
1952 2 2 206 2 1521 1344 1606
1953 2 2 206 2 1435 1437 1610
1954 2 2 206 2 1426 1516 1612
1955 2 2 206 2 1439 1542 1611
1956 2 2 206 2 1553 1482 1591
1957 2 2 206 2 1554 1309 1592
1958 2 2 206 2 1557 1491 1616
1959 2 2 206 2 1551 1291 1605
1960 2 2 206 2 307 324 1600
1961 2 2 206 2 1361 1555 1614
1962 2 2 206 2 1516 1588 1612
1963 2 2 206 2 1492 1555 1598
1964 2 2 206 2 1412 1573 1602
1965 2 2 206 2 1557 1409 1594
1966 2 2 206 2 1516 1560 1588
1967 2 2 206 2 1344 1593 1606
1968 2 2 206 2 1595 1412 1602
1969 2 2 206 2 1569 1439 1611
1970 2 2 206 2 1573 1483 1602
1971 2 2 206 2 1583 1426 1612
1972 2 2 206 2 1596 1302 1613
1973 2 2 206 2 1454 1595 1602
1974 2 2 206 2 313 10 318
1975 2 2 206 2 307 308 1570
1976 2 2 206 2 311 312 319
1977 2 2 206 2 312 313 318
1978 2 2 206 2 312 318 319
1979 2 2 206 2 323 324 1570
1980 2 2 206 2 308 309 322
1981 2 2 206 2 308 322 323
1982 2 2 206 2 309 310 321
1983 2 2 206 2 309 321 322
1984 2 2 206 2 310 311 320
1985 2 2 206 2 310 320 321
1986 2 2 206 2 311 319 320
1987 2 2 206 3 1712 1650 1734
1988 2 2 206 3 1755 1626 1765
1989 2 2 206 3 1624 1654 1656
1990 2 2 206 3 1674 1623 1676
1991 2 2 206 3 1673 1675 1709
1992 2 2 206 3 360 361 1713
1993 2 2 206 3 1655 1653 1710
1994 2 2 206 3 1697 1755 1765
1995 2 2 206 3 1644 1647 1744
1996 2 2 206 3 1654 1624 1668
1997 2 2 206 3 1623 1674 1687
1998 2 2 206 3 1647 1644 1737
1999 2 2 206 3 1637 1703 1739
2000 2 2 206 3 1636 1712 1734
2001 2 2 206 3 1647 1704 1744
2002 2 2 206 3 1683 1693 1741
2003 2 2 206 3 1693 1683 1749
2004 2 2 206 3 1620 1666 1720
2005 2 2 206 3 376 377 1712
2006 2 2 206 3 1699 1638 1740
2007 2 2 206 3 1670 1713 1732
2008 2 2 206 3 1704 1647 1748
2009 2 2 206 3 1666 1620 1742
2010 2 2 206 3 1703 1637 1762
2011 2 2 206 3 1643 1648 1715
2012 2 2 206 3 1649 1644 1714
2013 2 2 206 3 1758 1701 1767
2014 2 2 206 3 378 379 1706
2015 2 2 206 3 358 359 1707
2016 2 2 206 3 1692 1663 1743
2017 2 2 206 3 1691 1673 1709
2018 2 2 206 3 1663 1692 1754
2019 2 2 206 3 1648 1643 1738
2020 2 2 206 3 1644 1649 1737
2021 2 2 206 3 1690 1758 1767
2022 2 2 206 3 360 1713 1752
2023 2 2 206 3 1653 1669 1710
2024 2 2 206 3 1675 1678 1709
2025 2 2 206 3 1626 1667 1765
2026 2 2 206 3 1719 1642 1761
2027 2 2 206 3 1686 1619 1730
2028 2 2 206 3 1658 1655 1710
2029 2 2 206 3 1713 1635 1732
2030 2 2 206 3 361 1635 1713
2031 2 2 206 3 1619 1686 1745
2032 2 2 206 3 1667 1626 1775
2033 2 2 206 3 1624 1656 1723
2034 2 2 206 3 1643 1704 1738
2035 2 2 206 3 1638 1699 1766
2036 2 2 206 3 1636 376 1712
2037 2 2 206 3 1738 1704 1748
2038 2 2 206 3 235 1633 1651
2039 2 2 206 3 1706 379 1757
2040 2 2 206 3 358 1707 1756
2041 2 2 206 3 244 1640 1698
2042 2 2 206 3 1651 1633 1652
2043 2 2 206 3 1676 1623 1727
2044 2 2 206 3 1622 259 1691
2045 2 2 206 3 237 1621 1669
2046 2 2 206 3 1650 1651 1734
2047 2 2 206 3 1627 1689 1705
2048 2 2 206 3 1674 1672 1687
2049 2 2 206 3 1642 1719 1736
2050 2 2 206 3 1712 377 1751
2051 2 2 206 3 1698 1640 1699
2052 2 2 206 3 1698 1699 1740
2053 2 2 206 3 1652 1654 1668
2054 2 2 206 3 1716 1619 1745
2055 2 2 206 3 1696 1708 1711
2056 2 2 206 3 1642 1728 1761
2057 2 2 206 3 1685 1725 1726
2058 2 2 206 3 1622 1691 1709
2059 2 2 206 3 259 260 1691
2060 2 2 206 3 1669 1621 1710
2061 2 2 206 3 236 237 1669
2062 2 2 206 3 1716 1745 1759
2063 2 2 206 3 1634 1671 1672
2064 2 2 206 3 1634 261 1671
2065 2 2 206 3 1687 1672 1732
2066 2 2 206 3 1757 380 1773
2067 2 2 206 3 357 1756 1772
2068 2 2 206 3 1627 257 1693
2069 2 2 206 3 239 1628 1692
2070 2 2 206 3 1635 1687 1732
2071 2 2 206 3 1671 1670 1732
2072 2 2 206 3 253 1700 1702
2073 2 2 206 3 230 1757 1773
2074 2 2 206 3 1756 266 1772
2075 2 2 206 3 1681 1679 1726
2076 2 2 206 3 1708 1628 1711
2077 2 2 206 3 1708 1696 1765
2078 2 2 206 3 234 235 1651
2079 2 2 206 3 1668 1636 1734
2080 2 2 206 3 1679 1685 1726
2081 2 2 206 3 1703 1702 1739
2082 2 2 206 3 243 244 1698
2083 2 2 206 3 1705 1689 1767
2084 2 2 206 3 1725 1641 1735
2085 2 2 206 3 1629 1759 1777
2086 2 2 206 3 1629 1716 1759
2087 2 2 206 3 1631 1696 1711
2088 2 2 206 3 1704 248 1744
2089 2 2 206 3 1652 1668 1734
2090 2 2 206 3 1650 234 1651
2091 2 2 206 3 1627 1693 1749
2092 2 2 206 3 1700 1701 1739
2093 2 2 206 3 1670 1646 1713
2094 2 2 206 3 1694 243 1698
2095 2 2 206 3 1700 1632 1701
2096 2 2 206 3 1636 1668 1764
2097 2 2 206 3 1760 1719 1761
2098 2 2 206 3 260 1634 1691
2099 2 2 206 3 1652 1633 1653
2100 2 2 206 3 1699 1640 1781
2101 2 2 206 3 1633 236 1669
2102 2 2 206 3 232 1645 1706
2103 2 2 206 3 1646 264 1707
2104 2 2 206 3 263 1646 1670
2105 2 2 206 3 233 234 1650
2106 2 2 206 3 261 262 1671
2107 2 2 206 3 257 258 1693
2108 2 2 206 3 238 239 1692
2109 2 2 206 3 1692 1628 1754
2110 2 2 206 3 242 243 1694
2111 2 2 206 3 252 253 1702
2112 2 2 206 3 247 248 1704
2113 2 2 206 3 1632 255 1705
2114 2 2 206 3 241 1631 1711
2115 2 2 206 3 256 1627 1705
2116 2 2 206 3 1628 240 1711
2117 2 2 206 3 1687 1635 1768
2118 2 2 206 3 254 1632 1700
2119 2 2 206 3 1689 1627 1749
2120 2 2 206 3 1634 1672 1673
2121 2 2 206 3 1640 245 1715
2122 2 2 206 3 251 1639 1714
2123 2 2 206 3 1713 1646 1752
2124 2 2 206 3 246 1643 1715
2125 2 2 206 3 1644 250 1714
2126 2 2 206 3 1689 1690 1767
2127 2 2 206 3 1667 1708 1765
2128 2 2 206 3 1731 1699 1781
2129 2 2 206 3 1697 1695 1778
2130 2 2 206 3 1729 1697 1778
2131 2 2 206 3 1725 1685 1774
2132 2 2 206 3 1702 1700 1739
2133 2 2 206 3 1652 1653 1654
2134 2 2 206 3 1701 1632 1767
2135 2 2 206 3 1653 1633 1669
2136 2 2 206 3 1673 1672 1674
2137 2 2 206 3 1725 1735 1777
2138 2 2 206 3 1717 1630 1718
2139 2 2 206 3 1718 1630 1719
2140 2 2 206 3 116 1630 1717
2141 2 2 206 3 1634 1673 1691
2142 2 2 206 3 93 1619 1716
2143 2 2 206 3 1625 96 1722
2144 2 2 206 3 98 1637 1721
2145 2 2 206 3 114 1620 1720
2146 2 2 206 3 91 92 1629
2147 2 2 206 3 116 117 1630
2148 2 2 206 3 1629 92 1716
2149 2 2 206 3 103 104 1647
2150 2 2 206 3 101 102 1649
2151 2 2 206 3 106 107 1648
2152 2 2 206 3 1620 115 1717
2153 2 2 206 3 1645 1650 1712
2154 2 2 206 3 97 1721 1722
2155 2 2 206 3 97 98 1721
2156 2 2 206 3 231 232 1706
2157 2 2 206 3 264 265 1707
2158 2 2 206 3 98 99 1637
2159 2 2 206 3 109 110 1638
2160 2 2 206 3 1626 113 1720
2161 2 2 206 3 1645 233 1650
2162 2 2 206 3 115 116 1717
2163 2 2 206 3 95 96 1625
2164 2 2 206 3 112 113 1626
2165 2 2 206 3 232 233 1645
2166 2 2 206 3 263 264 1646
2167 2 2 206 3 1654 1653 1655
2168 2 2 206 3 262 1670 1671
2169 2 2 206 3 93 94 1619
2170 2 2 206 3 114 115 1620
2171 2 2 206 3 262 263 1670
2172 2 2 206 3 96 97 1722
2173 2 2 206 3 92 93 1716
2174 2 2 206 3 1667 1664 1708
2175 2 2 206 3 1684 1688 1689
2176 2 2 206 3 1673 1674 1675
2177 2 2 206 3 113 114 1720
2178 2 2 206 3 235 236 1633
2179 2 2 206 3 260 261 1634
2180 2 2 206 3 1654 1655 1656
2181 2 2 206 3 258 259 1622
2182 2 2 206 3 237 238 1621
2183 2 2 206 3 1675 1674 1676
2184 2 2 206 3 1662 1660 1663
2185 2 2 206 3 1680 1682 1683
2186 2 2 206 3 1689 1688 1690
2187 2 2 206 3 95 1625 1730
2188 2 2 206 3 1619 94 1730
2189 2 2 206 3 258 1622 1693
2190 2 2 206 3 1621 238 1692
2191 2 2 206 3 1679 1677 1685
2192 2 2 206 3 1657 1659 1665
2193 2 2 206 3 110 111 1729
2194 2 2 206 3 1662 1663 1664
2195 2 2 206 3 363 364 1623
2196 2 2 206 3 373 374 1624
2197 2 2 206 3 364 365 1727
2198 2 2 206 3 372 373 1723
2199 2 2 206 3 365 366 1617
2200 2 2 206 3 371 372 1618
2201 2 2 206 3 1683 1682 1684
2202 2 2 206 3 1638 110 1729
2203 2 2 206 3 361 362 1635
2204 2 2 206 3 375 376 1636
2205 2 2 206 3 255 256 1705
2206 2 2 206 3 240 241 1711
2207 2 2 206 3 241 242 1631
2208 2 2 206 3 254 255 1632
2209 2 2 206 3 1675 1676 1677
2210 2 2 206 3 239 240 1628
2211 2 2 206 3 256 257 1627
2212 2 2 206 3 1656 1655 1657
2213 2 2 206 3 1623 364 1727
2214 2 2 206 3 373 1624 1723
2215 2 2 206 3 365 1617 1727
2216 2 2 206 3 1618 372 1723
2217 2 2 206 3 1666 1664 1667
2218 2 2 206 3 1684 1686 1688
2219 2 2 206 3 253 254 1700
2220 2 2 206 3 366 367 1724
2221 2 2 206 3 370 371 1728
2222 2 2 206 3 1631 1695 1696
2223 2 2 206 3 1661 1660 1662
2224 2 2 206 3 1675 1677 1678
2225 2 2 206 3 1680 1681 1682
2226 2 2 206 3 1657 1655 1658
2227 2 2 206 3 1659 1658 1660
2228 2 2 206 3 244 245 1640
2229 2 2 206 3 251 252 1639
2230 2 2 206 3 1631 242 1694
2231 2 2 206 3 1678 1679 1680
2232 2 2 206 3 250 251 1714
2233 2 2 206 3 245 246 1715
2234 2 2 206 3 246 247 1643
2235 2 2 206 3 249 250 1644
2236 2 2 206 3 1678 1677 1679
2237 2 2 206 3 1657 1658 1659
2238 2 2 206 3 1662 1664 1666
2239 2 2 206 3 1617 366 1724
2240 2 2 206 3 371 1618 1728
2241 2 2 206 3 1684 1682 1686
2242 2 2 206 3 1639 252 1702
2243 2 2 206 3 1659 1660 1661
2244 2 2 206 3 1696 1695 1697
2245 2 2 206 3 367 368 1641
2246 2 2 206 3 369 370 1642
2247 2 2 206 3 1680 1679 1681
2248 2 2 206 3 1643 247 1704
2249 2 2 206 3 1631 1694 1695
2250 2 2 206 3 94 95 1730
2251 2 2 206 3 1639 1702 1703
2252 2 2 206 3 367 1641 1724
2253 2 2 206 3 1642 370 1728
2254 2 2 206 3 107 108 1731
2255 2 2 206 3 1724 1641 1725
2256 2 2 206 3 1665 1760 1761
2257 2 2 206 3 1672 1671 1732
2258 2 2 206 3 1695 1694 1740
2259 2 2 206 3 1628 1708 1754
2260 2 2 206 3 1719 1630 1736
2261 2 2 206 3 249 1644 1744
2262 2 2 206 3 1668 1624 1764
2263 2 2 206 3 1648 107 1731
2264 2 2 206 3 1623 1687 1768
2265 2 2 206 3 1651 1652 1734
2266 2 2 206 3 1645 1712 1751
2267 2 2 206 3 100 101 1733
2268 2 2 206 3 90 91 1735
2269 2 2 206 3 117 118 1736
2270 2 2 206 3 103 1647 1737
2271 2 2 206 3 1649 102 1737
2272 2 2 206 3 106 1648 1738
2273 2 2 206 3 231 1706 1757
2274 2 2 206 3 1707 265 1756
2275 2 2 206 3 1693 1622 1741
2276 2 2 206 3 1621 1692 1743
2277 2 2 206 3 1639 1703 1780
2278 2 2 206 3 1707 359 1752
2279 2 2 206 3 378 1706 1751
2280 2 2 206 3 101 1649 1733
2281 2 2 206 3 1647 104 1748
2282 2 2 206 3 100 1733 1762
2283 2 2 206 3 1662 1666 1742
2284 2 2 206 3 1686 1682 1745
2285 2 2 206 3 91 1629 1735
2286 2 2 206 3 1630 117 1736
2287 2 2 206 3 1684 1689 1749
2288 2 2 206 3 1703 1733 1780
2289 2 2 206 3 1697 1729 1755
2290 2 2 206 3 1729 111 1755
2291 2 2 206 3 1657 1665 1750
2292 2 2 206 3 1723 1656 1750
2293 2 2 206 3 1685 1677 1753
2294 2 2 206 3 1708 1664 1754
2295 2 2 206 3 112 1626 1755
2296 2 2 206 3 1718 1719 1760
2297 2 2 206 3 268 355 1746
2298 2 2 206 3 382 228 1747
2299 2 2 206 3 1731 108 1766
2300 2 2 206 3 1733 1703 1762
2301 2 2 206 3 102 103 1737
2302 2 2 206 3 105 106 1738
2303 2 2 206 3 1739 1701 1771
2304 2 2 206 3 1661 1718 1760
2305 2 2 206 3 229 230 1773
2306 2 2 206 3 266 267 1772
2307 2 2 206 3 1622 1709 1741
2308 2 2 206 3 1699 1731 1766
2309 2 2 206 3 380 381 1773
2310 2 2 206 3 356 357 1772
2311 2 2 206 3 1620 1717 1779
2312 2 2 206 3 1637 99 1762
2313 2 2 206 3 109 1638 1766
2314 2 2 206 3 1618 1723 1750
2315 2 2 206 3 1710 1621 1743
2316 2 2 206 3 1663 1660 1782
2317 2 2 206 3 1680 1683 1776
2318 2 2 206 3 1624 374 1764
2319 2 2 206 3 1646 1707 1752
2320 2 2 206 3 1706 1645 1751
2321 2 2 206 3 379 380 1757
2322 2 2 206 3 357 358 1756
2323 2 2 206 3 375 1636 1764
2324 2 2 206 3 363 1623 1768
2325 2 2 206 3 1694 1698 1740
2326 2 2 206 3 1635 362 1768
2327 2 2 206 3 1659 1661 1760
2328 2 2 206 3 105 1738 1748
2329 2 2 206 3 5 90 1769
2330 2 2 206 3 118 2 1770
2331 2 2 206 3 368 5 1769
2332 2 2 206 3 2 369 1770
2333 2 2 206 3 1676 1727 1753
2334 2 2 206 3 1724 1725 1774
2335 2 2 206 3 1758 1690 1763
2336 2 2 206 3 248 249 1744
2337 2 2 206 3 1661 1662 1742
2338 2 2 206 3 1682 1681 1745
2339 2 2 206 3 1727 1617 1753
2340 2 2 206 3 229 381 1747
2341 2 2 206 3 356 267 1746
2342 2 2 206 3 104 105 1748
2343 2 2 206 3 1681 1726 1759
2344 2 2 206 3 1742 1620 1779
2345 2 2 206 3 1759 1726 1777
2346 2 2 206 3 1743 1663 1782
2347 2 2 206 3 1683 1741 1776
2348 2 2 206 3 1683 1684 1749
2349 2 2 206 3 1735 1629 1777
2350 2 2 206 3 1656 1657 1750
2351 2 2 206 3 377 378 1751
2352 2 2 206 3 359 360 1752
2353 2 2 206 3 1677 1676 1753
2354 2 2 206 3 1685 1753 1774
2355 2 2 206 3 1664 1663 1754
2356 2 2 206 3 1745 1681 1759
2357 2 2 206 3 111 112 1755
2358 2 2 206 3 1632 1705 1767
2359 2 2 206 3 1715 1648 1781
2360 2 2 206 3 1649 1714 1780
2361 2 2 206 3 1640 1715 1781
2362 2 2 206 3 1714 1639 1780
2363 2 2 206 3 1695 1740 1778
2364 2 2 206 3 1690 1688 1763
2365 2 2 206 3 1709 1678 1776
2366 2 2 206 3 1763 1688 1783
2367 2 2 206 3 265 266 1756
2368 2 2 206 3 230 231 1757
2369 2 2 206 3 1658 1710 1782
2370 2 2 206 3 1722 1721 1758
2371 2 2 206 3 1718 1661 1779
2372 2 2 206 3 1648 1731 1781
2373 2 2 206 3 90 1735 1769
2374 2 2 206 3 1736 118 1770
2375 2 2 206 3 1722 1758 1763
2376 2 2 206 3 1701 1758 1771
2377 2 2 206 3 1728 1618 1784
2378 2 2 206 3 1726 1725 1777
2379 2 2 206 3 1758 1721 1771
2380 2 2 206 3 1733 1649 1780
2381 2 2 206 3 1625 1722 1763
2382 2 2 206 3 1665 1659 1760
2383 2 2 206 3 1638 1729 1778
2384 2 2 206 3 1625 1763 1783
2385 2 2 206 3 99 100 1762
2386 2 2 206 3 374 375 1764
2387 2 2 206 3 1720 1666 1775
2388 2 2 206 3 108 109 1766
2389 2 2 206 3 1696 1697 1765
2390 2 2 206 3 362 363 1768
2391 2 2 206 3 1686 1730 1783
2392 2 2 206 3 1721 1637 1771
2393 2 2 206 3 1688 1686 1783
2394 2 2 206 3 1750 1665 1784
2395 2 2 206 3 1735 1641 1769
2396 2 2 206 3 1642 1736 1770
2397 2 2 206 3 1641 368 1769
2398 2 2 206 3 369 1642 1770
2399 2 2 206 3 1666 1667 1775
2400 2 2 206 3 1626 1720 1775
2401 2 2 206 3 1730 1625 1783
2402 2 2 206 3 1717 1718 1779
2403 2 2 206 3 1753 1617 1774
2404 2 2 206 3 1678 1680 1776
2405 2 2 206 3 1617 1724 1774
2406 2 2 206 3 1660 1658 1782
2407 2 2 206 3 267 356 1772
2408 2 2 206 3 381 229 1773
2409 2 2 206 3 1741 1709 1776
2410 2 2 206 3 1710 1743 1782
2411 2 2 206 3 1661 1742 1779
2412 2 2 206 3 1740 1638 1778
2413 2 2 206 3 1637 1739 1771
2414 2 2 206 3 1761 1728 1784
2415 2 2 206 3 1618 1750 1784
2416 2 2 206 3 1665 1761 1784
2417 2 2 206 3 385 7 225
2418 2 2 206 3 271 8 352
2419 2 2 206 3 384 385 225
2420 2 2 206 3 228 229 1747
2421 2 2 206 3 267 268 1746
2422 2 2 206 3 271 352 353
2423 2 2 206 3 355 356 1746
2424 2 2 206 3 381 382 1747
2425 2 2 206 3 384 225 226
2426 2 2 206 3 383 226 227
2427 2 2 206 3 383 384 226
2428 2 2 206 3 382 227 228
2429 2 2 206 3 382 383 227
2430 2 2 206 3 268 269 355
2431 2 2 206 3 269 270 354
2432 2 2 206 3 269 354 355
2433 2 2 206 3 270 271 353
2434 2 2 206 3 270 353 354
2435 2 2 207 63 2486 2453 2775
2436 2 2 207 63 2493 2411 2494
2437 2 2 207 63 2453 2486 2885
2438 2 2 207 63 2414 2499 2888
2439 2 2 207 63 2499 2414 2761
2440 2 2 207 63 2494 2496 2709
2441 2 2 207 63 2487 2484 2489
2442 2 2 207 63 2411 2493 2882
2443 2 2 207 63 2492 2494 2709
2444 2 2 207 63 2881 392 2888
2445 2 2 207 63 2499 2498 2888
2446 2 2 207 63 2489 2484 2883
2447 2 2 207 63 2494 2411 2495
2448 2 2 207 63 2498 2881 2888
2449 2 2 207 63 2500 2731 2779
2450 2 2 207 63 2489 2406 2490
2451 2 2 207 63 2501 2499 2761
2452 2 2 207 63 2490 2406 2493
2453 2 2 207 63 2500 2502 2731
2454 2 2 207 63 2483 2664 2774
2455 2 2 207 63 2485 2486 2775
2456 2 2 207 63 2491 2707 2885
2457 2 2 207 63 2484 2487 2777
2458 2 2 207 63 2782 2450 2783
2459 2 2 207 63 2702 2782 2783
2460 2 2 207 63 2502 2459 2893
2461 2 2 207 63 2776 2674 2778
2462 2 2 207 63 2731 2448 2779
2463 2 2 207 63 2774 2664 2895
2464 2 2 207 63 2459 2502 2884
2465 2 2 207 63 2494 2495 2496
2466 2 2 207 63 2709 2496 2886
2467 2 2 207 63 2776 2778 2894
2468 2 2 207 63 2707 2491 2887
2469 2 2 207 63 2707 2453 2885
2470 2 2 207 63 2683 2793 2858
2471 2 2 207 63 2785 2531 2819
2472 2 2 207 63 2780 2416 2810
2473 2 2 207 63 2402 2790 2808
2474 2 2 207 63 2794 2594 2833
2475 2 2 207 63 2796 2644 2848
2476 2 2 207 63 2789 2576 2830
2477 2 2 207 63 2786 2550 2825
2478 2 2 207 63 2781 2400 2805
2479 2 2 207 63 474 2804 2879
2480 2 2 207 63 451 2802 2877
2481 2 2 207 63 454 2803 2878
2482 2 2 207 63 446 2801 2876
2483 2 2 207 63 443 2800 2875
2484 2 2 207 63 431 2798 2871
2485 2 2 207 63 434 2799 2873
2486 2 2 207 63 422 2797 2869
2487 2 2 207 63 2795 2600 2870
2488 2 2 207 63 409 2792 2866
2489 2 2 207 63 406 2788 2862
2490 2 2 207 63 2791 2582 2867
2491 2 2 207 63 2787 2556 2864
2492 2 2 207 63 2784 2703 2860
2493 2 2 207 63 2496 2495 2497
2494 2 2 207 63 2406 2489 2883
2495 2 2 207 63 2497 2495 2498
2496 2 2 207 63 2497 2498 2499
2497 2 2 207 63 2497 2499 2500
2498 2 2 207 63 2500 2499 2501
2499 2 2 207 63 2500 2501 2502
2500 2 2 207 63 2647 2649 2773
2501 2 2 207 63 2398 2645 2647
2502 2 2 207 63 2397 2660 2662
2503 2 2 207 63 2662 2664 2763
2504 2 2 207 63 2643 2645 2762
2505 2 2 207 63 2397 2662 2763
2506 2 2 207 63 2645 2398 2762
2507 2 2 207 63 2658 2660 2735
2508 2 2 207 63 2403 2641 2643
2509 2 2 207 63 2403 2643 2762
2510 2 2 207 63 2664 2483 2763
2511 2 2 207 63 2660 2397 2735
2512 2 2 207 63 2412 2658 2735
2513 2 2 207 63 2398 2647 2773
2514 2 2 207 63 2412 2656 2658
2515 2 2 207 63 2474 2637 2639
2516 2 2 207 63 2444 2652 2654
2517 2 2 207 63 2472 2633 2635
2518 2 2 207 63 2475 2629 2631
2519 2 2 207 63 2473 2625 2627
2520 2 2 207 63 2469 2621 2623
2521 2 2 207 63 2463 2617 2619
2522 2 2 207 63 2652 2444 2665
2523 2 2 207 63 2462 2613 2615
2524 2 2 207 63 517 518 2771
2525 2 2 207 63 500 501 2673
2526 2 2 207 63 2460 2609 2611
2527 2 2 207 63 493 494 2686
2528 2 2 207 63 504 505 2711
2529 2 2 207 63 2446 2602 2604
2530 2 2 207 63 506 507 2723
2531 2 2 207 63 502 503 2696
2532 2 2 207 63 508 509 2712
2533 2 2 207 63 520 521 2770
2534 2 2 207 63 512 513 2687
2535 2 2 207 63 510 511 2690
2536 2 2 207 63 514 515 2695
2537 2 2 207 63 495 496 2665
2538 2 2 207 63 2445 2595 2597
2539 2 2 207 63 2641 2403 2673
2540 2 2 207 63 2609 2460 2666
2541 2 2 207 63 2666 517 2771
2542 2 2 207 63 2465 2591 2593
2543 2 2 207 63 525 526 2769
2544 2 2 207 63 2649 2665 2773
2545 2 2 207 63 516 517 2666
2546 2 2 207 63 2656 2412 2686
2547 2 2 207 63 2602 2446 2667
2548 2 2 207 63 2474 2639 2673
2549 2 2 207 63 2667 520 2770
2550 2 2 207 63 528 529 2768
2551 2 2 207 63 2443 2584 2586
2552 2 2 207 63 2637 2474 2696
2553 2 2 207 63 522 523 2740
2554 2 2 207 63 2472 2635 2696
2555 2 2 207 63 2633 2472 2711
2556 2 2 207 63 2475 2631 2711
2557 2 2 207 63 2444 2654 2686
2558 2 2 207 63 2629 2475 2723
2559 2 2 207 63 2444 495 2665
2560 2 2 207 63 2473 2627 2723
2561 2 2 207 63 519 520 2667
2562 2 2 207 63 2625 2473 2712
2563 2 2 207 63 2469 2623 2712
2564 2 2 207 63 2621 2469 2690
2565 2 2 207 63 2463 2619 2690
2566 2 2 207 63 2591 2465 2668
2567 2 2 207 63 2441 2577 2579
2568 2 2 207 63 2617 2463 2687
2569 2 2 207 63 2462 2615 2687
2570 2 2 207 63 2584 2443 2669
2571 2 2 207 63 2613 2462 2695
2572 2 2 207 63 2668 525 2769
2573 2 2 207 63 2468 2573 2575
2574 2 2 207 63 2460 2611 2695
2575 2 2 207 63 524 525 2668
2576 2 2 207 63 2460 516 2666
2577 2 2 207 63 2471 2569 2571
2578 2 2 207 63 2569 2471 2744
2579 2 2 207 63 2669 528 2768
2580 2 2 207 63 2567 2569 2744
2581 2 2 207 63 2403 500 2673
2582 2 2 207 63 530 531 2742
2583 2 2 207 63 2470 2567 2744
2584 2 2 207 63 2470 2565 2567
2585 2 2 207 63 2446 519 2667
2586 2 2 207 63 527 528 2669
2587 2 2 207 63 2412 493 2686
2588 2 2 207 63 494 2444 2686
2589 2 2 207 63 501 2474 2673
2590 2 2 207 63 2595 2445 2740
2591 2 2 207 63 532 533 2741
2592 2 2 207 63 537 538 2767
2593 2 2 207 63 2474 502 2696
2594 2 2 207 63 505 2475 2711
2595 2 2 207 63 2463 512 2687
2596 2 2 207 63 2472 504 2711
2597 2 2 207 63 513 2462 2687
2598 2 2 207 63 509 2469 2712
2599 2 2 207 63 503 2472 2696
2600 2 2 207 63 507 2473 2723
2601 2 2 207 63 2475 506 2723
2602 2 2 207 63 511 2463 2690
2603 2 2 207 63 2469 510 2690
2604 2 2 207 63 2473 508 2712
2605 2 2 207 63 2462 514 2695
2606 2 2 207 63 515 2460 2695
2607 2 2 207 63 2465 2593 2740
2608 2 2 207 63 2565 2470 2670
2609 2 2 207 63 2434 2558 2560
2610 2 2 207 63 2465 524 2668
2611 2 2 207 63 2553 2555 2766
2612 2 2 207 63 518 2446 2771
2613 2 2 207 63 2558 2434 2671
2614 2 2 207 63 2443 527 2669
2615 2 2 207 63 2649 2652 2665
2616 2 2 207 63 521 2445 2770
2617 2 2 207 63 2435 2551 2553
2618 2 2 207 63 2577 2441 2742
2619 2 2 207 63 2551 2435 2747
2620 2 2 207 63 523 2465 2740
2621 2 2 207 63 2445 522 2740
2622 2 2 207 63 2549 2551 2747
2623 2 2 207 63 2435 2553 2766
2624 2 2 207 63 2573 2468 2741
2625 2 2 207 63 2468 2575 2742
2626 2 2 207 63 2446 2604 2771
2627 2 2 207 63 2438 2549 2747
2628 2 2 207 63 2670 537 2767
2629 2 2 207 63 2438 2547 2549
2630 2 2 207 63 2471 2571 2741
2631 2 2 207 63 2547 2438 2749
2632 2 2 207 63 526 2443 2769
2633 2 2 207 63 2445 2597 2770
2634 2 2 207 63 2545 2547 2749
2635 2 2 207 63 536 537 2670
2636 2 2 207 63 2436 2545 2749
2637 2 2 207 63 2436 2543 2545
2638 2 2 207 63 2534 2439 2672
2639 2 2 207 63 2543 2436 2748
2640 2 2 207 63 529 2441 2768
2641 2 2 207 63 2439 550 2672
2642 2 2 207 63 2639 2641 2673
2643 2 2 207 63 2541 2543 2748
2644 2 2 207 63 2437 2541 2748
2645 2 2 207 63 2470 536 2670
2646 2 2 207 63 2443 2586 2769
2647 2 2 207 63 2441 530 2742
2648 2 2 207 63 2437 2539 2541
2649 2 2 207 63 531 2468 2742
2650 2 2 207 63 551 552 2772
2651 2 2 207 63 2539 2437 2746
2652 2 2 207 63 539 540 2671
2653 2 2 207 63 2665 496 2773
2654 2 2 207 63 2635 2637 2696
2655 2 2 207 63 2537 2539 2746
2656 2 2 207 63 2555 2671 2766
2657 2 2 207 63 533 2471 2741
2658 2 2 207 63 2468 532 2741
2659 2 2 207 63 2606 2609 2666
2660 2 2 207 63 2439 2537 2746
2661 2 2 207 63 2631 2633 2711
2662 2 2 207 63 2439 2534 2537
2663 2 2 207 63 2441 2579 2768
2664 2 2 207 63 2434 539 2671
2665 2 2 207 63 2627 2629 2723
2666 2 2 207 63 2654 2656 2686
2667 2 2 207 63 550 551 2672
2668 2 2 207 63 2599 2602 2667
2669 2 2 207 63 2588 2591 2668
2670 2 2 207 63 2623 2625 2712
2671 2 2 207 63 2581 2584 2669
2672 2 2 207 63 2619 2621 2690
2673 2 2 207 63 2476 2528 2530
2674 2 2 207 63 538 2434 2767
2675 2 2 207 63 2562 2565 2670
2676 2 2 207 63 2555 2558 2671
2677 2 2 207 63 2467 2524 2526
2678 2 2 207 63 2615 2617 2687
2679 2 2 207 63 2528 2476 2710
2680 2 2 207 63 2434 2560 2767
2681 2 2 207 63 2467 2526 2710
2682 2 2 207 63 2672 551 2772
2683 2 2 207 63 2524 2467 2691
2684 2 2 207 63 2611 2613 2695
2685 2 2 207 63 2464 2520 2522
2686 2 2 207 63 2464 2522 2691
2687 2 2 207 63 2699 2701 2704
2688 2 2 207 63 2520 2464 2693
2689 2 2 207 63 2526 2528 2710
2690 2 2 207 63 2506 2699 2704
2691 2 2 207 63 2593 2595 2740
2692 2 2 207 63 2461 2516 2518
2693 2 2 207 63 2461 2518 2693
2694 2 2 207 63 2571 2573 2741
2695 2 2 207 63 2575 2577 2742
2696 2 2 207 63 2522 2524 2691
2697 2 2 207 63 2516 2461 2692
2698 2 2 207 63 2512 2457 2679
2699 2 2 207 63 2457 561 2679
2700 2 2 207 63 2457 2514 2692
2701 2 2 207 63 2518 2520 2693
2702 2 2 207 63 576 2459 2765
2703 2 2 207 63 2457 2512 2514
2704 2 2 207 63 2704 2701 2705
2705 2 2 207 63 563 564 2503
2706 2 2 207 63 553 554 2710
2707 2 2 207 63 561 15 2679
2708 2 2 207 63 555 556 2691
2709 2 2 207 63 2671 540 2766
2710 2 2 207 63 2514 2516 2692
2711 2 2 207 63 2506 2698 2699
2712 2 2 207 63 557 558 2693
2713 2 2 207 63 15 562 2758
2714 2 2 207 63 2679 15 2758
2715 2 2 207 63 2452 2719 2728
2716 2 2 207 63 552 2476 2772
2717 2 2 207 63 481 2449 2677
2718 2 2 207 63 2719 2720 2728
2719 2 2 207 63 587 588 2481
2720 2 2 207 63 559 560 2692
2721 2 2 207 63 554 2467 2710
2722 2 2 207 63 564 565 2698
2723 2 2 207 63 556 2464 2691
2724 2 2 207 63 2440 471 2678
2725 2 2 207 63 2485 2481 2486
2726 2 2 207 63 2476 553 2710
2727 2 2 207 63 2467 555 2691
2728 2 2 207 63 2503 564 2698
2729 2 2 207 63 2506 2503 2698
2730 2 2 207 63 2726 2728 2729
2731 2 2 207 63 2658 2659 2660
2732 2 2 207 63 565 2399 2698
2733 2 2 207 63 586 587 2485
2734 2 2 207 63 479 2456 2675
2735 2 2 207 63 2459 2733 2765
2736 2 2 207 63 479 480 2456
2737 2 2 207 63 2464 557 2693
2738 2 2 207 63 558 2461 2693
2739 2 2 207 63 437 438 2432
2740 2 2 207 63 2456 480 2677
2741 2 2 207 63 2428 448 2676
2742 2 2 207 63 448 449 2676
2743 2 2 207 63 2504 2503 2506
2744 2 2 207 63 560 2457 2692
2745 2 2 207 63 2461 559 2692
2746 2 2 207 63 480 481 2677
2747 2 2 207 63 2447 563 2503
2748 2 2 207 63 2728 2720 2729
2749 2 2 207 63 2504 2506 2703
2750 2 2 207 63 440 441 2688
2751 2 2 207 63 485 486 2482
2752 2 2 207 63 441 2427 2688
2753 2 2 207 63 2719 2452 2738
2754 2 2 207 63 2447 2503 2504
2755 2 2 207 63 2639 2640 2641
2756 2 2 207 63 2660 2661 2662
2757 2 2 207 63 2562 2670 2767
2758 2 2 207 63 2703 2506 2704
2759 2 2 207 63 492 493 2412
2760 2 2 207 63 2656 2657 2658
2761 2 2 207 63 2641 2642 2643
2762 2 2 207 63 587 2481 2485
2763 2 2 207 63 420 421 2429
2764 2 2 207 63 477 2466 2689
2765 2 2 207 63 2660 2659 2661
2766 2 2 207 63 471 472 2678
2767 2 2 207 63 2643 2644 2645
2768 2 2 207 63 475 476 2408
2769 2 2 207 63 439 2433 2694
2770 2 2 207 63 472 473 2458
2771 2 2 207 63 419 420 2734
2772 2 2 207 63 2431 436 2697
2773 2 2 207 63 573 574 2405
2774 2 2 207 63 472 2458 2678
2775 2 2 207 63 2658 2657 2659
2776 2 2 207 63 2507 2504 2703
2777 2 2 207 63 478 479 2675
2778 2 2 207 63 456 457 2419
2779 2 2 207 63 481 482 2449
2780 2 2 207 63 2420 419 2734
2781 2 2 207 63 2639 2638 2640
2782 2 2 207 63 2486 2481 2487
2783 2 2 207 63 583 2453 2707
2784 2 2 207 63 2641 2640 2642
2785 2 2 207 63 2725 2452 2728
2786 2 2 207 63 470 471 2440
2787 2 2 207 63 465 466 2706
2788 2 2 207 63 2448 580 2708
2789 2 2 207 63 2466 478 2675
2790 2 2 207 63 2426 465 2706
2791 2 2 207 63 2637 2638 2639
2792 2 2 207 63 436 437 2697
2793 2 2 207 63 2505 2504 2507
2794 2 2 207 63 2508 2507 2511
2795 2 2 207 63 2451 2713 2714
2796 2 2 207 63 2708 2455 2709
2797 2 2 207 63 499 500 2403
2798 2 2 207 63 579 2448 2731
2799 2 2 207 63 2452 401 2738
2800 2 2 207 63 572 573 2745
2801 2 2 207 63 2698 2399 2699
2802 2 2 207 63 2643 2642 2644
2803 2 2 207 63 438 439 2694
2804 2 2 207 63 2451 403 2713
2805 2 2 207 63 562 563 2447
2806 2 2 207 63 470 2440 2721
2807 2 2 207 63 400 2452 2725
2808 2 2 207 63 562 2447 2758
2809 2 2 207 63 2451 2715 2738
2810 2 2 207 63 2478 428 2722
2811 2 2 207 63 2418 455 2724
2812 2 2 207 63 437 2432 2697
2813 2 2 207 63 2715 2714 2716
2814 2 2 207 63 2480 424 2730
2815 2 2 207 63 425 426 2479
2816 2 2 207 63 2715 2719 2738
2817 2 2 207 63 2455 582 2707
2818 2 2 207 63 574 575 2680
2819 2 2 207 63 2402 572 2745
2820 2 2 207 63 581 2455 2708
2821 2 2 207 63 2606 2666 2771
2822 2 2 207 63 427 2478 2732
2823 2 2 207 63 2488 2487 2489
2824 2 2 207 63 477 478 2466
2825 2 2 207 63 429 430 2477
2826 2 2 207 63 2505 2507 2508
2827 2 2 207 63 576 577 2459
2828 2 2 207 63 2617 2616 2618
2829 2 2 207 63 2451 2714 2715
2830 2 2 207 63 455 456 2724
2831 2 2 207 63 2509 2508 2510
2832 2 2 207 63 583 584 2453
2833 2 2 207 63 2432 438 2694
2834 2 2 207 63 2615 2614 2616
2835 2 2 207 63 2635 2634 2636
2836 2 2 207 63 2715 2716 2717
2837 2 2 207 63 492 2412 2735
2838 2 2 207 63 2726 2725 2728
2839 2 2 207 63 511 512 2463
2840 2 2 207 63 2405 2681 2683
2841 2 2 207 63 2512 2510 2513
2842 2 2 207 63 579 580 2448
2843 2 2 207 63 581 582 2455
2844 2 2 207 63 420 2429 2734
2845 2 2 207 63 578 579 2731
2846 2 2 207 63 2604 2603 2605
2847 2 2 207 63 2492 2490 2493
2848 2 2 207 63 2637 2636 2638
2849 2 2 207 63 398 399 2454
2850 2 2 207 63 2699 2399 2700
2851 2 2 207 63 404 2450 2713
2852 2 2 207 63 501 502 2474
2853 2 2 207 63 2716 2714 2718
2854 2 2 207 63 2611 2610 2612
2855 2 2 207 63 2599 2667 2770
2856 2 2 207 63 2454 399 2725
2857 2 2 207 63 2656 2655 2657
2858 2 2 207 63 407 408 2404
2859 2 2 207 63 2633 2632 2634
2860 2 2 207 63 513 514 2462
2861 2 2 207 63 558 559 2461
2862 2 2 207 63 560 561 2457
2863 2 2 207 63 432 433 2442
2864 2 2 207 63 556 557 2464
2865 2 2 207 63 554 555 2467
2866 2 2 207 63 2609 2607 2610
2867 2 2 207 63 439 440 2433
2868 2 2 207 63 2654 2655 2656
2869 2 2 207 63 457 458 2737
2870 2 2 207 63 399 400 2725
2871 2 2 207 63 404 405 2450
2872 2 2 207 63 402 403 2451
2873 2 2 207 63 400 401 2452
2874 2 2 207 63 494 495 2444
2875 2 2 207 63 2613 2612 2614
2876 2 2 207 63 2606 2605 2607
2877 2 2 207 63 2514 2513 2515
2878 2 2 207 63 2619 2618 2620
2879 2 2 207 63 2454 2725 2726
2880 2 2 207 63 582 583 2707
2881 2 2 207 63 2422 469 2721
2882 2 2 207 63 466 467 2430
2883 2 2 207 63 573 2405 2745
2884 2 2 207 63 580 581 2708
2885 2 2 207 63 2447 2504 2505
2886 2 2 207 63 515 516 2460
2887 2 2 207 63 503 504 2472
2888 2 2 207 63 2588 2668 2769
2889 2 2 207 63 462 2421 2736
2890 2 2 207 63 428 429 2722
2891 2 2 207 63 423 424 2480
2892 2 2 207 63 509 510 2469
2893 2 2 207 63 427 428 2478
2894 2 2 207 63 398 2454 2743
2895 2 2 207 63 403 404 2713
2896 2 2 207 63 2516 2515 2517
2897 2 2 207 63 424 425 2730
2898 2 2 207 63 426 427 2732
2899 2 2 207 63 2419 457 2737
2900 2 2 207 63 2602 2603 2604
2901 2 2 207 63 2602 2600 2603
2902 2 2 207 63 458 2413 2737
2903 2 2 207 63 2524 2523 2525
2904 2 2 207 63 2635 2636 2637
2905 2 2 207 63 2719 2717 2720
2906 2 2 207 63 2518 2517 2519
2907 2 2 207 63 2520 2519 2521
2908 2 2 207 63 2558 2559 2560
2909 2 2 207 63 2522 2521 2523
2910 2 2 207 63 2560 2559 2561
2911 2 2 207 63 464 465 2426
2912 2 2 207 63 2629 2628 2630
2913 2 2 207 63 425 2479 2730
2914 2 2 207 63 429 2477 2722
2915 2 2 207 63 2509 2510 2512
2916 2 2 207 63 2560 2561 2562
2917 2 2 207 63 507 508 2473
2918 2 2 207 63 2631 2630 2632
2919 2 2 207 63 505 506 2475
2920 2 2 207 63 2604 2605 2606
2921 2 2 207 63 402 2451 2738
2922 2 2 207 63 2479 426 2732
2923 2 2 207 63 2433 440 2688
2924 2 2 207 63 2581 2669 2768
2925 2 2 207 63 469 470 2721
2926 2 2 207 63 2562 2561 2563
2927 2 2 207 63 2593 2592 2594
2928 2 2 207 63 2488 2489 2490
2929 2 2 207 63 2486 2487 2488
2930 2 2 207 63 2558 2556 2559
2931 2 2 207 63 2573 2572 2574
2932 2 2 207 63 2611 2612 2613
2933 2 2 207 63 461 462 2736
2934 2 2 207 63 552 553 2476
2935 2 2 207 63 2492 2493 2494
2936 2 2 207 63 401 402 2738
2937 2 2 207 63 2454 2727 2743
2938 2 2 207 63 2549 2550 2551
2939 2 2 207 63 2633 2634 2635
2940 2 2 207 63 2571 2570 2572
2941 2 2 207 63 2571 2572 2573
2942 2 2 207 63 2573 2574 2575
2943 2 2 207 63 2577 2576 2578
2944 2 2 207 63 2547 2548 2549
2945 2 2 207 63 467 468 2739
2946 2 2 207 63 521 522 2445
2947 2 2 207 63 526 527 2443
2948 2 2 207 63 397 398 2743
2949 2 2 207 63 2553 2554 2555
2950 2 2 207 63 2565 2563 2566
2951 2 2 207 63 2588 2589 2591
2952 2 2 207 63 476 477 2689
2953 2 2 207 63 2562 2563 2565
2954 2 2 207 63 2471 534 2744
2955 2 2 207 63 523 524 2465
2956 2 2 207 63 2555 2556 2558
2957 2 2 207 63 518 519 2446
2958 2 2 207 63 529 530 2441
2959 2 2 207 63 531 532 2468
2960 2 2 207 63 2549 2548 2550
2961 2 2 207 63 2575 2576 2577
2962 2 2 207 63 2586 2585 2587
2963 2 2 207 63 2575 2574 2576
2964 2 2 207 63 2539 2540 2541
2965 2 2 207 63 2606 2607 2609
2966 2 2 207 63 2599 2598 2600
2967 2 2 207 63 2512 2513 2514
2968 2 2 207 63 2551 2552 2553
2969 2 2 207 63 2597 2596 2598
2970 2 2 207 63 2581 2580 2582
2971 2 2 207 63 534 535 2744
2972 2 2 207 63 535 536 2470
2973 2 2 207 63 2561 2559 2564
2974 2 2 207 63 2613 2614 2615
2975 2 2 207 63 2591 2592 2593
2976 2 2 207 63 2541 2542 2543
2977 2 2 207 63 468 2422 2739
2978 2 2 207 63 2408 476 2689
2979 2 2 207 63 2599 2600 2602
2980 2 2 207 63 2545 2546 2547
2981 2 2 207 63 456 2419 2724
2982 2 2 207 63 533 534 2471
2983 2 2 207 63 2588 2587 2589
2984 2 2 207 63 2645 2644 2646
2985 2 2 207 63 2577 2578 2579
2986 2 2 207 63 447 448 2428
2987 2 2 207 63 2593 2594 2595
2988 2 2 207 63 2579 2580 2581
2989 2 2 207 63 2591 2589 2592
2990 2 2 207 63 2645 2646 2647
2991 2 2 207 63 2565 2566 2567
2992 2 2 207 63 535 2470 2744
2993 2 2 207 63 2627 2626 2628
2994 2 2 207 63 2581 2582 2584
2995 2 2 207 63 538 539 2434
2996 2 2 207 63 541 542 2435
2997 2 2 207 63 449 450 2424
2998 2 2 207 63 2595 2594 2596
2999 2 2 207 63 2615 2616 2617
3000 2 2 207 63 2584 2582 2585
3001 2 2 207 63 2597 2598 2599
3002 2 2 207 63 2551 2550 2552
3003 2 2 207 63 2543 2544 2545
3004 2 2 207 63 545 546 2436
3005 2 2 207 63 2537 2538 2539
3006 2 2 207 63 2595 2596 2597
3007 2 2 207 63 2547 2546 2548
3008 2 2 207 63 2567 2568 2569
3009 2 2 207 63 2579 2578 2580
3010 2 2 207 63 458 459 2413
3011 2 2 207 63 2609 2610 2611
3012 2 2 207 63 547 548 2437
3013 2 2 207 63 2505 2508 2509
3014 2 2 207 63 466 2430 2706
3015 2 2 207 63 435 436 2431
3016 2 2 207 63 441 442 2427
3017 2 2 207 63 444 445 2425
3018 2 2 207 63 452 453 2423
3019 2 2 207 63 2586 2587 2588
3020 2 2 207 63 2629 2630 2631
3021 2 2 207 63 2539 2538 2540
3022 2 2 207 63 2587 2585 2590
3023 2 2 207 63 2631 2632 2633
3024 2 2 207 63 545 2436 2749
3025 2 2 207 63 2715 2717 2719
3026 2 2 207 63 544 545 2749
3027 2 2 207 63 2584 2585 2586
3028 2 2 207 63 2435 542 2747
3029 2 2 207 63 2545 2544 2546
3030 2 2 207 63 2526 2525 2527
3031 2 2 207 63 542 543 2747
3032 2 2 207 63 2543 2542 2544
3033 2 2 207 63 2567 2566 2568
3034 2 2 207 63 2541 2540 2542
3035 2 2 207 63 2569 2570 2571
3036 2 2 207 63 549 550 2439
3037 2 2 207 63 2605 2603 2608
3038 2 2 207 63 2555 2554 2556
3039 2 2 207 63 2569 2568 2570
3040 2 2 207 63 2553 2552 2554
3041 2 2 207 63 2554 2552 2557
3042 2 2 207 63 543 544 2438
3043 2 2 207 63 2514 2515 2516
3044 2 2 207 63 548 549 2746
3045 2 2 207 63 549 2439 2746
3046 2 2 207 63 546 547 2748
3047 2 2 207 63 449 2424 2676
3048 2 2 207 63 2430 467 2739
3049 2 2 207 63 2436 546 2748
3050 2 2 207 63 459 460 2751
3051 2 2 207 63 386 387 2484
3052 2 2 207 63 2454 2726 2727
3053 2 2 207 63 2532 2534 2672
3054 2 2 207 63 2516 2517 2518
3055 2 2 207 63 547 2437 2748
3056 2 2 207 63 2518 2519 2520
3057 2 2 207 63 2625 2624 2626
3058 2 2 207 63 2598 2596 2601
3059 2 2 207 63 2662 2663 2664
3060 2 2 207 63 2537 2535 2538
3061 2 2 207 63 543 2438 2747
3062 2 2 207 63 2617 2618 2619
3063 2 2 207 63 2701 2700 2702
3064 2 2 207 63 2535 2533 2536
3065 2 2 207 63 2437 548 2746
3066 2 2 207 63 2520 2521 2522
3067 2 2 207 63 2522 2523 2524
3068 2 2 207 63 2681 2682 2684
3069 2 2 207 63 2534 2535 2537
3070 2 2 207 63 464 2426 2750
3071 2 2 207 63 397 2743 2759
3072 2 2 207 63 396 397 2759
3073 2 2 207 63 2438 544 2749
3074 2 2 207 63 12 455 2418
3075 2 2 207 63 462 463 2421
3076 2 2 207 63 468 469 2422
3077 2 2 207 63 2524 2525 2526
3078 2 2 207 63 2621 2620 2622
3079 2 2 207 63 393 394 2414
3080 2 2 207 63 2627 2628 2629
3081 2 2 207 63 2532 2531 2533
3082 2 2 207 63 2623 2622 2624
3083 2 2 207 63 390 391 2411
3084 2 2 207 63 2580 2578 2583
3085 2 2 207 63 2532 2533 2534
3086 2 2 207 63 568 569 2752
3087 2 2 207 63 571 572 2402
3088 2 2 207 63 2530 2529 2531
3089 2 2 207 63 565 566 2399
3090 2 2 207 63 2530 2531 2532
3091 2 2 207 63 567 568 2400
3092 2 2 207 63 569 570 2401
3093 2 2 207 63 2625 2626 2627
3094 2 2 207 63 2534 2533 2535
3095 2 2 207 63 570 571 2753
3096 2 2 207 63 418 419 2420
3097 2 2 207 63 413 414 2755
3098 2 2 207 63 414 415 2415
3099 2 2 207 63 417 418 2757
3100 2 2 207 63 2509 2512 2679
3101 2 2 207 63 416 417 2417
3102 2 2 207 63 412 413 2410
3103 2 2 207 63 410 411 2407
3104 2 2 207 63 2684 2682 2685
3105 2 2 207 63 415 416 2754
3106 2 2 207 63 2528 2527 2529
3107 2 2 207 63 2623 2624 2625
3108 2 2 207 63 411 412 2756
3109 2 2 207 63 2491 2490 2492
3110 2 2 207 63 2654 2653 2655
3111 2 2 207 63 2619 2620 2621
3112 2 2 207 63 2621 2622 2623
3113 2 2 207 63 460 461 2409
3114 2 2 207 63 395 396 2416
3115 2 2 207 63 2526 2527 2528
3116 2 2 207 63 2405 2680 2681
3117 2 2 207 63 388 389 2406
3118 2 2 207 63 2413 459 2751
3119 2 2 207 63 2528 2529 2530
3120 2 2 207 63 2699 2700 2701
3121 2 2 207 63 394 395 2760
3122 2 2 207 63 2400 568 2752
3123 2 2 207 63 569 2401 2752
3124 2 2 207 63 571 2402 2753
3125 2 2 207 63 2401 570 2753
3126 2 2 207 63 2417 417 2757
3127 2 2 207 63 460 2409 2751
3128 2 2 207 63 2509 2679 2758
3129 2 2 207 63 2410 413 2755
3130 2 2 207 63 416 2417 2754
3131 2 2 207 63 2488 2490 2491
3132 2 2 207 63 2416 396 2759
3133 2 2 207 63 414 2415 2755
3134 2 2 207 63 412 2410 2756
3135 2 2 207 63 2415 415 2754
3136 2 2 207 63 418 2420 2757
3137 2 2 207 63 463 464 2750
3138 2 2 207 63 2505 2509 2758
3139 2 2 207 63 2407 411 2756
3140 2 2 207 63 2662 2661 2663
3141 2 2 207 63 2405 2683 2745
3142 2 2 207 63 2414 394 2760
3143 2 2 207 63 490 491 2397
3144 2 2 207 63 2447 2505 2758
3145 2 2 207 63 497 498 2398
3146 2 2 207 63 2421 463 2750
3147 2 2 207 63 499 2403 2762
3148 2 2 207 63 2652 2653 2654
3149 2 2 207 63 395 2416 2760
3150 2 2 207 63 2409 461 2736
3151 2 2 207 63 2685 2682 2733
3152 2 2 207 63 2414 2760 2761
3153 2 2 207 63 2405 574 2680
3154 2 2 207 63 2681 2680 2682
3155 2 2 207 63 2560 2562 2767
3156 2 2 207 63 2647 2646 2648
3157 2 2 207 63 491 492 2735
3158 2 2 207 63 2399 566 2764
3159 2 2 207 63 567 2400 2764
3160 2 2 207 63 2648 2646 2651
3161 2 2 207 63 575 576 2765
3162 2 2 207 63 2700 2399 2764
3163 2 2 207 63 2647 2648 2649
3164 2 2 207 63 498 499 2762
3165 2 2 207 63 489 490 2763
3166 2 2 207 63 566 567 2764
3167 2 2 207 63 2476 2530 2772
3168 2 2 207 63 2652 2650 2653
3169 2 2 207 63 488 489 2483
3170 2 2 207 63 2649 2650 2652
3171 2 2 207 63 2649 2648 2650
3172 2 2 207 63 490 2397 2763
3173 2 2 207 63 2398 498 2762
3174 2 2 207 63 485 2482 2674
3175 2 2 207 63 540 541 2766
3176 2 2 207 63 2682 2680 2765
3177 2 2 207 63 2397 491 2735
3178 2 2 207 63 2680 575 2765
3179 2 2 207 63 2483 489 2763
3180 2 2 207 63 2586 2588 2769
3181 2 2 207 63 484 485 2674
3182 2 2 207 63 2597 2599 2770
3183 2 2 207 63 2579 2581 2768
3184 2 2 207 63 2733 2682 2765
3185 2 2 207 63 2530 2532 2772
3186 2 2 207 63 2604 2606 2771
3187 2 2 207 63 496 497 2773
3188 2 2 207 63 541 2435 2766
3189 2 2 207 63 2532 2672 2772
3190 2 2 207 63 497 2398 2773
3191 2 2 207 63 486 487 2774
3192 2 2 207 63 588 589 2777
3193 2 2 207 63 2487 2481 2777
3194 2 2 207 63 584 585 2775
3195 2 2 207 63 482 483 2776
3196 2 2 207 63 2702 2718 2782
3197 2 2 207 63 2718 2702 2781
3198 2 2 207 63 2797 2536 2869
3199 2 2 207 63 2798 2557 2871
3200 2 2 207 63 2799 2564 2873
3201 2 2 207 63 2800 2583 2875
3202 2 2 207 63 2801 2590 2876
3203 2 2 207 63 2804 2651 2879
3204 2 2 207 63 2802 2601 2877
3205 2 2 207 63 2792 2511 2866
3206 2 2 207 63 2803 2608 2878
3207 2 2 207 63 2788 2705 2862
3208 2 2 207 63 2404 2784 2860
3209 2 2 207 63 2423 2795 2870
3210 2 2 207 63 2425 2791 2867
3211 2 2 207 63 2442 2787 2864
3212 2 2 207 63 2429 2785 2819
3213 2 2 207 63 2685 2780 2810
3214 2 2 207 63 2790 2729 2808
3215 2 2 207 63 2424 2794 2833
3216 2 2 207 63 2427 2789 2830
3217 2 2 207 63 2477 2786 2825
3218 2 2 207 63 2718 2781 2805
3219 2 2 207 63 2458 2796 2848
3220 2 2 207 63 2793 2727 2858
3221 2 2 207 63 2685 2733 2880
3222 2 2 207 63 2493 2406 2882
3223 2 2 207 63 2496 2497 2779
3224 2 2 207 63 2713 2450 2782
3225 2 2 207 63 2718 2714 2782
3226 2 2 207 63 2702 2700 2781
3227 2 2 207 63 2760 2416 2780
3228 2 2 207 63 2507 2703 2784
3229 2 2 207 63 2533 2531 2785
3230 2 2 207 63 2764 2400 2781
3231 2 2 207 63 2701 2702 2783
3232 2 2 207 63 2552 2550 2786
3233 2 2 207 63 406 407 2788
3234 2 2 207 63 2559 2556 2787
3235 2 2 207 63 2578 2576 2789
3236 2 2 207 63 2585 2582 2791
3237 2 2 207 63 2402 2745 2790
3238 2 2 207 63 409 410 2792
3239 2 2 207 63 2683 2681 2793
3240 2 2 207 63 2596 2594 2794
3241 2 2 207 63 2603 2600 2795
3242 2 2 207 63 422 423 2797
3243 2 2 207 63 2646 2644 2796
3244 2 2 207 63 431 432 2798
3245 2 2 207 63 434 435 2799
3246 2 2 207 63 443 444 2800
3247 2 2 207 63 451 452 2802
3248 2 2 207 63 446 447 2801
3249 2 2 207 63 454 12 2803
3250 2 2 207 63 474 475 2804
3251 2 2 207 63 2726 2729 2858
3252 2 2 207 63 2704 2705 2860
3253 2 2 207 63 2743 2727 2859
3254 2 2 207 63 2508 2511 2861
3255 2 2 207 63 2450 405 2862
3256 2 2 207 63 2535 2536 2863
3257 2 2 207 63 2554 2557 2864
3258 2 2 207 63 2561 2564 2865
3259 2 2 207 63 2404 408 2866
3260 2 2 207 63 2580 2583 2867
3261 2 2 207 63 2587 2590 2868
3262 2 2 207 63 2429 421 2869
3263 2 2 207 63 2598 2601 2870
3264 2 2 207 63 2477 430 2871
3265 2 2 207 63 2605 2608 2872
3266 2 2 207 63 2442 433 2873
3267 2 2 207 63 2427 442 2875
3268 2 2 207 63 2425 445 2876
3269 2 2 207 63 2648 2651 2874
3270 2 2 207 63 2424 450 2877
3271 2 2 207 63 2423 453 2878
3272 2 2 207 63 2458 473 2879
3273 2 2 207 63 2495 2411 2881
3274 2 2 207 63 2482 486 2774
3275 2 2 207 63 2481 588 2777
3276 2 2 207 63 2453 584 2775
3277 2 2 207 63 2449 482 2776
3278 2 2 207 63 390 2411 2882
3279 2 2 207 63 2406 389 2882
3280 2 2 207 63 2484 387 2883
3281 2 2 207 63 388 2406 2883
3282 2 2 207 63 391 392 2881
3283 2 2 207 63 2486 2488 2885
3284 2 2 207 63 2731 2502 2893
3285 2 2 207 63 2455 2707 2887
3286 2 2 207 63 2674 2482 2778
3287 2 2 207 63 392 393 2888
3288 2 2 207 63 2501 2761 2880
3289 2 2 207 63 11 386 2889
3290 2 2 207 63 589 11 2889
3291 2 2 207 63 585 16 2890
3292 2 2 207 63 16 586 2890
3293 2 2 207 63 487 14 2891
3294 2 2 207 63 483 13 2892
3295 2 2 207 63 13 484 2892
3296 2 2 207 63 14 488 2891
3297 2 2 207 63 2497 2500 2779
3298 2 2 207 63 2459 577 2893
3299 2 2 207 63 578 2731 2893
3300 2 2 207 63 2705 2788 2860
3301 2 2 207 63 2783 2450 2862
3302 2 2 207 63 2729 2790 2858
3303 2 2 207 63 2784 2404 2866
3304 2 2 207 63 2727 2793 2859
3305 2 2 207 63 2511 2792 2861
3306 2 2 207 63 2785 2429 2869
3307 2 2 207 63 2786 2477 2871
3308 2 2 207 63 2536 2797 2863
3309 2 2 207 63 2787 2442 2873
3310 2 2 207 63 2557 2798 2864
3311 2 2 207 63 2789 2427 2875
3312 2 2 207 63 2564 2799 2865
3313 2 2 207 63 2791 2425 2876
3314 2 2 207 63 2583 2800 2867
3315 2 2 207 63 2794 2424 2877
3316 2 2 207 63 2590 2801 2868
3317 2 2 207 63 2795 2423 2878
3318 2 2 207 63 2796 2458 2879
3319 2 2 207 63 2601 2802 2870
3320 2 2 207 63 2608 2803 2872
3321 2 2 207 63 2651 2804 2874
3322 2 2 207 63 2708 2709 2886
3323 2 2 207 63 2761 2760 2780
3324 2 2 207 63 2714 2713 2782
3325 2 2 207 63 2700 2764 2781
3326 2 2 207 63 2705 2701 2783
3327 2 2 207 63 2511 2507 2784
3328 2 2 207 63 2536 2533 2785
3329 2 2 207 63 2557 2552 2786
3330 2 2 207 63 2564 2559 2787
3331 2 2 207 63 407 2404 2788
3332 2 2 207 63 2583 2578 2789
3333 2 2 207 63 2590 2585 2791
3334 2 2 207 63 2745 2683 2790
3335 2 2 207 63 410 2407 2792
3336 2 2 207 63 2681 2684 2793
3337 2 2 207 63 2601 2596 2794
3338 2 2 207 63 2608 2603 2795
3339 2 2 207 63 2651 2646 2796
3340 2 2 207 63 423 2480 2797
3341 2 2 207 63 432 2442 2798
3342 2 2 207 63 435 2431 2799
3343 2 2 207 63 444 2425 2800
3344 2 2 207 63 447 2428 2801
3345 2 2 207 63 452 2423 2802
3346 2 2 207 63 12 2418 2803
3347 2 2 207 63 475 2408 2804
3348 2 2 207 63 2411 391 2881
3349 2 2 207 63 2480 2820 2863
3350 2 2 207 63 2428 2832 2868
3351 2 2 207 63 2407 2809 2861
3352 2 2 207 63 2684 2810 2859
3353 2 2 207 63 2418 2835 2872
3354 2 2 207 63 2408 2845 2874
3355 2 2 207 63 2431 2826 2865
3356 2 2 207 63 2572 2829 2831
3357 2 2 207 63 2829 2433 2831
3358 2 2 207 63 2720 2717 2807
3359 2 2 207 63 2729 2720 2808
3360 2 2 207 63 2717 2716 2806
3361 2 2 207 63 2716 2718 2805
3362 2 2 207 63 2416 2759 2810
3363 2 2 207 63 2720 2807 2808
3364 2 2 207 63 2717 2806 2807
3365 2 2 207 63 2716 2805 2806
3366 2 2 207 63 2521 2519 2814
3367 2 2 207 63 2525 2523 2816
3368 2 2 207 63 2517 2515 2812
3369 2 2 207 63 2515 2513 2811
3370 2 2 207 63 2519 2517 2813
3371 2 2 207 63 2523 2521 2815
3372 2 2 207 63 2527 2525 2817
3373 2 2 207 63 2513 2510 2809
3374 2 2 207 63 2529 2818 2819
3375 2 2 207 63 2529 2527 2818
3376 2 2 207 63 2521 2814 2815
3377 2 2 207 63 2525 2816 2817
3378 2 2 207 63 2517 2812 2813
3379 2 2 207 63 2515 2811 2812
3380 2 2 207 63 2523 2815 2816
3381 2 2 207 63 2519 2813 2814
3382 2 2 207 63 2513 2809 2811
3383 2 2 207 63 2531 2529 2819
3384 2 2 207 63 2527 2817 2818
3385 2 2 207 63 2721 2852 2853
3386 2 2 207 63 2852 2638 2853
3387 2 2 207 63 2480 2730 2820
3388 2 2 207 63 2730 2479 2821
3389 2 2 207 63 2820 2730 2821
3390 2 2 207 63 2821 2479 2822
3391 2 2 207 63 2479 2732 2822
3392 2 2 207 63 2430 2856 2857
3393 2 2 207 63 2856 2632 2857
3394 2 2 207 63 2732 2478 2823
3395 2 2 207 63 2822 2732 2823
3396 2 2 207 63 2478 2722 2824
3397 2 2 207 63 2823 2478 2824
3398 2 2 207 63 2824 2722 2825
3399 2 2 207 63 2722 2477 2825
3400 2 2 207 63 2400 2752 2805
3401 2 2 207 63 2752 2401 2806
3402 2 2 207 63 2805 2752 2806
3403 2 2 207 63 2566 2826 2827
3404 2 2 207 63 2806 2401 2807
3405 2 2 207 63 2401 2753 2807
3406 2 2 207 63 2807 2753 2808
3407 2 2 207 63 2753 2402 2808
3408 2 2 207 63 2566 2563 2826
3409 2 2 207 63 2570 2828 2829
3410 2 2 207 63 2568 2566 2827
3411 2 2 207 63 2570 2568 2828
3412 2 2 207 63 2568 2827 2828
3413 2 2 207 63 2572 2570 2829
3414 2 2 207 63 2688 2427 2830
3415 2 2 207 63 2433 2688 2831
3416 2 2 207 63 2688 2830 2831
3417 2 2 207 63 2407 2756 2809
3418 2 2 207 63 2684 2685 2810
3419 2 2 207 63 2809 2756 2811
3420 2 2 207 63 2756 2410 2811
3421 2 2 207 63 2811 2410 2812
3422 2 2 207 63 2410 2755 2812
3423 2 2 207 63 2812 2755 2813
3424 2 2 207 63 2755 2415 2813
3425 2 2 207 63 2813 2415 2814
3426 2 2 207 63 2653 2845 2846
3427 2 2 207 63 2428 2676 2832
3428 2 2 207 63 2415 2754 2814
3429 2 2 207 63 2814 2754 2815
3430 2 2 207 63 2754 2417 2815
3431 2 2 207 63 2845 2689 2846
3432 2 2 207 63 2815 2417 2816
3433 2 2 207 63 2832 2676 2833
3434 2 2 207 63 2417 2757 2816
3435 2 2 207 63 2816 2757 2817
3436 2 2 207 63 2676 2424 2833
3437 2 2 207 63 2757 2420 2817
3438 2 2 207 63 2420 2734 2818
3439 2 2 207 63 2818 2734 2819
3440 2 2 207 63 2817 2420 2818
3441 2 2 207 63 2734 2429 2819
3442 2 2 207 63 2440 2678 2850
3443 2 2 207 63 2620 2618 2842
3444 2 2 207 63 2610 2607 2835
3445 2 2 207 63 2618 2616 2841
3446 2 2 207 63 2622 2620 2843
3447 2 2 207 63 2610 2835 2837
3448 2 2 207 63 2721 2440 2852
3449 2 2 207 63 2624 2847 2849
3450 2 2 207 63 2612 2610 2837
3451 2 2 207 63 2616 2614 2840
3452 2 2 207 63 2624 2622 2847
3453 2 2 207 63 2540 2538 2820
3454 2 2 207 63 2614 2612 2838
3455 2 2 207 63 2440 2850 2852
3456 2 2 207 63 2540 2820 2821
3457 2 2 207 63 2542 2540 2821
3458 2 2 207 63 2638 2636 2853
3459 2 2 207 63 2542 2821 2822
3460 2 2 207 63 2678 2458 2848
3461 2 2 207 63 2614 2838 2840
3462 2 2 207 63 2612 2837 2838
3463 2 2 207 63 2616 2840 2841
3464 2 2 207 63 2630 2854 2857
3465 2 2 207 63 2544 2542 2822
3466 2 2 207 63 2628 2851 2854
3467 2 2 207 63 2628 2626 2851
3468 2 2 207 63 2636 2634 2855
3469 2 2 207 63 2618 2841 2842
3470 2 2 207 63 2622 2843 2847
3471 2 2 207 63 2626 2624 2849
3472 2 2 207 63 2853 2636 2855
3473 2 2 207 63 2544 2822 2823
3474 2 2 207 63 2546 2544 2823
3475 2 2 207 63 2630 2628 2854
3476 2 2 207 63 2620 2842 2843
3477 2 2 207 63 2548 2546 2824
3478 2 2 207 63 2546 2823 2824
3479 2 2 207 63 2548 2824 2825
3480 2 2 207 63 2430 2739 2856
3481 2 2 207 63 2632 2630 2857
3482 2 2 207 63 2550 2548 2825
3483 2 2 207 63 2678 2848 2850
3484 2 2 207 63 2626 2849 2851
3485 2 2 207 63 2826 2697 2827
3486 2 2 207 63 2431 2697 2826
3487 2 2 207 63 2697 2432 2827
3488 2 2 207 63 2828 2694 2829
3489 2 2 207 63 2694 2433 2829
3490 2 2 207 63 2432 2694 2828
3491 2 2 207 63 2827 2432 2828
3492 2 2 207 63 2675 2456 2839
3493 2 2 207 63 2653 2650 2845
3494 2 2 207 63 2689 2466 2846
3495 2 2 207 63 2677 2449 2834
3496 2 2 207 63 2576 2574 2830
3497 2 2 207 63 2574 2572 2831
3498 2 2 207 63 2830 2574 2831
3499 2 2 207 63 2456 2677 2836
3500 2 2 207 63 2466 2675 2844
3501 2 2 207 63 2456 2836 2839
3502 2 2 207 63 2675 2839 2844
3503 2 2 207 63 2466 2844 2846
3504 2 2 207 63 2592 2832 2833
3505 2 2 207 63 2592 2589 2832
3506 2 2 207 63 2594 2592 2833
3507 2 2 207 63 2677 2834 2836
3508 2 2 207 63 2663 2661 2834
3509 2 2 207 63 2418 2724 2835
3510 2 2 207 63 2835 2724 2837
3511 2 2 207 63 2834 2661 2836
3512 2 2 207 63 2661 2659 2836
3513 2 2 207 63 2724 2419 2837
3514 2 2 207 63 2837 2419 2838
3515 2 2 207 63 2836 2659 2839
3516 2 2 207 63 2419 2737 2838
3517 2 2 207 63 2838 2737 2840
3518 2 2 207 63 2737 2413 2840
3519 2 2 207 63 2659 2657 2839
3520 2 2 207 63 2840 2413 2841
3521 2 2 207 63 2413 2751 2841
3522 2 2 207 63 2839 2657 2844
3523 2 2 207 63 2751 2409 2842
3524 2 2 207 63 2841 2751 2842
3525 2 2 207 63 2657 2655 2844
3526 2 2 207 63 2408 2689 2845
3527 2 2 207 63 2842 2409 2843
3528 2 2 207 63 2409 2736 2843
3529 2 2 207 63 2736 2421 2847
3530 2 2 207 63 2847 2421 2849
3531 2 2 207 63 2655 2653 2846
3532 2 2 207 63 2844 2655 2846
3533 2 2 207 63 2843 2736 2847
3534 2 2 207 63 2644 2642 2848
3535 2 2 207 63 2421 2750 2849
3536 2 2 207 63 2848 2642 2850
3537 2 2 207 63 2642 2640 2850
3538 2 2 207 63 2854 2706 2857
3539 2 2 207 63 2426 2706 2854
3540 2 2 207 63 2750 2426 2851
3541 2 2 207 63 2422 2721 2853
3542 2 2 207 63 2851 2426 2854
3543 2 2 207 63 2850 2640 2852
3544 2 2 207 63 2849 2750 2851
3545 2 2 207 63 2422 2853 2855
3546 2 2 207 63 2640 2638 2852
3547 2 2 207 63 2634 2632 2856
3548 2 2 207 63 2739 2422 2855
3549 2 2 207 63 2706 2430 2857
3550 2 2 207 63 2739 2855 2856
3551 2 2 207 63 2855 2634 2856
3552 2 2 207 63 2820 2538 2863
3553 2 2 207 63 2832 2589 2868
3554 2 2 207 63 2809 2510 2861
3555 2 2 207 63 2810 2759 2859
3556 2 2 207 63 2826 2563 2865
3557 2 2 207 63 2835 2607 2872
3558 2 2 207 63 2845 2650 2874
3559 2 2 207 63 2727 2726 2858
3560 2 2 207 63 2759 2743 2859
3561 2 2 207 63 2703 2704 2860
3562 2 2 207 63 2510 2508 2861
3563 2 2 207 63 405 406 2862
3564 2 2 207 63 2538 2535 2863
3565 2 2 207 63 2556 2554 2864
3566 2 2 207 63 2563 2561 2865
3567 2 2 207 63 408 409 2866
3568 2 2 207 63 2582 2580 2867
3569 2 2 207 63 2589 2587 2868
3570 2 2 207 63 421 422 2869
3571 2 2 207 63 2600 2598 2870
3572 2 2 207 63 430 431 2871
3573 2 2 207 63 2607 2605 2872
3574 2 2 207 63 433 434 2873
3575 2 2 207 63 442 443 2875
3576 2 2 207 63 2650 2648 2874
3577 2 2 207 63 445 446 2876
3578 2 2 207 63 450 451 2877
3579 2 2 207 63 453 454 2878
3580 2 2 207 63 473 474 2879
3581 2 2 207 63 2780 2685 2880
3582 2 2 207 63 2498 2495 2881
3583 2 2 207 63 2664 2663 2895
3584 2 2 207 63 2449 2776 2894
3585 2 2 207 63 2482 2774 2895
3586 2 2 207 63 2492 2709 2887
3587 2 2 207 63 2705 2783 2862
3588 2 2 207 63 2511 2784 2866
3589 2 2 207 63 2536 2785 2869
3590 2 2 207 63 2557 2786 2871
3591 2 2 207 63 2564 2787 2873
3592 2 2 207 63 2788 2404 2860
3593 2 2 207 63 2790 2683 2858
3594 2 2 207 63 2583 2789 2875
3595 2 2 207 63 2792 2407 2861
3596 2 2 207 63 2793 2684 2859
3597 2 2 207 63 2590 2791 2876
3598 2 2 207 63 2601 2794 2877
3599 2 2 207 63 2608 2795 2878
3600 2 2 207 63 2797 2480 2863
3601 2 2 207 63 2651 2796 2879
3602 2 2 207 63 2798 2442 2864
3603 2 2 207 63 2799 2431 2865
3604 2 2 207 63 2800 2425 2867
3605 2 2 207 63 2801 2428 2868
3606 2 2 207 63 2802 2423 2870
3607 2 2 207 63 2803 2418 2872
3608 2 2 207 63 2804 2408 2874
3609 2 2 207 63 2491 2492 2887
3610 2 2 207 63 2733 2459 2884
3611 2 2 207 63 2761 2780 2880
3612 2 2 207 63 389 390 2882
3613 2 2 207 63 387 388 2883
3614 2 2 207 63 2663 2778 2895
3615 2 2 207 63 2502 2501 2884
3616 2 2 207 63 2448 2708 2886
3617 2 2 207 63 2488 2491 2885
3618 2 2 207 63 2496 2779 2886
3619 2 2 207 63 2709 2455 2887
3620 2 2 207 63 393 2414 2888
3621 2 2 207 63 2880 2733 2884
3622 2 2 207 63 2774 487 2891
3623 2 2 207 63 2777 589 2889
3624 2 2 207 63 2776 483 2892
3625 2 2 207 63 2775 585 2890
3626 2 2 207 63 2501 2880 2884
3627 2 2 207 63 586 2485 2890
3628 2 2 207 63 386 2484 2889
3629 2 2 207 63 488 2483 2891
3630 2 2 207 63 484 2674 2892
3631 2 2 207 63 577 578 2893
3632 2 2 207 63 2779 2448 2886
3633 2 2 207 63 2483 2774 2891
3634 2 2 207 63 2485 2775 2890
3635 2 2 207 63 2674 2776 2892
3636 2 2 207 63 2484 2777 2889
3637 2 2 207 63 2778 2663 2894
3638 2 2 207 63 2663 2834 2894
3639 2 2 207 63 2778 2482 2895
3640 2 2 207 63 2834 2449 2894
3641 2 2 207 85 3159 3369 3410
3642 2 2 207 85 3369 3159 3435
3643 2 2 207 85 630 631 3288
3644 2 2 207 85 3308 3163 3421
3645 2 2 207 85 3319 3311 3324
3646 2 2 207 85 3138 3276 3278
3647 2 2 207 85 3302 3321 3327
3648 2 2 207 85 3155 3271 3396
3649 2 2 207 85 3363 3188 3377
3650 2 2 207 85 3297 3243 3395
3651 2 2 207 85 3271 3155 3440
3652 2 2 207 85 3304 3257 3427
3653 2 2 207 85 3257 3304 3434
3654 2 2 207 85 3150 3274 3291
3655 2 2 207 85 3276 3138 3300
3656 2 2 207 85 3288 631 3446
3657 2 2 207 85 3142 3297 3395
3658 2 2 207 85 3283 3141 3341
3659 2 2 207 85 3244 3319 3324
3660 2 2 207 85 3163 3308 3419
3661 2 2 207 85 3141 3283 3471
3662 2 2 207 85 3274 3150 3403
3663 2 2 207 85 3188 3363 3378
3664 2 2 207 85 3321 3249 3327
3665 2 2 207 85 3265 3300 3388
3666 2 2 207 85 3273 3147 3407
3667 2 2 207 85 3139 630 3288
3668 2 2 207 85 3275 3418 3437
3669 2 2 207 85 3311 3154 3324
3670 2 2 207 85 3153 3302 3327
3671 2 2 207 85 3309 3308 3421
3672 2 2 207 85 3418 3145 3437
3673 2 2 207 85 3286 3139 3287
3674 2 2 207 85 3147 3273 3442
3675 2 2 207 85 3295 3294 3398
3676 2 2 207 85 3297 3142 3299
3677 2 2 207 85 3148 3290 3446
3678 2 2 207 85 3283 3285 3471
3679 2 2 207 85 3367 3144 3444
3680 2 2 207 85 3290 3148 3438
3681 2 2 207 85 3362 3367 3444
3682 2 2 207 85 3139 3286 3318
3683 2 2 207 85 3272 3146 3464
3684 2 2 207 85 3259 3271 3316
3685 2 2 207 85 3301 3333 3334
3686 2 2 207 85 3243 3272 3395
3687 2 2 207 85 3301 3156 3333
3688 2 2 207 85 669 3412 3421
3689 2 2 207 85 3146 3272 3441
3690 2 2 207 85 3299 3142 3317
3691 2 2 207 85 3388 3300 3443
3692 2 2 207 85 3398 3294 3431
3693 2 2 207 85 3273 3264 3349
3694 2 2 207 85 3378 3280 3392
3695 2 2 207 85 3138 3278 3408
3696 2 2 207 85 3267 3415 3429
3697 2 2 207 85 3284 3283 3341
3698 2 2 207 85 3367 3362 3435
3699 2 2 207 85 664 3166 3315
3700 2 2 207 85 3369 3165 3410
3701 2 2 207 85 3275 3274 3403
3702 2 2 207 85 3299 3317 3322
3703 2 2 207 85 3268 3267 3429
3704 2 2 207 85 3287 3139 3288
3705 2 2 207 85 663 664 3315
3706 2 2 207 85 3167 3318 3373
3707 2 2 207 85 3250 3276 3300
3708 2 2 207 85 3265 3250 3300
3709 2 2 207 85 3285 677 3471
3710 2 2 207 85 3275 3403 3418
3711 2 2 207 85 3290 3288 3446
3712 2 2 207 85 3259 3316 3427
3713 2 2 207 85 3333 3152 3334
3714 2 2 207 85 641 3164 3313
3715 2 2 207 85 3317 3320 3322
3716 2 2 207 85 3318 3286 3373
3717 2 2 207 85 3412 3309 3421
3718 2 2 207 85 3188 3378 3392
3719 2 2 207 85 3349 3264 3433
3720 2 2 207 85 677 3285 3453
3721 2 2 207 85 3281 3280 3378
3722 2 2 207 85 3313 3164 3314
3723 2 2 207 85 3363 3377 3462
3724 2 2 207 85 3404 3213 3405
3725 2 2 207 85 3166 3164 3457
3726 2 2 207 85 3137 3169 3320
3727 2 2 207 85 626 3137 3320
3728 2 2 207 85 3167 628 3318
3729 2 2 207 85 618 3153 3303
3730 2 2 207 85 3306 3307 3398
3731 2 2 207 85 638 3161 3306
3732 2 2 207 85 3306 3161 3307
3733 2 2 207 85 640 641 3313
3734 2 2 207 85 3409 3415 3469
3735 2 2 207 85 3338 3409 3469
3736 2 2 207 85 3397 3235 3400
3737 2 2 207 85 3313 3314 3419
3738 2 2 207 85 3159 3367 3435
3739 2 2 207 85 3284 3341 3402
3740 2 2 207 85 3289 3404 3405
3741 2 2 207 85 3320 3169 3322
3742 2 2 207 85 3329 3266 3436
3743 2 2 207 85 3302 3146 3321
3744 2 2 207 85 3148 3311 3319
3745 2 2 207 85 3287 3288 3289
3746 2 2 207 85 3312 640 3313
3747 2 2 207 85 3164 3166 3430
3748 2 2 207 85 625 626 3320
3749 2 2 207 85 627 628 3167
3750 2 2 207 85 617 618 3303
3751 2 2 207 85 3209 3207 3394
3752 2 2 207 85 615 616 3316
3753 2 2 207 85 637 638 3306
3754 2 2 207 85 639 640 3312
3755 2 2 207 85 3142 624 3317
3756 2 2 207 85 629 3139 3318
3757 2 2 207 85 620 3146 3302
3758 2 2 207 85 3153 619 3302
3759 2 2 207 85 3148 633 3311
3760 2 2 207 85 634 3154 3311
3761 2 2 207 85 636 3157 3305
3762 2 2 207 85 3213 3209 3336
3763 2 2 207 85 3154 635 3305
3764 2 2 207 85 3334 3261 3459
3765 2 2 207 85 3308 3161 3312
3766 2 2 207 85 613 3155 3310
3767 2 2 207 85 622 623 3395
3768 2 2 207 85 3270 3304 3463
3769 2 2 207 85 3322 3397 3400
3770 2 2 207 85 3307 3161 3308
3771 2 2 207 85 3336 3209 3394
3772 2 2 207 85 3365 3235 3366
3773 2 2 207 85 3204 3325 3337
3774 2 2 207 85 3228 3244 3323
3775 2 2 207 85 3289 3288 3290
3776 2 2 207 85 3296 3323 3324
3777 2 2 207 85 3368 3369 3379
3778 2 2 207 85 3323 3244 3324
3779 2 2 207 85 3369 3361 3379
3780 2 2 207 85 3182 3180 3332
3781 2 2 207 85 3210 3213 3326
3782 2 2 207 85 3230 3228 3323
3783 2 2 207 85 3140 3346 3347
3784 2 2 207 85 3194 3365 3366
3785 2 2 207 85 3140 572 3346
3786 2 2 207 85 3331 3375 3384
3787 2 2 207 85 3331 3332 3375
3788 2 2 207 85 672 3150 3328
3789 2 2 207 85 3185 3182 3332
3790 2 2 207 85 3204 3216 3325
3791 2 2 207 85 3212 3210 3326
3792 2 2 207 85 664 665 3166
3793 2 2 207 85 3152 582 3329
3794 2 2 207 85 3245 3270 3327
3795 2 2 207 85 666 3314 3430
3796 2 2 207 85 3342 3350 3351
3797 2 2 207 85 581 3152 3333
3798 2 2 207 85 3162 610 3339
3799 2 2 207 85 3294 3292 3296
3800 2 2 207 85 3171 3168 3373
3801 2 2 207 85 3147 578 3335
3802 2 2 207 85 3192 3185 3330
3803 2 2 207 85 610 611 3339
3804 2 2 207 85 3176 3178 3366
3805 2 2 207 85 3378 3363 3401
3806 2 2 207 85 3249 3245 3327
3807 2 2 207 85 667 668 3163
3808 2 2 207 85 3343 3143 3344
3809 2 2 207 85 3259 3260 3271
3810 2 2 207 85 3293 3292 3294
3811 2 2 207 85 3257 3258 3259
3812 2 2 207 85 572 573 3346
3813 2 2 207 85 3160 671 3328
3814 2 2 207 85 3370 3355 3371
3815 2 2 207 85 3235 3176 3366
3816 2 2 207 85 3330 3185 3332
3817 2 2 207 85 3227 3225 3234
3818 2 2 207 85 3281 3378 3401
3819 2 2 207 85 3220 3245 3249
3820 2 2 207 85 3292 3230 3323
3821 2 2 207 85 3245 3246 3270
3822 2 2 207 85 3233 3222 3243
3823 2 2 207 85 3228 3227 3244
3824 2 2 207 85 3220 3221 3245
3825 2 2 207 85 583 3158 3329
3826 2 2 207 85 670 671 3160
3827 2 2 207 85 3342 3340 3350
3828 2 2 207 85 3168 3167 3373
3829 2 2 207 85 3340 680 3350
3830 2 2 207 85 574 3143 3343
3831 2 2 207 85 3151 3368 3379
3832 2 2 207 85 3243 3263 3272
3833 2 2 207 85 3291 3230 3292
3834 2 2 207 85 3210 3209 3213
3835 2 2 207 85 3201 3233 3364
3836 2 2 207 85 3233 3298 3364
3837 2 2 207 85 3201 3202 3222
3838 2 2 207 85 3226 3225 3227
3839 2 2 207 85 3233 3243 3297
3840 2 2 207 85 3202 3204 3337
3841 2 2 207 85 3156 580 3333
3842 2 2 207 85 583 584 3158
3843 2 2 207 85 3248 3256 3257
3844 2 2 207 85 3201 3222 3233
3845 2 2 207 85 672 673 3150
3846 2 2 207 85 3207 3205 3236
3847 2 2 207 85 3370 3151 3374
3848 2 2 207 85 3254 3232 3286
3849 2 2 207 85 579 3156 3335
3850 2 2 207 85 3216 3220 3325
3851 2 2 207 85 3194 3364 3365
3852 2 2 207 85 3208 3207 3209
3853 2 2 207 85 3343 3344 3345
3854 2 2 207 85 3347 3345 3348
3855 2 2 207 85 581 582 3152
3856 2 2 207 85 3187 3190 3194
3857 2 2 207 85 3224 3212 3225
3858 2 2 207 85 3332 3180 3375
3859 2 2 207 85 3216 3219 3220
3860 2 2 207 85 3225 3212 3326
3861 2 2 207 85 3141 3340 3341
3862 2 2 207 85 3195 3197 3201
3863 2 2 207 85 579 580 3156
3864 2 2 207 85 3206 3205 3207
3865 2 2 207 85 3143 575 3349
3866 2 2 207 85 675 676 3145
3867 2 2 207 85 3158 584 3338
3868 2 2 207 85 3243 3222 3263
3869 2 2 207 85 577 578 3147
3870 2 2 207 85 3207 3236 3394
3871 2 2 207 85 3351 3352 3353
3872 2 2 207 85 3259 3258 3260
3873 2 2 207 85 671 672 3328
3874 2 2 207 85 3254 3286 3287
3875 2 2 207 85 3245 3221 3246
3876 2 2 207 85 3235 3365 3400
3877 2 2 207 85 609 610 3162
3878 2 2 207 85 3194 3190 3195
3879 2 2 207 85 3236 3330 3331
3880 2 2 207 85 683 3370 3371
3881 2 2 207 85 3141 679 3340
3882 2 2 207 85 678 679 3141
3883 2 2 207 85 574 575 3143
3884 2 2 207 85 3205 3192 3330
3885 2 2 207 85 3194 3195 3364
3886 2 2 207 85 573 574 3343
3887 2 2 207 85 3178 3187 3366
3888 2 2 207 85 3199 3192 3205
3889 2 2 207 85 571 572 3140
3890 2 2 207 85 3350 3136 3351
3891 2 2 207 85 582 583 3329
3892 2 2 207 85 3208 3209 3210
3893 2 2 207 85 3257 3256 3258
3894 2 2 207 85 3296 3292 3323
3895 2 2 207 85 580 581 3333
3896 2 2 207 85 3201 3197 3202
3897 2 2 207 85 3386 3251 3390
3898 2 2 207 85 3364 3298 3365
3899 2 2 207 85 3298 3297 3299
3900 2 2 207 85 3293 3294 3295
3901 2 2 207 85 568 569 3138
3902 2 2 207 85 3220 3219 3221
3903 2 2 207 85 3232 3171 3373
3904 2 2 207 85 3353 3352 3354
3905 2 2 207 85 578 579 3335
3906 2 2 207 85 3341 3340 3342
3907 2 2 207 85 3262 3267 3268
3908 2 2 207 85 575 576 3349
3909 2 2 207 85 3357 3358 3363
3910 2 2 207 85 3220 3249 3325
3911 2 2 207 85 3226 3227 3228
3912 2 2 207 85 3291 3292 3293
3913 2 2 207 85 3234 3225 3326
3914 2 2 207 85 3351 3136 3352
3915 2 2 207 85 3206 3207 3208
3916 2 2 207 85 3354 3356 3357
3917 2 2 207 85 3195 3201 3364
3918 2 2 207 85 3374 3151 3379
3919 2 2 207 85 573 3343 3346
3920 2 2 207 85 3224 3225 3226
3921 2 2 207 85 3352 3136 3371
3922 2 2 207 85 681 3136 3350
3923 2 2 207 85 3355 3352 3371
3924 2 2 207 85 3236 3205 3330
3925 2 2 207 85 680 681 3350
3926 2 2 207 85 3346 3345 3347
3927 2 2 207 85 3199 3205 3206
3928 2 2 207 85 3355 3370 3374
3929 2 2 207 85 679 680 3340
3930 2 2 207 85 3279 3277 3280
3931 2 2 207 85 684 3151 3370
3932 2 2 207 85 683 684 3370
3933 2 2 207 85 681 682 3136
3934 2 2 207 85 3187 3194 3366
3935 2 2 207 85 3368 3165 3369
3936 2 2 207 85 584 585 3338
3937 2 2 207 85 3331 3330 3332
3938 2 2 207 85 3187 3189 3190
3939 2 2 207 85 3236 3331 3393
3940 2 2 207 85 3233 3297 3298
3941 2 2 207 85 565 3144 3367
3942 2 2 207 85 565 566 3144
3943 2 2 207 85 3357 3356 3358
3944 2 2 207 85 3159 564 3367
3945 2 2 207 85 564 565 3367
3946 2 2 207 85 686 3165 3368
3947 2 2 207 85 684 685 3151
3948 2 2 207 85 3151 685 3368
3949 2 2 207 85 563 564 3159
3950 2 2 207 85 685 686 3368
3951 2 2 207 85 686 687 3165
3952 2 2 207 85 682 683 3371
3953 2 2 207 85 3193 3386 3390
3954 2 2 207 85 3253 3232 3254
3955 2 2 207 85 3173 3176 3235
3956 2 2 207 85 3222 3202 3337
3957 2 2 207 85 3279 3280 3281
3958 2 2 207 85 571 3140 3388
3959 2 2 207 85 3175 3171 3232
3960 2 2 207 85 3136 682 3371
3961 2 2 207 85 3191 3185 3192
3962 2 2 207 85 3178 3186 3187
3963 2 2 207 85 3184 3182 3185
3964 2 2 207 85 3286 3232 3373
3965 2 2 207 85 3202 3203 3204
3966 2 2 207 85 3354 3355 3356
3967 2 2 207 85 3195 3196 3197
3968 2 2 207 85 3211 3210 3212
3969 2 2 207 85 3343 3345 3346
3970 2 2 207 85 3354 3352 3355
3971 2 2 207 85 3198 3192 3199
3972 2 2 207 85 3231 3283 3284
3973 2 2 207 85 3358 3359 3360
3974 2 2 207 85 3238 3240 3241
3975 2 2 207 85 3204 3215 3216
3976 2 2 207 85 3360 3361 3362
3977 2 2 207 85 3223 3212 3224
3978 2 2 207 85 3279 3281 3372
3979 2 2 207 85 3250 3239 3251
3980 2 2 207 85 3360 3359 3361
3981 2 2 207 85 3246 3247 3248
3982 2 2 207 85 3358 3356 3359
3983 2 2 207 85 3280 3277 3386
3984 2 2 207 85 3278 3277 3279
3985 2 2 207 85 3229 3228 3230
3986 2 2 207 85 3184 3185 3191
3987 2 2 207 85 3276 3251 3277
3988 2 2 207 85 3263 3222 3337
3989 2 2 207 85 3187 3186 3189
3990 2 2 207 85 3216 3218 3219
3991 2 2 207 85 3238 3241 3376
3992 2 2 207 85 626 627 3137
3993 2 2 207 85 3191 3192 3198
3994 2 2 207 85 3195 3190 3196
3995 2 2 207 85 3248 3255 3256
3996 2 2 207 85 3177 3174 3375
3997 2 2 207 85 3202 3197 3203
3998 2 2 207 85 623 624 3142
3999 2 2 207 85 3175 3232 3253
4000 2 2 207 85 624 625 3317
4001 2 2 207 85 3198 3199 3214
4002 2 2 207 85 628 629 3318
4003 2 2 207 85 3307 3308 3309
4004 2 2 207 85 3253 3254 3336
4005 2 2 207 85 3208 3210 3211
4006 2 2 207 85 3274 3230 3291
4007 2 2 207 85 3179 3177 3180
4008 2 2 207 85 3278 3279 3282
4009 2 2 207 85 3181 3183 3193
4010 2 2 207 85 3356 3355 3374
4011 2 2 207 85 629 630 3139
4012 2 2 207 85 3282 3279 3372
4013 2 2 207 85 620 621 3146
4014 2 2 207 85 3359 3356 3374
4015 2 2 207 85 3250 3251 3276
4016 2 2 207 85 3191 3198 3200
4017 2 2 207 85 3137 627 3167
4018 2 2 207 85 3276 3277 3278
4019 2 2 207 85 3317 625 3320
4020 2 2 207 85 3190 3189 3376
4021 2 2 207 85 632 633 3148
4022 2 2 207 85 619 620 3302
4023 2 2 207 85 3181 3180 3182
4024 2 2 207 85 3183 3182 3184
4025 2 2 207 85 3204 3203 3215
4026 2 2 207 85 616 617 3149
4027 2 2 207 85 618 619 3153
4028 2 2 207 85 3137 3168 3169
4029 2 2 207 85 3170 3172 3173
4030 2 2 207 85 3170 3168 3171
4031 2 2 207 85 3246 3221 3247
4032 2 2 207 85 3211 3212 3223
4033 2 2 207 85 3173 3174 3176
4034 2 2 207 85 3189 3237 3238
4035 2 2 207 85 3240 3239 3250
4036 2 2 207 85 3176 3177 3178
4037 2 2 207 85 3178 3179 3186
4038 2 2 207 85 633 634 3311
4039 2 2 207 85 3180 3177 3375
4040 2 2 207 85 3189 3186 3237
4041 2 2 207 85 3179 3180 3181
4042 2 2 207 85 3231 3242 3283
4043 2 2 207 85 3238 3239 3240
4044 2 2 207 85 3181 3182 3183
4045 2 2 207 85 3240 3250 3265
4046 2 2 207 85 3183 3184 3188
4047 2 2 207 85 3238 3237 3239
4048 2 2 207 85 3361 3359 3379
4049 2 2 207 85 3178 3177 3179
4050 2 2 207 85 636 637 3157
4051 2 2 207 85 613 614 3155
4052 2 2 207 85 634 635 3154
4053 2 2 207 85 3172 3171 3175
4054 2 2 207 85 3176 3174 3177
4055 2 2 207 85 635 636 3305
4056 2 2 207 85 3231 3284 3385
4057 2 2 207 85 3359 3374 3379
4058 2 2 207 85 3226 3228 3229
4059 2 2 207 85 3216 3215 3218
4060 2 2 207 85 3149 617 3303
4061 2 2 207 85 3260 3258 3261
4062 2 2 207 85 3231 3223 3242
4063 2 2 207 85 3211 3223 3231
4064 2 2 207 85 3137 3167 3168
4065 2 2 207 85 3173 3172 3174
4066 2 2 207 85 3169 3168 3170
4067 2 2 207 85 3184 3191 3377
4068 2 2 207 85 3283 3242 3285
4069 2 2 207 85 3219 3218 3252
4070 2 2 207 85 3196 3190 3376
4071 2 2 207 85 3189 3238 3376
4072 2 2 207 85 3223 3224 3382
4073 2 2 207 85 3170 3171 3172
4074 2 2 207 85 616 3149 3316
4075 2 2 207 85 3260 3261 3262
4076 2 2 207 85 3203 3197 3383
4077 2 2 207 85 3206 3208 3385
4078 2 2 207 85 3191 3200 3377
4079 2 2 207 85 3248 3247 3255
4080 2 2 207 85 3229 3230 3274
4081 2 2 207 85 3188 3184 3377
4082 2 2 207 85 3197 3196 3383
4083 2 2 207 85 3256 3255 3301
4084 2 2 207 85 3213 3336 3405
4085 2 2 207 85 3252 3218 3264
4086 2 2 207 85 3215 3203 3217
4087 2 2 207 85 612 613 3310
4088 2 2 207 85 3181 3193 3380
4089 2 2 207 85 3229 3274 3275
4090 2 2 207 85 3252 3264 3273
4091 2 2 207 85 3208 3211 3385
4092 2 2 207 85 3186 3179 3380
4093 2 2 207 85 638 639 3161
4094 2 2 207 85 3179 3181 3380
4095 2 2 207 85 3237 3186 3380
4096 2 2 207 85 3277 3251 3386
4097 2 2 207 85 3157 637 3306
4098 2 2 207 85 3251 3239 3390
4099 2 2 207 85 3375 3174 3384
4100 2 2 207 85 3255 3247 3269
4101 2 2 207 85 3262 3266 3267
4102 2 2 207 85 3224 3226 3381
4103 2 2 207 85 3242 3223 3382
4104 2 2 207 85 3211 3231 3385
4105 2 2 207 85 3149 3303 3304
4106 2 2 207 85 3221 3219 3389
4107 2 2 207 85 3217 3203 3383
4108 2 2 207 85 3214 3199 3391
4109 2 2 207 85 3219 3252 3389
4110 2 2 207 85 3262 3261 3266
4111 2 2 207 85 3236 3393 3394
4112 2 2 207 85 570 571 3388
4113 2 2 207 85 3237 3380 3390
4114 2 2 207 85 3224 3381 3382
4115 2 2 207 85 3172 3175 3384
4116 2 2 207 85 3380 3193 3390
4117 2 2 207 85 3174 3172 3384
4118 2 2 207 85 3280 3386 3392
4119 2 2 207 85 3247 3221 3389
4120 2 2 207 85 3226 3229 3381
4121 2 2 207 85 3161 639 3312
4122 2 2 207 85 3385 3284 3391
4123 2 2 207 85 3206 3385 3391
4124 2 2 207 85 3229 3275 3381
4125 2 2 207 85 3299 3322 3400
4126 2 2 207 85 3193 3183 3392
4127 2 2 207 85 3199 3206 3391
4128 2 2 207 85 3269 3247 3389
4129 2 2 207 85 3218 3215 3387
4130 2 2 207 85 641 642 3164
4131 2 2 207 85 3239 3237 3390
4132 2 2 207 85 3215 3217 3387
4133 2 2 207 85 3264 3218 3387
4134 2 2 207 85 3386 3193 3392
4135 2 2 207 85 3322 3169 3397
4136 2 2 207 85 3271 3260 3396
4137 2 2 207 85 3331 3384 3393
4138 2 2 207 85 643 644 3315
4139 2 2 207 85 3262 3268 3396
4140 2 2 207 85 3183 3188 3392
4141 2 2 207 85 3384 3175 3393
4142 2 2 207 85 3308 3312 3419
4143 2 2 207 85 3175 3253 3393
4144 2 2 207 85 3425 3160 3445
4145 2 2 207 85 3173 3235 3397
4146 2 2 207 85 3393 3253 3394
4147 2 2 207 85 3253 3336 3394
4148 2 2 207 85 3294 3296 3431
4149 2 2 207 85 3169 3170 3397
4150 2 2 207 85 3298 3299 3400
4151 2 2 207 85 3261 3334 3436
4152 2 2 207 85 623 3142 3395
4153 2 2 207 85 3376 3241 3399
4154 2 2 207 85 3326 3213 3404
4155 2 2 207 85 3383 3196 3399
4156 2 2 207 85 3358 3360 3401
4157 2 2 207 85 3260 3262 3396
4158 2 2 207 85 3287 3289 3405
4159 2 2 207 85 3150 673 3403
4160 2 2 207 85 3304 3303 3463
4161 2 2 207 85 3316 3271 3440
4162 2 2 207 85 3254 3287 3405
4163 2 2 207 85 3314 666 3460
4164 2 2 207 85 3170 3173 3397
4165 2 2 207 85 622 3395 3464
4166 2 2 207 85 3289 3290 3414
4167 2 2 207 85 3157 3306 3398
4168 2 2 207 85 3307 3309 3467
4169 2 2 207 85 3365 3298 3400
4170 2 2 207 85 3196 3376 3399
4171 2 2 207 85 3431 3296 3465
4172 2 2 207 85 3214 3391 3402
4173 2 2 207 85 615 3316 3440
4174 2 2 207 85 3252 3273 3407
4175 2 2 207 85 3315 3166 3457
4176 2 2 207 85 3242 3382 3406
4177 2 2 207 85 3363 3358 3401
4178 2 2 207 85 3412 3160 3425
4179 2 2 207 85 3269 3389 3407
4180 2 2 207 85 608 609 3409
4181 2 2 207 85 562 563 3410
4182 2 2 207 85 3152 3329 3436
4183 2 2 207 85 3341 3342 3402
4184 2 2 207 85 3399 3241 3472
4185 2 2 207 85 3156 3301 3420
4186 2 2 207 85 3345 3344 3411
4187 2 2 207 85 673 674 3403
4188 2 2 207 85 3360 3362 3416
4189 2 2 207 85 669 670 3412
4190 2 2 207 85 3304 3270 3434
4191 2 2 207 85 3234 3326 3404
4192 2 2 207 85 3391 3284 3402
4193 2 2 207 85 3241 3240 3413
4194 2 2 207 85 3336 3254 3405
4195 2 2 207 85 3348 3399 3472
4196 2 2 207 85 3395 3272 3464
4197 2 2 207 85 3419 3314 3460
4198 2 2 207 85 3404 3289 3414
4199 2 2 207 85 3266 3329 3452
4200 2 2 207 85 567 568 3408
4201 2 2 207 85 3257 3259 3427
4202 2 2 207 85 3319 3244 3424
4203 2 2 207 85 3249 3321 3422
4204 2 2 207 85 611 17 3428
4205 2 2 207 85 568 3138 3408
4206 2 2 207 85 3285 3242 3406
4207 2 2 207 85 3389 3252 3407
4208 2 2 207 85 3351 3353 3417
4209 2 2 207 85 17 612 3428
4210 2 2 207 85 3309 3425 3467
4211 2 2 207 85 675 3145 3418
4212 2 2 207 85 3300 3138 3443
4213 2 2 207 85 646 647 3456
4214 2 2 207 85 3406 3382 3437
4215 2 2 207 85 3325 3249 3422
4216 2 2 207 85 668 669 3421
4217 2 2 207 85 3263 3337 3422
4218 2 2 207 85 609 3162 3409
4219 2 2 207 85 3244 3227 3424
4220 2 2 207 85 3278 3282 3408
4221 2 2 207 85 3214 3402 3417
4222 2 2 207 85 563 3159 3410
4223 2 2 207 85 3301 3334 3459
4224 2 2 207 85 660 661 3456
4225 2 2 207 85 663 3315 3423
4226 2 2 207 85 3150 3291 3466
4227 2 2 207 85 3157 3398 3431
4228 2 2 207 85 3155 614 3440
4229 2 2 207 85 3316 3149 3427
4230 2 2 207 85 632 3148 3446
4231 2 2 207 85 3273 3349 3442
4232 2 2 207 85 665 666 3430
4233 2 2 207 85 3143 3349 3433
4234 2 2 207 85 3146 621 3464
4235 2 2 207 85 3348 3345 3411
4236 2 2 207 85 3403 674 3418
4237 2 2 207 85 3264 3387 3433
4238 2 2 207 85 3248 3257 3434
4239 2 2 207 85 3402 3342 3417
4240 2 2 207 85 3270 3246 3434
4241 2 2 207 85 670 3160 3412
4242 2 2 207 85 3200 3198 3432
4243 2 2 207 85 3361 3369 3435
4244 2 2 207 85 3240 3265 3413
4245 2 2 207 85 3164 642 3457
4246 2 2 207 85 643 3315 3457
4247 2 2 207 85 3145 3406 3437
4248 2 2 207 85 3372 3281 3416
4249 2 2 207 85 3357 3363 3462
4250 2 2 207 85 567 3408 3439
4251 2 2 207 85 3433 3387 3470
4252 2 2 207 85 3144 566 3439
4253 2 2 207 85 3349 576 3442
4254 2 2 207 85 577 3147 3442
4255 2 2 207 85 3217 3383 3454
4256 2 2 207 85 3381 3275 3437
4257 2 2 207 85 3138 569 3443
4258 2 2 207 85 570 3388 3443
4259 2 2 207 85 3354 3357 3449
4260 2 2 207 85 585 16 3447
4261 2 2 207 85 16 608 3447
4262 2 2 207 85 3145 676 3453
4263 2 2 207 85 677 678 3471
4264 2 2 207 85 687 15 3448
4265 2 2 207 85 15 562 3448
4266 2 2 207 85 666 667 3460
4267 2 2 207 85 3256 3301 3459
4268 2 2 207 85 3140 3347 3450
4269 2 2 207 85 3315 644 3423
4270 2 2 207 85 3281 3401 3416
4271 2 2 207 85 3261 3258 3459
4272 2 2 207 85 3301 3255 3420
4273 2 2 207 85 3408 3282 3439
4274 2 2 207 85 3200 3432 3449
4275 2 2 207 85 3334 3152 3436
4276 2 2 207 85 644 645 3423
4277 2 2 207 85 3255 3269 3420
4278 2 2 207 85 3234 3404 3414
4279 2 2 207 85 3401 3360 3416
4280 2 2 207 85 3160 3328 3445
4281 2 2 207 85 3272 3263 3441
4282 2 2 207 85 3329 3158 3452
4283 2 2 207 85 3406 3145 3453
4284 2 2 207 85 3234 3414 3424
4285 2 2 207 85 3342 3351 3417
4286 2 2 207 85 3415 3267 3469
4287 2 2 207 85 3411 3217 3454
4288 2 2 207 85 3398 3307 3467
4289 2 2 207 85 674 675 3418
4290 2 2 207 85 3153 3327 3463
4291 2 2 207 85 3415 3162 3429
4292 2 2 207 85 3409 3162 3415
4293 2 2 207 85 3417 3353 3432
4294 2 2 207 85 3424 3414 3438
4295 2 2 207 85 3312 3313 3419
4296 2 2 207 85 661 646 3456
4297 2 2 207 85 3263 3422 3441
4298 2 2 207 85 3314 3164 3430
4299 2 2 207 85 3335 3156 3420
4300 2 2 207 85 3445 3328 3466
4301 2 2 207 85 3347 3413 3450
4302 2 2 207 85 3163 668 3421
4303 2 2 207 85 660 647 3426
4304 2 2 207 85 3337 3325 3422
4305 2 2 207 85 648 659 3426
4306 2 2 207 85 3324 3154 3465
4307 2 2 207 85 3267 3452 3469
4308 2 2 207 85 3423 645 3455
4309 2 2 207 85 662 663 3423
4310 2 2 207 85 3227 3234 3424
4311 2 2 207 85 3266 3261 3436
4312 2 2 207 85 3327 3270 3463
4313 2 2 207 85 3295 3425 3445
4314 2 2 207 85 3449 3357 3462
4315 2 2 207 85 3305 3157 3431
4316 2 2 207 85 3420 3269 3461
4317 2 2 207 85 3149 3304 3427
4318 2 2 207 85 3339 611 3428
4319 2 2 207 85 3305 3431 3465
4320 2 2 207 85 3296 3324 3465
4321 2 2 207 85 3344 3433 3470
4322 2 2 207 85 612 3310 3428
4323 2 2 207 85 3162 3339 3429
4324 2 2 207 85 3328 3150 3466
4325 2 2 207 85 3285 3406 3453
4326 2 2 207 85 3444 3144 3468
4327 2 2 207 85 3303 3153 3463
4328 2 2 207 85 646 661 3455
4329 2 2 207 85 3166 665 3430
4330 2 2 207 85 3344 3143 3433
4331 2 2 207 85 3339 3428 3458
4332 2 2 207 85 3198 3214 3432
4333 2 2 207 85 3396 3268 3451
4334 2 2 207 85 3335 3420 3461
4335 2 2 207 85 662 3423 3455
4336 2 2 207 85 3428 3310 3458
4337 2 2 207 85 3246 3248 3434
4338 2 2 207 85 3155 3396 3451
4339 2 2 207 85 3362 3361 3435
4340 2 2 207 85 3148 3319 3438
4341 2 2 207 85 3309 3412 3425
4342 2 2 207 85 3382 3381 3437
4343 2 2 207 85 3432 3353 3449
4344 2 2 207 85 3214 3417 3432
4345 2 2 207 85 3416 3362 3444
4346 2 2 207 85 3310 3155 3451
4347 2 2 207 85 3163 3419 3460
4348 2 2 207 85 3144 3439 3468
4349 2 2 207 85 3321 3146 3441
4350 2 2 207 85 566 567 3439
4351 2 2 207 85 3319 3424 3438
4352 2 2 207 85 614 615 3440
4353 2 2 207 85 3347 3348 3472
4354 2 2 207 85 608 3409 3447
4355 2 2 207 85 562 3410 3448
4356 2 2 207 85 3414 3290 3438
4357 2 2 207 85 645 646 3455
4358 2 2 207 85 3154 3305 3465
4359 2 2 207 85 576 577 3442
4360 2 2 207 85 569 570 3443
4361 2 2 207 85 3422 3321 3441
4362 2 2 207 85 3293 3295 3445
4363 2 2 207 85 3387 3217 3470
4364 2 2 207 85 3388 3140 3450
4365 2 2 207 85 631 632 3446
4366 2 2 207 85 3265 3388 3450
4367 2 2 207 85 3338 585 3447
4368 2 2 207 85 3353 3354 3449
4369 2 2 207 85 3165 687 3448
4370 2 2 207 85 3269 3407 3461
4371 2 2 207 85 676 677 3453
4372 2 2 207 85 3267 3266 3452
4373 2 2 207 85 3293 3445 3466
4374 2 2 207 85 661 662 3455
4375 2 2 207 85 3383 3399 3454
4376 2 2 207 85 3147 3335 3461
4377 2 2 207 85 667 3163 3460
4378 2 2 207 85 642 643 3457
4379 2 2 207 85 3258 3256 3459
4380 2 2 207 85 3411 3344 3470
4381 2 2 207 85 3399 3348 3454
4382 2 2 207 85 3241 3413 3472
4383 2 2 207 85 621 622 3464
4384 2 2 207 85 3158 3338 3469
4385 2 2 207 85 678 3141 3471
4386 2 2 207 85 3377 3200 3462
4387 2 2 207 85 3291 3293 3466
4388 2 2 207 85 3282 3372 3468
4389 2 2 207 85 3295 3398 3467
4390 2 2 207 85 3409 3338 3447
4391 2 2 207 85 3410 3165 3448
4392 2 2 207 85 3413 3347 3472
4393 2 2 207 85 3407 3147 3461
4394 2 2 207 85 647 660 3456
4395 2 2 207 85 3217 3411 3470
4396 2 2 207 85 3372 3444 3468
4397 2 2 207 85 3348 3411 3454
4398 2 2 207 85 3268 3429 3458
4399 2 2 207 85 3413 3265 3450
4400 2 2 207 85 3372 3416 3444
4401 2 2 207 85 3200 3449 3462
4402 2 2 207 85 3451 3268 3458
4403 2 2 207 85 3425 3295 3467
4404 2 2 207 85 3429 3339 3458
4405 2 2 207 85 3439 3282 3468
4406 2 2 207 85 3452 3158 3469
4407 2 2 207 85 3310 3451 3458
4408 2 2 207 85 653 18 654
4409 2 2 207 85 647 648 3426
4410 2 2 207 85 651 652 655
4411 2 2 207 85 652 653 654
4412 2 2 207 85 652 654 655
4413 2 2 207 85 659 660 3426
4414 2 2 207 85 648 649 658
4415 2 2 207 85 648 658 659
4416 2 2 207 85 649 650 657
4417 2 2 207 85 649 657 658
4418 2 2 207 85 650 651 656
4419 2 2 207 85 650 656 657
4420 2 2 207 85 651 655 656
4421 2 2 207 107 3811 3749 3833
4422 2 2 207 107 3854 3725 3864
4423 2 2 207 107 3723 3753 3755
4424 2 2 207 107 3773 3722 3775
4425 2 2 207 107 3772 3774 3808
4426 2 2 207 107 702 703 3812
4427 2 2 207 107 3754 3752 3809
4428 2 2 207 107 3796 3854 3864
4429 2 2 207 107 3743 3746 3843
4430 2 2 207 107 3753 3723 3767
4431 2 2 207 107 3722 3773 3786
4432 2 2 207 107 3746 3743 3836
4433 2 2 207 107 3736 3802 3838
4434 2 2 207 107 3735 3811 3833
4435 2 2 207 107 3746 3803 3843
4436 2 2 207 107 3782 3792 3840
4437 2 2 207 107 3792 3782 3848
4438 2 2 207 107 3719 3765 3819
4439 2 2 207 107 718 719 3811
4440 2 2 207 107 3798 3737 3839
4441 2 2 207 107 3769 3812 3831
4442 2 2 207 107 3803 3746 3847
4443 2 2 207 107 3765 3719 3841
4444 2 2 207 107 3802 3736 3861
4445 2 2 207 107 3742 3747 3814
4446 2 2 207 107 3748 3743 3813
4447 2 2 207 107 3857 3800 3866
4448 2 2 207 107 720 721 3805
4449 2 2 207 107 700 701 3806
4450 2 2 207 107 3791 3762 3842
4451 2 2 207 107 3790 3772 3808
4452 2 2 207 107 3762 3791 3853
4453 2 2 207 107 3747 3742 3837
4454 2 2 207 107 3743 3748 3836
4455 2 2 207 107 3789 3857 3866
4456 2 2 207 107 702 3812 3851
4457 2 2 207 107 3752 3768 3809
4458 2 2 207 107 3774 3777 3808
4459 2 2 207 107 3725 3766 3864
4460 2 2 207 107 3818 3741 3860
4461 2 2 207 107 3785 3718 3829
4462 2 2 207 107 3757 3754 3809
4463 2 2 207 107 3812 3734 3831
4464 2 2 207 107 703 3734 3812
4465 2 2 207 107 3718 3785 3844
4466 2 2 207 107 3766 3725 3874
4467 2 2 207 107 3723 3755 3822
4468 2 2 207 107 3742 3803 3837
4469 2 2 207 107 3737 3798 3865
4470 2 2 207 107 3735 718 3811
4471 2 2 207 107 3837 3803 3847
4472 2 2 207 107 738 3732 3750
4473 2 2 207 107 3805 721 3856
4474 2 2 207 107 700 3806 3855
4475 2 2 207 107 747 3739 3797
4476 2 2 207 107 3750 3732 3751
4477 2 2 207 107 3775 3722 3826
4478 2 2 207 107 3721 762 3790
4479 2 2 207 107 740 3720 3768
4480 2 2 207 107 3749 3750 3833
4481 2 2 207 107 3726 3788 3804
4482 2 2 207 107 3773 3771 3786
4483 2 2 207 107 3741 3818 3835
4484 2 2 207 107 3811 719 3850
4485 2 2 207 107 3797 3739 3798
4486 2 2 207 107 3797 3798 3839
4487 2 2 207 107 3751 3753 3767
4488 2 2 207 107 3815 3718 3844
4489 2 2 207 107 3795 3807 3810
4490 2 2 207 107 3741 3827 3860
4491 2 2 207 107 3784 3824 3825
4492 2 2 207 107 3721 3790 3808
4493 2 2 207 107 762 763 3790
4494 2 2 207 107 3768 3720 3809
4495 2 2 207 107 739 740 3768
4496 2 2 207 107 3815 3844 3858
4497 2 2 207 107 3733 3770 3771
4498 2 2 207 107 3733 764 3770
4499 2 2 207 107 3786 3771 3831
4500 2 2 207 107 3856 722 3872
4501 2 2 207 107 699 3855 3871
4502 2 2 207 107 3726 760 3792
4503 2 2 207 107 742 3727 3791
4504 2 2 207 107 3734 3786 3831
4505 2 2 207 107 3770 3769 3831
4506 2 2 207 107 756 3799 3801
4507 2 2 207 107 733 3856 3872
4508 2 2 207 107 3855 769 3871
4509 2 2 207 107 3780 3778 3825
4510 2 2 207 107 3807 3727 3810
4511 2 2 207 107 3807 3795 3864
4512 2 2 207 107 737 738 3750
4513 2 2 207 107 3767 3735 3833
4514 2 2 207 107 3778 3784 3825
4515 2 2 207 107 3802 3801 3838
4516 2 2 207 107 746 747 3797
4517 2 2 207 107 3804 3788 3866
4518 2 2 207 107 3824 3740 3834
4519 2 2 207 107 3728 3858 3876
4520 2 2 207 107 3728 3815 3858
4521 2 2 207 107 3730 3795 3810
4522 2 2 207 107 3803 751 3843
4523 2 2 207 107 3751 3767 3833
4524 2 2 207 107 3749 737 3750
4525 2 2 207 107 3726 3792 3848
4526 2 2 207 107 3799 3800 3838
4527 2 2 207 107 3769 3745 3812
4528 2 2 207 107 3793 746 3797
4529 2 2 207 107 3799 3731 3800
4530 2 2 207 107 3735 3767 3863
4531 2 2 207 107 3859 3818 3860
4532 2 2 207 107 763 3733 3790
4533 2 2 207 107 3751 3732 3752
4534 2 2 207 107 3798 3739 3880
4535 2 2 207 107 3732 739 3768
4536 2 2 207 107 735 3744 3805
4537 2 2 207 107 3745 767 3806
4538 2 2 207 107 766 3745 3769
4539 2 2 207 107 736 737 3749
4540 2 2 207 107 764 765 3770
4541 2 2 207 107 760 761 3792
4542 2 2 207 107 741 742 3791
4543 2 2 207 107 3791 3727 3853
4544 2 2 207 107 745 746 3793
4545 2 2 207 107 755 756 3801
4546 2 2 207 107 750 751 3803
4547 2 2 207 107 3731 758 3804
4548 2 2 207 107 744 3730 3810
4549 2 2 207 107 759 3726 3804
4550 2 2 207 107 3727 743 3810
4551 2 2 207 107 3786 3734 3867
4552 2 2 207 107 757 3731 3799
4553 2 2 207 107 3788 3726 3848
4554 2 2 207 107 3733 3771 3772
4555 2 2 207 107 3739 748 3814
4556 2 2 207 107 754 3738 3813
4557 2 2 207 107 3812 3745 3851
4558 2 2 207 107 749 3742 3814
4559 2 2 207 107 3743 753 3813
4560 2 2 207 107 3788 3789 3866
4561 2 2 207 107 3766 3807 3864
4562 2 2 207 107 3830 3798 3880
4563 2 2 207 107 3796 3794 3877
4564 2 2 207 107 3828 3796 3877
4565 2 2 207 107 3824 3784 3873
4566 2 2 207 107 3801 3799 3838
4567 2 2 207 107 3751 3752 3753
4568 2 2 207 107 3800 3731 3866
4569 2 2 207 107 3752 3732 3768
4570 2 2 207 107 3772 3771 3773
4571 2 2 207 107 3824 3834 3876
4572 2 2 207 107 3816 3729 3817
4573 2 2 207 107 3817 3729 3818
4574 2 2 207 107 481 3729 3816
4575 2 2 207 107 3733 3772 3790
4576 2 2 207 107 458 3718 3815
4577 2 2 207 107 3724 461 3821
4578 2 2 207 107 463 3736 3820
4579 2 2 207 107 479 3719 3819
4580 2 2 207 107 456 457 3728
4581 2 2 207 107 481 482 3729
4582 2 2 207 107 3728 457 3815
4583 2 2 207 107 468 469 3746
4584 2 2 207 107 466 467 3748
4585 2 2 207 107 471 472 3747
4586 2 2 207 107 3719 480 3816
4587 2 2 207 107 3744 3749 3811
4588 2 2 207 107 462 3820 3821
4589 2 2 207 107 462 463 3820
4590 2 2 207 107 734 735 3805
4591 2 2 207 107 767 768 3806
4592 2 2 207 107 463 464 3736
4593 2 2 207 107 474 475 3737
4594 2 2 207 107 3725 478 3819
4595 2 2 207 107 3744 736 3749
4596 2 2 207 107 480 481 3816
4597 2 2 207 107 460 461 3724
4598 2 2 207 107 477 478 3725
4599 2 2 207 107 735 736 3744
4600 2 2 207 107 766 767 3745
4601 2 2 207 107 3753 3752 3754
4602 2 2 207 107 765 3769 3770
4603 2 2 207 107 458 459 3718
4604 2 2 207 107 479 480 3719
4605 2 2 207 107 765 766 3769
4606 2 2 207 107 461 462 3821
4607 2 2 207 107 457 458 3815
4608 2 2 207 107 3766 3763 3807
4609 2 2 207 107 3783 3787 3788
4610 2 2 207 107 3772 3773 3774
4611 2 2 207 107 478 479 3819
4612 2 2 207 107 738 739 3732
4613 2 2 207 107 763 764 3733
4614 2 2 207 107 3753 3754 3755
4615 2 2 207 107 761 762 3721
4616 2 2 207 107 740 741 3720
4617 2 2 207 107 3774 3773 3775
4618 2 2 207 107 3761 3759 3762
4619 2 2 207 107 3779 3781 3782
4620 2 2 207 107 3788 3787 3789
4621 2 2 207 107 460 3724 3829
4622 2 2 207 107 3718 459 3829
4623 2 2 207 107 761 3721 3792
4624 2 2 207 107 3720 741 3791
4625 2 2 207 107 3778 3776 3784
4626 2 2 207 107 3756 3758 3764
4627 2 2 207 107 475 476 3828
4628 2 2 207 107 3761 3762 3763
4629 2 2 207 107 705 706 3722
4630 2 2 207 107 715 716 3723
4631 2 2 207 107 706 707 3826
4632 2 2 207 107 714 715 3822
4633 2 2 207 107 707 708 3716
4634 2 2 207 107 713 714 3717
4635 2 2 207 107 3782 3781 3783
4636 2 2 207 107 3737 475 3828
4637 2 2 207 107 703 704 3734
4638 2 2 207 107 717 718 3735
4639 2 2 207 107 758 759 3804
4640 2 2 207 107 743 744 3810
4641 2 2 207 107 744 745 3730
4642 2 2 207 107 757 758 3731
4643 2 2 207 107 3774 3775 3776
4644 2 2 207 107 742 743 3727
4645 2 2 207 107 759 760 3726
4646 2 2 207 107 3755 3754 3756
4647 2 2 207 107 3722 706 3826
4648 2 2 207 107 715 3723 3822
4649 2 2 207 107 707 3716 3826
4650 2 2 207 107 3717 714 3822
4651 2 2 207 107 3765 3763 3766
4652 2 2 207 107 3783 3785 3787
4653 2 2 207 107 756 757 3799
4654 2 2 207 107 708 709 3823
4655 2 2 207 107 712 713 3827
4656 2 2 207 107 3730 3794 3795
4657 2 2 207 107 3760 3759 3761
4658 2 2 207 107 3774 3776 3777
4659 2 2 207 107 3779 3780 3781
4660 2 2 207 107 3756 3754 3757
4661 2 2 207 107 3758 3757 3759
4662 2 2 207 107 747 748 3739
4663 2 2 207 107 754 755 3738
4664 2 2 207 107 3730 745 3793
4665 2 2 207 107 3777 3778 3779
4666 2 2 207 107 753 754 3813
4667 2 2 207 107 748 749 3814
4668 2 2 207 107 749 750 3742
4669 2 2 207 107 752 753 3743
4670 2 2 207 107 3777 3776 3778
4671 2 2 207 107 3756 3757 3758
4672 2 2 207 107 3761 3763 3765
4673 2 2 207 107 3716 708 3823
4674 2 2 207 107 713 3717 3827
4675 2 2 207 107 3783 3781 3785
4676 2 2 207 107 3738 755 3801
4677 2 2 207 107 3758 3759 3760
4678 2 2 207 107 3795 3794 3796
4679 2 2 207 107 709 710 3740
4680 2 2 207 107 711 712 3741
4681 2 2 207 107 3779 3778 3780
4682 2 2 207 107 3742 750 3803
4683 2 2 207 107 3730 3793 3794
4684 2 2 207 107 459 460 3829
4685 2 2 207 107 3738 3801 3802
4686 2 2 207 107 709 3740 3823
4687 2 2 207 107 3741 712 3827
4688 2 2 207 107 472 473 3830
4689 2 2 207 107 3823 3740 3824
4690 2 2 207 107 3764 3859 3860
4691 2 2 207 107 3771 3770 3831
4692 2 2 207 107 3794 3793 3839
4693 2 2 207 107 3727 3807 3853
4694 2 2 207 107 3818 3729 3835
4695 2 2 207 107 752 3743 3843
4696 2 2 207 107 3767 3723 3863
4697 2 2 207 107 3747 472 3830
4698 2 2 207 107 3722 3786 3867
4699 2 2 207 107 3750 3751 3833
4700 2 2 207 107 3744 3811 3850
4701 2 2 207 107 465 466 3832
4702 2 2 207 107 455 456 3834
4703 2 2 207 107 482 483 3835
4704 2 2 207 107 468 3746 3836
4705 2 2 207 107 3748 467 3836
4706 2 2 207 107 471 3747 3837
4707 2 2 207 107 734 3805 3856
4708 2 2 207 107 3806 768 3855
4709 2 2 207 107 3792 3721 3840
4710 2 2 207 107 3720 3791 3842
4711 2 2 207 107 3738 3802 3879
4712 2 2 207 107 3806 701 3851
4713 2 2 207 107 720 3805 3850
4714 2 2 207 107 466 3748 3832
4715 2 2 207 107 3746 469 3847
4716 2 2 207 107 465 3832 3861
4717 2 2 207 107 3761 3765 3841
4718 2 2 207 107 3785 3781 3844
4719 2 2 207 107 456 3728 3834
4720 2 2 207 107 3729 482 3835
4721 2 2 207 107 3783 3788 3848
4722 2 2 207 107 3802 3832 3879
4723 2 2 207 107 3796 3828 3854
4724 2 2 207 107 3828 476 3854
4725 2 2 207 107 3756 3764 3849
4726 2 2 207 107 3822 3755 3849
4727 2 2 207 107 3784 3776 3852
4728 2 2 207 107 3807 3763 3853
4729 2 2 207 107 477 3725 3854
4730 2 2 207 107 3817 3818 3859
4731 2 2 207 107 771 697 3845
4732 2 2 207 107 724 731 3846
4733 2 2 207 107 3830 473 3865
4734 2 2 207 107 3832 3802 3861
4735 2 2 207 107 467 468 3836
4736 2 2 207 107 470 471 3837
4737 2 2 207 107 3838 3800 3870
4738 2 2 207 107 3760 3817 3859
4739 2 2 207 107 732 733 3872
4740 2 2 207 107 769 770 3871
4741 2 2 207 107 3721 3808 3840
4742 2 2 207 107 3798 3830 3865
4743 2 2 207 107 722 723 3872
4744 2 2 207 107 698 699 3871
4745 2 2 207 107 3719 3816 3878
4746 2 2 207 107 3736 464 3861
4747 2 2 207 107 474 3737 3865
4748 2 2 207 107 3717 3822 3849
4749 2 2 207 107 3809 3720 3842
4750 2 2 207 107 3762 3759 3881
4751 2 2 207 107 3779 3782 3875
4752 2 2 207 107 3723 716 3863
4753 2 2 207 107 3745 3806 3851
4754 2 2 207 107 3805 3744 3850
4755 2 2 207 107 721 722 3856
4756 2 2 207 107 699 700 3855
4757 2 2 207 107 717 3735 3863
4758 2 2 207 107 705 3722 3867
4759 2 2 207 107 3793 3797 3839
4760 2 2 207 107 3734 704 3867
4761 2 2 207 107 3758 3760 3859
4762 2 2 207 107 470 3837 3847
4763 2 2 207 107 12 455 3868
4764 2 2 207 107 483 13 3869
4765 2 2 207 107 710 12 3868
4766 2 2 207 107 13 711 3869
4767 2 2 207 107 3775 3826 3852
4768 2 2 207 107 3823 3824 3873
4769 2 2 207 107 3857 3789 3862
4770 2 2 207 107 751 752 3843
4771 2 2 207 107 3760 3761 3841
4772 2 2 207 107 3781 3780 3844
4773 2 2 207 107 3826 3716 3852
4774 2 2 207 107 732 723 3846
4775 2 2 207 107 698 770 3845
4776 2 2 207 107 469 470 3847
4777 2 2 207 107 3780 3825 3858
4778 2 2 207 107 3841 3719 3878
4779 2 2 207 107 3858 3825 3876
4780 2 2 207 107 3842 3762 3881
4781 2 2 207 107 3782 3840 3875
4782 2 2 207 107 3782 3783 3848
4783 2 2 207 107 3834 3728 3876
4784 2 2 207 107 3755 3756 3849
4785 2 2 207 107 719 720 3850
4786 2 2 207 107 701 702 3851
4787 2 2 207 107 3776 3775 3852
4788 2 2 207 107 3784 3852 3873
4789 2 2 207 107 3763 3762 3853
4790 2 2 207 107 3844 3780 3858
4791 2 2 207 107 476 477 3854
4792 2 2 207 107 3731 3804 3866
4793 2 2 207 107 3814 3747 3880
4794 2 2 207 107 3748 3813 3879
4795 2 2 207 107 3739 3814 3880
4796 2 2 207 107 3813 3738 3879
4797 2 2 207 107 3794 3839 3877
4798 2 2 207 107 3789 3787 3862
4799 2 2 207 107 3808 3777 3875
4800 2 2 207 107 3862 3787 3882
4801 2 2 207 107 768 769 3855
4802 2 2 207 107 733 734 3856
4803 2 2 207 107 3757 3809 3881
4804 2 2 207 107 3821 3820 3857
4805 2 2 207 107 3817 3760 3878
4806 2 2 207 107 3747 3830 3880
4807 2 2 207 107 455 3834 3868
4808 2 2 207 107 3835 483 3869
4809 2 2 207 107 3821 3857 3862
4810 2 2 207 107 3800 3857 3870
4811 2 2 207 107 3827 3717 3883
4812 2 2 207 107 3825 3824 3876
4813 2 2 207 107 3857 3820 3870
4814 2 2 207 107 3832 3748 3879
4815 2 2 207 107 3724 3821 3862
4816 2 2 207 107 3764 3758 3859
4817 2 2 207 107 3737 3828 3877
4818 2 2 207 107 3724 3862 3882
4819 2 2 207 107 464 465 3861
4820 2 2 207 107 716 717 3863
4821 2 2 207 107 3819 3765 3874
4822 2 2 207 107 473 474 3865
4823 2 2 207 107 3795 3796 3864
4824 2 2 207 107 704 705 3867
4825 2 2 207 107 3785 3829 3882
4826 2 2 207 107 3820 3736 3870
4827 2 2 207 107 3787 3785 3882
4828 2 2 207 107 3849 3764 3883
4829 2 2 207 107 3834 3740 3868
4830 2 2 207 107 3741 3835 3869
4831 2 2 207 107 3740 710 3868
4832 2 2 207 107 711 3741 3869
4833 2 2 207 107 3765 3766 3874
4834 2 2 207 107 3725 3819 3874
4835 2 2 207 107 3829 3724 3882
4836 2 2 207 107 3816 3817 3878
4837 2 2 207 107 3852 3716 3873
4838 2 2 207 107 3777 3779 3875
4839 2 2 207 107 3716 3823 3873
4840 2 2 207 107 3759 3757 3881
4841 2 2 207 107 770 698 3871
4842 2 2 207 107 723 732 3872
4843 2 2 207 107 3840 3808 3875
4844 2 2 207 107 3809 3842 3881
4845 2 2 207 107 3760 3841 3878
4846 2 2 207 107 3839 3737 3877
4847 2 2 207 107 3736 3838 3870
4848 2 2 207 107 3860 3827 3883
4849 2 2 207 107 3717 3849 3883
4850 2 2 207 107 3764 3860 3883
4851 2 2 207 107 727 20 728
4852 2 2 207 107 774 19 694
4853 2 2 207 107 726 727 728
4854 2 2 207 107 731 732 3846
4855 2 2 207 107 770 771 3845
4856 2 2 207 107 774 694 695
4857 2 2 207 107 697 698 3845
4858 2 2 207 107 723 724 3846
4859 2 2 207 107 726 728 729
4860 2 2 207 107 725 729 730
4861 2 2 207 107 725 726 729
4862 2 2 207 107 724 730 731
4863 2 2 207 107 724 725 730
4864 2 2 207 107 771 772 697
4865 2 2 207 107 772 773 696
4866 2 2 207 107 772 696 697
4867 2 2 207 107 773 774 695
4868 2 2 207 107 773 695 696
4869 3 2 201 62 4 221 2385 605
4870 3 2 201 62 605 2385 2386 606
4871 3 2 201 62 606 2386 2387 607
4872 3 2 201 62 607 2387 586 16
4873 3 2 201 62 221 222 2388 2385
4874 3 2 201 62 2385 2388 2389 2386
4875 3 2 201 62 2386 2389 2390 2387
4876 3 2 201 62 2387 2390 587 586
4877 3 2 201 62 222 223 2391 2388
4878 3 2 201 62 2388 2391 2392 2389
4879 3 2 201 62 2389 2392 2393 2390
4880 3 2 201 62 2390 2393 588 587
4881 3 2 201 62 223 224 2394 2391
4882 3 2 201 62 2391 2394 2395 2392
4883 3 2 201 62 2392 2395 2396 2393
4884 3 2 201 62 2393 2396 589 588
4885 3 2 201 62 224 1 590 2394
4886 3 2 201 62 2394 590 591 2395
4887 3 2 201 62 2395 591 592 2396
4888 3 2 201 62 2396 592 11 589
4889 3 2 202 72 4 314 2896 605
4890 3 2 202 72 605 2896 2897 606
4891 3 2 202 72 606 2897 2898 607
4892 3 2 202 72 607 2898 608 16
4893 3 2 202 72 314 315 2899 2896
4894 3 2 202 72 2896 2899 2900 2897
4895 3 2 202 72 2897 2900 2901 2898
4896 3 2 202 72 2898 2901 609 608
4897 3 2 202 72 315 316 2902 2899
4898 3 2 202 72 2899 2902 2903 2900
4899 3 2 202 72 2900 2903 2904 2901
4900 3 2 202 72 2901 2904 610 609
4901 3 2 202 72 316 317 2905 2902
4902 3 2 202 72 2902 2905 2906 2903
4903 3 2 202 72 2903 2906 2907 2904
4904 3 2 202 72 2904 2907 611 610
4905 3 2 202 72 317 9 688 2905
4906 3 2 202 72 2905 688 689 2906
4907 3 2 202 72 2906 689 690 2907
4908 3 2 202 72 2907 690 17 611
4909 3 2 204 76 9 272 2908 688
4910 3 2 204 76 688 2908 2909 689
4911 3 2 204 76 689 2909 2910 690
4912 3 2 204 76 690 2910 612 17
4913 3 2 204 76 272 273 2911 2908
4914 3 2 204 76 2908 2911 2912 2909
4915 3 2 204 76 2909 2912 2913 2910
4916 3 2 204 76 2910 2913 613 612
4917 3 2 204 76 273 274 2914 2911
4918 3 2 204 76 2911 2914 2915 2912
4919 3 2 204 76 2912 2915 2916 2913
4920 3 2 204 76 2913 2916 614 613
4921 3 2 204 76 274 275 2917 2914
4922 3 2 204 76 2914 2917 2918 2915
4923 3 2 204 76 2915 2918 2919 2916
4924 3 2 204 76 2916 2919 615 614
4925 3 2 204 76 275 276 2920 2917
4926 3 2 204 76 2917 2920 2921 2918
4927 3 2 204 76 2918 2921 2922 2919
4928 3 2 204 76 2919 2922 616 615
4929 3 2 204 76 276 277 2923 2920
4930 3 2 204 76 2920 2923 2924 2921
4931 3 2 204 76 2921 2924 2925 2922
4932 3 2 204 76 2922 2925 617 616
4933 3 2 204 76 277 278 2926 2923
4934 3 2 204 76 2923 2926 2927 2924
4935 3 2 204 76 2924 2927 2928 2925
4936 3 2 204 76 2925 2928 618 617
4937 3 2 204 76 278 279 2929 2926
4938 3 2 204 76 2926 2929 2930 2927
4939 3 2 204 76 2927 2930 2931 2928
4940 3 2 204 76 2928 2931 619 618
4941 3 2 204 76 279 280 2932 2929
4942 3 2 204 76 2929 2932 2933 2930
4943 3 2 204 76 2930 2933 2934 2931
4944 3 2 204 76 2931 2934 620 619
4945 3 2 204 76 280 281 2935 2932
4946 3 2 204 76 2932 2935 2936 2933
4947 3 2 204 76 2933 2936 2937 2934
4948 3 2 204 76 2934 2937 621 620
4949 3 2 204 76 281 282 2938 2935
4950 3 2 204 76 2935 2938 2939 2936
4951 3 2 204 76 2936 2939 2940 2937
4952 3 2 204 76 2937 2940 622 621
4953 3 2 204 76 282 283 2941 2938
4954 3 2 204 76 2938 2941 2942 2939
4955 3 2 204 76 2939 2942 2943 2940
4956 3 2 204 76 2940 2943 623 622
4957 3 2 204 76 283 284 2944 2941
4958 3 2 204 76 2941 2944 2945 2942
4959 3 2 204 76 2942 2945 2946 2943
4960 3 2 204 76 2943 2946 624 623
4961 3 2 204 76 284 285 2947 2944
4962 3 2 204 76 2944 2947 2948 2945
4963 3 2 204 76 2945 2948 2949 2946
4964 3 2 204 76 2946 2949 625 624
4965 3 2 204 76 285 286 2950 2947
4966 3 2 204 76 2947 2950 2951 2948
4967 3 2 204 76 2948 2951 2952 2949
4968 3 2 204 76 2949 2952 626 625
4969 3 2 204 76 286 287 2953 2950
4970 3 2 204 76 2950 2953 2954 2951
4971 3 2 204 76 2951 2954 2955 2952
4972 3 2 204 76 2952 2955 627 626
4973 3 2 204 76 287 288 2956 2953
4974 3 2 204 76 2953 2956 2957 2954
4975 3 2 204 76 2954 2957 2958 2955
4976 3 2 204 76 2955 2958 628 627
4977 3 2 204 76 288 289 2959 2956
4978 3 2 204 76 2956 2959 2960 2957
4979 3 2 204 76 2957 2960 2961 2958
4980 3 2 204 76 2958 2961 629 628
4981 3 2 204 76 289 290 2962 2959
4982 3 2 204 76 2959 2962 2963 2960
4983 3 2 204 76 2960 2963 2964 2961
4984 3 2 204 76 2961 2964 630 629
4985 3 2 204 76 290 291 2965 2962
4986 3 2 204 76 2962 2965 2966 2963
4987 3 2 204 76 2963 2966 2967 2964
4988 3 2 204 76 2964 2967 631 630
4989 3 2 204 76 291 292 2968 2965
4990 3 2 204 76 2965 2968 2969 2966
4991 3 2 204 76 2966 2969 2970 2967
4992 3 2 204 76 2967 2970 632 631
4993 3 2 204 76 292 293 2971 2968
4994 3 2 204 76 2968 2971 2972 2969
4995 3 2 204 76 2969 2972 2973 2970
4996 3 2 204 76 2970 2973 633 632
4997 3 2 204 76 293 294 2974 2971
4998 3 2 204 76 2971 2974 2975 2972
4999 3 2 204 76 2972 2975 2976 2973
5000 3 2 204 76 2973 2976 634 633
5001 3 2 204 76 294 295 2977 2974
5002 3 2 204 76 2974 2977 2978 2975
5003 3 2 204 76 2975 2978 2979 2976
5004 3 2 204 76 2976 2979 635 634
5005 3 2 204 76 295 296 2980 2977
5006 3 2 204 76 2977 2980 2981 2978
5007 3 2 204 76 2978 2981 2982 2979
5008 3 2 204 76 2979 2982 636 635
5009 3 2 204 76 296 297 2983 2980
5010 3 2 204 76 2980 2983 2984 2981
5011 3 2 204 76 2981 2984 2985 2982
5012 3 2 204 76 2982 2985 637 636
5013 3 2 204 76 297 298 2986 2983
5014 3 2 204 76 2983 2986 2987 2984
5015 3 2 204 76 2984 2987 2988 2985
5016 3 2 204 76 2985 2988 638 637
5017 3 2 204 76 298 299 2989 2986
5018 3 2 204 76 2986 2989 2990 2987
5019 3 2 204 76 2987 2990 2991 2988
5020 3 2 204 76 2988 2991 639 638
5021 3 2 204 76 299 300 2992 2989
5022 3 2 204 76 2989 2992 2993 2990
5023 3 2 204 76 2990 2993 2994 2991
5024 3 2 204 76 2991 2994 640 639
5025 3 2 204 76 300 301 2995 2992
5026 3 2 204 76 2992 2995 2996 2993
5027 3 2 204 76 2993 2996 2997 2994
5028 3 2 204 76 2994 2997 641 640
5029 3 2 204 76 301 302 2998 2995
5030 3 2 204 76 2995 2998 2999 2996
5031 3 2 204 76 2996 2999 3000 2997
5032 3 2 204 76 2997 3000 642 641
5033 3 2 204 76 302 303 3001 2998
5034 3 2 204 76 2998 3001 3002 2999
5035 3 2 204 76 2999 3002 3003 3000
5036 3 2 204 76 3000 3003 643 642
5037 3 2 204 76 303 304 3004 3001
5038 3 2 204 76 3001 3004 3005 3002
5039 3 2 204 76 3002 3005 3006 3003
5040 3 2 204 76 3003 3006 644 643
5041 3 2 204 76 304 305 3007 3004
5042 3 2 204 76 3004 3007 3008 3005
5043 3 2 204 76 3005 3008 3009 3006
5044 3 2 204 76 3006 3009 645 644
5045 3 2 204 76 305 306 3010 3007
5046 3 2 204 76 3007 3010 3011 3008
5047 3 2 204 76 3008 3011 3012 3009
5048 3 2 204 76 3009 3012 646 645
5049 3 2 204 76 306 307 3013 3010
5050 3 2 204 76 3010 3013 3014 3011
5051 3 2 204 76 3011 3014 3015 3012
5052 3 2 204 76 3012 3015 647 646
5053 3 2 204 76 307 308 3016 3013
5054 3 2 204 76 3013 3016 3017 3014
5055 3 2 204 76 3014 3017 3018 3015
5056 3 2 204 76 3015 3018 648 647
5057 3 2 204 76 308 309 3019 3016
5058 3 2 204 76 3016 3019 3020 3017
5059 3 2 204 76 3017 3020 3021 3018
5060 3 2 204 76 3018 3021 649 648
5061 3 2 204 76 309 310 3022 3019
5062 3 2 204 76 3019 3022 3023 3020
5063 3 2 204 76 3020 3023 3024 3021
5064 3 2 204 76 3021 3024 650 649
5065 3 2 204 76 310 311 3025 3022
5066 3 2 204 76 3022 3025 3026 3023
5067 3 2 204 76 3023 3026 3027 3024
5068 3 2 204 76 3024 3027 651 650
5069 3 2 204 76 311 312 3028 3025
5070 3 2 204 76 3025 3028 3029 3026
5071 3 2 204 76 3026 3029 3030 3027
5072 3 2 204 76 3027 3030 652 651
5073 3 2 204 76 312 313 3031 3028
5074 3 2 204 76 3028 3031 3032 3029
5075 3 2 204 76 3029 3032 3033 3030
5076 3 2 204 76 3030 3033 653 652
5077 3 2 204 76 313 10 691 3031
5078 3 2 204 76 3031 691 692 3032
5079 3 2 204 76 3032 692 693 3033
5080 3 2 204 76 3033 693 18 653
5081 3 2 203 80 10 318 3034 691
5082 3 2 203 80 691 3034 3035 692
5083 3 2 203 80 692 3035 3036 693
5084 3 2 203 80 693 3036 654 18
5085 3 2 203 80 318 319 3037 3034
5086 3 2 203 80 3034 3037 3038 3035
5087 3 2 203 80 3035 3038 3039 3036
5088 3 2 203 80 3036 3039 655 654
5089 3 2 203 80 319 320 3040 3037
5090 3 2 203 80 3037 3040 3041 3038
5091 3 2 203 80 3038 3041 3042 3039
5092 3 2 203 80 3039 3042 656 655
5093 3 2 203 80 320 321 3043 3040
5094 3 2 203 80 3040 3043 3044 3041
5095 3 2 203 80 3041 3044 3045 3042
5096 3 2 203 80 3042 3045 657 656
5097 3 2 203 80 321 322 3046 3043
5098 3 2 203 80 3043 3046 3047 3044
5099 3 2 203 80 3044 3047 3048 3045
5100 3 2 203 80 3045 3048 658 657
5101 3 2 203 80 322 323 3049 3046
5102 3 2 203 80 3046 3049 3050 3047
5103 3 2 203 80 3047 3050 3051 3048
5104 3 2 203 80 3048 3051 659 658
5105 3 2 203 80 323 324 3052 3049
5106 3 2 203 80 3049 3052 3053 3050
5107 3 2 203 80 3050 3053 3054 3051
5108 3 2 203 80 3051 3054 660 659
5109 3 2 203 80 324 325 3055 3052
5110 3 2 203 80 3052 3055 3056 3053
5111 3 2 203 80 3053 3056 3057 3054
5112 3 2 203 80 3054 3057 661 660
5113 3 2 203 80 325 326 3058 3055
5114 3 2 203 80 3055 3058 3059 3056
5115 3 2 203 80 3056 3059 3060 3057
5116 3 2 203 80 3057 3060 662 661
5117 3 2 203 80 326 327 3061 3058
5118 3 2 203 80 3058 3061 3062 3059
5119 3 2 203 80 3059 3062 3063 3060
5120 3 2 203 80 3060 3063 663 662
5121 3 2 203 80 327 328 3064 3061
5122 3 2 203 80 3061 3064 3065 3062
5123 3 2 203 80 3062 3065 3066 3063
5124 3 2 203 80 3063 3066 664 663
5125 3 2 203 80 328 329 3067 3064
5126 3 2 203 80 3064 3067 3068 3065
5127 3 2 203 80 3065 3068 3069 3066
5128 3 2 203 80 3066 3069 665 664
5129 3 2 203 80 329 330 3070 3067
5130 3 2 203 80 3067 3070 3071 3068
5131 3 2 203 80 3068 3071 3072 3069
5132 3 2 203 80 3069 3072 666 665
5133 3 2 203 80 330 331 3073 3070
5134 3 2 203 80 3070 3073 3074 3071
5135 3 2 203 80 3071 3074 3075 3072
5136 3 2 203 80 3072 3075 667 666
5137 3 2 203 80 331 332 3076 3073
5138 3 2 203 80 3073 3076 3077 3074
5139 3 2 203 80 3074 3077 3078 3075
5140 3 2 203 80 3075 3078 668 667
5141 3 2 203 80 332 333 3079 3076
5142 3 2 203 80 3076 3079 3080 3077
5143 3 2 203 80 3077 3080 3081 3078
5144 3 2 203 80 3078 3081 669 668
5145 3 2 203 80 333 334 3082 3079
5146 3 2 203 80 3079 3082 3083 3080
5147 3 2 203 80 3080 3083 3084 3081
5148 3 2 203 80 3081 3084 670 669
5149 3 2 203 80 334 335 3085 3082
5150 3 2 203 80 3082 3085 3086 3083
5151 3 2 203 80 3083 3086 3087 3084
5152 3 2 203 80 3084 3087 671 670
5153 3 2 203 80 335 336 3088 3085
5154 3 2 203 80 3085 3088 3089 3086
5155 3 2 203 80 3086 3089 3090 3087
5156 3 2 203 80 3087 3090 672 671
5157 3 2 203 80 336 337 3091 3088
5158 3 2 203 80 3088 3091 3092 3089
5159 3 2 203 80 3089 3092 3093 3090
5160 3 2 203 80 3090 3093 673 672
5161 3 2 203 80 337 338 3094 3091
5162 3 2 203 80 3091 3094 3095 3092
5163 3 2 203 80 3092 3095 3096 3093
5164 3 2 203 80 3093 3096 674 673
5165 3 2 203 80 338 339 3097 3094
5166 3 2 203 80 3094 3097 3098 3095
5167 3 2 203 80 3095 3098 3099 3096
5168 3 2 203 80 3096 3099 675 674
5169 3 2 203 80 339 340 3100 3097
5170 3 2 203 80 3097 3100 3101 3098
5171 3 2 203 80 3098 3101 3102 3099
5172 3 2 203 80 3099 3102 676 675
5173 3 2 203 80 340 341 3103 3100
5174 3 2 203 80 3100 3103 3104 3101
5175 3 2 203 80 3101 3104 3105 3102
5176 3 2 203 80 3102 3105 677 676
5177 3 2 203 80 341 342 3106 3103
5178 3 2 203 80 3103 3106 3107 3104
5179 3 2 203 80 3104 3107 3108 3105
5180 3 2 203 80 3105 3108 678 677
5181 3 2 203 80 342 343 3109 3106
5182 3 2 203 80 3106 3109 3110 3107
5183 3 2 203 80 3107 3110 3111 3108
5184 3 2 203 80 3108 3111 679 678
5185 3 2 203 80 343 344 3112 3109
5186 3 2 203 80 3109 3112 3113 3110
5187 3 2 203 80 3110 3113 3114 3111
5188 3 2 203 80 3111 3114 680 679
5189 3 2 203 80 344 345 3115 3112
5190 3 2 203 80 3112 3115 3116 3113
5191 3 2 203 80 3113 3116 3117 3114
5192 3 2 203 80 3114 3117 681 680
5193 3 2 203 80 345 346 3118 3115
5194 3 2 203 80 3115 3118 3119 3116
5195 3 2 203 80 3116 3119 3120 3117
5196 3 2 203 80 3117 3120 682 681
5197 3 2 203 80 346 347 3121 3118
5198 3 2 203 80 3118 3121 3122 3119
5199 3 2 203 80 3119 3122 3123 3120
5200 3 2 203 80 3120 3123 683 682
5201 3 2 203 80 347 348 3124 3121
5202 3 2 203 80 3121 3124 3125 3122
5203 3 2 203 80 3122 3125 3126 3123
5204 3 2 203 80 3123 3126 684 683
5205 3 2 203 80 348 349 3127 3124
5206 3 2 203 80 3124 3127 3128 3125
5207 3 2 203 80 3125 3128 3129 3126
5208 3 2 203 80 3126 3129 685 684
5209 3 2 203 80 349 350 3130 3127
5210 3 2 203 80 3127 3130 3131 3128
5211 3 2 203 80 3128 3131 3132 3129
5212 3 2 203 80 3129 3132 686 685
5213 3 2 203 80 350 351 3133 3130
5214 3 2 203 80 3130 3133 3134 3131
5215 3 2 203 80 3131 3134 3135 3132
5216 3 2 203 80 3132 3135 687 686
5217 3 2 203 80 351 6 602 3133
5218 3 2 203 80 3133 602 603 3134
5219 3 2 203 80 3134 603 604 3135
5220 3 2 203 80 3135 604 15 687
5221 3 2 205 106 7 225 3575 778
5222 3 2 205 106 778 3575 3576 779
5223 3 2 205 106 779 3576 3577 780
5224 3 2 205 106 780 3577 728 20
5225 3 2 205 106 225 226 3578 3575
5226 3 2 205 106 3575 3578 3579 3576
5227 3 2 205 106 3576 3579 3580 3577
5228 3 2 205 106 3577 3580 729 728
5229 3 2 205 106 226 227 3581 3578
5230 3 2 205 106 3578 3581 3582 3579
5231 3 2 205 106 3579 3582 3583 3580
5232 3 2 205 106 3580 3583 730 729
5233 3 2 205 106 227 228 3584 3581
5234 3 2 205 106 3581 3584 3585 3582
5235 3 2 205 106 3582 3585 3586 3583
5236 3 2 205 106 3583 3586 731 730
5237 3 2 205 106 228 229 3587 3584
5238 3 2 205 106 3584 3587 3588 3585
5239 3 2 205 106 3585 3588 3589 3586
5240 3 2 205 106 3586 3589 732 731
5241 3 2 205 106 229 230 3590 3587
5242 3 2 205 106 3587 3590 3591 3588
5243 3 2 205 106 3588 3591 3592 3589
5244 3 2 205 106 3589 3592 733 732
5245 3 2 205 106 230 231 3593 3590
5246 3 2 205 106 3590 3593 3594 3591
5247 3 2 205 106 3591 3594 3595 3592
5248 3 2 205 106 3592 3595 734 733
5249 3 2 205 106 231 232 3596 3593
5250 3 2 205 106 3593 3596 3597 3594
5251 3 2 205 106 3594 3597 3598 3595
5252 3 2 205 106 3595 3598 735 734
5253 3 2 205 106 232 233 3599 3596
5254 3 2 205 106 3596 3599 3600 3597
5255 3 2 205 106 3597 3600 3601 3598
5256 3 2 205 106 3598 3601 736 735
5257 3 2 205 106 233 234 3602 3599
5258 3 2 205 106 3599 3602 3603 3600
5259 3 2 205 106 3600 3603 3604 3601
5260 3 2 205 106 3601 3604 737 736
5261 3 2 205 106 234 235 3605 3602
5262 3 2 205 106 3602 3605 3606 3603
5263 3 2 205 106 3603 3606 3607 3604
5264 3 2 205 106 3604 3607 738 737
5265 3 2 205 106 235 236 3608 3605
5266 3 2 205 106 3605 3608 3609 3606
5267 3 2 205 106 3606 3609 3610 3607
5268 3 2 205 106 3607 3610 739 738
5269 3 2 205 106 236 237 3611 3608
5270 3 2 205 106 3608 3611 3612 3609
5271 3 2 205 106 3609 3612 3613 3610
5272 3 2 205 106 3610 3613 740 739
5273 3 2 205 106 237 238 3614 3611
5274 3 2 205 106 3611 3614 3615 3612
5275 3 2 205 106 3612 3615 3616 3613
5276 3 2 205 106 3613 3616 741 740
5277 3 2 205 106 238 239 3617 3614
5278 3 2 205 106 3614 3617 3618 3615
5279 3 2 205 106 3615 3618 3619 3616
5280 3 2 205 106 3616 3619 742 741
5281 3 2 205 106 239 240 3620 3617
5282 3 2 205 106 3617 3620 3621 3618
5283 3 2 205 106 3618 3621 3622 3619
5284 3 2 205 106 3619 3622 743 742
5285 3 2 205 106 240 241 3623 3620
5286 3 2 205 106 3620 3623 3624 3621
5287 3 2 205 106 3621 3624 3625 3622
5288 3 2 205 106 3622 3625 744 743
5289 3 2 205 106 241 242 3626 3623
5290 3 2 205 106 3623 3626 3627 3624
5291 3 2 205 106 3624 3627 3628 3625
5292 3 2 205 106 3625 3628 745 744
5293 3 2 205 106 242 243 3629 3626
5294 3 2 205 106 3626 3629 3630 3627
5295 3 2 205 106 3627 3630 3631 3628
5296 3 2 205 106 3628 3631 746 745
5297 3 2 205 106 243 244 3632 3629
5298 3 2 205 106 3629 3632 3633 3630
5299 3 2 205 106 3630 3633 3634 3631
5300 3 2 205 106 3631 3634 747 746
5301 3 2 205 106 244 245 3635 3632
5302 3 2 205 106 3632 3635 3636 3633
5303 3 2 205 106 3633 3636 3637 3634
5304 3 2 205 106 3634 3637 748 747
5305 3 2 205 106 245 246 3638 3635
5306 3 2 205 106 3635 3638 3639 3636
5307 3 2 205 106 3636 3639 3640 3637
5308 3 2 205 106 3637 3640 749 748
5309 3 2 205 106 246 247 3641 3638
5310 3 2 205 106 3638 3641 3642 3639
5311 3 2 205 106 3639 3642 3643 3640
5312 3 2 205 106 3640 3643 750 749
5313 3 2 205 106 247 248 3644 3641
5314 3 2 205 106 3641 3644 3645 3642
5315 3 2 205 106 3642 3645 3646 3643
5316 3 2 205 106 3643 3646 751 750
5317 3 2 205 106 248 249 3647 3644
5318 3 2 205 106 3644 3647 3648 3645
5319 3 2 205 106 3645 3648 3649 3646
5320 3 2 205 106 3646 3649 752 751
5321 3 2 205 106 249 250 3650 3647
5322 3 2 205 106 3647 3650 3651 3648
5323 3 2 205 106 3648 3651 3652 3649
5324 3 2 205 106 3649 3652 753 752
5325 3 2 205 106 250 251 3653 3650
5326 3 2 205 106 3650 3653 3654 3651
5327 3 2 205 106 3651 3654 3655 3652
5328 3 2 205 106 3652 3655 754 753
5329 3 2 205 106 251 252 3656 3653
5330 3 2 205 106 3653 3656 3657 3654
5331 3 2 205 106 3654 3657 3658 3655
5332 3 2 205 106 3655 3658 755 754
5333 3 2 205 106 252 253 3659 3656
5334 3 2 205 106 3656 3659 3660 3657
5335 3 2 205 106 3657 3660 3661 3658
5336 3 2 205 106 3658 3661 756 755
5337 3 2 205 106 253 254 3662 3659
5338 3 2 205 106 3659 3662 3663 3660
5339 3 2 205 106 3660 3663 3664 3661
5340 3 2 205 106 3661 3664 757 756
5341 3 2 205 106 254 255 3665 3662
5342 3 2 205 106 3662 3665 3666 3663
5343 3 2 205 106 3663 3666 3667 3664
5344 3 2 205 106 3664 3667 758 757
5345 3 2 205 106 255 256 3668 3665
5346 3 2 205 106 3665 3668 3669 3666
5347 3 2 205 106 3666 3669 3670 3667
5348 3 2 205 106 3667 3670 759 758
5349 3 2 205 106 256 257 3671 3668
5350 3 2 205 106 3668 3671 3672 3669
5351 3 2 205 106 3669 3672 3673 3670
5352 3 2 205 106 3670 3673 760 759
5353 3 2 205 106 257 258 3674 3671
5354 3 2 205 106 3671 3674 3675 3672
5355 3 2 205 106 3672 3675 3676 3673
5356 3 2 205 106 3673 3676 761 760
5357 3 2 205 106 258 259 3677 3674
5358 3 2 205 106 3674 3677 3678 3675
5359 3 2 205 106 3675 3678 3679 3676
5360 3 2 205 106 3676 3679 762 761
5361 3 2 205 106 259 260 3680 3677
5362 3 2 205 106 3677 3680 3681 3678
5363 3 2 205 106 3678 3681 3682 3679
5364 3 2 205 106 3679 3682 763 762
5365 3 2 205 106 260 261 3683 3680
5366 3 2 205 106 3680 3683 3684 3681
5367 3 2 205 106 3681 3684 3685 3682
5368 3 2 205 106 3682 3685 764 763
5369 3 2 205 106 261 262 3686 3683
5370 3 2 205 106 3683 3686 3687 3684
5371 3 2 205 106 3684 3687 3688 3685
5372 3 2 205 106 3685 3688 765 764
5373 3 2 205 106 262 263 3689 3686
5374 3 2 205 106 3686 3689 3690 3687
5375 3 2 205 106 3687 3690 3691 3688
5376 3 2 205 106 3688 3691 766 765
5377 3 2 205 106 263 264 3692 3689
5378 3 2 205 106 3689 3692 3693 3690
5379 3 2 205 106 3690 3693 3694 3691
5380 3 2 205 106 3691 3694 767 766
5381 3 2 205 106 264 265 3695 3692
5382 3 2 205 106 3692 3695 3696 3693
5383 3 2 205 106 3693 3696 3697 3694
5384 3 2 205 106 3694 3697 768 767
5385 3 2 205 106 265 266 3698 3695
5386 3 2 205 106 3695 3698 3699 3696
5387 3 2 205 106 3696 3699 3700 3697
5388 3 2 205 106 3697 3700 769 768
5389 3 2 205 106 266 267 3701 3698
5390 3 2 205 106 3698 3701 3702 3699
5391 3 2 205 106 3699 3702 3703 3700
5392 3 2 205 106 3700 3703 770 769
5393 3 2 205 106 267 268 3704 3701
5394 3 2 205 106 3701 3704 3705 3702
5395 3 2 205 106 3702 3705 3706 3703
5396 3 2 205 106 3703 3706 771 770
5397 3 2 205 106 268 269 3707 3704
5398 3 2 205 106 3704 3707 3708 3705
5399 3 2 205 106 3705 3708 3709 3706
5400 3 2 205 106 3706 3709 772 771
5401 3 2 205 106 269 270 3710 3707
5402 3 2 205 106 3707 3710 3711 3708
5403 3 2 205 106 3708 3711 3712 3709
5404 3 2 205 106 3709 3712 773 772
5405 3 2 205 106 270 271 3713 3710
5406 3 2 205 106 3710 3713 3714 3711
5407 3 2 205 106 3711 3714 3715 3712
5408 3 2 205 106 3712 3715 774 773
5409 3 2 205 106 271 8 775 3713
5410 3 2 205 106 3713 775 776 3714
5411 3 2 205 106 3714 776 777 3715
5412 3 2 205 106 3715 777 19 774
5413 6 2 300 1 870 837 1159 4151 4052 5018
5414 6 2 300 1 4151 4052 5018 4152 4053 5019
5415 6 2 300 1 4152 4053 5019 4153 4054 5020
5416 6 2 300 1 4153 4054 5020 2486 2453 2775
5417 6 2 300 1 877 795 878 4172 3926 4175
5418 6 2 300 1 4172 3926 4175 4173 3927 4176
5419 6 2 300 1 4173 3927 4176 4174 3928 4177
5420 6 2 300 1 4174 3928 4177 2493 2411 2494
5421 6 2 300 1 837 870 1269 4052 4151 5348
5422 6 2 300 1 4052 4151 5348 4053 4152 5349
5423 6 2 300 1 4053 4152 5349 4054 4153 5350
5424 6 2 300 1 4054 4153 5350 2453 2486 2885
5425 6 2 300 1 798 883 1272 3935 4190 5357
5426 6 2 300 1 3935 4190 5357 3936 4191 5358
5427 6 2 300 1 3936 4191 5358 3937 4192 5359
5428 6 2 300 1 3937 4192 5359 2414 2499 2888
5429 6 2 300 1 883 798 1145 4190 3935 4976
5430 6 2 300 1 4190 3935 4976 4191 3936 4977
5431 6 2 300 1 4191 3936 4977 4192 3937 4978
5432 6 2 300 1 4192 3937 4978 2499 2414 2761
5433 6 2 300 1 878 880 1093 4175 4181 4820
5434 6 2 300 1 4175 4181 4820 4176 4182 4821
5435 6 2 300 1 4176 4182 4821 4177 4183 4822
5436 6 2 300 1 4177 4183 4822 2494 2496 2709
5437 6 2 300 1 871 868 873 4154 4145 4160
5438 6 2 300 1 4154 4145 4160 4155 4146 4161
5439 6 2 300 1 4155 4146 4161 4156 4147 4162
5440 6 2 300 1 4156 4147 4162 2487 2484 2489
5441 6 2 300 1 795 877 1266 3926 4172 5339
5442 6 2 300 1 3926 4172 5339 3927 4173 5340
5443 6 2 300 1 3927 4173 5340 3928 4174 5341
5444 6 2 300 1 3928 4174 5341 2411 2493 2882
5445 6 2 300 1 876 878 1093 4169 4175 4820
5446 6 2 300 1 4169 4175 4820 4170 4176 4821
5447 6 2 300 1 4170 4176 4821 4171 4177 4822
5448 6 2 300 1 4171 4177 4822 2492 2494 2709
5449 6 2 300 1 1265 27 1272 5336 1803 5357
5450 6 2 300 1 5336 1803 5357 5337 1804 5358
5451 6 2 300 1 5337 1804 5358 5338 1805 5359
5452 6 2 300 1 5338 1805 5359 2881 392 2888
5453 6 2 300 1 883 882 1272 4190 4187 5357
5454 6 2 300 1 4190 4187 5357 4191 4188 5358
5455 6 2 300 1 4191 4188 5358 4192 4189 5359
5456 6 2 300 1 4192 4189 5359 2499 2498 2888
5457 6 2 300 1 873 868 1267 4160 4145 5342
5458 6 2 300 1 4160 4145 5342 4161 4146 5343
5459 6 2 300 1 4161 4146 5343 4162 4147 5344
5460 6 2 300 1 4162 4147 5344 2489 2484 2883
5461 6 2 300 1 878 795 879 4175 3926 4178
5462 6 2 300 1 4175 3926 4178 4176 3927 4179
5463 6 2 300 1 4176 3927 4179 4177 3928 4180
5464 6 2 300 1 4177 3928 4180 2494 2411 2495
5465 6 2 300 1 882 1265 1272 4187 5336 5357
5466 6 2 300 1 4187 5336 5357 4188 5337 5358
5467 6 2 300 1 4188 5337 5358 4189 5338 5359
5468 6 2 300 1 4189 5338 5359 2498 2881 2888
5469 6 2 300 1 884 1115 1163 4193 4886 5030
5470 6 2 300 1 4193 4886 5030 4194 4887 5031
5471 6 2 300 1 4194 4887 5031 4195 4888 5032
5472 6 2 300 1 4195 4888 5032 2500 2731 2779
5473 6 2 300 1 873 790 874 4160 3911 4163
5474 6 2 300 1 4160 3911 4163 4161 3912 4164
5475 6 2 300 1 4161 3912 4164 4162 3913 4165
5476 6 2 300 1 4162 3913 4165 2489 2406 2490
5477 6 2 300 1 885 883 1145 4196 4190 4976
5478 6 2 300 1 4196 4190 4976 4197 4191 4977
5479 6 2 300 1 4197 4191 4977 4198 4192 4978
5480 6 2 300 1 4198 4192 4978 2501 2499 2761
5481 6 2 300 1 874 790 877 4163 3911 4172
5482 6 2 300 1 4163 3911 4172 4164 3912 4173
5483 6 2 300 1 4164 3912 4173 4165 3913 4174
5484 6 2 300 1 4165 3913 4174 2490 2406 2493
5485 6 2 300 1 884 886 1115 4193 4199 4886
5486 6 2 300 1 4193 4199 4886 4194 4200 4887
5487 6 2 300 1 4194 4200 4887 4195 4201 4888
5488 6 2 300 1 4195 4201 4888 2500 2502 2731
5489 6 2 300 1 867 1048 1158 4142 4685 5015
5490 6 2 300 1 4142 4685 5015 4143 4686 5016
5491 6 2 300 1 4143 4686 5016 4144 4687 5017
5492 6 2 300 1 4144 4687 5017 2483 2664 2774
5493 6 2 300 1 869 870 1159 4148 4151 5018
5494 6 2 300 1 4148 4151 5018 4149 4152 5019
5495 6 2 300 1 4149 4152 5019 4150 4153 5020
5496 6 2 300 1 4150 4153 5020 2485 2486 2775
5497 6 2 300 1 875 1091 1269 4166 4814 5348
5498 6 2 300 1 4166 4814 5348 4167 4815 5349
5499 6 2 300 1 4167 4815 5349 4168 4816 5350
5500 6 2 300 1 4168 4816 5350 2491 2707 2885
5501 6 2 300 1 868 871 1161 4145 4154 5024
5502 6 2 300 1 4145 4154 5024 4146 4155 5025
5503 6 2 300 1 4146 4155 5025 4147 4156 5026
5504 6 2 300 1 4147 4156 5026 2484 2487 2777
5505 6 2 300 1 1166 834 1167 5039 4043 5042
5506 6 2 300 1 5039 4043 5042 5040 4044 5043
5507 6 2 300 1 5040 4044 5043 5041 4045 5044
5508 6 2 300 1 5041 4045 5044 2782 2450 2783
5509 6 2 300 1 1086 1166 1167 4799 5039 5042
5510 6 2 300 1 4799 5039 5042 4800 5040 5043
5511 6 2 300 1 4800 5040 5043 4801 5041 5044
5512 6 2 300 1 4801 5041 5044 2702 2782 2783
5513 6 2 300 1 886 843 1277 4199 4070 5372
5514 6 2 300 1 4199 4070 5372 4200 4071 5373
5515 6 2 300 1 4200 4071 5373 4201 4072 5374
5516 6 2 300 1 4201 4072 5374 2502 2459 2893
5517 6 2 300 1 1160 1058 1162 5021 4715 5027
5518 6 2 300 1 5021 4715 5027 5022 4716 5028
5519 6 2 300 1 5022 4716 5028 5023 4717 5029
5520 6 2 300 1 5023 4717 5029 2776 2674 2778
5521 6 2 300 1 1115 832 1163 4886 4037 5030
5522 6 2 300 1 4886 4037 5030 4887 4038 5031
5523 6 2 300 1 4887 4038 5031 4888 4039 5032
5524 6 2 300 1 4888 4039 5032 2731 2448 2779
5525 6 2 300 1 1158 1048 1279 5015 4685 5378
5526 6 2 300 1 5015 4685 5378 5016 4686 5379
5527 6 2 300 1 5016 4686 5379 5017 4687 5380
5528 6 2 300 1 5017 4687 5380 2774 2664 2895
5529 6 2 300 1 843 886 1268 4070 4199 5345
5530 6 2 300 1 4070 4199 5345 4071 4200 5346
5531 6 2 300 1 4071 4200 5346 4072 4201 5347
5532 6 2 300 1 4072 4201 5347 2459 2502 2884
5533 6 2 300 1 878 879 880 4175 4178 4181
5534 6 2 300 1 4175 4178 4181 4176 4179 4182
5535 6 2 300 1 4176 4179 4182 4177 4180 4183
5536 6 2 300 1 4177 4180 4183 2494 2495 2496
5537 6 2 300 1 1093 880 1270 4820 4181 5351
5538 6 2 300 1 4820 4181 5351 4821 4182 5352
5539 6 2 300 1 4821 4182 5352 4822 4183 5353
5540 6 2 300 1 4822 4183 5353 2709 2496 2886
5541 6 2 300 1 1160 1162 1278 5021 5027 5375
5542 6 2 300 1 5021 5027 5375 5022 5028 5376
5543 6 2 300 1 5022 5028 5376 5023 5029 5377
5544 6 2 300 1 5023 5029 5377 2776 2778 2894
5545 6 2 300 1 1091 875 1271 4814 4166 5354
5546 6 2 300 1 4814 4166 5354 4815 4167 5355
5547 6 2 300 1 4815 4167 5355 4816 4168 5356
5548 6 2 300 1 4816 4168 5356 2707 2491 2887
5549 6 2 300 1 1091 837 1269 4814 4052 5348
5550 6 2 300 1 4814 4052 5348 4815 4053 5349
5551 6 2 300 1 4815 4053 5349 4816 4054 5350
5552 6 2 300 1 4816 4054 5350 2707 2453 2885
5553 6 2 300 1 1067 1177 1242 4742 5072 5267
5554 6 2 300 1 4742 5072 5267 4743 5073 5268
5555 6 2 300 1 4743 5073 5268 4744 5074 5269
5556 6 2 300 1 4744 5074 5269 2683 2793 2858
5557 6 2 300 1 1169 915 1203 5048 4286 5150
5558 6 2 300 1 5048 4286 5150 5049 4287 5151
5559 6 2 300 1 5049 4287 5151 5050 4288 5152
5560 6 2 300 1 5050 4288 5152 2785 2531 2819
5561 6 2 300 1 1164 800 1194 5033 3941 5123
5562 6 2 300 1 5033 3941 5123 5034 3942 5124
5563 6 2 300 1 5034 3942 5124 5035 3943 5125
5564 6 2 300 1 5035 3943 5125 2780 2416 2810
5565 6 2 300 1 786 1174 1192 3899 5063 5117
5566 6 2 300 1 3899 5063 5117 3900 5064 5118
5567 6 2 300 1 3900 5064 5118 3901 5065 5119
5568 6 2 300 1 3901 5065 5119 2402 2790 2808
5569 6 2 300 1 1178 978 1217 5075 4475 5192
5570 6 2 300 1 5075 4475 5192 5076 4476 5193
5571 6 2 300 1 5076 4476 5193 5077 4477 5194
5572 6 2 300 1 5077 4477 5194 2794 2594 2833
5573 6 2 300 1 1180 1028 1232 5081 4625 5237
5574 6 2 300 1 5081 4625 5237 5082 4626 5238
5575 6 2 300 1 5082 4626 5238 5083 4627 5239
5576 6 2 300 1 5083 4627 5239 2796 2644 2848
5577 6 2 300 1 1173 960 1214 5060 4421 5183
5578 6 2 300 1 5060 4421 5183 5061 4422 5184
5579 6 2 300 1 5061 4422 5184 5062 4423 5185
5580 6 2 300 1 5062 4423 5185 2789 2576 2830
5581 6 2 300 1 1170 934 1209 5051 4343 5168
5582 6 2 300 1 5051 4343 5168 5052 4344 5169
5583 6 2 300 1 5052 4344 5169 5053 4345 5170
5584 6 2 300 1 5053 4345 5170 2786 2550 2825
5585 6 2 300 1 1165 784 1189 5036 3893 5108
5586 6 2 300 1 5036 3893 5108 5037 3894 5109
5587 6 2 300 1 5037 3894 5109 5038 3895 5110
5588 6 2 300 1 5038 3895 5110 2781 2400 2805
5589 6 2 300 1 109 1188 1263 2049 5105 5330
5590 6 2 300 1 2049 5105 5330 2050 5106 5331
5591 6 2 300 1 2050 5106 5331 2051 5107 5332
5592 6 2 300 1 2051 5107 5332 474 2804 2879
5593 6 2 300 1 86 1186 1261 1980 5099 5324
5594 6 2 300 1 1980 5099 5324 1981 5100 5325
5595 6 2 300 1 1981 5100 5325 1982 5101 5326
5596 6 2 300 1 1982 5101 5326 451 2802 2877
5597 6 2 300 1 89 1187 1262 1989 5102 5327
5598 6 2 300 1 1989 5102 5327 1990 5103 5328
5599 6 2 300 1 1990 5103 5328 1991 5104 5329
5600 6 2 300 1 1991 5104 5329 454 2803 2878
5601 6 2 300 1 81 1185 1260 1965 5096 5321
5602 6 2 300 1 1965 5096 5321 1966 5097 5322
5603 6 2 300 1 1966 5097 5322 1967 5098 5323
5604 6 2 300 1 1967 5098 5323 446 2801 2876
5605 6 2 300 1 78 1184 1259 1956 5093 5318
5606 6 2 300 1 1956 5093 5318 1957 5094 5319
5607 6 2 300 1 1957 5094 5319 1958 5095 5320
5608 6 2 300 1 1958 5095 5320 443 2800 2875
5609 6 2 300 1 66 1182 1255 1920 5087 5306
5610 6 2 300 1 1920 5087 5306 1921 5088 5307
5611 6 2 300 1 1921 5088 5307 1922 5089 5308
5612 6 2 300 1 1922 5089 5308 431 2798 2871
5613 6 2 300 1 69 1183 1257 1929 5090 5312
5614 6 2 300 1 1929 5090 5312 1930 5091 5313
5615 6 2 300 1 1930 5091 5313 1931 5092 5314
5616 6 2 300 1 1931 5092 5314 434 2799 2873
5617 6 2 300 1 57 1181 1253 1893 5084 5300
5618 6 2 300 1 1893 5084 5300 1894 5085 5301
5619 6 2 300 1 1894 5085 5301 1895 5086 5302
5620 6 2 300 1 1895 5086 5302 422 2797 2869
5621 6 2 300 1 1179 984 1254 5078 4493 5303
5622 6 2 300 1 5078 4493 5303 5079 4494 5304
5623 6 2 300 1 5079 4494 5304 5080 4495 5305
5624 6 2 300 1 5080 4495 5305 2795 2600 2870
5625 6 2 300 1 44 1176 1250 1854 5069 5291
5626 6 2 300 1 1854 5069 5291 1855 5070 5292
5627 6 2 300 1 1855 5070 5292 1856 5071 5293
5628 6 2 300 1 1856 5071 5293 409 2792 2866
5629 6 2 300 1 41 1172 1246 1845 5057 5279
5630 6 2 300 1 1845 5057 5279 1846 5058 5280
5631 6 2 300 1 1846 5058 5280 1847 5059 5281
5632 6 2 300 1 1847 5059 5281 406 2788 2862
5633 6 2 300 1 1175 966 1251 5066 4439 5294
5634 6 2 300 1 5066 4439 5294 5067 4440 5295
5635 6 2 300 1 5067 4440 5295 5068 4441 5296
5636 6 2 300 1 5068 4441 5296 2791 2582 2867
5637 6 2 300 1 1171 940 1248 5054 4361 5285
5638 6 2 300 1 5054 4361 5285 5055 4362 5286
5639 6 2 300 1 5055 4362 5286 5056 4363 5287
5640 6 2 300 1 5056 4363 5287 2787 2556 2864
5641 6 2 300 1 1168 1087 1244 5045 4802 5273
5642 6 2 300 1 5045 4802 5273 5046 4803 5274
5643 6 2 300 1 5046 4803 5274 5047 4804 5275
5644 6 2 300 1 5047 4804 5275 2784 2703 2860
5645 6 2 300 1 880 879 881 4181 4178 4184
5646 6 2 300 1 4181 4178 4184 4182 4179 4185
5647 6 2 300 1 4182 4179 4185 4183 4180 4186
5648 6 2 300 1 4183 4180 4186 2496 2495 2497
5649 6 2 300 1 790 873 1267 3911 4160 5342
5650 6 2 300 1 3911 4160 5342 3912 4161 5343
5651 6 2 300 1 3912 4161 5343 3913 4162 5344
5652 6 2 300 1 3913 4162 5344 2406 2489 2883
5653 6 2 300 1 881 879 882 4184 4178 4187
5654 6 2 300 1 4184 4178 4187 4185 4179 4188
5655 6 2 300 1 4185 4179 4188 4186 4180 4189
5656 6 2 300 1 4186 4180 4189 2497 2495 2498
5657 6 2 300 1 881 882 883 4184 4187 4190
5658 6 2 300 1 4184 4187 4190 4185 4188 4191
5659 6 2 300 1 4185 4188 4191 4186 4189 4192
5660 6 2 300 1 4186 4189 4192 2497 2498 2499
5661 6 2 300 1 881 883 884 4184 4190 4193
5662 6 2 300 1 4184 4190 4193 4185 4191 4194
5663 6 2 300 1 4185 4191 4194 4186 4192 4195
5664 6 2 300 1 4186 4192 4195 2497 2499 2500
5665 6 2 300 1 884 883 885 4193 4190 4196
5666 6 2 300 1 4193 4190 4196 4194 4191 4197
5667 6 2 300 1 4194 4191 4197 4195 4192 4198
5668 6 2 300 1 4195 4192 4198 2500 2499 2501
5669 6 2 300 1 884 885 886 4193 4196 4199
5670 6 2 300 1 4193 4196 4199 4194 4197 4200
5671 6 2 300 1 4194 4197 4200 4195 4198 4201
5672 6 2 300 1 4195 4198 4201 2500 2501 2502
5673 6 2 300 1 1031 1033 1157 4634 4640 5012
5674 6 2 300 1 4634 4640 5012 4635 4641 5013
5675 6 2 300 1 4635 4641 5013 4636 4642 5014
5676 6 2 300 1 4636 4642 5014 2647 2649 2773
5677 6 2 300 1 782 1029 1031 3887 4628 4634
5678 6 2 300 1 3887 4628 4634 3888 4629 4635
5679 6 2 300 1 3888 4629 4635 3889 4630 4636
5680 6 2 300 1 3889 4630 4636 2398 2645 2647
5681 6 2 300 1 781 1044 1046 3884 4673 4679
5682 6 2 300 1 3884 4673 4679 3885 4674 4680
5683 6 2 300 1 3885 4674 4680 3886 4675 4681
5684 6 2 300 1 3886 4675 4681 2397 2660 2662
5685 6 2 300 1 1046 1048 1147 4679 4685 4982
5686 6 2 300 1 4679 4685 4982 4680 4686 4983
5687 6 2 300 1 4680 4686 4983 4681 4687 4984
5688 6 2 300 1 4681 4687 4984 2662 2664 2763
5689 6 2 300 1 1027 1029 1146 4622 4628 4979
5690 6 2 300 1 4622 4628 4979 4623 4629 4980
5691 6 2 300 1 4623 4629 4980 4624 4630 4981
5692 6 2 300 1 4624 4630 4981 2643 2645 2762
5693 6 2 300 1 781 1046 1147 3884 4679 4982
5694 6 2 300 1 3884 4679 4982 3885 4680 4983
5695 6 2 300 1 3885 4680 4983 3886 4681 4984
5696 6 2 300 1 3886 4681 4984 2397 2662 2763
5697 6 2 300 1 1029 782 1146 4628 3887 4979
5698 6 2 300 1 4628 3887 4979 4629 3888 4980
5699 6 2 300 1 4629 3888 4980 4630 3889 4981
5700 6 2 300 1 4630 3889 4981 2645 2398 2762
5701 6 2 300 1 1042 1044 1119 4667 4673 4898
5702 6 2 300 1 4667 4673 4898 4668 4674 4899
5703 6 2 300 1 4668 4674 4899 4669 4675 4900
5704 6 2 300 1 4669 4675 4900 2658 2660 2735
5705 6 2 300 1 787 1025 1027 3902 4616 4622
5706 6 2 300 1 3902 4616 4622 3903 4617 4623
5707 6 2 300 1 3903 4617 4623 3904 4618 4624
5708 6 2 300 1 3904 4618 4624 2403 2641 2643
5709 6 2 300 1 787 1027 1146 3902 4622 4979
5710 6 2 300 1 3902 4622 4979 3903 4623 4980
5711 6 2 300 1 3903 4623 4980 3904 4624 4981
5712 6 2 300 1 3904 4624 4981 2403 2643 2762
5713 6 2 300 1 1048 867 1147 4685 4142 4982
5714 6 2 300 1 4685 4142 4982 4686 4143 4983
5715 6 2 300 1 4686 4143 4983 4687 4144 4984
5716 6 2 300 1 4687 4144 4984 2664 2483 2763
5717 6 2 300 1 1044 781 1119 4673 3884 4898
5718 6 2 300 1 4673 3884 4898 4674 3885 4899
5719 6 2 300 1 4674 3885 4899 4675 3886 4900
5720 6 2 300 1 4675 3886 4900 2660 2397 2735
5721 6 2 300 1 796 1042 1119 3929 4667 4898
5722 6 2 300 1 3929 4667 4898 3930 4668 4899
5723 6 2 300 1 3930 4668 4899 3931 4669 4900
5724 6 2 300 1 3931 4669 4900 2412 2658 2735
5725 6 2 300 1 782 1031 1157 3887 4634 5012
5726 6 2 300 1 3887 4634 5012 3888 4635 5013
5727 6 2 300 1 3888 4635 5013 3889 4636 5014
5728 6 2 300 1 3889 4636 5014 2398 2647 2773
5729 6 2 300 1 796 1040 1042 3929 4661 4667
5730 6 2 300 1 3929 4661 4667 3930 4662 4668
5731 6 2 300 1 3930 4662 4668 3931 4663 4669
5732 6 2 300 1 3931 4663 4669 2412 2656 2658
5733 6 2 300 1 858 1021 1023 4115 4604 4610
5734 6 2 300 1 4115 4604 4610 4116 4605 4611
5735 6 2 300 1 4116 4605 4611 4117 4606 4612
5736 6 2 300 1 4117 4606 4612 2474 2637 2639
5737 6 2 300 1 828 1036 1038 4025 4649 4655
5738 6 2 300 1 4025 4649 4655 4026 4650 4656
5739 6 2 300 1 4026 4650 4656 4027 4651 4657
5740 6 2 300 1 4027 4651 4657 2444 2652 2654
5741 6 2 300 1 856 1017 1019 4109 4592 4598
5742 6 2 300 1 4109 4592 4598 4110 4593 4599
5743 6 2 300 1 4110 4593 4599 4111 4594 4600
5744 6 2 300 1 4111 4594 4600 2472 2633 2635
5745 6 2 300 1 859 1013 1015 4118 4580 4586
5746 6 2 300 1 4118 4580 4586 4119 4581 4587
5747 6 2 300 1 4119 4581 4587 4120 4582 4588
5748 6 2 300 1 4120 4582 4588 2475 2629 2631
5749 6 2 300 1 857 1009 1011 4112 4568 4574
5750 6 2 300 1 4112 4568 4574 4113 4569 4575
5751 6 2 300 1 4113 4569 4575 4114 4570 4576
5752 6 2 300 1 4114 4570 4576 2473 2625 2627
5753 6 2 300 1 853 1005 1007 4100 4556 4562
5754 6 2 300 1 4100 4556 4562 4101 4557 4563
5755 6 2 300 1 4101 4557 4563 4102 4558 4564
5756 6 2 300 1 4102 4558 4564 2469 2621 2623
5757 6 2 300 1 847 1001 1003 4082 4544 4550
5758 6 2 300 1 4082 4544 4550 4083 4545 4551
5759 6 2 300 1 4083 4545 4551 4084 4546 4552
5760 6 2 300 1 4084 4546 4552 2463 2617 2619
5761 6 2 300 1 1036 828 1049 4649 4025 4688
5762 6 2 300 1 4649 4025 4688 4650 4026 4689
5763 6 2 300 1 4650 4026 4689 4651 4027 4690
5764 6 2 300 1 4651 4027 4690 2652 2444 2665
5765 6 2 300 1 846 997 999 4079 4532 4538
5766 6 2 300 1 4079 4532 4538 4080 4533 4539
5767 6 2 300 1 4080 4533 4539 4081 4534 4540
5768 6 2 300 1 4081 4534 4540 2462 2613 2615
5769 6 2 300 1 152 153 1155 2178 2181 5006
5770 6 2 300 1 2178 2181 5006 2179 2182 5007
5771 6 2 300 1 2179 2182 5007 2180 2183 5008
5772 6 2 300 1 2180 2183 5008 517 518 2771
5773 6 2 300 1 135 136 1057 2127 2130 4712
5774 6 2 300 1 2127 2130 4712 2128 2131 4713
5775 6 2 300 1 2128 2131 4713 2129 2132 4714
5776 6 2 300 1 2129 2132 4714 500 501 2673
5777 6 2 300 1 844 993 995 4073 4520 4526
5778 6 2 300 1 4073 4520 4526 4074 4521 4527
5779 6 2 300 1 4074 4521 4527 4075 4522 4528
5780 6 2 300 1 4075 4522 4528 2460 2609 2611
5781 6 2 300 1 128 129 1070 2106 2109 4751
5782 6 2 300 1 2106 2109 4751 2107 2110 4752
5783 6 2 300 1 2107 2110 4752 2108 2111 4753
5784 6 2 300 1 2108 2111 4753 493 494 2686
5785 6 2 300 1 139 140 1095 2139 2142 4826
5786 6 2 300 1 2139 2142 4826 2140 2143 4827
5787 6 2 300 1 2140 2143 4827 2141 2144 4828
5788 6 2 300 1 2141 2144 4828 504 505 2711
5789 6 2 300 1 830 986 988 4031 4499 4505
5790 6 2 300 1 4031 4499 4505 4032 4500 4506
5791 6 2 300 1 4032 4500 4506 4033 4501 4507
5792 6 2 300 1 4033 4501 4507 2446 2602 2604
5793 6 2 300 1 141 142 1107 2145 2148 4862
5794 6 2 300 1 2145 2148 4862 2146 2149 4863
5795 6 2 300 1 2146 2149 4863 2147 2150 4864
5796 6 2 300 1 2147 2150 4864 506 507 2723
5797 6 2 300 1 137 138 1080 2133 2136 4781
5798 6 2 300 1 2133 2136 4781 2134 2137 4782
5799 6 2 300 1 2134 2137 4782 2135 2138 4783
5800 6 2 300 1 2135 2138 4783 502 503 2696
5801 6 2 300 1 143 144 1096 2151 2154 4829
5802 6 2 300 1 2151 2154 4829 2152 2155 4830
5803 6 2 300 1 2152 2155 4830 2153 2156 4831
5804 6 2 300 1 2153 2156 4831 508 509 2712
5805 6 2 300 1 155 156 1154 2187 2190 5003
5806 6 2 300 1 2187 2190 5003 2188 2191 5004
5807 6 2 300 1 2188 2191 5004 2189 2192 5005
5808 6 2 300 1 2189 2192 5005 520 521 2770
5809 6 2 300 1 147 148 1071 2163 2166 4754
5810 6 2 300 1 2163 2166 4754 2164 2167 4755
5811 6 2 300 1 2164 2167 4755 2165 2168 4756
5812 6 2 300 1 2165 2168 4756 512 513 2687
5813 6 2 300 1 145 146 1074 2157 2160 4763
5814 6 2 300 1 2157 2160 4763 2158 2161 4764
5815 6 2 300 1 2158 2161 4764 2159 2162 4765
5816 6 2 300 1 2159 2162 4765 510 511 2690
5817 6 2 300 1 149 150 1079 2169 2172 4778
5818 6 2 300 1 2169 2172 4778 2170 2173 4779
5819 6 2 300 1 2170 2173 4779 2171 2174 4780
5820 6 2 300 1 2171 2174 4780 514 515 2695
5821 6 2 300 1 130 131 1049 2112 2115 4688
5822 6 2 300 1 2112 2115 4688 2113 2116 4689
5823 6 2 300 1 2113 2116 4689 2114 2117 4690
5824 6 2 300 1 2114 2117 4690 495 496 2665
5825 6 2 300 1 829 979 981 4028 4478 4484
5826 6 2 300 1 4028 4478 4484 4029 4479 4485
5827 6 2 300 1 4029 4479 4485 4030 4480 4486
5828 6 2 300 1 4030 4480 4486 2445 2595 2597
5829 6 2 300 1 1025 787 1057 4616 3902 4712
5830 6 2 300 1 4616 3902 4712 4617 3903 4713
5831 6 2 300 1 4617 3903 4713 4618 3904 4714
5832 6 2 300 1 4618 3904 4714 2641 2403 2673
5833 6 2 300 1 993 844 1050 4520 4073 4691
5834 6 2 300 1 4520 4073 4691 4521 4074 4692
5835 6 2 300 1 4521 4074 4692 4522 4075 4693
5836 6 2 300 1 4522 4075 4693 2609 2460 2666
5837 6 2 300 1 1050 152 1155 4691 2178 5006
5838 6 2 300 1 4691 2178 5006 4692 2179 5007
5839 6 2 300 1 4692 2179 5007 4693 2180 5008
5840 6 2 300 1 4693 2180 5008 2666 517 2771
5841 6 2 300 1 849 975 977 4088 4466 4472
5842 6 2 300 1 4088 4466 4472 4089 4467 4473
5843 6 2 300 1 4089 4467 4473 4090 4468 4474
5844 6 2 300 1 4090 4468 4474 2465 2591 2593
5845 6 2 300 1 160 161 1153 2202 2205 5000
5846 6 2 300 1 2202 2205 5000 2203 2206 5001
5847 6 2 300 1 2203 2206 5001 2204 2207 5002
5848 6 2 300 1 2204 2207 5002 525 526 2769
5849 6 2 300 1 1033 1049 1157 4640 4688 5012
5850 6 2 300 1 4640 4688 5012 4641 4689 5013
5851 6 2 300 1 4641 4689 5013 4642 4690 5014
5852 6 2 300 1 4642 4690 5014 2649 2665 2773
5853 6 2 300 1 151 152 1050 2175 2178 4691
5854 6 2 300 1 2175 2178 4691 2176 2179 4692
5855 6 2 300 1 2176 2179 4692 2177 2180 4693
5856 6 2 300 1 2177 2180 4693 516 517 2666
5857 6 2 300 1 1040 796 1070 4661 3929 4751
5858 6 2 300 1 4661 3929 4751 4662 3930 4752
5859 6 2 300 1 4662 3930 4752 4663 3931 4753
5860 6 2 300 1 4663 3931 4753 2656 2412 2686
5861 6 2 300 1 986 830 1051 4499 4031 4694
5862 6 2 300 1 4499 4031 4694 4500 4032 4695
5863 6 2 300 1 4500 4032 4695 4501 4033 4696
5864 6 2 300 1 4501 4033 4696 2602 2446 2667
5865 6 2 300 1 858 1023 1057 4115 4610 4712
5866 6 2 300 1 4115 4610 4712 4116 4611 4713
5867 6 2 300 1 4116 4611 4713 4117 4612 4714
5868 6 2 300 1 4117 4612 4714 2474 2639 2673
5869 6 2 300 1 1051 155 1154 4694 2187 5003
5870 6 2 300 1 4694 2187 5003 4695 2188 5004
5871 6 2 300 1 4695 2188 5004 4696 2189 5005
5872 6 2 300 1 4696 2189 5005 2667 520 2770
5873 6 2 300 1 163 164 1152 2211 2214 4997
5874 6 2 300 1 2211 2214 4997 2212 2215 4998
5875 6 2 300 1 2212 2215 4998 2213 2216 4999
5876 6 2 300 1 2213 2216 4999 528 529 2768
5877 6 2 300 1 827 968 970 4022 4445 4451
5878 6 2 300 1 4022 4445 4451 4023 4446 4452
5879 6 2 300 1 4023 4446 4452 4024 4447 4453
5880 6 2 300 1 4024 4447 4453 2443 2584 2586
5881 6 2 300 1 1021 858 1080 4604 4115 4781
5882 6 2 300 1 4604 4115 4781 4605 4116 4782
5883 6 2 300 1 4605 4116 4782 4606 4117 4783
5884 6 2 300 1 4606 4117 4783 2637 2474 2696
5885 6 2 300 1 157 158 1124 2193 2196 4913
5886 6 2 300 1 2193 2196 4913 2194 2197 4914
5887 6 2 300 1 2194 2197 4914 2195 2198 4915
5888 6 2 300 1 2195 2198 4915 522 523 2740
5889 6 2 300 1 856 1019 1080 4109 4598 4781
5890 6 2 300 1 4109 4598 4781 4110 4599 4782
5891 6 2 300 1 4110 4599 4782 4111 4600 4783
5892 6 2 300 1 4111 4600 4783 2472 2635 2696
5893 6 2 300 1 1017 856 1095 4592 4109 4826
5894 6 2 300 1 4592 4109 4826 4593 4110 4827
5895 6 2 300 1 4593 4110 4827 4594 4111 4828
5896 6 2 300 1 4594 4111 4828 2633 2472 2711
5897 6 2 300 1 859 1015 1095 4118 4586 4826
5898 6 2 300 1 4118 4586 4826 4119 4587 4827
5899 6 2 300 1 4119 4587 4827 4120 4588 4828
5900 6 2 300 1 4120 4588 4828 2475 2631 2711
5901 6 2 300 1 828 1038 1070 4025 4655 4751
5902 6 2 300 1 4025 4655 4751 4026 4656 4752
5903 6 2 300 1 4026 4656 4752 4027 4657 4753
5904 6 2 300 1 4027 4657 4753 2444 2654 2686
5905 6 2 300 1 1013 859 1107 4580 4118 4862
5906 6 2 300 1 4580 4118 4862 4581 4119 4863
5907 6 2 300 1 4581 4119 4863 4582 4120 4864
5908 6 2 300 1 4582 4120 4864 2629 2475 2723
5909 6 2 300 1 828 130 1049 4025 2112 4688
5910 6 2 300 1 4025 2112 4688 4026 2113 4689
5911 6 2 300 1 4026 2113 4689 4027 2114 4690
5912 6 2 300 1 4027 2114 4690 2444 495 2665
5913 6 2 300 1 857 1011 1107 4112 4574 4862
5914 6 2 300 1 4112 4574 4862 4113 4575 4863
5915 6 2 300 1 4113 4575 4863 4114 4576 4864
5916 6 2 300 1 4114 4576 4864 2473 2627 2723
5917 6 2 300 1 154 155 1051 2184 2187 4694
5918 6 2 300 1 2184 2187 4694 2185 2188 4695
5919 6 2 300 1 2185 2188 4695 2186 2189 4696
5920 6 2 300 1 2186 2189 4696 519 520 2667
5921 6 2 300 1 1009 857 1096 4568 4112 4829
5922 6 2 300 1 4568 4112 4829 4569 4113 4830
5923 6 2 300 1 4569 4113 4830 4570 4114 4831
5924 6 2 300 1 4570 4114 4831 2625 2473 2712
5925 6 2 300 1 853 1007 1096 4100 4562 4829
5926 6 2 300 1 4100 4562 4829 4101 4563 4830
5927 6 2 300 1 4101 4563 4830 4102 4564 4831
5928 6 2 300 1 4102 4564 4831 2469 2623 2712
5929 6 2 300 1 1005 853 1074 4556 4100 4763
5930 6 2 300 1 4556 4100 4763 4557 4101 4764
5931 6 2 300 1 4557 4101 4764 4558 4102 4765
5932 6 2 300 1 4558 4102 4765 2621 2469 2690
5933 6 2 300 1 847 1003 1074 4082 4550 4763
5934 6 2 300 1 4082 4550 4763 4083 4551 4764
5935 6 2 300 1 4083 4551 4764 4084 4552 4765
5936 6 2 300 1 4084 4552 4765 2463 2619 2690
5937 6 2 300 1 975 849 1052 4466 4088 4697
5938 6 2 300 1 4466 4088 4697 4467 4089 4698
5939 6 2 300 1 4467 4089 4698 4468 4090 4699
5940 6 2 300 1 4468 4090 4699 2591 2465 2668
5941 6 2 300 1 825 961 963 4016 4424 4430
5942 6 2 300 1 4016 4424 4430 4017 4425 4431
5943 6 2 300 1 4017 4425 4431 4018 4426 4432
5944 6 2 300 1 4018 4426 4432 2441 2577 2579
5945 6 2 300 1 1001 847 1071 4544 4082 4754
5946 6 2 300 1 4544 4082 4754 4545 4083 4755
5947 6 2 300 1 4545 4083 4755 4546 4084 4756
5948 6 2 300 1 4546 4084 4756 2617 2463 2687
5949 6 2 300 1 846 999 1071 4079 4538 4754
5950 6 2 300 1 4079 4538 4754 4080 4539 4755
5951 6 2 300 1 4080 4539 4755 4081 4540 4756
5952 6 2 300 1 4081 4540 4756 2462 2615 2687
5953 6 2 300 1 968 827 1053 4445 4022 4700
5954 6 2 300 1 4445 4022 4700 4446 4023 4701
5955 6 2 300 1 4446 4023 4701 4447 4024 4702
5956 6 2 300 1 4447 4024 4702 2584 2443 2669
5957 6 2 300 1 997 846 1079 4532 4079 4778
5958 6 2 300 1 4532 4079 4778 4533 4080 4779
5959 6 2 300 1 4533 4080 4779 4534 4081 4780
5960 6 2 300 1 4534 4081 4780 2613 2462 2695
5961 6 2 300 1 1052 160 1153 4697 2202 5000
5962 6 2 300 1 4697 2202 5000 4698 2203 5001
5963 6 2 300 1 4698 2203 5001 4699 2204 5002
5964 6 2 300 1 4699 2204 5002 2668 525 2769
5965 6 2 300 1 852 957 959 4097 4412 4418
5966 6 2 300 1 4097 4412 4418 4098 4413 4419
5967 6 2 300 1 4098 4413 4419 4099 4414 4420
5968 6 2 300 1 4099 4414 4420 2468 2573 2575
5969 6 2 300 1 844 995 1079 4073 4526 4778
5970 6 2 300 1 4073 4526 4778 4074 4527 4779
5971 6 2 300 1 4074 4527 4779 4075 4528 4780
5972 6 2 300 1 4075 4528 4780 2460 2611 2695
5973 6 2 300 1 159 160 1052 2199 2202 4697
5974 6 2 300 1 2199 2202 4697 2200 2203 4698
5975 6 2 300 1 2200 2203 4698 2201 2204 4699
5976 6 2 300 1 2201 2204 4699 524 525 2668
5977 6 2 300 1 844 151 1050 4073 2175 4691
5978 6 2 300 1 4073 2175 4691 4074 2176 4692
5979 6 2 300 1 4074 2176 4692 4075 2177 4693
5980 6 2 300 1 4075 2177 4693 2460 516 2666
5981 6 2 300 1 855 953 955 4106 4400 4406
5982 6 2 300 1 4106 4400 4406 4107 4401 4407
5983 6 2 300 1 4107 4401 4407 4108 4402 4408
5984 6 2 300 1 4108 4402 4408 2471 2569 2571
5985 6 2 300 1 953 855 1128 4400 4106 4925
5986 6 2 300 1 4400 4106 4925 4401 4107 4926
5987 6 2 300 1 4401 4107 4926 4402 4108 4927
5988 6 2 300 1 4402 4108 4927 2569 2471 2744
5989 6 2 300 1 1053 163 1152 4700 2211 4997
5990 6 2 300 1 4700 2211 4997 4701 2212 4998
5991 6 2 300 1 4701 2212 4998 4702 2213 4999
5992 6 2 300 1 4702 2213 4999 2669 528 2768
5993 6 2 300 1 951 953 1128 4394 4400 4925
5994 6 2 300 1 4394 4400 4925 4395 4401 4926
5995 6 2 300 1 4395 4401 4926 4396 4402 4927
5996 6 2 300 1 4396 4402 4927 2567 2569 2744
5997 6 2 300 1 787 135 1057 3902 2127 4712
5998 6 2 300 1 3902 2127 4712 3903 2128 4713
5999 6 2 300 1 3903 2128 4713 3904 2129 4714
6000 6 2 300 1 3904 2129 4714 2403 500 2673
6001 6 2 300 1 165 166 1126 2217 2220 4919
6002 6 2 300 1 2217 2220 4919 2218 2221 4920
6003 6 2 300 1 2218 2221 4920 2219 2222 4921
6004 6 2 300 1 2219 2222 4921 530 531 2742
6005 6 2 300 1 854 951 1128 4103 4394 4925
6006 6 2 300 1 4103 4394 4925 4104 4395 4926
6007 6 2 300 1 4104 4395 4926 4105 4396 4927
6008 6 2 300 1 4105 4396 4927 2470 2567 2744
6009 6 2 300 1 854 949 951 4103 4388 4394
6010 6 2 300 1 4103 4388 4394 4104 4389 4395
6011 6 2 300 1 4104 4389 4395 4105 4390 4396
6012 6 2 300 1 4105 4390 4396 2470 2565 2567
6013 6 2 300 1 830 154 1051 4031 2184 4694
6014 6 2 300 1 4031 2184 4694 4032 2185 4695
6015 6 2 300 1 4032 2185 4695 4033 2186 4696
6016 6 2 300 1 4033 2186 4696 2446 519 2667
6017 6 2 300 1 162 163 1053 2208 2211 4700
6018 6 2 300 1 2208 2211 4700 2209 2212 4701
6019 6 2 300 1 2209 2212 4701 2210 2213 4702
6020 6 2 300 1 2210 2213 4702 527 528 2669
6021 6 2 300 1 796 128 1070 3929 2106 4751
6022 6 2 300 1 3929 2106 4751 3930 2107 4752
6023 6 2 300 1 3930 2107 4752 3931 2108 4753
6024 6 2 300 1 3931 2108 4753 2412 493 2686
6025 6 2 300 1 129 828 1070 2109 4025 4751
6026 6 2 300 1 2109 4025 4751 2110 4026 4752
6027 6 2 300 1 2110 4026 4752 2111 4027 4753
6028 6 2 300 1 2111 4027 4753 494 2444 2686
6029 6 2 300 1 136 858 1057 2130 4115 4712
6030 6 2 300 1 2130 4115 4712 2131 4116 4713
6031 6 2 300 1 2131 4116 4713 2132 4117 4714
6032 6 2 300 1 2132 4117 4714 501 2474 2673
6033 6 2 300 1 979 829 1124 4478 4028 4913
6034 6 2 300 1 4478 4028 4913 4479 4029 4914
6035 6 2 300 1 4479 4029 4914 4480 4030 4915
6036 6 2 300 1 4480 4030 4915 2595 2445 2740
6037 6 2 300 1 167 168 1125 2223 2226 4916
6038 6 2 300 1 2223 2226 4916 2224 2227 4917
6039 6 2 300 1 2224 2227 4917 2225 2228 4918
6040 6 2 300 1 2225 2228 4918 532 533 2741
6041 6 2 300 1 172 173 1151 2238 2241 4994
6042 6 2 300 1 2238 2241 4994 2239 2242 4995
6043 6 2 300 1 2239 2242 4995 2240 2243 4996
6044 6 2 300 1 2240 2243 4996 537 538 2767
6045 6 2 300 1 858 137 1080 4115 2133 4781
6046 6 2 300 1 4115 2133 4781 4116 2134 4782
6047 6 2 300 1 4116 2134 4782 4117 2135 4783
6048 6 2 300 1 4117 2135 4783 2474 502 2696
6049 6 2 300 1 140 859 1095 2142 4118 4826
6050 6 2 300 1 2142 4118 4826 2143 4119 4827
6051 6 2 300 1 2143 4119 4827 2144 4120 4828
6052 6 2 300 1 2144 4120 4828 505 2475 2711
6053 6 2 300 1 847 147 1071 4082 2163 4754
6054 6 2 300 1 4082 2163 4754 4083 2164 4755
6055 6 2 300 1 4083 2164 4755 4084 2165 4756
6056 6 2 300 1 4084 2165 4756 2463 512 2687
6057 6 2 300 1 856 139 1095 4109 2139 4826
6058 6 2 300 1 4109 2139 4826 4110 2140 4827
6059 6 2 300 1 4110 2140 4827 4111 2141 4828
6060 6 2 300 1 4111 2141 4828 2472 504 2711
6061 6 2 300 1 148 846 1071 2166 4079 4754
6062 6 2 300 1 2166 4079 4754 2167 4080 4755
6063 6 2 300 1 2167 4080 4755 2168 4081 4756
6064 6 2 300 1 2168 4081 4756 513 2462 2687
6065 6 2 300 1 144 853 1096 2154 4100 4829
6066 6 2 300 1 2154 4100 4829 2155 4101 4830
6067 6 2 300 1 2155 4101 4830 2156 4102 4831
6068 6 2 300 1 2156 4102 4831 509 2469 2712
6069 6 2 300 1 138 856 1080 2136 4109 4781
6070 6 2 300 1 2136 4109 4781 2137 4110 4782
6071 6 2 300 1 2137 4110 4782 2138 4111 4783
6072 6 2 300 1 2138 4111 4783 503 2472 2696
6073 6 2 300 1 142 857 1107 2148 4112 4862
6074 6 2 300 1 2148 4112 4862 2149 4113 4863
6075 6 2 300 1 2149 4113 4863 2150 4114 4864
6076 6 2 300 1 2150 4114 4864 507 2473 2723
6077 6 2 300 1 859 141 1107 4118 2145 4862
6078 6 2 300 1 4118 2145 4862 4119 2146 4863
6079 6 2 300 1 4119 2146 4863 4120 2147 4864
6080 6 2 300 1 4120 2147 4864 2475 506 2723
6081 6 2 300 1 146 847 1074 2160 4082 4763
6082 6 2 300 1 2160 4082 4763 2161 4083 4764
6083 6 2 300 1 2161 4083 4764 2162 4084 4765
6084 6 2 300 1 2162 4084 4765 511 2463 2690
6085 6 2 300 1 853 145 1074 4100 2157 4763
6086 6 2 300 1 4100 2157 4763 4101 2158 4764
6087 6 2 300 1 4101 2158 4764 4102 2159 4765
6088 6 2 300 1 4102 2159 4765 2469 510 2690
6089 6 2 300 1 857 143 1096 4112 2151 4829
6090 6 2 300 1 4112 2151 4829 4113 2152 4830
6091 6 2 300 1 4113 2152 4830 4114 2153 4831
6092 6 2 300 1 4114 2153 4831 2473 508 2712
6093 6 2 300 1 846 149 1079 4079 2169 4778
6094 6 2 300 1 4079 2169 4778 4080 2170 4779
6095 6 2 300 1 4080 2170 4779 4081 2171 4780
6096 6 2 300 1 4081 2171 4780 2462 514 2695
6097 6 2 300 1 150 844 1079 2172 4073 4778
6098 6 2 300 1 2172 4073 4778 2173 4074 4779
6099 6 2 300 1 2173 4074 4779 2174 4075 4780
6100 6 2 300 1 2174 4075 4780 515 2460 2695
6101 6 2 300 1 849 977 1124 4088 4472 4913
6102 6 2 300 1 4088 4472 4913 4089 4473 4914
6103 6 2 300 1 4089 4473 4914 4090 4474 4915
6104 6 2 300 1 4090 4474 4915 2465 2593 2740
6105 6 2 300 1 949 854 1054 4388 4103 4703
6106 6 2 300 1 4388 4103 4703 4389 4104 4704
6107 6 2 300 1 4389 4104 4704 4390 4105 4705
6108 6 2 300 1 4390 4105 4705 2565 2470 2670
6109 6 2 300 1 818 942 944 3995 4367 4373
6110 6 2 300 1 3995 4367 4373 3996 4368 4374
6111 6 2 300 1 3996 4368 4374 3997 4369 4375
6112 6 2 300 1 3997 4369 4375 2434 2558 2560
6113 6 2 300 1 849 159 1052 4088 2199 4697
6114 6 2 300 1 4088 2199 4697 4089 2200 4698
6115 6 2 300 1 4089 2200 4698 4090 2201 4699
6116 6 2 300 1 4090 2201 4699 2465 524 2668
6117 6 2 300 1 937 939 1150 4352 4358 4991
6118 6 2 300 1 4352 4358 4991 4353 4359 4992
6119 6 2 300 1 4353 4359 4992 4354 4360 4993
6120 6 2 300 1 4354 4360 4993 2553 2555 2766
6121 6 2 300 1 153 830 1155 2181 4031 5006
6122 6 2 300 1 2181 4031 5006 2182 4032 5007
6123 6 2 300 1 2182 4032 5007 2183 4033 5008
6124 6 2 300 1 2183 4033 5008 518 2446 2771
6125 6 2 300 1 942 818 1055 4367 3995 4706
6126 6 2 300 1 4367 3995 4706 4368 3996 4707
6127 6 2 300 1 4368 3996 4707 4369 3997 4708
6128 6 2 300 1 4369 3997 4708 2558 2434 2671
6129 6 2 300 1 827 162 1053 4022 2208 4700
6130 6 2 300 1 4022 2208 4700 4023 2209 4701
6131 6 2 300 1 4023 2209 4701 4024 2210 4702
6132 6 2 300 1 4024 2210 4702 2443 527 2669
6133 6 2 300 1 1033 1036 1049 4640 4649 4688
6134 6 2 300 1 4640 4649 4688 4641 4650 4689
6135 6 2 300 1 4641 4650 4689 4642 4651 4690
6136 6 2 300 1 4642 4651 4690 2649 2652 2665
6137 6 2 300 1 156 829 1154 2190 4028 5003
6138 6 2 300 1 2190 4028 5003 2191 4029 5004
6139 6 2 300 1 2191 4029 5004 2192 4030 5005
6140 6 2 300 1 2192 4030 5005 521 2445 2770
6141 6 2 300 1 819 935 937 3998 4346 4352
6142 6 2 300 1 3998 4346 4352 3999 4347 4353
6143 6 2 300 1 3999 4347 4353 4000 4348 4354
6144 6 2 300 1 4000 4348 4354 2435 2551 2553
6145 6 2 300 1 961 825 1126 4424 4016 4919
6146 6 2 300 1 4424 4016 4919 4425 4017 4920
6147 6 2 300 1 4425 4017 4920 4426 4018 4921
6148 6 2 300 1 4426 4018 4921 2577 2441 2742
6149 6 2 300 1 935 819 1131 4346 3998 4934
6150 6 2 300 1 4346 3998 4934 4347 3999 4935
6151 6 2 300 1 4347 3999 4935 4348 4000 4936
6152 6 2 300 1 4348 4000 4936 2551 2435 2747
6153 6 2 300 1 158 849 1124 2196 4088 4913
6154 6 2 300 1 2196 4088 4913 2197 4089 4914
6155 6 2 300 1 2197 4089 4914 2198 4090 4915
6156 6 2 300 1 2198 4090 4915 523 2465 2740
6157 6 2 300 1 829 157 1124 4028 2193 4913
6158 6 2 300 1 4028 2193 4913 4029 2194 4914
6159 6 2 300 1 4029 2194 4914 4030 2195 4915
6160 6 2 300 1 4030 2195 4915 2445 522 2740
6161 6 2 300 1 933 935 1131 4340 4346 4934
6162 6 2 300 1 4340 4346 4934 4341 4347 4935
6163 6 2 300 1 4341 4347 4935 4342 4348 4936
6164 6 2 300 1 4342 4348 4936 2549 2551 2747
6165 6 2 300 1 819 937 1150 3998 4352 4991
6166 6 2 300 1 3998 4352 4991 3999 4353 4992
6167 6 2 300 1 3999 4353 4992 4000 4354 4993
6168 6 2 300 1 4000 4354 4993 2435 2553 2766
6169 6 2 300 1 957 852 1125 4412 4097 4916
6170 6 2 300 1 4412 4097 4916 4413 4098 4917
6171 6 2 300 1 4413 4098 4917 4414 4099 4918
6172 6 2 300 1 4414 4099 4918 2573 2468 2741
6173 6 2 300 1 852 959 1126 4097 4418 4919
6174 6 2 300 1 4097 4418 4919 4098 4419 4920
6175 6 2 300 1 4098 4419 4920 4099 4420 4921
6176 6 2 300 1 4099 4420 4921 2468 2575 2742
6177 6 2 300 1 830 988 1155 4031 4505 5006
6178 6 2 300 1 4031 4505 5006 4032 4506 5007
6179 6 2 300 1 4032 4506 5007 4033 4507 5008
6180 6 2 300 1 4033 4507 5008 2446 2604 2771
6181 6 2 300 1 822 933 1131 4007 4340 4934
6182 6 2 300 1 4007 4340 4934 4008 4341 4935
6183 6 2 300 1 4008 4341 4935 4009 4342 4936
6184 6 2 300 1 4009 4342 4936 2438 2549 2747
6185 6 2 300 1 1054 172 1151 4703 2238 4994
6186 6 2 300 1 4703 2238 4994 4704 2239 4995
6187 6 2 300 1 4704 2239 4995 4705 2240 4996
6188 6 2 300 1 4705 2240 4996 2670 537 2767
6189 6 2 300 1 822 931 933 4007 4334 4340
6190 6 2 300 1 4007 4334 4340 4008 4335 4341
6191 6 2 300 1 4008 4335 4341 4009 4336 4342
6192 6 2 300 1 4009 4336 4342 2438 2547 2549
6193 6 2 300 1 855 955 1125 4106 4406 4916
6194 6 2 300 1 4106 4406 4916 4107 4407 4917
6195 6 2 300 1 4107 4407 4917 4108 4408 4918
6196 6 2 300 1 4108 4408 4918 2471 2571 2741
6197 6 2 300 1 931 822 1133 4334 4007 4940
6198 6 2 300 1 4334 4007 4940 4335 4008 4941
6199 6 2 300 1 4335 4008 4941 4336 4009 4942
6200 6 2 300 1 4336 4009 4942 2547 2438 2749
6201 6 2 300 1 161 827 1153 2205 4022 5000
6202 6 2 300 1 2205 4022 5000 2206 4023 5001
6203 6 2 300 1 2206 4023 5001 2207 4024 5002
6204 6 2 300 1 2207 4024 5002 526 2443 2769
6205 6 2 300 1 829 981 1154 4028 4484 5003
6206 6 2 300 1 4028 4484 5003 4029 4485 5004
6207 6 2 300 1 4029 4485 5004 4030 4486 5005
6208 6 2 300 1 4030 4486 5005 2445 2597 2770
6209 6 2 300 1 929 931 1133 4328 4334 4940
6210 6 2 300 1 4328 4334 4940 4329 4335 4941
6211 6 2 300 1 4329 4335 4941 4330 4336 4942
6212 6 2 300 1 4330 4336 4942 2545 2547 2749
6213 6 2 300 1 171 172 1054 2235 2238 4703
6214 6 2 300 1 2235 2238 4703 2236 2239 4704
6215 6 2 300 1 2236 2239 4704 2237 2240 4705
6216 6 2 300 1 2237 2240 4705 536 537 2670
6217 6 2 300 1 820 929 1133 4001 4328 4940
6218 6 2 300 1 4001 4328 4940 4002 4329 4941
6219 6 2 300 1 4002 4329 4941 4003 4330 4942
6220 6 2 300 1 4003 4330 4942 2436 2545 2749
6221 6 2 300 1 820 927 929 4001 4322 4328
6222 6 2 300 1 4001 4322 4328 4002 4323 4329
6223 6 2 300 1 4002 4323 4329 4003 4324 4330
6224 6 2 300 1 4003 4324 4330 2436 2543 2545
6225 6 2 300 1 918 823 1056 4295 4010 4709
6226 6 2 300 1 4295 4010 4709 4296 4011 4710
6227 6 2 300 1 4296 4011 4710 4297 4012 4711
6228 6 2 300 1 4297 4012 4711 2534 2439 2672
6229 6 2 300 1 927 820 1132 4322 4001 4937
6230 6 2 300 1 4322 4001 4937 4323 4002 4938
6231 6 2 300 1 4323 4002 4938 4324 4003 4939
6232 6 2 300 1 4324 4003 4939 2543 2436 2748
6233 6 2 300 1 164 825 1152 2214 4016 4997
6234 6 2 300 1 2214 4016 4997 2215 4017 4998
6235 6 2 300 1 2215 4017 4998 2216 4018 4999
6236 6 2 300 1 2216 4018 4999 529 2441 2768
6237 6 2 300 1 823 185 1056 4010 2277 4709
6238 6 2 300 1 4010 2277 4709 4011 2278 4710
6239 6 2 300 1 4011 2278 4710 4012 2279 4711
6240 6 2 300 1 4012 2279 4711 2439 550 2672
6241 6 2 300 1 1023 1025 1057 4610 4616 4712
6242 6 2 300 1 4610 4616 4712 4611 4617 4713
6243 6 2 300 1 4611 4617 4713 4612 4618 4714
6244 6 2 300 1 4612 4618 4714 2639 2641 2673
6245 6 2 300 1 925 927 1132 4316 4322 4937
6246 6 2 300 1 4316 4322 4937 4317 4323 4938
6247 6 2 300 1 4317 4323 4938 4318 4324 4939
6248 6 2 300 1 4318 4324 4939 2541 2543 2748
6249 6 2 300 1 821 925 1132 4004 4316 4937
6250 6 2 300 1 4004 4316 4937 4005 4317 4938
6251 6 2 300 1 4005 4317 4938 4006 4318 4939
6252 6 2 300 1 4006 4318 4939 2437 2541 2748
6253 6 2 300 1 854 171 1054 4103 2235 4703
6254 6 2 300 1 4103 2235 4703 4104 2236 4704
6255 6 2 300 1 4104 2236 4704 4105 2237 4705
6256 6 2 300 1 4105 2237 4705 2470 536 2670
6257 6 2 300 1 827 970 1153 4022 4451 5000
6258 6 2 300 1 4022 4451 5000 4023 4452 5001
6259 6 2 300 1 4023 4452 5001 4024 4453 5002
6260 6 2 300 1 4024 4453 5002 2443 2586 2769
6261 6 2 300 1 825 165 1126 4016 2217 4919
6262 6 2 300 1 4016 2217 4919 4017 2218 4920
6263 6 2 300 1 4017 2218 4920 4018 2219 4921
6264 6 2 300 1 4018 2219 4921 2441 530 2742
6265 6 2 300 1 821 923 925 4004 4310 4316
6266 6 2 300 1 4004 4310 4316 4005 4311 4317
6267 6 2 300 1 4005 4311 4317 4006 4312 4318
6268 6 2 300 1 4006 4312 4318 2437 2539 2541
6269 6 2 300 1 166 852 1126 2220 4097 4919
6270 6 2 300 1 2220 4097 4919 2221 4098 4920
6271 6 2 300 1 2221 4098 4920 2222 4099 4921
6272 6 2 300 1 2222 4099 4921 531 2468 2742
6273 6 2 300 1 186 187 1156 2280 2283 5009
6274 6 2 300 1 2280 2283 5009 2281 2284 5010
6275 6 2 300 1 2281 2284 5010 2282 2285 5011
6276 6 2 300 1 2282 2285 5011 551 552 2772
6277 6 2 300 1 923 821 1130 4310 4004 4931
6278 6 2 300 1 4310 4004 4931 4311 4005 4932
6279 6 2 300 1 4311 4005 4932 4312 4006 4933
6280 6 2 300 1 4312 4006 4933 2539 2437 2746
6281 6 2 300 1 174 175 1055 2244 2247 4706
6282 6 2 300 1 2244 2247 4706 2245 2248 4707
6283 6 2 300 1 2245 2248 4707 2246 2249 4708
6284 6 2 300 1 2246 2249 4708 539 540 2671
6285 6 2 300 1 1049 131 1157 4688 2115 5012
6286 6 2 300 1 4688 2115 5012 4689 2116 5013
6287 6 2 300 1 4689 2116 5013 4690 2117 5014
6288 6 2 300 1 4690 2117 5014 2665 496 2773
6289 6 2 300 1 1019 1021 1080 4598 4604 4781
6290 6 2 300 1 4598 4604 4781 4599 4605 4782
6291 6 2 300 1 4599 4605 4782 4600 4606 4783
6292 6 2 300 1 4600 4606 4783 2635 2637 2696
6293 6 2 300 1 921 923 1130 4304 4310 4931
6294 6 2 300 1 4304 4310 4931 4305 4311 4932
6295 6 2 300 1 4305 4311 4932 4306 4312 4933
6296 6 2 300 1 4306 4312 4933 2537 2539 2746
6297 6 2 300 1 939 1055 1150 4358 4706 4991
6298 6 2 300 1 4358 4706 4991 4359 4707 4992
6299 6 2 300 1 4359 4707 4992 4360 4708 4993
6300 6 2 300 1 4360 4708 4993 2555 2671 2766
6301 6 2 300 1 168 855 1125 2226 4106 4916
6302 6 2 300 1 2226 4106 4916 2227 4107 4917
6303 6 2 300 1 2227 4107 4917 2228 4108 4918
6304 6 2 300 1 2228 4108 4918 533 2471 2741
6305 6 2 300 1 852 167 1125 4097 2223 4916
6306 6 2 300 1 4097 2223 4916 4098 2224 4917
6307 6 2 300 1 4098 2224 4917 4099 2225 4918
6308 6 2 300 1 4099 2225 4918 2468 532 2741
6309 6 2 300 1 990 993 1050 4511 4520 4691
6310 6 2 300 1 4511 4520 4691 4512 4521 4692
6311 6 2 300 1 4512 4521 4692 4513 4522 4693
6312 6 2 300 1 4513 4522 4693 2606 2609 2666
6313 6 2 300 1 823 921 1130 4010 4304 4931
6314 6 2 300 1 4010 4304 4931 4011 4305 4932
6315 6 2 300 1 4011 4305 4932 4012 4306 4933
6316 6 2 300 1 4012 4306 4933 2439 2537 2746
6317 6 2 300 1 1015 1017 1095 4586 4592 4826
6318 6 2 300 1 4586 4592 4826 4587 4593 4827
6319 6 2 300 1 4587 4593 4827 4588 4594 4828
6320 6 2 300 1 4588 4594 4828 2631 2633 2711
6321 6 2 300 1 823 918 921 4010 4295 4304
6322 6 2 300 1 4010 4295 4304 4011 4296 4305
6323 6 2 300 1 4011 4296 4305 4012 4297 4306
6324 6 2 300 1 4012 4297 4306 2439 2534 2537
6325 6 2 300 1 825 963 1152 4016 4430 4997
6326 6 2 300 1 4016 4430 4997 4017 4431 4998
6327 6 2 300 1 4017 4431 4998 4018 4432 4999
6328 6 2 300 1 4018 4432 4999 2441 2579 2768
6329 6 2 300 1 818 174 1055 3995 2244 4706
6330 6 2 300 1 3995 2244 4706 3996 2245 4707
6331 6 2 300 1 3996 2245 4707 3997 2246 4708
6332 6 2 300 1 3997 2246 4708 2434 539 2671
6333 6 2 300 1 1011 1013 1107 4574 4580 4862
6334 6 2 300 1 4574 4580 4862 4575 4581 4863
6335 6 2 300 1 4575 4581 4863 4576 4582 4864
6336 6 2 300 1 4576 4582 4864 2627 2629 2723
6337 6 2 300 1 1038 1040 1070 4655 4661 4751
6338 6 2 300 1 4655 4661 4751 4656 4662 4752
6339 6 2 300 1 4656 4662 4752 4657 4663 4753
6340 6 2 300 1 4657 4663 4753 2654 2656 2686
6341 6 2 300 1 185 186 1056 2277 2280 4709
6342 6 2 300 1 2277 2280 4709 2278 2281 4710
6343 6 2 300 1 2278 2281 4710 2279 2282 4711
6344 6 2 300 1 2279 2282 4711 550 551 2672
6345 6 2 300 1 983 986 1051 4490 4499 4694
6346 6 2 300 1 4490 4499 4694 4491 4500 4695
6347 6 2 300 1 4491 4500 4695 4492 4501 4696
6348 6 2 300 1 4492 4501 4696 2599 2602 2667
6349 6 2 300 1 972 975 1052 4457 4466 4697
6350 6 2 300 1 4457 4466 4697 4458 4467 4698
6351 6 2 300 1 4458 4467 4698 4459 4468 4699
6352 6 2 300 1 4459 4468 4699 2588 2591 2668
6353 6 2 300 1 1007 1009 1096 4562 4568 4829
6354 6 2 300 1 4562 4568 4829 4563 4569 4830
6355 6 2 300 1 4563 4569 4830 4564 4570 4831
6356 6 2 300 1 4564 4570 4831 2623 2625 2712
6357 6 2 300 1 965 968 1053 4436 4445 4700
6358 6 2 300 1 4436 4445 4700 4437 4446 4701
6359 6 2 300 1 4437 4446 4701 4438 4447 4702
6360 6 2 300 1 4438 4447 4702 2581 2584 2669
6361 6 2 300 1 1003 1005 1074 4550 4556 4763
6362 6 2 300 1 4550 4556 4763 4551 4557 4764
6363 6 2 300 1 4551 4557 4764 4552 4558 4765
6364 6 2 300 1 4552 4558 4765 2619 2621 2690
6365 6 2 300 1 860 912 914 4121 4277 4283
6366 6 2 300 1 4121 4277 4283 4122 4278 4284
6367 6 2 300 1 4122 4278 4284 4123 4279 4285
6368 6 2 300 1 4123 4279 4285 2476 2528 2530
6369 6 2 300 1 173 818 1151 2241 3995 4994
6370 6 2 300 1 2241 3995 4994 2242 3996 4995
6371 6 2 300 1 2242 3996 4995 2243 3997 4996
6372 6 2 300 1 2243 3997 4996 538 2434 2767
6373 6 2 300 1 946 949 1054 4379 4388 4703
6374 6 2 300 1 4379 4388 4703 4380 4389 4704
6375 6 2 300 1 4380 4389 4704 4381 4390 4705
6376 6 2 300 1 4381 4390 4705 2562 2565 2670
6377 6 2 300 1 939 942 1055 4358 4367 4706
6378 6 2 300 1 4358 4367 4706 4359 4368 4707
6379 6 2 300 1 4359 4368 4707 4360 4369 4708
6380 6 2 300 1 4360 4369 4708 2555 2558 2671
6381 6 2 300 1 851 908 910 4094 4265 4271
6382 6 2 300 1 4094 4265 4271 4095 4266 4272
6383 6 2 300 1 4095 4266 4272 4096 4267 4273
6384 6 2 300 1 4096 4267 4273 2467 2524 2526
6385 6 2 300 1 999 1001 1071 4538 4544 4754
6386 6 2 300 1 4538 4544 4754 4539 4545 4755
6387 6 2 300 1 4539 4545 4755 4540 4546 4756
6388 6 2 300 1 4540 4546 4756 2615 2617 2687
6389 6 2 300 1 912 860 1094 4277 4121 4823
6390 6 2 300 1 4277 4121 4823 4278 4122 4824
6391 6 2 300 1 4278 4122 4824 4279 4123 4825
6392 6 2 300 1 4279 4123 4825 2528 2476 2710
6393 6 2 300 1 818 944 1151 3995 4373 4994
6394 6 2 300 1 3995 4373 4994 3996 4374 4995
6395 6 2 300 1 3996 4374 4995 3997 4375 4996
6396 6 2 300 1 3997 4375 4996 2434 2560 2767
6397 6 2 300 1 851 910 1094 4094 4271 4823
6398 6 2 300 1 4094 4271 4823 4095 4272 4824
6399 6 2 300 1 4095 4272 4824 4096 4273 4825
6400 6 2 300 1 4096 4273 4825 2467 2526 2710
6401 6 2 300 1 1056 186 1156 4709 2280 5009
6402 6 2 300 1 4709 2280 5009 4710 2281 5010
6403 6 2 300 1 4710 2281 5010 4711 2282 5011
6404 6 2 300 1 4711 2282 5011 2672 551 2772
6405 6 2 300 1 908 851 1075 4265 4094 4766
6406 6 2 300 1 4265 4094 4766 4266 4095 4767
6407 6 2 300 1 4266 4095 4767 4267 4096 4768
6408 6 2 300 1 4267 4096 4768 2524 2467 2691
6409 6 2 300 1 995 997 1079 4526 4532 4778
6410 6 2 300 1 4526 4532 4778 4527 4533 4779
6411 6 2 300 1 4527 4533 4779 4528 4534 4780
6412 6 2 300 1 4528 4534 4780 2611 2613 2695
6413 6 2 300 1 848 904 906 4085 4253 4259
6414 6 2 300 1 4085 4253 4259 4086 4254 4260
6415 6 2 300 1 4086 4254 4260 4087 4255 4261
6416 6 2 300 1 4087 4255 4261 2464 2520 2522
6417 6 2 300 1 848 906 1075 4085 4259 4766
6418 6 2 300 1 4085 4259 4766 4086 4260 4767
6419 6 2 300 1 4086 4260 4767 4087 4261 4768
6420 6 2 300 1 4087 4261 4768 2464 2522 2691
6421 6 2 300 1 1083 1085 1088 4790 4796 4805
6422 6 2 300 1 4790 4796 4805 4791 4797 4806
6423 6 2 300 1 4791 4797 4806 4792 4798 4807
6424 6 2 300 1 4792 4798 4807 2699 2701 2704
6425 6 2 300 1 904 848 1077 4253 4085 4772
6426 6 2 300 1 4253 4085 4772 4254 4086 4773
6427 6 2 300 1 4254 4086 4773 4255 4087 4774
6428 6 2 300 1 4255 4087 4774 2520 2464 2693
6429 6 2 300 1 910 912 1094 4271 4277 4823
6430 6 2 300 1 4271 4277 4823 4272 4278 4824
6431 6 2 300 1 4272 4278 4824 4273 4279 4825
6432 6 2 300 1 4273 4279 4825 2526 2528 2710
6433 6 2 300 1 890 1083 1088 4211 4790 4805
6434 6 2 300 1 4211 4790 4805 4212 4791 4806
6435 6 2 300 1 4212 4791 4806 4213 4792 4807
6436 6 2 300 1 4213 4792 4807 2506 2699 2704
6437 6 2 300 1 977 979 1124 4472 4478 4913
6438 6 2 300 1 4472 4478 4913 4473 4479 4914
6439 6 2 300 1 4473 4479 4914 4474 4480 4915
6440 6 2 300 1 4474 4480 4915 2593 2595 2740
6441 6 2 300 1 845 900 902 4076 4241 4247
6442 6 2 300 1 4076 4241 4247 4077 4242 4248
6443 6 2 300 1 4077 4242 4248 4078 4243 4249
6444 6 2 300 1 4078 4243 4249 2461 2516 2518
6445 6 2 300 1 845 902 1077 4076 4247 4772
6446 6 2 300 1 4076 4247 4772 4077 4248 4773
6447 6 2 300 1 4077 4248 4773 4078 4249 4774
6448 6 2 300 1 4078 4249 4774 2461 2518 2693
6449 6 2 300 1 955 957 1125 4406 4412 4916
6450 6 2 300 1 4406 4412 4916 4407 4413 4917
6451 6 2 300 1 4407 4413 4917 4408 4414 4918
6452 6 2 300 1 4408 4414 4918 2571 2573 2741
6453 6 2 300 1 959 961 1126 4418 4424 4919
6454 6 2 300 1 4418 4424 4919 4419 4425 4920
6455 6 2 300 1 4419 4425 4920 4420 4426 4921
6456 6 2 300 1 4420 4426 4921 2575 2577 2742
6457 6 2 300 1 906 908 1075 4259 4265 4766
6458 6 2 300 1 4259 4265 4766 4260 4266 4767
6459 6 2 300 1 4260 4266 4767 4261 4267 4768
6460 6 2 300 1 4261 4267 4768 2522 2524 2691
6461 6 2 300 1 900 845 1076 4241 4076 4769
6462 6 2 300 1 4241 4076 4769 4242 4077 4770
6463 6 2 300 1 4242 4077 4770 4243 4078 4771
6464 6 2 300 1 4243 4078 4771 2516 2461 2692
6465 6 2 300 1 896 841 1063 4229 4064 4730
6466 6 2 300 1 4229 4064 4730 4230 4065 4731
6467 6 2 300 1 4230 4065 4731 4231 4066 4732
6468 6 2 300 1 4231 4066 4732 2512 2457 2679
6469 6 2 300 1 841 196 1063 4064 2310 4730
6470 6 2 300 1 4064 2310 4730 4065 2311 4731
6471 6 2 300 1 4065 2311 4731 4066 2312 4732
6472 6 2 300 1 4066 2312 4732 2457 561 2679
6473 6 2 300 1 841 898 1076 4064 4235 4769
6474 6 2 300 1 4064 4235 4769 4065 4236 4770
6475 6 2 300 1 4065 4236 4770 4066 4237 4771
6476 6 2 300 1 4066 4237 4771 2457 2514 2692
6477 6 2 300 1 902 904 1077 4247 4253 4772
6478 6 2 300 1 4247 4253 4772 4248 4254 4773
6479 6 2 300 1 4248 4254 4773 4249 4255 4774
6480 6 2 300 1 4249 4255 4774 2518 2520 2693
6481 6 2 300 1 211 843 1149 2355 4070 4988
6482 6 2 300 1 2355 4070 4988 2356 4071 4989
6483 6 2 300 1 2356 4071 4989 2357 4072 4990
6484 6 2 300 1 2357 4072 4990 576 2459 2765
6485 6 2 300 1 841 896 898 4064 4229 4235
6486 6 2 300 1 4064 4229 4235 4065 4230 4236
6487 6 2 300 1 4065 4230 4236 4066 4231 4237
6488 6 2 300 1 4066 4231 4237 2457 2512 2514
6489 6 2 300 1 1088 1085 1089 4805 4796 4808
6490 6 2 300 1 4805 4796 4808 4806 4797 4809
6491 6 2 300 1 4806 4797 4809 4807 4798 4810
6492 6 2 300 1 4807 4798 4810 2704 2701 2705
6493 6 2 300 1 198 199 887 2316 2319 4202
6494 6 2 300 1 2316 2319 4202 2317 2320 4203
6495 6 2 300 1 2317 2320 4203 2318 2321 4204
6496 6 2 300 1 2318 2321 4204 563 564 2503
6497 6 2 300 1 188 189 1094 2286 2289 4823
6498 6 2 300 1 2286 2289 4823 2287 2290 4824
6499 6 2 300 1 2287 2290 4824 2288 2291 4825
6500 6 2 300 1 2288 2291 4825 553 554 2710
6501 6 2 300 1 196 6 1063 2310 602 4730
6502 6 2 300 1 2310 602 4730 2311 603 4731
6503 6 2 300 1 2311 603 4731 2312 604 4732
6504 6 2 300 1 2312 604 4732 561 15 2679
6505 6 2 300 1 190 191 1075 2292 2295 4766
6506 6 2 300 1 2292 2295 4766 2293 2296 4767
6507 6 2 300 1 2293 2296 4767 2294 2297 4768
6508 6 2 300 1 2294 2297 4768 555 556 2691
6509 6 2 300 1 1055 175 1150 4706 2247 4991
6510 6 2 300 1 4706 2247 4991 4707 2248 4992
6511 6 2 300 1 4707 2248 4992 4708 2249 4993
6512 6 2 300 1 4708 2249 4993 2671 540 2766
6513 6 2 300 1 898 900 1076 4235 4241 4769
6514 6 2 300 1 4235 4241 4769 4236 4242 4770
6515 6 2 300 1 4236 4242 4770 4237 4243 4771
6516 6 2 300 1 4237 4243 4771 2514 2516 2692
6517 6 2 300 1 890 1082 1083 4211 4787 4790
6518 6 2 300 1 4211 4787 4790 4212 4788 4791
6519 6 2 300 1 4212 4788 4791 4213 4789 4792
6520 6 2 300 1 4213 4789 4792 2506 2698 2699
6521 6 2 300 1 192 193 1077 2298 2301 4772
6522 6 2 300 1 2298 2301 4772 2299 2302 4773
6523 6 2 300 1 2299 2302 4773 2300 2303 4774
6524 6 2 300 1 2300 2303 4774 557 558 2693
6525 6 2 300 1 6 197 1142 602 2313 4967
6526 6 2 300 1 602 2313 4967 603 2314 4968
6527 6 2 300 1 603 2314 4968 604 2315 4969
6528 6 2 300 1 604 2315 4969 15 562 2758
6529 6 2 300 1 1063 6 1142 4730 602 4967
6530 6 2 300 1 4730 602 4967 4731 603 4968
6531 6 2 300 1 4731 603 4968 4732 604 4969
6532 6 2 300 1 4732 604 4969 2679 15 2758
6533 6 2 300 1 836 1103 1112 4049 4850 4877
6534 6 2 300 1 4049 4850 4877 4050 4851 4878
6535 6 2 300 1 4050 4851 4878 4051 4852 4879
6536 6 2 300 1 4051 4852 4879 2452 2719 2728
6537 6 2 300 1 187 860 1156 2283 4121 5009
6538 6 2 300 1 2283 4121 5009 2284 4122 5010
6539 6 2 300 1 2284 4122 5010 2285 4123 5011
6540 6 2 300 1 2285 4123 5011 552 2476 2772
6541 6 2 300 1 116 833 1061 2070 4040 4724
6542 6 2 300 1 2070 4040 4724 2071 4041 4725
6543 6 2 300 1 2071 4041 4725 2072 4042 4726
6544 6 2 300 1 2072 4042 4726 481 2449 2677
6545 6 2 300 1 1103 1104 1112 4850 4853 4877
6546 6 2 300 1 4850 4853 4877 4851 4854 4878
6547 6 2 300 1 4851 4854 4878 4852 4855 4879
6548 6 2 300 1 4852 4855 4879 2719 2720 2728
6549 6 2 300 1 222 223 865 2388 2391 4136
6550 6 2 300 1 2388 2391 4136 2389 2392 4137
6551 6 2 300 1 2389 2392 4137 2390 2393 4138
6552 6 2 300 1 2390 2393 4138 587 588 2481
6553 6 2 300 1 194 195 1076 2304 2307 4769
6554 6 2 300 1 2304 2307 4769 2305 2308 4770
6555 6 2 300 1 2305 2308 4770 2306 2309 4771
6556 6 2 300 1 2306 2309 4771 559 560 2692
6557 6 2 300 1 189 851 1094 2289 4094 4823
6558 6 2 300 1 2289 4094 4823 2290 4095 4824
6559 6 2 300 1 2290 4095 4824 2291 4096 4825
6560 6 2 300 1 2291 4096 4825 554 2467 2710
6561 6 2 300 1 199 200 1082 2319 2322 4787
6562 6 2 300 1 2319 2322 4787 2320 2323 4788
6563 6 2 300 1 2320 2323 4788 2321 2324 4789
6564 6 2 300 1 2321 2324 4789 564 565 2698
6565 6 2 300 1 191 848 1075 2295 4085 4766
6566 6 2 300 1 2295 4085 4766 2296 4086 4767
6567 6 2 300 1 2296 4086 4767 2297 4087 4768
6568 6 2 300 1 2297 4087 4768 556 2464 2691
6569 6 2 300 1 824 106 1062 4013 2040 4727
6570 6 2 300 1 4013 2040 4727 4014 2041 4728
6571 6 2 300 1 4014 2041 4728 4015 2042 4729
6572 6 2 300 1 4015 2042 4729 2440 471 2678
6573 6 2 300 1 869 865 870 4148 4136 4151
6574 6 2 300 1 4148 4136 4151 4149 4137 4152
6575 6 2 300 1 4149 4137 4152 4150 4138 4153
6576 6 2 300 1 4150 4138 4153 2485 2481 2486
6577 6 2 300 1 860 188 1094 4121 2286 4823
6578 6 2 300 1 4121 2286 4823 4122 2287 4824
6579 6 2 300 1 4122 2287 4824 4123 2288 4825
6580 6 2 300 1 4123 2288 4825 2476 553 2710
6581 6 2 300 1 851 190 1075 4094 2292 4766
6582 6 2 300 1 4094 2292 4766 4095 2293 4767
6583 6 2 300 1 4095 2293 4767 4096 2294 4768
6584 6 2 300 1 4096 2294 4768 2467 555 2691
6585 6 2 300 1 887 199 1082 4202 2319 4787
6586 6 2 300 1 4202 2319 4787 4203 2320 4788
6587 6 2 300 1 4203 2320 4788 4204 2321 4789
6588 6 2 300 1 4204 2321 4789 2503 564 2698
6589 6 2 300 1 890 887 1082 4211 4202 4787
6590 6 2 300 1 4211 4202 4787 4212 4203 4788
6591 6 2 300 1 4212 4203 4788 4213 4204 4789
6592 6 2 300 1 4213 4204 4789 2506 2503 2698
6593 6 2 300 1 1110 1112 1113 4871 4877 4880
6594 6 2 300 1 4871 4877 4880 4872 4878 4881
6595 6 2 300 1 4872 4878 4881 4873 4879 4882
6596 6 2 300 1 4873 4879 4882 2726 2728 2729
6597 6 2 300 1 1042 1043 1044 4667 4670 4673
6598 6 2 300 1 4667 4670 4673 4668 4671 4674
6599 6 2 300 1 4668 4671 4674 4669 4672 4675
6600 6 2 300 1 4669 4672 4675 2658 2659 2660
6601 6 2 300 1 200 783 1082 2322 3890 4787
6602 6 2 300 1 2322 3890 4787 2323 3891 4788
6603 6 2 300 1 2323 3891 4788 2324 3892 4789
6604 6 2 300 1 2324 3892 4789 565 2399 2698
6605 6 2 300 1 221 222 869 2385 2388 4148
6606 6 2 300 1 2385 2388 4148 2386 2389 4149
6607 6 2 300 1 2386 2389 4149 2387 2390 4150
6608 6 2 300 1 2387 2390 4150 586 587 2485
6609 6 2 300 1 114 840 1059 2064 4061 4718
6610 6 2 300 1 2064 4061 4718 2065 4062 4719
6611 6 2 300 1 2065 4062 4719 2066 4063 4720
6612 6 2 300 1 2066 4063 4720 479 2456 2675
6613 6 2 300 1 843 1117 1149 4070 4892 4988
6614 6 2 300 1 4070 4892 4988 4071 4893 4989
6615 6 2 300 1 4071 4893 4989 4072 4894 4990
6616 6 2 300 1 4072 4894 4990 2459 2733 2765
6617 6 2 300 1 114 115 840 2064 2067 4061
6618 6 2 300 1 2064 2067 4061 2065 2068 4062
6619 6 2 300 1 2065 2068 4062 2066 2069 4063
6620 6 2 300 1 2066 2069 4063 479 480 2456
6621 6 2 300 1 848 192 1077 4085 2298 4772
6622 6 2 300 1 4085 2298 4772 4086 2299 4773
6623 6 2 300 1 4086 2299 4773 4087 2300 4774
6624 6 2 300 1 4087 2300 4774 2464 557 2693
6625 6 2 300 1 193 845 1077 2301 4076 4772
6626 6 2 300 1 2301 4076 4772 2302 4077 4773
6627 6 2 300 1 2302 4077 4773 2303 4078 4774
6628 6 2 300 1 2303 4078 4774 558 2461 2693
6629 6 2 300 1 72 73 816 1938 1941 3989
6630 6 2 300 1 1938 1941 3989 1939 1942 3990
6631 6 2 300 1 1939 1942 3990 1940 1943 3991
6632 6 2 300 1 1940 1943 3991 437 438 2432
6633 6 2 300 1 840 115 1061 4061 2067 4724
6634 6 2 300 1 4061 2067 4724 4062 2068 4725
6635 6 2 300 1 4062 2068 4725 4063 2069 4726
6636 6 2 300 1 4063 2069 4726 2456 480 2677
6637 6 2 300 1 812 83 1060 3977 1971 4721
6638 6 2 300 1 3977 1971 4721 3978 1972 4722
6639 6 2 300 1 3978 1972 4722 3979 1973 4723
6640 6 2 300 1 3979 1973 4723 2428 448 2676
6641 6 2 300 1 83 84 1060 1971 1974 4721
6642 6 2 300 1 1971 1974 4721 1972 1975 4722
6643 6 2 300 1 1972 1975 4722 1973 1976 4723
6644 6 2 300 1 1973 1976 4723 448 449 2676
6645 6 2 300 1 888 887 890 4205 4202 4211
6646 6 2 300 1 4205 4202 4211 4206 4203 4212
6647 6 2 300 1 4206 4203 4212 4207 4204 4213
6648 6 2 300 1 4207 4204 4213 2504 2503 2506
6649 6 2 300 1 195 841 1076 2307 4064 4769
6650 6 2 300 1 2307 4064 4769 2308 4065 4770
6651 6 2 300 1 2308 4065 4770 2309 4066 4771
6652 6 2 300 1 2309 4066 4771 560 2457 2692
6653 6 2 300 1 845 194 1076 4076 2304 4769
6654 6 2 300 1 4076 2304 4769 4077 2305 4770
6655 6 2 300 1 4077 2305 4770 4078 2306 4771
6656 6 2 300 1 4078 2306 4771 2461 559 2692
6657 6 2 300 1 115 116 1061 2067 2070 4724
6658 6 2 300 1 2067 2070 4724 2068 2071 4725
6659 6 2 300 1 2068 2071 4725 2069 2072 4726
6660 6 2 300 1 2069 2072 4726 480 481 2677
6661 6 2 300 1 831 198 887 4034 2316 4202
6662 6 2 300 1 4034 2316 4202 4035 2317 4203
6663 6 2 300 1 4035 2317 4203 4036 2318 4204
6664 6 2 300 1 4036 2318 4204 2447 563 2503
6665 6 2 300 1 1112 1104 1113 4877 4853 4880
6666 6 2 300 1 4877 4853 4880 4878 4854 4881
6667 6 2 300 1 4878 4854 4881 4879 4855 4882
6668 6 2 300 1 4879 4855 4882 2728 2720 2729
6669 6 2 300 1 888 890 1087 4205 4211 4802
6670 6 2 300 1 4205 4211 4802 4206 4212 4803
6671 6 2 300 1 4206 4212 4803 4207 4213 4804
6672 6 2 300 1 4207 4213 4804 2504 2506 2703
6673 6 2 300 1 75 76 1072 1947 1950 4757
6674 6 2 300 1 1947 1950 4757 1948 1951 4758
6675 6 2 300 1 1948 1951 4758 1949 1952 4759
6676 6 2 300 1 1949 1952 4759 440 441 2688
6677 6 2 300 1 120 121 866 2082 2085 4139
6678 6 2 300 1 2082 2085 4139 2083 2086 4140
6679 6 2 300 1 2083 2086 4140 2084 2087 4141
6680 6 2 300 1 2084 2087 4141 485 486 2482
6681 6 2 300 1 76 811 1072 1950 3974 4757
6682 6 2 300 1 1950 3974 4757 1951 3975 4758
6683 6 2 300 1 1951 3975 4758 1952 3976 4759
6684 6 2 300 1 1952 3976 4759 441 2427 2688
6685 6 2 300 1 1103 836 1122 4850 4049 4907
6686 6 2 300 1 4850 4049 4907 4851 4050 4908
6687 6 2 300 1 4851 4050 4908 4852 4051 4909
6688 6 2 300 1 4852 4051 4909 2719 2452 2738
6689 6 2 300 1 831 887 888 4034 4202 4205
6690 6 2 300 1 4034 4202 4205 4035 4203 4206
6691 6 2 300 1 4035 4203 4206 4036 4204 4207
6692 6 2 300 1 4036 4204 4207 2447 2503 2504
6693 6 2 300 1 1023 1024 1025 4610 4613 4616
6694 6 2 300 1 4610 4613 4616 4611 4614 4617
6695 6 2 300 1 4611 4614 4617 4612 4615 4618
6696 6 2 300 1 4612 4615 4618 2639 2640 2641
6697 6 2 300 1 1044 1045 1046 4673 4676 4679
6698 6 2 300 1 4673 4676 4679 4674 4677 4680
6699 6 2 300 1 4674 4677 4680 4675 4678 4681
6700 6 2 300 1 4675 4678 4681 2660 2661 2662
6701 6 2 300 1 946 1054 1151 4379 4703 4994
6702 6 2 300 1 4379 4703 4994 4380 4704 4995
6703 6 2 300 1 4380 4704 4995 4381 4705 4996
6704 6 2 300 1 4381 4705 4996 2562 2670 2767
6705 6 2 300 1 1087 890 1088 4802 4211 4805
6706 6 2 300 1 4802 4211 4805 4803 4212 4806
6707 6 2 300 1 4803 4212 4806 4804 4213 4807
6708 6 2 300 1 4804 4213 4807 2703 2506 2704
6709 6 2 300 1 127 128 796 2103 2106 3929
6710 6 2 300 1 2103 2106 3929 2104 2107 3930
6711 6 2 300 1 2104 2107 3930 2105 2108 3931
6712 6 2 300 1 2105 2108 3931 492 493 2412
6713 6 2 300 1 1040 1041 1042 4661 4664 4667
6714 6 2 300 1 4661 4664 4667 4662 4665 4668
6715 6 2 300 1 4662 4665 4668 4663 4666 4669
6716 6 2 300 1 4663 4666 4669 2656 2657 2658
6717 6 2 300 1 1025 1026 1027 4616 4619 4622
6718 6 2 300 1 4616 4619 4622 4617 4620 4623
6719 6 2 300 1 4617 4620 4623 4618 4621 4624
6720 6 2 300 1 4618 4621 4624 2641 2642 2643
6721 6 2 300 1 222 865 869 2388 4136 4148
6722 6 2 300 1 2388 4136 4148 2389 4137 4149
6723 6 2 300 1 2389 4137 4149 2390 4138 4150
6724 6 2 300 1 2390 4138 4150 587 2481 2485
6725 6 2 300 1 55 56 813 1887 1890 3980
6726 6 2 300 1 1887 1890 3980 1888 1891 3981
6727 6 2 300 1 1888 1891 3981 1889 1892 3982
6728 6 2 300 1 1889 1892 3982 420 421 2429
6729 6 2 300 1 112 850 1073 2058 4091 4760
6730 6 2 300 1 2058 4091 4760 2059 4092 4761
6731 6 2 300 1 2059 4092 4761 2060 4093 4762
6732 6 2 300 1 2060 4093 4762 477 2466 2689
6733 6 2 300 1 1044 1043 1045 4673 4670 4676
6734 6 2 300 1 4673 4670 4676 4674 4671 4677
6735 6 2 300 1 4674 4671 4677 4675 4672 4678
6736 6 2 300 1 4675 4672 4678 2660 2659 2661
6737 6 2 300 1 106 107 1062 2040 2043 4727
6738 6 2 300 1 2040 2043 4727 2041 2044 4728
6739 6 2 300 1 2041 2044 4728 2042 2045 4729
6740 6 2 300 1 2042 2045 4729 471 472 2678
6741 6 2 300 1 1027 1028 1029 4622 4625 4628
6742 6 2 300 1 4622 4625 4628 4623 4626 4629
6743 6 2 300 1 4623 4626 4629 4624 4627 4630
6744 6 2 300 1 4624 4627 4630 2643 2644 2645
6745 6 2 300 1 110 111 792 2052 2055 3917
6746 6 2 300 1 2052 2055 3917 2053 2056 3918
6747 6 2 300 1 2053 2056 3918 2054 2057 3919
6748 6 2 300 1 2054 2057 3919 475 476 2408
6749 6 2 300 1 74 817 1078 1944 3992 4775
6750 6 2 300 1 1944 3992 4775 1945 3993 4776
6751 6 2 300 1 1945 3993 4776 1946 3994 4777
6752 6 2 300 1 1946 3994 4777 439 2433 2694
6753 6 2 300 1 107 108 842 2043 2046 4067
6754 6 2 300 1 2043 2046 4067 2044 2047 4068
6755 6 2 300 1 2044 2047 4068 2045 2048 4069
6756 6 2 300 1 2045 2048 4069 472 473 2458
6757 6 2 300 1 54 55 1118 1884 1887 4895
6758 6 2 300 1 1884 1887 4895 1885 1888 4896
6759 6 2 300 1 1885 1888 4896 1886 1889 4897
6760 6 2 300 1 1886 1889 4897 419 420 2734
6761 6 2 300 1 815 71 1081 3986 1935 4784
6762 6 2 300 1 3986 1935 4784 3987 1936 4785
6763 6 2 300 1 3987 1936 4785 3988 1937 4786
6764 6 2 300 1 3988 1937 4786 2431 436 2697
6765 6 2 300 1 208 209 789 2346 2349 3908
6766 6 2 300 1 2346 2349 3908 2347 2350 3909
6767 6 2 300 1 2347 2350 3909 2348 2351 3910
6768 6 2 300 1 2348 2351 3910 573 574 2405
6769 6 2 300 1 107 842 1062 2043 4067 4727
6770 6 2 300 1 2043 4067 4727 2044 4068 4728
6771 6 2 300 1 2044 4068 4728 2045 4069 4729
6772 6 2 300 1 2045 4069 4729 472 2458 2678
6773 6 2 300 1 1042 1041 1043 4667 4664 4670
6774 6 2 300 1 4667 4664 4670 4668 4665 4671
6775 6 2 300 1 4668 4665 4671 4669 4666 4672
6776 6 2 300 1 4669 4666 4672 2658 2657 2659
6777 6 2 300 1 891 888 1087 4214 4205 4802
6778 6 2 300 1 4214 4205 4802 4215 4206 4803
6779 6 2 300 1 4215 4206 4803 4216 4207 4804
6780 6 2 300 1 4216 4207 4804 2507 2504 2703
6781 6 2 300 1 113 114 1059 2061 2064 4718
6782 6 2 300 1 2061 2064 4718 2062 2065 4719
6783 6 2 300 1 2062 2065 4719 2063 2066 4720
6784 6 2 300 1 2063 2066 4720 478 479 2675
6785 6 2 300 1 91 92 803 1995 1998 3950
6786 6 2 300 1 1995 1998 3950 1996 1999 3951
6787 6 2 300 1 1996 1999 3951 1997 2000 3952
6788 6 2 300 1 1997 2000 3952 456 457 2419
6789 6 2 300 1 116 117 833 2070 2073 4040
6790 6 2 300 1 2070 2073 4040 2071 2074 4041
6791 6 2 300 1 2071 2074 4041 2072 2075 4042
6792 6 2 300 1 2072 2075 4042 481 482 2449
6793 6 2 300 1 804 54 1118 3953 1884 4895
6794 6 2 300 1 3953 1884 4895 3954 1885 4896
6795 6 2 300 1 3954 1885 4896 3955 1886 4897
6796 6 2 300 1 3955 1886 4897 2420 419 2734
6797 6 2 300 1 1023 1022 1024 4610 4607 4613
6798 6 2 300 1 4610 4607 4613 4611 4608 4614
6799 6 2 300 1 4611 4608 4614 4612 4609 4615
6800 6 2 300 1 4612 4609 4615 2639 2638 2640
6801 6 2 300 1 870 865 871 4151 4136 4154
6802 6 2 300 1 4151 4136 4154 4152 4137 4155
6803 6 2 300 1 4152 4137 4155 4153 4138 4156
6804 6 2 300 1 4153 4138 4156 2486 2481 2487
6805 6 2 300 1 218 837 1091 2376 4052 4814
6806 6 2 300 1 2376 4052 4814 2377 4053 4815
6807 6 2 300 1 2377 4053 4815 2378 4054 4816
6808 6 2 300 1 2378 4054 4816 583 2453 2707
6809 6 2 300 1 1025 1024 1026 4616 4613 4619
6810 6 2 300 1 4616 4613 4619 4617 4614 4620
6811 6 2 300 1 4617 4614 4620 4618 4615 4621
6812 6 2 300 1 4618 4615 4621 2641 2640 2642
6813 6 2 300 1 1109 836 1112 4868 4049 4877
6814 6 2 300 1 4868 4049 4877 4869 4050 4878
6815 6 2 300 1 4869 4050 4878 4870 4051 4879
6816 6 2 300 1 4870 4051 4879 2725 2452 2728
6817 6 2 300 1 105 106 824 2037 2040 4013
6818 6 2 300 1 2037 2040 4013 2038 2041 4014
6819 6 2 300 1 2038 2041 4014 2039 2042 4015
6820 6 2 300 1 2039 2042 4015 470 471 2440
6821 6 2 300 1 100 101 1090 2022 2025 4811
6822 6 2 300 1 2022 2025 4811 2023 2026 4812
6823 6 2 300 1 2023 2026 4812 2024 2027 4813
6824 6 2 300 1 2024 2027 4813 465 466 2706
6825 6 2 300 1 832 215 1092 4037 2367 4817
6826 6 2 300 1 4037 2367 4817 4038 2368 4818
6827 6 2 300 1 4038 2368 4818 4039 2369 4819
6828 6 2 300 1 4039 2369 4819 2448 580 2708
6829 6 2 300 1 850 113 1059 4091 2061 4718
6830 6 2 300 1 4091 2061 4718 4092 2062 4719
6831 6 2 300 1 4092 2062 4719 4093 2063 4720
6832 6 2 300 1 4093 2063 4720 2466 478 2675
6833 6 2 300 1 810 100 1090 3971 2022 4811
6834 6 2 300 1 3971 2022 4811 3972 2023 4812
6835 6 2 300 1 3972 2023 4812 3973 2024 4813
6836 6 2 300 1 3973 2024 4813 2426 465 2706
6837 6 2 300 1 1021 1022 1023 4604 4607 4610
6838 6 2 300 1 4604 4607 4610 4605 4608 4611
6839 6 2 300 1 4605 4608 4611 4606 4609 4612
6840 6 2 300 1 4606 4609 4612 2637 2638 2639
6841 6 2 300 1 71 72 1081 1935 1938 4784
6842 6 2 300 1 1935 1938 4784 1936 1939 4785
6843 6 2 300 1 1936 1939 4785 1937 1940 4786
6844 6 2 300 1 1937 1940 4786 436 437 2697
6845 6 2 300 1 889 888 891 4208 4205 4214
6846 6 2 300 1 4208 4205 4214 4209 4206 4215
6847 6 2 300 1 4209 4206 4215 4210 4207 4216
6848 6 2 300 1 4210 4207 4216 2505 2504 2507
6849 6 2 300 1 892 891 895 4217 4214 4226
6850 6 2 300 1 4217 4214 4226 4218 4215 4227
6851 6 2 300 1 4218 4215 4227 4219 4216 4228
6852 6 2 300 1 4219 4216 4228 2508 2507 2511
6853 6 2 300 1 835 1097 1098 4046 4832 4835
6854 6 2 300 1 4046 4832 4835 4047 4833 4836
6855 6 2 300 1 4047 4833 4836 4048 4834 4837
6856 6 2 300 1 4048 4834 4837 2451 2713 2714
6857 6 2 300 1 1092 839 1093 4817 4058 4820
6858 6 2 300 1 4817 4058 4820 4818 4059 4821
6859 6 2 300 1 4818 4059 4821 4819 4060 4822
6860 6 2 300 1 4819 4060 4822 2708 2455 2709
6861 6 2 300 1 134 135 787 2124 2127 3902
6862 6 2 300 1 2124 2127 3902 2125 2128 3903
6863 6 2 300 1 2125 2128 3903 2126 2129 3904
6864 6 2 300 1 2126 2129 3904 499 500 2403
6865 6 2 300 1 214 832 1115 2364 4037 4886
6866 6 2 300 1 2364 4037 4886 2365 4038 4887
6867 6 2 300 1 2365 4038 4887 2366 4039 4888
6868 6 2 300 1 2366 4039 4888 579 2448 2731
6869 6 2 300 1 836 36 1122 4049 1830 4907
6870 6 2 300 1 4049 1830 4907 4050 1831 4908
6871 6 2 300 1 4050 1831 4908 4051 1832 4909
6872 6 2 300 1 4051 1832 4909 2452 401 2738
6873 6 2 300 1 207 208 1129 2343 2346 4928
6874 6 2 300 1 2343 2346 4928 2344 2347 4929
6875 6 2 300 1 2344 2347 4929 2345 2348 4930
6876 6 2 300 1 2345 2348 4930 572 573 2745
6877 6 2 300 1 1082 783 1083 4787 3890 4790
6878 6 2 300 1 4787 3890 4790 4788 3891 4791
6879 6 2 300 1 4788 3891 4791 4789 3892 4792
6880 6 2 300 1 4789 3892 4792 2698 2399 2699
6881 6 2 300 1 1027 1026 1028 4622 4619 4625
6882 6 2 300 1 4622 4619 4625 4623 4620 4626
6883 6 2 300 1 4623 4620 4626 4624 4621 4627
6884 6 2 300 1 4624 4621 4627 2643 2642 2644
6885 6 2 300 1 73 74 1078 1941 1944 4775
6886 6 2 300 1 1941 1944 4775 1942 1945 4776
6887 6 2 300 1 1942 1945 4776 1943 1946 4777
6888 6 2 300 1 1943 1946 4777 438 439 2694
6889 6 2 300 1 835 38 1097 4046 1836 4832
6890 6 2 300 1 4046 1836 4832 4047 1837 4833
6891 6 2 300 1 4047 1837 4833 4048 1838 4834
6892 6 2 300 1 4048 1838 4834 2451 403 2713
6893 6 2 300 1 197 198 831 2313 2316 4034
6894 6 2 300 1 2313 2316 4034 2314 2317 4035
6895 6 2 300 1 2314 2317 4035 2315 2318 4036
6896 6 2 300 1 2315 2318 4036 562 563 2447
6897 6 2 300 1 105 824 1105 2037 4013 4856
6898 6 2 300 1 2037 4013 4856 2038 4014 4857
6899 6 2 300 1 2038 4014 4857 2039 4015 4858
6900 6 2 300 1 2039 4015 4858 470 2440 2721
6901 6 2 300 1 35 836 1109 1827 4049 4868
6902 6 2 300 1 1827 4049 4868 1828 4050 4869
6903 6 2 300 1 1828 4050 4869 1829 4051 4870
6904 6 2 300 1 1829 4051 4870 400 2452 2725
6905 6 2 300 1 197 831 1142 2313 4034 4967
6906 6 2 300 1 2313 4034 4967 2314 4035 4968
6907 6 2 300 1 2314 4035 4968 2315 4036 4969
6908 6 2 300 1 2315 4036 4969 562 2447 2758
6909 6 2 300 1 835 1099 1122 4046 4838 4907
6910 6 2 300 1 4046 4838 4907 4047 4839 4908
6911 6 2 300 1 4047 4839 4908 4048 4840 4909
6912 6 2 300 1 4048 4840 4909 2451 2715 2738
6913 6 2 300 1 862 63 1106 4127 1911 4859
6914 6 2 300 1 4127 1911 4859 4128 1912 4860
6915 6 2 300 1 4128 1912 4860 4129 1913 4861
6916 6 2 300 1 4129 1913 4861 2478 428 2722
6917 6 2 300 1 802 90 1108 3947 1992 4865
6918 6 2 300 1 3947 1992 4865 3948 1993 4866
6919 6 2 300 1 3948 1993 4866 3949 1994 4867
6920 6 2 300 1 3949 1994 4867 2418 455 2724
6921 6 2 300 1 72 816 1081 1938 3989 4784
6922 6 2 300 1 1938 3989 4784 1939 3990 4785
6923 6 2 300 1 1939 3990 4785 1940 3991 4786
6924 6 2 300 1 1940 3991 4786 437 2432 2697
6925 6 2 300 1 1099 1098 1100 4838 4835 4841
6926 6 2 300 1 4838 4835 4841 4839 4836 4842
6927 6 2 300 1 4839 4836 4842 4840 4837 4843
6928 6 2 300 1 4840 4837 4843 2715 2714 2716
6929 6 2 300 1 864 59 1114 4133 1899 4883
6930 6 2 300 1 4133 1899 4883 4134 1900 4884
6931 6 2 300 1 4134 1900 4884 4135 1901 4885
6932 6 2 300 1 4135 1901 4885 2480 424 2730
6933 6 2 300 1 60 61 863 1902 1905 4130
6934 6 2 300 1 1902 1905 4130 1903 1906 4131
6935 6 2 300 1 1903 1906 4131 1904 1907 4132
6936 6 2 300 1 1904 1907 4132 425 426 2479
6937 6 2 300 1 1099 1103 1122 4838 4850 4907
6938 6 2 300 1 4838 4850 4907 4839 4851 4908
6939 6 2 300 1 4839 4851 4908 4840 4852 4909
6940 6 2 300 1 4840 4852 4909 2715 2719 2738
6941 6 2 300 1 839 217 1091 4058 2373 4814
6942 6 2 300 1 4058 2373 4814 4059 2374 4815
6943 6 2 300 1 4059 2374 4815 4060 2375 4816
6944 6 2 300 1 4060 2375 4816 2455 582 2707
6945 6 2 300 1 209 210 1064 2349 2352 4733
6946 6 2 300 1 2349 2352 4733 2350 2353 4734
6947 6 2 300 1 2350 2353 4734 2351 2354 4735
6948 6 2 300 1 2351 2354 4735 574 575 2680
6949 6 2 300 1 786 207 1129 3899 2343 4928
6950 6 2 300 1 3899 2343 4928 3900 2344 4929
6951 6 2 300 1 3900 2344 4929 3901 2345 4930
6952 6 2 300 1 3901 2345 4930 2402 572 2745
6953 6 2 300 1 216 839 1092 2370 4058 4817
6954 6 2 300 1 2370 4058 4817 2371 4059 4818
6955 6 2 300 1 2371 4059 4818 2372 4060 4819
6956 6 2 300 1 2372 4060 4819 581 2455 2708
6957 6 2 300 1 990 1050 1155 4511 4691 5006
6958 6 2 300 1 4511 4691 5006 4512 4692 5007
6959 6 2 300 1 4512 4692 5007 4513 4693 5008
6960 6 2 300 1 4513 4693 5008 2606 2666 2771
6961 6 2 300 1 62 862 1116 1908 4127 4889
6962 6 2 300 1 1908 4127 4889 1909 4128 4890
6963 6 2 300 1 1909 4128 4890 1910 4129 4891
6964 6 2 300 1 1910 4129 4891 427 2478 2732
6965 6 2 300 1 872 871 873 4157 4154 4160
6966 6 2 300 1 4157 4154 4160 4158 4155 4161
6967 6 2 300 1 4158 4155 4161 4159 4156 4162
6968 6 2 300 1 4159 4156 4162 2488 2487 2489
6969 6 2 300 1 112 113 850 2058 2061 4091
6970 6 2 300 1 2058 2061 4091 2059 2062 4092
6971 6 2 300 1 2059 2062 4092 2060 2063 4093
6972 6 2 300 1 2060 2063 4093 477 478 2466
6973 6 2 300 1 64 65 861 1914 1917 4124
6974 6 2 300 1 1914 1917 4124 1915 1918 4125
6975 6 2 300 1 1915 1918 4125 1916 1919 4126
6976 6 2 300 1 1916 1919 4126 429 430 2477
6977 6 2 300 1 889 891 892 4208 4214 4217
6978 6 2 300 1 4208 4214 4217 4209 4215 4218
6979 6 2 300 1 4209 4215 4218 4210 4216 4219
6980 6 2 300 1 4210 4216 4219 2505 2507 2508
6981 6 2 300 1 211 212 843 2355 2358 4070
6982 6 2 300 1 2355 2358 4070 2356 2359 4071
6983 6 2 300 1 2356 2359 4071 2357 2360 4072
6984 6 2 300 1 2357 2360 4072 576 577 2459
6985 6 2 300 1 1001 1000 1002 4544 4541 4547
6986 6 2 300 1 4544 4541 4547 4545 4542 4548
6987 6 2 300 1 4545 4542 4548 4546 4543 4549
6988 6 2 300 1 4546 4543 4549 2617 2616 2618
6989 6 2 300 1 835 1098 1099 4046 4835 4838
6990 6 2 300 1 4046 4835 4838 4047 4836 4839
6991 6 2 300 1 4047 4836 4839 4048 4837 4840
6992 6 2 300 1 4048 4837 4840 2451 2714 2715
6993 6 2 300 1 90 91 1108 1992 1995 4865
6994 6 2 300 1 1992 1995 4865 1993 1996 4866
6995 6 2 300 1 1993 1996 4866 1994 1997 4867
6996 6 2 300 1 1994 1997 4867 455 456 2724
6997 6 2 300 1 893 892 894 4220 4217 4223
6998 6 2 300 1 4220 4217 4223 4221 4218 4224
6999 6 2 300 1 4221 4218 4224 4222 4219 4225
7000 6 2 300 1 4222 4219 4225 2509 2508 2510
7001 6 2 300 1 218 219 837 2376 2379 4052
7002 6 2 300 1 2376 2379 4052 2377 2380 4053
7003 6 2 300 1 2377 2380 4053 2378 2381 4054
7004 6 2 300 1 2378 2381 4054 583 584 2453
7005 6 2 300 1 816 73 1078 3989 1941 4775
7006 6 2 300 1 3989 1941 4775 3990 1942 4776
7007 6 2 300 1 3990 1942 4776 3991 1943 4777
7008 6 2 300 1 3991 1943 4777 2432 438 2694
7009 6 2 300 1 999 998 1000 4538 4535 4541
7010 6 2 300 1 4538 4535 4541 4539 4536 4542
7011 6 2 300 1 4539 4536 4542 4540 4537 4543
7012 6 2 300 1 4540 4537 4543 2615 2614 2616
7013 6 2 300 1 1019 1018 1020 4598 4595 4601
7014 6 2 300 1 4598 4595 4601 4599 4596 4602
7015 6 2 300 1 4599 4596 4602 4600 4597 4603
7016 6 2 300 1 4600 4597 4603 2635 2634 2636
7017 6 2 300 1 1099 1100 1101 4838 4841 4844
7018 6 2 300 1 4838 4841 4844 4839 4842 4845
7019 6 2 300 1 4839 4842 4845 4840 4843 4846
7020 6 2 300 1 4840 4843 4846 2715 2716 2717
7021 6 2 300 1 127 796 1119 2103 3929 4898
7022 6 2 300 1 2103 3929 4898 2104 3930 4899
7023 6 2 300 1 2104 3930 4899 2105 3931 4900
7024 6 2 300 1 2105 3931 4900 492 2412 2735
7025 6 2 300 1 1110 1109 1112 4871 4868 4877
7026 6 2 300 1 4871 4868 4877 4872 4869 4878
7027 6 2 300 1 4872 4869 4878 4873 4870 4879
7028 6 2 300 1 4873 4870 4879 2726 2725 2728
7029 6 2 300 1 146 147 847 2160 2163 4082
7030 6 2 300 1 2160 2163 4082 2161 2164 4083
7031 6 2 300 1 2161 2164 4083 2162 2165 4084
7032 6 2 300 1 2162 2165 4084 511 512 2463
7033 6 2 300 1 789 1065 1067 3908 4736 4742
7034 6 2 300 1 3908 4736 4742 3909 4737 4743
7035 6 2 300 1 3909 4737 4743 3910 4738 4744
7036 6 2 300 1 3910 4738 4744 2405 2681 2683
7037 6 2 300 1 896 894 897 4229 4223 4232
7038 6 2 300 1 4229 4223 4232 4230 4224 4233
7039 6 2 300 1 4230 4224 4233 4231 4225 4234
7040 6 2 300 1 4231 4225 4234 2512 2510 2513
7041 6 2 300 1 214 215 832 2364 2367 4037
7042 6 2 300 1 2364 2367 4037 2365 2368 4038
7043 6 2 300 1 2365 2368 4038 2366 2369 4039
7044 6 2 300 1 2366 2369 4039 579 580 2448
7045 6 2 300 1 216 217 839 2370 2373 4058
7046 6 2 300 1 2370 2373 4058 2371 2374 4059
7047 6 2 300 1 2371 2374 4059 2372 2375 4060
7048 6 2 300 1 2372 2375 4060 581 582 2455
7049 6 2 300 1 55 813 1118 1887 3980 4895
7050 6 2 300 1 1887 3980 4895 1888 3981 4896
7051 6 2 300 1 1888 3981 4896 1889 3982 4897
7052 6 2 300 1 1889 3982 4897 420 2429 2734
7053 6 2 300 1 213 214 1115 2361 2364 4886
7054 6 2 300 1 2361 2364 4886 2362 2365 4887
7055 6 2 300 1 2362 2365 4887 2363 2366 4888
7056 6 2 300 1 2363 2366 4888 578 579 2731
7057 6 2 300 1 988 987 989 4505 4502 4508
7058 6 2 300 1 4505 4502 4508 4506 4503 4509
7059 6 2 300 1 4506 4503 4509 4507 4504 4510
7060 6 2 300 1 4507 4504 4510 2604 2603 2605
7061 6 2 300 1 876 874 877 4169 4163 4172
7062 6 2 300 1 4169 4163 4172 4170 4164 4173
7063 6 2 300 1 4170 4164 4173 4171 4165 4174
7064 6 2 300 1 4171 4165 4174 2492 2490 2493
7065 6 2 300 1 1021 1020 1022 4604 4601 4607
7066 6 2 300 1 4604 4601 4607 4605 4602 4608
7067 6 2 300 1 4605 4602 4608 4606 4603 4609
7068 6 2 300 1 4606 4603 4609 2637 2636 2638
7069 6 2 300 1 33 34 838 1821 1824 4055
7070 6 2 300 1 1821 1824 4055 1822 1825 4056
7071 6 2 300 1 1822 1825 4056 1823 1826 4057
7072 6 2 300 1 1823 1826 4057 398 399 2454
7073 6 2 300 1 1083 783 1084 4790 3890 4793
7074 6 2 300 1 4790 3890 4793 4791 3891 4794
7075 6 2 300 1 4791 3891 4794 4792 3892 4795
7076 6 2 300 1 4792 3892 4795 2699 2399 2700
7077 6 2 300 1 39 834 1097 1839 4043 4832
7078 6 2 300 1 1839 4043 4832 1840 4044 4833
7079 6 2 300 1 1840 4044 4833 1841 4045 4834
7080 6 2 300 1 1841 4045 4834 404 2450 2713
7081 6 2 300 1 136 137 858 2130 2133 4115
7082 6 2 300 1 2130 2133 4115 2131 2134 4116
7083 6 2 300 1 2131 2134 4116 2132 2135 4117
7084 6 2 300 1 2132 2135 4117 501 502 2474
7085 6 2 300 1 1100 1098 1102 4841 4835 4847
7086 6 2 300 1 4841 4835 4847 4842 4836 4848
7087 6 2 300 1 4842 4836 4848 4843 4837 4849
7088 6 2 300 1 4843 4837 4849 2716 2714 2718
7089 6 2 300 1 995 994 996 4526 4523 4529
7090 6 2 300 1 4526 4523 4529 4527 4524 4530
7091 6 2 300 1 4527 4524 4530 4528 4525 4531
7092 6 2 300 1 4528 4525 4531 2611 2610 2612
7093 6 2 300 1 983 1051 1154 4490 4694 5003
7094 6 2 300 1 4490 4694 5003 4491 4695 5004
7095 6 2 300 1 4491 4695 5004 4492 4696 5005
7096 6 2 300 1 4492 4696 5005 2599 2667 2770
7097 6 2 300 1 838 34 1109 4055 1824 4868
7098 6 2 300 1 4055 1824 4868 4056 1825 4869
7099 6 2 300 1 4056 1825 4869 4057 1826 4870
7100 6 2 300 1 4057 1826 4870 2454 399 2725
7101 6 2 300 1 1040 1039 1041 4661 4658 4664
7102 6 2 300 1 4661 4658 4664 4662 4659 4665
7103 6 2 300 1 4662 4659 4665 4663 4660 4666
7104 6 2 300 1 4663 4660 4666 2656 2655 2657
7105 6 2 300 1 42 43 788 1848 1851 3905
7106 6 2 300 1 1848 1851 3905 1849 1852 3906
7107 6 2 300 1 1849 1852 3906 1850 1853 3907
7108 6 2 300 1 1850 1853 3907 407 408 2404
7109 6 2 300 1 1017 1016 1018 4592 4589 4595
7110 6 2 300 1 4592 4589 4595 4593 4590 4596
7111 6 2 300 1 4593 4590 4596 4594 4591 4597
7112 6 2 300 1 4594 4591 4597 2633 2632 2634
7113 6 2 300 1 148 149 846 2166 2169 4079
7114 6 2 300 1 2166 2169 4079 2167 2170 4080
7115 6 2 300 1 2167 2170 4080 2168 2171 4081
7116 6 2 300 1 2168 2171 4081 513 514 2462
7117 6 2 300 1 193 194 845 2301 2304 4076
7118 6 2 300 1 2301 2304 4076 2302 2305 4077
7119 6 2 300 1 2302 2305 4077 2303 2306 4078
7120 6 2 300 1 2303 2306 4078 558 559 2461
7121 6 2 300 1 195 196 841 2307 2310 4064
7122 6 2 300 1 2307 2310 4064 2308 2311 4065
7123 6 2 300 1 2308 2311 4065 2309 2312 4066
7124 6 2 300 1 2309 2312 4066 560 561 2457
7125 6 2 300 1 67 68 826 1923 1926 4019
7126 6 2 300 1 1923 1926 4019 1924 1927 4020
7127 6 2 300 1 1924 1927 4020 1925 1928 4021
7128 6 2 300 1 1925 1928 4021 432 433 2442
7129 6 2 300 1 191 192 848 2295 2298 4085
7130 6 2 300 1 2295 2298 4085 2296 2299 4086
7131 6 2 300 1 2296 2299 4086 2297 2300 4087
7132 6 2 300 1 2297 2300 4087 556 557 2464
7133 6 2 300 1 189 190 851 2289 2292 4094
7134 6 2 300 1 2289 2292 4094 2290 2293 4095
7135 6 2 300 1 2290 2293 4095 2291 2294 4096
7136 6 2 300 1 2291 2294 4096 554 555 2467
7137 6 2 300 1 993 991 994 4520 4514 4523
7138 6 2 300 1 4520 4514 4523 4521 4515 4524
7139 6 2 300 1 4521 4515 4524 4522 4516 4525
7140 6 2 300 1 4522 4516 4525 2609 2607 2610
7141 6 2 300 1 74 75 817 1944 1947 3992
7142 6 2 300 1 1944 1947 3992 1945 1948 3993
7143 6 2 300 1 1945 1948 3993 1946 1949 3994
7144 6 2 300 1 1946 1949 3994 439 440 2433
7145 6 2 300 1 1038 1039 1040 4655 4658 4661
7146 6 2 300 1 4655 4658 4661 4656 4659 4662
7147 6 2 300 1 4656 4659 4662 4657 4660 4663
7148 6 2 300 1 4657 4660 4663 2654 2655 2656
7149 6 2 300 1 92 93 1121 1998 2001 4904
7150 6 2 300 1 1998 2001 4904 1999 2002 4905
7151 6 2 300 1 1999 2002 4905 2000 2003 4906
7152 6 2 300 1 2000 2003 4906 457 458 2737
7153 6 2 300 1 34 35 1109 1824 1827 4868
7154 6 2 300 1 1824 1827 4868 1825 1828 4869
7155 6 2 300 1 1825 1828 4869 1826 1829 4870
7156 6 2 300 1 1826 1829 4870 399 400 2725
7157 6 2 300 1 39 40 834 1839 1842 4043
7158 6 2 300 1 1839 1842 4043 1840 1843 4044
7159 6 2 300 1 1840 1843 4044 1841 1844 4045
7160 6 2 300 1 1841 1844 4045 404 405 2450
7161 6 2 300 1 37 38 835 1833 1836 4046
7162 6 2 300 1 1833 1836 4046 1834 1837 4047
7163 6 2 300 1 1834 1837 4047 1835 1838 4048
7164 6 2 300 1 1835 1838 4048 402 403 2451
7165 6 2 300 1 35 36 836 1827 1830 4049
7166 6 2 300 1 1827 1830 4049 1828 1831 4050
7167 6 2 300 1 1828 1831 4050 1829 1832 4051
7168 6 2 300 1 1829 1832 4051 400 401 2452
7169 6 2 300 1 129 130 828 2109 2112 4025
7170 6 2 300 1 2109 2112 4025 2110 2113 4026
7171 6 2 300 1 2110 2113 4026 2111 2114 4027
7172 6 2 300 1 2111 2114 4027 494 495 2444
7173 6 2 300 1 997 996 998 4532 4529 4535
7174 6 2 300 1 4532 4529 4535 4533 4530 4536
7175 6 2 300 1 4533 4530 4536 4534 4531 4537
7176 6 2 300 1 4534 4531 4537 2613 2612 2614
7177 6 2 300 1 990 989 991 4511 4508 4514
7178 6 2 300 1 4511 4508 4514 4512 4509 4515
7179 6 2 300 1 4512 4509 4515 4513 4510 4516
7180 6 2 300 1 4513 4510 4516 2606 2605 2607
7181 6 2 300 1 898 897 899 4235 4232 4238
7182 6 2 300 1 4235 4232 4238 4236 4233 4239
7183 6 2 300 1 4236 4233 4239 4237 4234 4240
7184 6 2 300 1 4237 4234 4240 2514 2513 2515
7185 6 2 300 1 1003 1002 1004 4550 4547 4553
7186 6 2 300 1 4550 4547 4553 4551 4548 4554
7187 6 2 300 1 4551 4548 4554 4552 4549 4555
7188 6 2 300 1 4552 4549 4555 2619 2618 2620
7189 6 2 300 1 838 1109 1110 4055 4868 4871
7190 6 2 300 1 4055 4868 4871 4056 4869 4872
7191 6 2 300 1 4056 4869 4872 4057 4870 4873
7192 6 2 300 1 4057 4870 4873 2454 2725 2726
7193 6 2 300 1 217 218 1091 2373 2376 4814
7194 6 2 300 1 2373 2376 4814 2374 2377 4815
7195 6 2 300 1 2374 2377 4815 2375 2378 4816
7196 6 2 300 1 2375 2378 4816 582 583 2707
7197 6 2 300 1 806 104 1105 3959 2034 4856
7198 6 2 300 1 3959 2034 4856 3960 2035 4857
7199 6 2 300 1 3960 2035 4857 3961 2036 4858
7200 6 2 300 1 3961 2036 4858 2422 469 2721
7201 6 2 300 1 101 102 814 2025 2028 3983
7202 6 2 300 1 2025 2028 3983 2026 2029 3984
7203 6 2 300 1 2026 2029 3984 2027 2030 3985
7204 6 2 300 1 2027 2030 3985 466 467 2430
7205 6 2 300 1 208 789 1129 2346 3908 4928
7206 6 2 300 1 2346 3908 4928 2347 3909 4929
7207 6 2 300 1 2347 3909 4929 2348 3910 4930
7208 6 2 300 1 2348 3910 4930 573 2405 2745
7209 6 2 300 1 215 216 1092 2367 2370 4817
7210 6 2 300 1 2367 2370 4817 2368 2371 4818
7211 6 2 300 1 2368 2371 4818 2369 2372 4819
7212 6 2 300 1 2369 2372 4819 580 581 2708
7213 6 2 300 1 831 888 889 4034 4205 4208
7214 6 2 300 1 4034 4205 4208 4035 4206 4209
7215 6 2 300 1 4035 4206 4209 4036 4207 4210
7216 6 2 300 1 4036 4207 4210 2447 2504 2505
7217 6 2 300 1 150 151 844 2172 2175 4073
7218 6 2 300 1 2172 2175 4073 2173 2176 4074
7219 6 2 300 1 2173 2176 4074 2174 2177 4075
7220 6 2 300 1 2174 2177 4075 515 516 2460
7221 6 2 300 1 138 139 856 2136 2139 4109
7222 6 2 300 1 2136 2139 4109 2137 2140 4110
7223 6 2 300 1 2137 2140 4110 2138 2141 4111
7224 6 2 300 1 2138 2141 4111 503 504 2472
7225 6 2 300 1 972 1052 1153 4457 4697 5000
7226 6 2 300 1 4457 4697 5000 4458 4698 5001
7227 6 2 300 1 4458 4698 5001 4459 4699 5002
7228 6 2 300 1 4459 4699 5002 2588 2668 2769
7229 6 2 300 1 97 805 1120 2013 3956 4901
7230 6 2 300 1 2013 3956 4901 2014 3957 4902
7231 6 2 300 1 2014 3957 4902 2015 3958 4903
7232 6 2 300 1 2015 3958 4903 462 2421 2736
7233 6 2 300 1 63 64 1106 1911 1914 4859
7234 6 2 300 1 1911 1914 4859 1912 1915 4860
7235 6 2 300 1 1912 1915 4860 1913 1916 4861
7236 6 2 300 1 1913 1916 4861 428 429 2722
7237 6 2 300 1 58 59 864 1896 1899 4133
7238 6 2 300 1 1896 1899 4133 1897 1900 4134
7239 6 2 300 1 1897 1900 4134 1898 1901 4135
7240 6 2 300 1 1898 1901 4135 423 424 2480
7241 6 2 300 1 144 145 853 2154 2157 4100
7242 6 2 300 1 2154 2157 4100 2155 2158 4101
7243 6 2 300 1 2155 2158 4101 2156 2159 4102
7244 6 2 300 1 2156 2159 4102 509 510 2469
7245 6 2 300 1 62 63 862 1908 1911 4127
7246 6 2 300 1 1908 1911 4127 1909 1912 4128
7247 6 2 300 1 1909 1912 4128 1910 1913 4129
7248 6 2 300 1 1910 1913 4129 427 428 2478
7249 6 2 300 1 33 838 1127 1821 4055 4922
7250 6 2 300 1 1821 4055 4922 1822 4056 4923
7251 6 2 300 1 1822 4056 4923 1823 4057 4924
7252 6 2 300 1 1823 4057 4924 398 2454 2743
7253 6 2 300 1 38 39 1097 1836 1839 4832
7254 6 2 300 1 1836 1839 4832 1837 1840 4833
7255 6 2 300 1 1837 1840 4833 1838 1841 4834
7256 6 2 300 1 1838 1841 4834 403 404 2713
7257 6 2 300 1 900 899 901 4241 4238 4244
7258 6 2 300 1 4241 4238 4244 4242 4239 4245
7259 6 2 300 1 4242 4239 4245 4243 4240 4246
7260 6 2 300 1 4243 4240 4246 2516 2515 2517
7261 6 2 300 1 59 60 1114 1899 1902 4883
7262 6 2 300 1 1899 1902 4883 1900 1903 4884
7263 6 2 300 1 1900 1903 4884 1901 1904 4885
7264 6 2 300 1 1901 1904 4885 424 425 2730
7265 6 2 300 1 61 62 1116 1905 1908 4889
7266 6 2 300 1 1905 1908 4889 1906 1909 4890
7267 6 2 300 1 1906 1909 4890 1907 1910 4891
7268 6 2 300 1 1907 1910 4891 426 427 2732
7269 6 2 300 1 803 92 1121 3950 1998 4904
7270 6 2 300 1 3950 1998 4904 3951 1999 4905
7271 6 2 300 1 3951 1999 4905 3952 2000 4906
7272 6 2 300 1 3952 2000 4906 2419 457 2737
7273 6 2 300 1 986 987 988 4499 4502 4505
7274 6 2 300 1 4499 4502 4505 4500 4503 4506
7275 6 2 300 1 4500 4503 4506 4501 4504 4507
7276 6 2 300 1 4501 4504 4507 2602 2603 2604
7277 6 2 300 1 986 984 987 4499 4493 4502
7278 6 2 300 1 4499 4493 4502 4500 4494 4503
7279 6 2 300 1 4500 4494 4503 4501 4495 4504
7280 6 2 300 1 4501 4495 4504 2602 2600 2603
7281 6 2 300 1 93 797 1121 2001 3932 4904
7282 6 2 300 1 2001 3932 4904 2002 3933 4905
7283 6 2 300 1 2002 3933 4905 2003 3934 4906
7284 6 2 300 1 2003 3934 4906 458 2413 2737
7285 6 2 300 1 908 907 909 4265 4262 4268
7286 6 2 300 1 4265 4262 4268 4266 4263 4269
7287 6 2 300 1 4266 4263 4269 4267 4264 4270
7288 6 2 300 1 4267 4264 4270 2524 2523 2525
7289 6 2 300 1 1019 1020 1021 4598 4601 4604
7290 6 2 300 1 4598 4601 4604 4599 4602 4605
7291 6 2 300 1 4599 4602 4605 4600 4603 4606
7292 6 2 300 1 4600 4603 4606 2635 2636 2637
7293 6 2 300 1 1103 1101 1104 4850 4844 4853
7294 6 2 300 1 4850 4844 4853 4851 4845 4854
7295 6 2 300 1 4851 4845 4854 4852 4846 4855
7296 6 2 300 1 4852 4846 4855 2719 2717 2720
7297 6 2 300 1 902 901 903 4247 4244 4250
7298 6 2 300 1 4247 4244 4250 4248 4245 4251
7299 6 2 300 1 4248 4245 4251 4249 4246 4252
7300 6 2 300 1 4249 4246 4252 2518 2517 2519
7301 6 2 300 1 904 903 905 4253 4250 4256
7302 6 2 300 1 4253 4250 4256 4254 4251 4257
7303 6 2 300 1 4254 4251 4257 4255 4252 4258
7304 6 2 300 1 4255 4252 4258 2520 2519 2521
7305 6 2 300 1 942 943 944 4367 4370 4373
7306 6 2 300 1 4367 4370 4373 4368 4371 4374
7307 6 2 300 1 4368 4371 4374 4369 4372 4375
7308 6 2 300 1 4369 4372 4375 2558 2559 2560
7309 6 2 300 1 906 905 907 4259 4256 4262
7310 6 2 300 1 4259 4256 4262 4260 4257 4263
7311 6 2 300 1 4260 4257 4263 4261 4258 4264
7312 6 2 300 1 4261 4258 4264 2522 2521 2523
7313 6 2 300 1 944 943 945 4373 4370 4376
7314 6 2 300 1 4373 4370 4376 4374 4371 4377
7315 6 2 300 1 4374 4371 4377 4375 4372 4378
7316 6 2 300 1 4375 4372 4378 2560 2559 2561
7317 6 2 300 1 99 100 810 2019 2022 3971
7318 6 2 300 1 2019 2022 3971 2020 2023 3972
7319 6 2 300 1 2020 2023 3972 2021 2024 3973
7320 6 2 300 1 2021 2024 3973 464 465 2426
7321 6 2 300 1 1013 1012 1014 4580 4577 4583
7322 6 2 300 1 4580 4577 4583 4581 4578 4584
7323 6 2 300 1 4581 4578 4584 4582 4579 4585
7324 6 2 300 1 4582 4579 4585 2629 2628 2630
7325 6 2 300 1 60 863 1114 1902 4130 4883
7326 6 2 300 1 1902 4130 4883 1903 4131 4884
7327 6 2 300 1 1903 4131 4884 1904 4132 4885
7328 6 2 300 1 1904 4132 4885 425 2479 2730
7329 6 2 300 1 64 861 1106 1914 4124 4859
7330 6 2 300 1 1914 4124 4859 1915 4125 4860
7331 6 2 300 1 1915 4125 4860 1916 4126 4861
7332 6 2 300 1 1916 4126 4861 429 2477 2722
7333 6 2 300 1 893 894 896 4220 4223 4229
7334 6 2 300 1 4220 4223 4229 4221 4224 4230
7335 6 2 300 1 4221 4224 4230 4222 4225 4231
7336 6 2 300 1 4222 4225 4231 2509 2510 2512
7337 6 2 300 1 944 945 946 4373 4376 4379
7338 6 2 300 1 4373 4376 4379 4374 4377 4380
7339 6 2 300 1 4374 4377 4380 4375 4378 4381
7340 6 2 300 1 4375 4378 4381 2560 2561 2562
7341 6 2 300 1 142 143 857 2148 2151 4112
7342 6 2 300 1 2148 2151 4112 2149 2152 4113
7343 6 2 300 1 2149 2152 4113 2150 2153 4114
7344 6 2 300 1 2150 2153 4114 507 508 2473
7345 6 2 300 1 1015 1014 1016 4586 4583 4589
7346 6 2 300 1 4586 4583 4589 4587 4584 4590
7347 6 2 300 1 4587 4584 4590 4588 4585 4591
7348 6 2 300 1 4588 4585 4591 2631 2630 2632
7349 6 2 300 1 140 141 859 2142 2145 4118
7350 6 2 300 1 2142 2145 4118 2143 2146 4119
7351 6 2 300 1 2143 2146 4119 2144 2147 4120
7352 6 2 300 1 2144 2147 4120 505 506 2475
7353 6 2 300 1 988 989 990 4505 4508 4511
7354 6 2 300 1 4505 4508 4511 4506 4509 4512
7355 6 2 300 1 4506 4509 4512 4507 4510 4513
7356 6 2 300 1 4507 4510 4513 2604 2605 2606
7357 6 2 300 1 37 835 1122 1833 4046 4907
7358 6 2 300 1 1833 4046 4907 1834 4047 4908
7359 6 2 300 1 1834 4047 4908 1835 4048 4909
7360 6 2 300 1 1835 4048 4909 402 2451 2738
7361 6 2 300 1 863 61 1116 4130 1905 4889
7362 6 2 300 1 4130 1905 4889 4131 1906 4890
7363 6 2 300 1 4131 1906 4890 4132 1907 4891
7364 6 2 300 1 4132 1907 4891 2479 426 2732
7365 6 2 300 1 817 75 1072 3992 1947 4757
7366 6 2 300 1 3992 1947 4757 3993 1948 4758
7367 6 2 300 1 3993 1948 4758 3994 1949 4759
7368 6 2 300 1 3994 1949 4759 2433 440 2688
7369 6 2 300 1 965 1053 1152 4436 4700 4997
7370 6 2 300 1 4436 4700 4997 4437 4701 4998
7371 6 2 300 1 4437 4701 4998 4438 4702 4999
7372 6 2 300 1 4438 4702 4999 2581 2669 2768
7373 6 2 300 1 104 105 1105 2034 2037 4856
7374 6 2 300 1 2034 2037 4856 2035 2038 4857
7375 6 2 300 1 2035 2038 4857 2036 2039 4858
7376 6 2 300 1 2036 2039 4858 469 470 2721
7377 6 2 300 1 946 945 947 4379 4376 4382
7378 6 2 300 1 4379 4376 4382 4380 4377 4383
7379 6 2 300 1 4380 4377 4383 4381 4378 4384
7380 6 2 300 1 4381 4378 4384 2562 2561 2563
7381 6 2 300 1 977 976 978 4472 4469 4475
7382 6 2 300 1 4472 4469 4475 4473 4470 4476
7383 6 2 300 1 4473 4470 4476 4474 4471 4477
7384 6 2 300 1 4474 4471 4477 2593 2592 2594
7385 6 2 300 1 872 873 874 4157 4160 4163
7386 6 2 300 1 4157 4160 4163 4158 4161 4164
7387 6 2 300 1 4158 4161 4164 4159 4162 4165
7388 6 2 300 1 4159 4162 4165 2488 2489 2490
7389 6 2 300 1 870 871 872 4151 4154 4157
7390 6 2 300 1 4151 4154 4157 4152 4155 4158
7391 6 2 300 1 4152 4155 4158 4153 4156 4159
7392 6 2 300 1 4153 4156 4159 2486 2487 2488
7393 6 2 300 1 942 940 943 4367 4361 4370
7394 6 2 300 1 4367 4361 4370 4368 4362 4371
7395 6 2 300 1 4368 4362 4371 4369 4363 4372
7396 6 2 300 1 4369 4363 4372 2558 2556 2559
7397 6 2 300 1 957 956 958 4412 4409 4415
7398 6 2 300 1 4412 4409 4415 4413 4410 4416
7399 6 2 300 1 4413 4410 4416 4414 4411 4417
7400 6 2 300 1 4414 4411 4417 2573 2572 2574
7401 6 2 300 1 995 996 997 4526 4529 4532
7402 6 2 300 1 4526 4529 4532 4527 4530 4533
7403 6 2 300 1 4527 4530 4533 4528 4531 4534
7404 6 2 300 1 4528 4531 4534 2611 2612 2613
7405 6 2 300 1 96 97 1120 2010 2013 4901
7406 6 2 300 1 2010 2013 4901 2011 2014 4902
7407 6 2 300 1 2011 2014 4902 2012 2015 4903
7408 6 2 300 1 2012 2015 4903 461 462 2736
7409 6 2 300 1 187 188 860 2283 2286 4121
7410 6 2 300 1 2283 2286 4121 2284 2287 4122
7411 6 2 300 1 2284 2287 4122 2285 2288 4123
7412 6 2 300 1 2285 2288 4123 552 553 2476
7413 6 2 300 1 876 877 878 4169 4172 4175
7414 6 2 300 1 4169 4172 4175 4170 4173 4176
7415 6 2 300 1 4170 4173 4176 4171 4174 4177
7416 6 2 300 1 4171 4174 4177 2492 2493 2494
7417 6 2 300 1 36 37 1122 1830 1833 4907
7418 6 2 300 1 1830 1833 4907 1831 1834 4908
7419 6 2 300 1 1831 1834 4908 1832 1835 4909
7420 6 2 300 1 1832 1835 4909 401 402 2738
7421 6 2 300 1 838 1111 1127 4055 4874 4922
7422 6 2 300 1 4055 4874 4922 4056 4875 4923
7423 6 2 300 1 4056 4875 4923 4057 4876 4924
7424 6 2 300 1 4057 4876 4924 2454 2727 2743
7425 6 2 300 1 933 934 935 4340 4343 4346
7426 6 2 300 1 4340 4343 4346 4341 4344 4347
7427 6 2 300 1 4341 4344 4347 4342 4345 4348
7428 6 2 300 1 4342 4345 4348 2549 2550 2551
7429 6 2 300 1 1017 1018 1019 4592 4595 4598
7430 6 2 300 1 4592 4595 4598 4593 4596 4599
7431 6 2 300 1 4593 4596 4599 4594 4597 4600
7432 6 2 300 1 4594 4597 4600 2633 2634 2635
7433 6 2 300 1 955 954 956 4406 4403 4409
7434 6 2 300 1 4406 4403 4409 4407 4404 4410
7435 6 2 300 1 4407 4404 4410 4408 4405 4411
7436 6 2 300 1 4408 4405 4411 2571 2570 2572
7437 6 2 300 1 955 956 957 4406 4409 4412
7438 6 2 300 1 4406 4409 4412 4407 4410 4413
7439 6 2 300 1 4407 4410 4413 4408 4411 4414
7440 6 2 300 1 4408 4411 4414 2571 2572 2573
7441 6 2 300 1 957 958 959 4412 4415 4418
7442 6 2 300 1 4412 4415 4418 4413 4416 4419
7443 6 2 300 1 4413 4416 4419 4414 4417 4420
7444 6 2 300 1 4414 4417 4420 2573 2574 2575
7445 6 2 300 1 961 960 962 4424 4421 4427
7446 6 2 300 1 4424 4421 4427 4425 4422 4428
7447 6 2 300 1 4425 4422 4428 4426 4423 4429
7448 6 2 300 1 4426 4423 4429 2577 2576 2578
7449 6 2 300 1 931 932 933 4334 4337 4340
7450 6 2 300 1 4334 4337 4340 4335 4338 4341
7451 6 2 300 1 4335 4338 4341 4336 4339 4342
7452 6 2 300 1 4336 4339 4342 2547 2548 2549
7453 6 2 300 1 102 103 1123 2028 2031 4910
7454 6 2 300 1 2028 2031 4910 2029 2032 4911
7455 6 2 300 1 2029 2032 4911 2030 2033 4912
7456 6 2 300 1 2030 2033 4912 467 468 2739
7457 6 2 300 1 156 157 829 2190 2193 4028
7458 6 2 300 1 2190 2193 4028 2191 2194 4029
7459 6 2 300 1 2191 2194 4029 2192 2195 4030
7460 6 2 300 1 2192 2195 4030 521 522 2445
7461 6 2 300 1 161 162 827 2205 2208 4022
7462 6 2 300 1 2205 2208 4022 2206 2209 4023
7463 6 2 300 1 2206 2209 4023 2207 2210 4024
7464 6 2 300 1 2207 2210 4024 526 527 2443
7465 6 2 300 1 32 33 1127 1818 1821 4922
7466 6 2 300 1 1818 1821 4922 1819 1822 4923
7467 6 2 300 1 1819 1822 4923 1820 1823 4924
7468 6 2 300 1 1820 1823 4924 397 398 2743
7469 6 2 300 1 937 938 939 4352 4355 4358
7470 6 2 300 1 4352 4355 4358 4353 4356 4359
7471 6 2 300 1 4353 4356 4359 4354 4357 4360
7472 6 2 300 1 4354 4357 4360 2553 2554 2555
7473 6 2 300 1 949 947 950 4388 4382 4391
7474 6 2 300 1 4388 4382 4391 4389 4383 4392
7475 6 2 300 1 4389 4383 4392 4390 4384 4393
7476 6 2 300 1 4390 4384 4393 2565 2563 2566
7477 6 2 300 1 972 973 975 4457 4460 4466
7478 6 2 300 1 4457 4460 4466 4458 4461 4467
7479 6 2 300 1 4458 4461 4467 4459 4462 4468
7480 6 2 300 1 4459 4462 4468 2588 2589 2591
7481 6 2 300 1 111 112 1073 2055 2058 4760
7482 6 2 300 1 2055 2058 4760 2056 2059 4761
7483 6 2 300 1 2056 2059 4761 2057 2060 4762
7484 6 2 300 1 2057 2060 4762 476 477 2689
7485 6 2 300 1 946 947 949 4379 4382 4388
7486 6 2 300 1 4379 4382 4388 4380 4383 4389
7487 6 2 300 1 4380 4383 4389 4381 4384 4390
7488 6 2 300 1 4381 4384 4390 2562 2563 2565
7489 6 2 300 1 855 169 1128 4106 2229 4925
7490 6 2 300 1 4106 2229 4925 4107 2230 4926
7491 6 2 300 1 4107 2230 4926 4108 2231 4927
7492 6 2 300 1 4108 2231 4927 2471 534 2744
7493 6 2 300 1 158 159 849 2196 2199 4088
7494 6 2 300 1 2196 2199 4088 2197 2200 4089
7495 6 2 300 1 2197 2200 4089 2198 2201 4090
7496 6 2 300 1 2198 2201 4090 523 524 2465
7497 6 2 300 1 939 940 942 4358 4361 4367
7498 6 2 300 1 4358 4361 4367 4359 4362 4368
7499 6 2 300 1 4359 4362 4368 4360 4363 4369
7500 6 2 300 1 4360 4363 4369 2555 2556 2558
7501 6 2 300 1 153 154 830 2181 2184 4031
7502 6 2 300 1 2181 2184 4031 2182 2185 4032
7503 6 2 300 1 2182 2185 4032 2183 2186 4033
7504 6 2 300 1 2183 2186 4033 518 519 2446
7505 6 2 300 1 164 165 825 2214 2217 4016
7506 6 2 300 1 2214 2217 4016 2215 2218 4017
7507 6 2 300 1 2215 2218 4017 2216 2219 4018
7508 6 2 300 1 2216 2219 4018 529 530 2441
7509 6 2 300 1 166 167 852 2220 2223 4097
7510 6 2 300 1 2220 2223 4097 2221 2224 4098
7511 6 2 300 1 2221 2224 4098 2222 2225 4099
7512 6 2 300 1 2222 2225 4099 531 532 2468
7513 6 2 300 1 933 932 934 4340 4337 4343
7514 6 2 300 1 4340 4337 4343 4341 4338 4344
7515 6 2 300 1 4341 4338 4344 4342 4339 4345
7516 6 2 300 1 4342 4339 4345 2549 2548 2550
7517 6 2 300 1 959 960 961 4418 4421 4424
7518 6 2 300 1 4418 4421 4424 4419 4422 4425
7519 6 2 300 1 4419 4422 4425 4420 4423 4426
7520 6 2 300 1 4420 4423 4426 2575 2576 2577
7521 6 2 300 1 970 969 971 4451 4448 4454
7522 6 2 300 1 4451 4448 4454 4452 4449 4455
7523 6 2 300 1 4452 4449 4455 4453 4450 4456
7524 6 2 300 1 4453 4450 4456 2586 2585 2587
7525 6 2 300 1 959 958 960 4418 4415 4421
7526 6 2 300 1 4418 4415 4421 4419 4416 4422
7527 6 2 300 1 4419 4416 4422 4420 4417 4423
7528 6 2 300 1 4420 4417 4423 2575 2574 2576
7529 6 2 300 1 923 924 925 4310 4313 4316
7530 6 2 300 1 4310 4313 4316 4311 4314 4317
7531 6 2 300 1 4311 4314 4317 4312 4315 4318
7532 6 2 300 1 4312 4315 4318 2539 2540 2541
7533 6 2 300 1 990 991 993 4511 4514 4520
7534 6 2 300 1 4511 4514 4520 4512 4515 4521
7535 6 2 300 1 4512 4515 4521 4513 4516 4522
7536 6 2 300 1 4513 4516 4522 2606 2607 2609
7537 6 2 300 1 983 982 984 4490 4487 4493
7538 6 2 300 1 4490 4487 4493 4491 4488 4494
7539 6 2 300 1 4491 4488 4494 4492 4489 4495
7540 6 2 300 1 4492 4489 4495 2599 2598 2600
7541 6 2 300 1 896 897 898 4229 4232 4235
7542 6 2 300 1 4229 4232 4235 4230 4233 4236
7543 6 2 300 1 4230 4233 4236 4231 4234 4237
7544 6 2 300 1 4231 4234 4237 2512 2513 2514
7545 6 2 300 1 935 936 937 4346 4349 4352
7546 6 2 300 1 4346 4349 4352 4347 4350 4353
7547 6 2 300 1 4347 4350 4353 4348 4351 4354
7548 6 2 300 1 4348 4351 4354 2551 2552 2553
7549 6 2 300 1 981 980 982 4484 4481 4487
7550 6 2 300 1 4484 4481 4487 4485 4482 4488
7551 6 2 300 1 4485 4482 4488 4486 4483 4489
7552 6 2 300 1 4486 4483 4489 2597 2596 2598
7553 6 2 300 1 965 964 966 4436 4433 4439
7554 6 2 300 1 4436 4433 4439 4437 4434 4440
7555 6 2 300 1 4437 4434 4440 4438 4435 4441
7556 6 2 300 1 4438 4435 4441 2581 2580 2582
7557 6 2 300 1 169 170 1128 2229 2232 4925
7558 6 2 300 1 2229 2232 4925 2230 2233 4926
7559 6 2 300 1 2230 2233 4926 2231 2234 4927
7560 6 2 300 1 2231 2234 4927 534 535 2744
7561 6 2 300 1 170 171 854 2232 2235 4103
7562 6 2 300 1 2232 2235 4103 2233 2236 4104
7563 6 2 300 1 2233 2236 4104 2234 2237 4105
7564 6 2 300 1 2234 2237 4105 535 536 2470
7565 6 2 300 1 945 943 948 4376 4370 4385
7566 6 2 300 1 4376 4370 4385 4377 4371 4386
7567 6 2 300 1 4377 4371 4386 4378 4372 4387
7568 6 2 300 1 4378 4372 4387 2561 2559 2564
7569 6 2 300 1 997 998 999 4532 4535 4538
7570 6 2 300 1 4532 4535 4538 4533 4536 4539
7571 6 2 300 1 4533 4536 4539 4534 4537 4540
7572 6 2 300 1 4534 4537 4540 2613 2614 2615
7573 6 2 300 1 975 976 977 4466 4469 4472
7574 6 2 300 1 4466 4469 4472 4467 4470 4473
7575 6 2 300 1 4467 4470 4473 4468 4471 4474
7576 6 2 300 1 4468 4471 4474 2591 2592 2593
7577 6 2 300 1 925 926 927 4316 4319 4322
7578 6 2 300 1 4316 4319 4322 4317 4320 4323
7579 6 2 300 1 4317 4320 4323 4318 4321 4324
7580 6 2 300 1 4318 4321 4324 2541 2542 2543
7581 6 2 300 1 103 806 1123 2031 3959 4910
7582 6 2 300 1 2031 3959 4910 2032 3960 4911
7583 6 2 300 1 2032 3960 4911 2033 3961 4912
7584 6 2 300 1 2033 3961 4912 468 2422 2739
7585 6 2 300 1 792 111 1073 3917 2055 4760
7586 6 2 300 1 3917 2055 4760 3918 2056 4761
7587 6 2 300 1 3918 2056 4761 3919 2057 4762
7588 6 2 300 1 3919 2057 4762 2408 476 2689
7589 6 2 300 1 983 984 986 4490 4493 4499
7590 6 2 300 1 4490 4493 4499 4491 4494 4500
7591 6 2 300 1 4491 4494 4500 4492 4495 4501
7592 6 2 300 1 4492 4495 4501 2599 2600 2602
7593 6 2 300 1 929 930 931 4328 4331 4334
7594 6 2 300 1 4328 4331 4334 4329 4332 4335
7595 6 2 300 1 4329 4332 4335 4330 4333 4336
7596 6 2 300 1 4330 4333 4336 2545 2546 2547
7597 6 2 300 1 91 803 1108 1995 3950 4865
7598 6 2 300 1 1995 3950 4865 1996 3951 4866
7599 6 2 300 1 1996 3951 4866 1997 3952 4867
7600 6 2 300 1 1997 3952 4867 456 2419 2724
7601 6 2 300 1 168 169 855 2226 2229 4106
7602 6 2 300 1 2226 2229 4106 2227 2230 4107
7603 6 2 300 1 2227 2230 4107 2228 2231 4108
7604 6 2 300 1 2228 2231 4108 533 534 2471
7605 6 2 300 1 972 971 973 4457 4454 4460
7606 6 2 300 1 4457 4454 4460 4458 4455 4461
7607 6 2 300 1 4458 4455 4461 4459 4456 4462
7608 6 2 300 1 4459 4456 4462 2588 2587 2589
7609 6 2 300 1 1029 1028 1030 4628 4625 4631
7610 6 2 300 1 4628 4625 4631 4629 4626 4632
7611 6 2 300 1 4629 4626 4632 4630 4627 4633
7612 6 2 300 1 4630 4627 4633 2645 2644 2646
7613 6 2 300 1 961 962 963 4424 4427 4430
7614 6 2 300 1 4424 4427 4430 4425 4428 4431
7615 6 2 300 1 4425 4428 4431 4426 4429 4432
7616 6 2 300 1 4426 4429 4432 2577 2578 2579
7617 6 2 300 1 82 83 812 1968 1971 3977
7618 6 2 300 1 1968 1971 3977 1969 1972 3978
7619 6 2 300 1 1969 1972 3978 1970 1973 3979
7620 6 2 300 1 1970 1973 3979 447 448 2428
7621 6 2 300 1 977 978 979 4472 4475 4478
7622 6 2 300 1 4472 4475 4478 4473 4476 4479
7623 6 2 300 1 4473 4476 4479 4474 4477 4480
7624 6 2 300 1 4474 4477 4480 2593 2594 2595
7625 6 2 300 1 963 964 965 4430 4433 4436
7626 6 2 300 1 4430 4433 4436 4431 4434 4437
7627 6 2 300 1 4431 4434 4437 4432 4435 4438
7628 6 2 300 1 4432 4435 4438 2579 2580 2581
7629 6 2 300 1 975 973 976 4466 4460 4469
7630 6 2 300 1 4466 4460 4469 4467 4461 4470
7631 6 2 300 1 4467 4461 4470 4468 4462 4471
7632 6 2 300 1 4468 4462 4471 2591 2589 2592
7633 6 2 300 1 1029 1030 1031 4628 4631 4634
7634 6 2 300 1 4628 4631 4634 4629 4632 4635
7635 6 2 300 1 4629 4632 4635 4630 4633 4636
7636 6 2 300 1 4630 4633 4636 2645 2646 2647
7637 6 2 300 1 949 950 951 4388 4391 4394
7638 6 2 300 1 4388 4391 4394 4389 4392 4395
7639 6 2 300 1 4389 4392 4395 4390 4393 4396
7640 6 2 300 1 4390 4393 4396 2565 2566 2567
7641 6 2 300 1 170 854 1128 2232 4103 4925
7642 6 2 300 1 2232 4103 4925 2233 4104 4926
7643 6 2 300 1 2233 4104 4926 2234 4105 4927
7644 6 2 300 1 2234 4105 4927 535 2470 2744
7645 6 2 300 1 1011 1010 1012 4574 4571 4577
7646 6 2 300 1 4574 4571 4577 4575 4572 4578
7647 6 2 300 1 4575 4572 4578 4576 4573 4579
7648 6 2 300 1 4576 4573 4579 2627 2626 2628
7649 6 2 300 1 965 966 968 4436 4439 4445
7650 6 2 300 1 4436 4439 4445 4437 4440 4446
7651 6 2 300 1 4437 4440 4446 4438 4441 4447
7652 6 2 300 1 4438 4441 4447 2581 2582 2584
7653 6 2 300 1 173 174 818 2241 2244 3995
7654 6 2 300 1 2241 2244 3995 2242 2245 3996
7655 6 2 300 1 2242 2245 3996 2243 2246 3997
7656 6 2 300 1 2243 2246 3997 538 539 2434
7657 6 2 300 1 176 177 819 2250 2253 3998
7658 6 2 300 1 2250 2253 3998 2251 2254 3999
7659 6 2 300 1 2251 2254 3999 2252 2255 4000
7660 6 2 300 1 2252 2255 4000 541 542 2435
7661 6 2 300 1 84 85 808 1974 1977 3965
7662 6 2 300 1 1974 1977 3965 1975 1978 3966
7663 6 2 300 1 1975 1978 3966 1976 1979 3967
7664 6 2 300 1 1976 1979 3967 449 450 2424
7665 6 2 300 1 979 978 980 4478 4475 4481
7666 6 2 300 1 4478 4475 4481 4479 4476 4482
7667 6 2 300 1 4479 4476 4482 4480 4477 4483
7668 6 2 300 1 4480 4477 4483 2595 2594 2596
7669 6 2 300 1 999 1000 1001 4538 4541 4544
7670 6 2 300 1 4538 4541 4544 4539 4542 4545
7671 6 2 300 1 4539 4542 4545 4540 4543 4546
7672 6 2 300 1 4540 4543 4546 2615 2616 2617
7673 6 2 300 1 968 966 969 4445 4439 4448
7674 6 2 300 1 4445 4439 4448 4446 4440 4449
7675 6 2 300 1 4446 4440 4449 4447 4441 4450
7676 6 2 300 1 4447 4441 4450 2584 2582 2585
7677 6 2 300 1 981 982 983 4484 4487 4490
7678 6 2 300 1 4484 4487 4490 4485 4488 4491
7679 6 2 300 1 4485 4488 4491 4486 4489 4492
7680 6 2 300 1 4486 4489 4492 2597 2598 2599
7681 6 2 300 1 935 934 936 4346 4343 4349
7682 6 2 300 1 4346 4343 4349 4347 4344 4350
7683 6 2 300 1 4347 4344 4350 4348 4345 4351
7684 6 2 300 1 4348 4345 4351 2551 2550 2552
7685 6 2 300 1 927 928 929 4322 4325 4328
7686 6 2 300 1 4322 4325 4328 4323 4326 4329
7687 6 2 300 1 4323 4326 4329 4324 4327 4330
7688 6 2 300 1 4324 4327 4330 2543 2544 2545
7689 6 2 300 1 180 181 820 2262 2265 4001
7690 6 2 300 1 2262 2265 4001 2263 2266 4002
7691 6 2 300 1 2263 2266 4002 2264 2267 4003
7692 6 2 300 1 2264 2267 4003 545 546 2436
7693 6 2 300 1 921 922 923 4304 4307 4310
7694 6 2 300 1 4304 4307 4310 4305 4308 4311
7695 6 2 300 1 4305 4308 4311 4306 4309 4312
7696 6 2 300 1 4306 4309 4312 2537 2538 2539
7697 6 2 300 1 979 980 981 4478 4481 4484
7698 6 2 300 1 4478 4481 4484 4479 4482 4485
7699 6 2 300 1 4479 4482 4485 4480 4483 4486
7700 6 2 300 1 4480 4483 4486 2595 2596 2597
7701 6 2 300 1 931 930 932 4334 4331 4337
7702 6 2 300 1 4334 4331 4337 4335 4332 4338
7703 6 2 300 1 4335 4332 4338 4336 4333 4339
7704 6 2 300 1 4336 4333 4339 2547 2546 2548
7705 6 2 300 1 951 952 953 4394 4397 4400
7706 6 2 300 1 4394 4397 4400 4395 4398 4401
7707 6 2 300 1 4395 4398 4401 4396 4399 4402
7708 6 2 300 1 4396 4399 4402 2567 2568 2569
7709 6 2 300 1 963 962 964 4430 4427 4433
7710 6 2 300 1 4430 4427 4433 4431 4428 4434
7711 6 2 300 1 4431 4428 4434 4432 4429 4435
7712 6 2 300 1 4432 4429 4435 2579 2578 2580
7713 6 2 300 1 93 94 797 2001 2004 3932
7714 6 2 300 1 2001 2004 3932 2002 2005 3933
7715 6 2 300 1 2002 2005 3933 2003 2006 3934
7716 6 2 300 1 2003 2006 3934 458 459 2413
7717 6 2 300 1 993 994 995 4520 4523 4526
7718 6 2 300 1 4520 4523 4526 4521 4524 4527
7719 6 2 300 1 4521 4524 4527 4522 4525 4528
7720 6 2 300 1 4522 4525 4528 2609 2610 2611
7721 6 2 300 1 182 183 821 2268 2271 4004
7722 6 2 300 1 2268 2271 4004 2269 2272 4005
7723 6 2 300 1 2269 2272 4005 2270 2273 4006
7724 6 2 300 1 2270 2273 4006 547 548 2437
7725 6 2 300 1 889 892 893 4208 4217 4220
7726 6 2 300 1 4208 4217 4220 4209 4218 4221
7727 6 2 300 1 4209 4218 4221 4210 4219 4222
7728 6 2 300 1 4210 4219 4222 2505 2508 2509
7729 6 2 300 1 101 814 1090 2025 3983 4811
7730 6 2 300 1 2025 3983 4811 2026 3984 4812
7731 6 2 300 1 2026 3984 4812 2027 3985 4813
7732 6 2 300 1 2027 3985 4813 466 2430 2706
7733 6 2 300 1 70 71 815 1932 1935 3986
7734 6 2 300 1 1932 1935 3986 1933 1936 3987
7735 6 2 300 1 1933 1936 3987 1934 1937 3988
7736 6 2 300 1 1934 1937 3988 435 436 2431
7737 6 2 300 1 76 77 811 1950 1953 3974
7738 6 2 300 1 1950 1953 3974 1951 1954 3975
7739 6 2 300 1 1951 1954 3975 1952 1955 3976
7740 6 2 300 1 1952 1955 3976 441 442 2427
7741 6 2 300 1 79 80 809 1959 1962 3968
7742 6 2 300 1 1959 1962 3968 1960 1963 3969
7743 6 2 300 1 1960 1963 3969 1961 1964 3970
7744 6 2 300 1 1961 1964 3970 444 445 2425
7745 6 2 300 1 87 88 807 1983 1986 3962
7746 6 2 300 1 1983 1986 3962 1984 1987 3963
7747 6 2 300 1 1984 1987 3963 1985 1988 3964
7748 6 2 300 1 1985 1988 3964 452 453 2423
7749 6 2 300 1 970 971 972 4451 4454 4457
7750 6 2 300 1 4451 4454 4457 4452 4455 4458
7751 6 2 300 1 4452 4455 4458 4453 4456 4459
7752 6 2 300 1 4453 4456 4459 2586 2587 2588
7753 6 2 300 1 1013 1014 1015 4580 4583 4586
7754 6 2 300 1 4580 4583 4586 4581 4584 4587
7755 6 2 300 1 4581 4584 4587 4582 4585 4588
7756 6 2 300 1 4582 4585 4588 2629 2630 2631
7757 6 2 300 1 923 922 924 4310 4307 4313
7758 6 2 300 1 4310 4307 4313 4311 4308 4314
7759 6 2 300 1 4311 4308 4314 4312 4309 4315
7760 6 2 300 1 4312 4309 4315 2539 2538 2540
7761 6 2 300 1 971 969 974 4454 4448 4463
7762 6 2 300 1 4454 4448 4463 4455 4449 4464
7763 6 2 300 1 4455 4449 4464 4456 4450 4465
7764 6 2 300 1 4456 4450 4465 2587 2585 2590
7765 6 2 300 1 1015 1016 1017 4586 4589 4592
7766 6 2 300 1 4586 4589 4592 4587 4590 4593
7767 6 2 300 1 4587 4590 4593 4588 4591 4594
7768 6 2 300 1 4588 4591 4594 2631 2632 2633
7769 6 2 300 1 180 820 1133 2262 4001 4940
7770 6 2 300 1 2262 4001 4940 2263 4002 4941
7771 6 2 300 1 2263 4002 4941 2264 4003 4942
7772 6 2 300 1 2264 4003 4942 545 2436 2749
7773 6 2 300 1 1099 1101 1103 4838 4844 4850
7774 6 2 300 1 4838 4844 4850 4839 4845 4851
7775 6 2 300 1 4839 4845 4851 4840 4846 4852
7776 6 2 300 1 4840 4846 4852 2715 2717 2719
7777 6 2 300 1 179 180 1133 2259 2262 4940
7778 6 2 300 1 2259 2262 4940 2260 2263 4941
7779 6 2 300 1 2260 2263 4941 2261 2264 4942
7780 6 2 300 1 2261 2264 4942 544 545 2749
7781 6 2 300 1 968 969 970 4445 4448 4451
7782 6 2 300 1 4445 4448 4451 4446 4449 4452
7783 6 2 300 1 4446 4449 4452 4447 4450 4453
7784 6 2 300 1 4447 4450 4453 2584 2585 2586
7785 6 2 300 1 819 177 1131 3998 2253 4934
7786 6 2 300 1 3998 2253 4934 3999 2254 4935
7787 6 2 300 1 3999 2254 4935 4000 2255 4936
7788 6 2 300 1 4000 2255 4936 2435 542 2747
7789 6 2 300 1 929 928 930 4328 4325 4331
7790 6 2 300 1 4328 4325 4331 4329 4326 4332
7791 6 2 300 1 4329 4326 4332 4330 4327 4333
7792 6 2 300 1 4330 4327 4333 2545 2544 2546
7793 6 2 300 1 910 909 911 4271 4268 4274
7794 6 2 300 1 4271 4268 4274 4272 4269 4275
7795 6 2 300 1 4272 4269 4275 4273 4270 4276
7796 6 2 300 1 4273 4270 4276 2526 2525 2527
7797 6 2 300 1 177 178 1131 2253 2256 4934
7798 6 2 300 1 2253 2256 4934 2254 2257 4935
7799 6 2 300 1 2254 2257 4935 2255 2258 4936
7800 6 2 300 1 2255 2258 4936 542 543 2747
7801 6 2 300 1 927 926 928 4322 4319 4325
7802 6 2 300 1 4322 4319 4325 4323 4320 4326
7803 6 2 300 1 4323 4320 4326 4324 4321 4327
7804 6 2 300 1 4324 4321 4327 2543 2542 2544
7805 6 2 300 1 951 950 952 4394 4391 4397
7806 6 2 300 1 4394 4391 4397 4395 4392 4398
7807 6 2 300 1 4395 4392 4398 4396 4393 4399
7808 6 2 300 1 4396 4393 4399 2567 2566 2568
7809 6 2 300 1 925 924 926 4316 4313 4319
7810 6 2 300 1 4316 4313 4319 4317 4314 4320
7811 6 2 300 1 4317 4314 4320 4318 4315 4321
7812 6 2 300 1 4318 4315 4321 2541 2540 2542
7813 6 2 300 1 953 954 955 4400 4403 4406
7814 6 2 300 1 4400 4403 4406 4401 4404 4407
7815 6 2 300 1 4401 4404 4407 4402 4405 4408
7816 6 2 300 1 4402 4405 4408 2569 2570 2571
7817 6 2 300 1 184 185 823 2274 2277 4010
7818 6 2 300 1 2274 2277 4010 2275 2278 4011
7819 6 2 300 1 2275 2278 4011 2276 2279 4012
7820 6 2 300 1 2276 2279 4012 549 550 2439
7821 6 2 300 1 989 987 992 4508 4502 4517
7822 6 2 300 1 4508 4502 4517 4509 4503 4518
7823 6 2 300 1 4509 4503 4518 4510 4504 4519
7824 6 2 300 1 4510 4504 4519 2605 2603 2608
7825 6 2 300 1 939 938 940 4358 4355 4361
7826 6 2 300 1 4358 4355 4361 4359 4356 4362
7827 6 2 300 1 4359 4356 4362 4360 4357 4363
7828 6 2 300 1 4360 4357 4363 2555 2554 2556
7829 6 2 300 1 953 952 954 4400 4397 4403
7830 6 2 300 1 4400 4397 4403 4401 4398 4404
7831 6 2 300 1 4401 4398 4404 4402 4399 4405
7832 6 2 300 1 4402 4399 4405 2569 2568 2570
7833 6 2 300 1 937 936 938 4352 4349 4355
7834 6 2 300 1 4352 4349 4355 4353 4350 4356
7835 6 2 300 1 4353 4350 4356 4354 4351 4357
7836 6 2 300 1 4354 4351 4357 2553 2552 2554
7837 6 2 300 1 938 936 941 4355 4349 4364
7838 6 2 300 1 4355 4349 4364 4356 4350 4365
7839 6 2 300 1 4356 4350 4365 4357 4351 4366
7840 6 2 300 1 4357 4351 4366 2554 2552 2557
7841 6 2 300 1 178 179 822 2256 2259 4007
7842 6 2 300 1 2256 2259 4007 2257 2260 4008
7843 6 2 300 1 2257 2260 4008 2258 2261 4009
7844 6 2 300 1 2258 2261 4009 543 544 2438
7845 6 2 300 1 898 899 900 4235 4238 4241
7846 6 2 300 1 4235 4238 4241 4236 4239 4242
7847 6 2 300 1 4236 4239 4242 4237 4240 4243
7848 6 2 300 1 4237 4240 4243 2514 2515 2516
7849 6 2 300 1 183 184 1130 2271 2274 4931
7850 6 2 300 1 2271 2274 4931 2272 2275 4932
7851 6 2 300 1 2272 2275 4932 2273 2276 4933
7852 6 2 300 1 2273 2276 4933 548 549 2746
7853 6 2 300 1 184 823 1130 2274 4010 4931
7854 6 2 300 1 2274 4010 4931 2275 4011 4932
7855 6 2 300 1 2275 4011 4932 2276 4012 4933
7856 6 2 300 1 2276 4012 4933 549 2439 2746
7857 6 2 300 1 181 182 1132 2265 2268 4937
7858 6 2 300 1 2265 2268 4937 2266 2269 4938
7859 6 2 300 1 2266 2269 4938 2267 2270 4939
7860 6 2 300 1 2267 2270 4939 546 547 2748
7861 6 2 300 1 84 808 1060 1974 3965 4721
7862 6 2 300 1 1974 3965 4721 1975 3966 4722
7863 6 2 300 1 1975 3966 4722 1976 3967 4723
7864 6 2 300 1 1976 3967 4723 449 2424 2676
7865 6 2 300 1 814 102 1123 3983 2028 4910
7866 6 2 300 1 3983 2028 4910 3984 2029 4911
7867 6 2 300 1 3984 2029 4911 3985 2030 4912
7868 6 2 300 1 3985 2030 4912 2430 467 2739
7869 6 2 300 1 820 181 1132 4001 2265 4937
7870 6 2 300 1 4001 2265 4937 4002 2266 4938
7871 6 2 300 1 4002 2266 4938 4003 2267 4939
7872 6 2 300 1 4003 2267 4939 2436 546 2748
7873 6 2 300 1 94 95 1135 2004 2007 4946
7874 6 2 300 1 2004 2007 4946 2005 2008 4947
7875 6 2 300 1 2005 2008 4947 2006 2009 4948
7876 6 2 300 1 2006 2009 4948 459 460 2751
7877 6 2 300 1 21 22 868 1785 1788 4145
7878 6 2 300 1 1785 1788 4145 1786 1789 4146
7879 6 2 300 1 1786 1789 4146 1787 1790 4147
7880 6 2 300 1 1787 1790 4147 386 387 2484
7881 6 2 300 1 838 1110 1111 4055 4871 4874
7882 6 2 300 1 4055 4871 4874 4056 4872 4875
7883 6 2 300 1 4056 4872 4875 4057 4873 4876
7884 6 2 300 1 4057 4873 4876 2454 2726 2727
7885 6 2 300 1 916 918 1056 4289 4295 4709
7886 6 2 300 1 4289 4295 4709 4290 4296 4710
7887 6 2 300 1 4290 4296 4710 4291 4297 4711
7888 6 2 300 1 4291 4297 4711 2532 2534 2672
7889 6 2 300 1 900 901 902 4241 4244 4247
7890 6 2 300 1 4241 4244 4247 4242 4245 4248
7891 6 2 300 1 4242 4245 4248 4243 4246 4249
7892 6 2 300 1 4243 4246 4249 2516 2517 2518
7893 6 2 300 1 182 821 1132 2268 4004 4937
7894 6 2 300 1 2268 4004 4937 2269 4005 4938
7895 6 2 300 1 2269 4005 4938 2270 4006 4939
7896 6 2 300 1 2270 4006 4939 547 2437 2748
7897 6 2 300 1 902 903 904 4247 4250 4253
7898 6 2 300 1 4247 4250 4253 4248 4251 4254
7899 6 2 300 1 4248 4251 4254 4249 4252 4255
7900 6 2 300 1 4249 4252 4255 2518 2519 2520
7901 6 2 300 1 1009 1008 1010 4568 4565 4571
7902 6 2 300 1 4568 4565 4571 4569 4566 4572
7903 6 2 300 1 4569 4566 4572 4570 4567 4573
7904 6 2 300 1 4570 4567 4573 2625 2624 2626
7905 6 2 300 1 982 980 985 4487 4481 4496
7906 6 2 300 1 4487 4481 4496 4488 4482 4497
7907 6 2 300 1 4488 4482 4497 4489 4483 4498
7908 6 2 300 1 4489 4483 4498 2598 2596 2601
7909 6 2 300 1 1046 1047 1048 4679 4682 4685
7910 6 2 300 1 4679 4682 4685 4680 4683 4686
7911 6 2 300 1 4680 4683 4686 4681 4684 4687
7912 6 2 300 1 4681 4684 4687 2662 2663 2664
7913 6 2 300 1 921 919 922 4304 4298 4307
7914 6 2 300 1 4304 4298 4307 4305 4299 4308
7915 6 2 300 1 4305 4299 4308 4306 4300 4309
7916 6 2 300 1 4306 4300 4309 2537 2535 2538
7917 6 2 300 1 178 822 1131 2256 4007 4934
7918 6 2 300 1 2256 4007 4934 2257 4008 4935
7919 6 2 300 1 2257 4008 4935 2258 4009 4936
7920 6 2 300 1 2258 4009 4936 543 2438 2747
7921 6 2 300 1 1001 1002 1003 4544 4547 4550
7922 6 2 300 1 4544 4547 4550 4545 4548 4551
7923 6 2 300 1 4545 4548 4551 4546 4549 4552
7924 6 2 300 1 4546 4549 4552 2617 2618 2619
7925 6 2 300 1 1085 1084 1086 4796 4793 4799
7926 6 2 300 1 4796 4793 4799 4797 4794 4800
7927 6 2 300 1 4797 4794 4800 4798 4795 4801
7928 6 2 300 1 4798 4795 4801 2701 2700 2702
7929 6 2 300 1 919 917 920 4298 4292 4301
7930 6 2 300 1 4298 4292 4301 4299 4293 4302
7931 6 2 300 1 4299 4293 4302 4300 4294 4303
7932 6 2 300 1 4300 4294 4303 2535 2533 2536
7933 6 2 300 1 821 183 1130 4004 2271 4931
7934 6 2 300 1 4004 2271 4931 4005 2272 4932
7935 6 2 300 1 4005 2272 4932 4006 2273 4933
7936 6 2 300 1 4006 2273 4933 2437 548 2746
7937 6 2 300 1 904 905 906 4253 4256 4259
7938 6 2 300 1 4253 4256 4259 4254 4257 4260
7939 6 2 300 1 4254 4257 4260 4255 4258 4261
7940 6 2 300 1 4255 4258 4261 2520 2521 2522
7941 6 2 300 1 906 907 908 4259 4262 4265
7942 6 2 300 1 4259 4262 4265 4260 4263 4266
7943 6 2 300 1 4260 4263 4266 4261 4264 4267
7944 6 2 300 1 4261 4264 4267 2522 2523 2524
7945 6 2 300 1 1065 1066 1068 4736 4739 4745
7946 6 2 300 1 4736 4739 4745 4737 4740 4746
7947 6 2 300 1 4737 4740 4746 4738 4741 4747
7948 6 2 300 1 4738 4741 4747 2681 2682 2684
7949 6 2 300 1 918 919 921 4295 4298 4304
7950 6 2 300 1 4295 4298 4304 4296 4299 4305
7951 6 2 300 1 4296 4299 4305 4297 4300 4306
7952 6 2 300 1 4297 4300 4306 2534 2535 2537
7953 6 2 300 1 99 810 1134 2019 3971 4943
7954 6 2 300 1 2019 3971 4943 2020 3972 4944
7955 6 2 300 1 2020 3972 4944 2021 3973 4945
7956 6 2 300 1 2021 3973 4945 464 2426 2750
7957 6 2 300 1 32 1127 1143 1818 4922 4970
7958 6 2 300 1 1818 4922 4970 1819 4923 4971
7959 6 2 300 1 1819 4923 4971 1820 4924 4972
7960 6 2 300 1 1820 4924 4972 397 2743 2759
7961 6 2 300 1 31 32 1143 1815 1818 4970
7962 6 2 300 1 1815 1818 4970 1816 1819 4971
7963 6 2 300 1 1816 1819 4971 1817 1820 4972
7964 6 2 300 1 1817 1820 4972 396 397 2759
7965 6 2 300 1 822 179 1133 4007 2259 4940
7966 6 2 300 1 4007 2259 4940 4008 2260 4941
7967 6 2 300 1 4008 2260 4941 4009 2261 4942
7968 6 2 300 1 4009 2261 4942 2438 544 2749
7969 6 2 300 1 5 90 802 593 1992 3947
7970 6 2 300 1 593 1992 3947 594 1993 3948
7971 6 2 300 1 594 1993 3948 595 1994 3949
7972 6 2 300 1 595 1994 3949 12 455 2418
7973 6 2 300 1 97 98 805 2013 2016 3956
7974 6 2 300 1 2013 2016 3956 2014 2017 3957
7975 6 2 300 1 2014 2017 3957 2015 2018 3958
7976 6 2 300 1 2015 2018 3958 462 463 2421
7977 6 2 300 1 103 104 806 2031 2034 3959
7978 6 2 300 1 2031 2034 3959 2032 2035 3960
7979 6 2 300 1 2032 2035 3960 2033 2036 3961
7980 6 2 300 1 2033 2036 3961 468 469 2422
7981 6 2 300 1 908 909 910 4265 4268 4271
7982 6 2 300 1 4265 4268 4271 4266 4269 4272
7983 6 2 300 1 4266 4269 4272 4267 4270 4273
7984 6 2 300 1 4267 4270 4273 2524 2525 2526
7985 6 2 300 1 1005 1004 1006 4556 4553 4559
7986 6 2 300 1 4556 4553 4559 4557 4554 4560
7987 6 2 300 1 4557 4554 4560 4558 4555 4561
7988 6 2 300 1 4558 4555 4561 2621 2620 2622
7989 6 2 300 1 28 29 798 1806 1809 3935
7990 6 2 300 1 1806 1809 3935 1807 1810 3936
7991 6 2 300 1 1807 1810 3936 1808 1811 3937
7992 6 2 300 1 1808 1811 3937 393 394 2414
7993 6 2 300 1 1011 1012 1013 4574 4577 4580
7994 6 2 300 1 4574 4577 4580 4575 4578 4581
7995 6 2 300 1 4575 4578 4581 4576 4579 4582
7996 6 2 300 1 4576 4579 4582 2627 2628 2629
7997 6 2 300 1 916 915 917 4289 4286 4292
7998 6 2 300 1 4289 4286 4292 4290 4287 4293
7999 6 2 300 1 4290 4287 4293 4291 4288 4294
8000 6 2 300 1 4291 4288 4294 2532 2531 2533
8001 6 2 300 1 1007 1006 1008 4562 4559 4565
8002 6 2 300 1 4562 4559 4565 4563 4560 4566
8003 6 2 300 1 4563 4560 4566 4564 4561 4567
8004 6 2 300 1 4564 4561 4567 2623 2622 2624
8005 6 2 300 1 25 26 795 1797 1800 3926
8006 6 2 300 1 1797 1800 3926 1798 1801 3927
8007 6 2 300 1 1798 1801 3927 1799 1802 3928
8008 6 2 300 1 1799 1802 3928 390 391 2411
8009 6 2 300 1 964 962 967 4433 4427 4442
8010 6 2 300 1 4433 4427 4442 4434 4428 4443
8011 6 2 300 1 4434 4428 4443 4435 4429 4444
8012 6 2 300 1 4435 4429 4444 2580 2578 2583
8013 6 2 300 1 916 917 918 4289 4292 4295
8014 6 2 300 1 4289 4292 4295 4290 4293 4296
8015 6 2 300 1 4290 4293 4296 4291 4294 4297
8016 6 2 300 1 4291 4294 4297 2532 2533 2534
8017 6 2 300 1 203 204 1136 2331 2334 4949
8018 6 2 300 1 2331 2334 4949 2332 2335 4950
8019 6 2 300 1 2332 2335 4950 2333 2336 4951
8020 6 2 300 1 2333 2336 4951 568 569 2752
8021 6 2 300 1 206 207 786 2340 2343 3899
8022 6 2 300 1 2340 2343 3899 2341 2344 3900
8023 6 2 300 1 2341 2344 3900 2342 2345 3901
8024 6 2 300 1 2342 2345 3901 571 572 2402
8025 6 2 300 1 914 913 915 4283 4280 4286
8026 6 2 300 1 4283 4280 4286 4284 4281 4287
8027 6 2 300 1 4284 4281 4287 4285 4282 4288
8028 6 2 300 1 4285 4282 4288 2530 2529 2531
8029 6 2 300 1 200 201 783 2322 2325 3890
8030 6 2 300 1 2322 2325 3890 2323 2326 3891
8031 6 2 300 1 2323 2326 3891 2324 2327 3892
8032 6 2 300 1 2324 2327 3892 565 566 2399
8033 6 2 300 1 914 915 916 4283 4286 4289
8034 6 2 300 1 4283 4286 4289 4284 4287 4290
8035 6 2 300 1 4284 4287 4290 4285 4288 4291
8036 6 2 300 1 4285 4288 4291 2530 2531 2532
8037 6 2 300 1 202 203 784 2328 2331 3893
8038 6 2 300 1 2328 2331 3893 2329 2332 3894
8039 6 2 300 1 2329 2332 3894 2330 2333 3895
8040 6 2 300 1 2330 2333 3895 567 568 2400
8041 6 2 300 1 204 205 785 2334 2337 3896
8042 6 2 300 1 2334 2337 3896 2335 2338 3897
8043 6 2 300 1 2335 2338 3897 2336 2339 3898
8044 6 2 300 1 2336 2339 3898 569 570 2401
8045 6 2 300 1 1009 1010 1011 4568 4571 4574
8046 6 2 300 1 4568 4571 4574 4569 4572 4575
8047 6 2 300 1 4569 4572 4575 4570 4573 4576
8048 6 2 300 1 4570 4573 4576 2625 2626 2627
8049 6 2 300 1 918 917 919 4295 4292 4298
8050 6 2 300 1 4295 4292 4298 4296 4293 4299
8051 6 2 300 1 4296 4293 4299 4297 4294 4300
8052 6 2 300 1 4297 4294 4300 2534 2533 2535
8053 6 2 300 1 205 206 1137 2337 2340 4952
8054 6 2 300 1 2337 2340 4952 2338 2341 4953
8055 6 2 300 1 2338 2341 4953 2339 2342 4954
8056 6 2 300 1 2339 2342 4954 570 571 2753
8057 6 2 300 1 53 54 804 1881 1884 3953
8058 6 2 300 1 1881 1884 3953 1882 1885 3954
8059 6 2 300 1 1882 1885 3954 1883 1886 3955
8060 6 2 300 1 1883 1886 3955 418 419 2420
8061 6 2 300 1 48 49 1139 1866 1869 4958
8062 6 2 300 1 1866 1869 4958 1867 1870 4959
8063 6 2 300 1 1867 1870 4959 1868 1871 4960
8064 6 2 300 1 1868 1871 4960 413 414 2755
8065 6 2 300 1 49 50 799 1869 1872 3938
8066 6 2 300 1 1869 1872 3938 1870 1873 3939
8067 6 2 300 1 1870 1873 3939 1871 1874 3940
8068 6 2 300 1 1871 1874 3940 414 415 2415
8069 6 2 300 1 52 53 1141 1878 1881 4964
8070 6 2 300 1 1878 1881 4964 1879 1882 4965
8071 6 2 300 1 1879 1882 4965 1880 1883 4966
8072 6 2 300 1 1880 1883 4966 417 418 2757
8073 6 2 300 1 893 896 1063 4220 4229 4730
8074 6 2 300 1 4220 4229 4730 4221 4230 4731
8075 6 2 300 1 4221 4230 4731 4222 4231 4732
8076 6 2 300 1 4222 4231 4732 2509 2512 2679
8077 6 2 300 1 51 52 801 1875 1878 3944
8078 6 2 300 1 1875 1878 3944 1876 1879 3945
8079 6 2 300 1 1876 1879 3945 1877 1880 3946
8080 6 2 300 1 1877 1880 3946 416 417 2417
8081 6 2 300 1 47 48 794 1863 1866 3923
8082 6 2 300 1 1863 1866 3923 1864 1867 3924
8083 6 2 300 1 1864 1867 3924 1865 1868 3925
8084 6 2 300 1 1865 1868 3925 412 413 2410
8085 6 2 300 1 45 46 791 1857 1860 3914
8086 6 2 300 1 1857 1860 3914 1858 1861 3915
8087 6 2 300 1 1858 1861 3915 1859 1862 3916
8088 6 2 300 1 1859 1862 3916 410 411 2407
8089 6 2 300 1 1068 1066 1069 4745 4739 4748
8090 6 2 300 1 4745 4739 4748 4746 4740 4749
8091 6 2 300 1 4746 4740 4749 4747 4741 4750
8092 6 2 300 1 4747 4741 4750 2684 2682 2685
8093 6 2 300 1 50 51 1138 1872 1875 4955
8094 6 2 300 1 1872 1875 4955 1873 1876 4956
8095 6 2 300 1 1873 1876 4956 1874 1877 4957
8096 6 2 300 1 1874 1877 4957 415 416 2754
8097 6 2 300 1 912 911 913 4277 4274 4280
8098 6 2 300 1 4277 4274 4280 4278 4275 4281
8099 6 2 300 1 4278 4275 4281 4279 4276 4282
8100 6 2 300 1 4279 4276 4282 2528 2527 2529
8101 6 2 300 1 1007 1008 1009 4562 4565 4568
8102 6 2 300 1 4562 4565 4568 4563 4566 4569
8103 6 2 300 1 4563 4566 4569 4564 4567 4570
8104 6 2 300 1 4564 4567 4570 2623 2624 2625
8105 6 2 300 1 46 47 1140 1860 1863 4961
8106 6 2 300 1 1860 1863 4961 1861 1864 4962
8107 6 2 300 1 1861 1864 4962 1862 1865 4963
8108 6 2 300 1 1862 1865 4963 411 412 2756
8109 6 2 300 1 875 874 876 4166 4163 4169
8110 6 2 300 1 4166 4163 4169 4167 4164 4170
8111 6 2 300 1 4167 4164 4170 4168 4165 4171
8112 6 2 300 1 4168 4165 4171 2491 2490 2492
8113 6 2 300 1 1038 1037 1039 4655 4652 4658
8114 6 2 300 1 4655 4652 4658 4656 4653 4659
8115 6 2 300 1 4656 4653 4659 4657 4654 4660
8116 6 2 300 1 4657 4654 4660 2654 2653 2655
8117 6 2 300 1 1003 1004 1005 4550 4553 4556
8118 6 2 300 1 4550 4553 4556 4551 4554 4557
8119 6 2 300 1 4551 4554 4557 4552 4555 4558
8120 6 2 300 1 4552 4555 4558 2619 2620 2621
8121 6 2 300 1 1005 1006 1007 4556 4559 4562
8122 6 2 300 1 4556 4559 4562 4557 4560 4563
8123 6 2 300 1 4557 4560 4563 4558 4561 4564
8124 6 2 300 1 4558 4561 4564 2621 2622 2623
8125 6 2 300 1 95 96 793 2007 2010 3920
8126 6 2 300 1 2007 2010 3920 2008 2011 3921
8127 6 2 300 1 2008 2011 3921 2009 2012 3922
8128 6 2 300 1 2009 2012 3922 460 461 2409
8129 6 2 300 1 30 31 800 1812 1815 3941
8130 6 2 300 1 1812 1815 3941 1813 1816 3942
8131 6 2 300 1 1813 1816 3942 1814 1817 3943
8132 6 2 300 1 1814 1817 3943 395 396 2416
8133 6 2 300 1 910 911 912 4271 4274 4277
8134 6 2 300 1 4271 4274 4277 4272 4275 4278
8135 6 2 300 1 4272 4275 4278 4273 4276 4279
8136 6 2 300 1 4273 4276 4279 2526 2527 2528
8137 6 2 300 1 789 1064 1065 3908 4733 4736
8138 6 2 300 1 3908 4733 4736 3909 4734 4737
8139 6 2 300 1 3909 4734 4737 3910 4735 4738
8140 6 2 300 1 3910 4735 4738 2405 2680 2681
8141 6 2 300 1 23 24 790 1791 1794 3911
8142 6 2 300 1 1791 1794 3911 1792 1795 3912
8143 6 2 300 1 1792 1795 3912 1793 1796 3913
8144 6 2 300 1 1793 1796 3913 388 389 2406
8145 6 2 300 1 797 94 1135 3932 2004 4946
8146 6 2 300 1 3932 2004 4946 3933 2005 4947
8147 6 2 300 1 3933 2005 4947 3934 2006 4948
8148 6 2 300 1 3934 2006 4948 2413 459 2751
8149 6 2 300 1 912 913 914 4277 4280 4283
8150 6 2 300 1 4277 4280 4283 4278 4281 4284
8151 6 2 300 1 4278 4281 4284 4279 4282 4285
8152 6 2 300 1 4279 4282 4285 2528 2529 2530
8153 6 2 300 1 1083 1084 1085 4790 4793 4796
8154 6 2 300 1 4790 4793 4796 4791 4794 4797
8155 6 2 300 1 4791 4794 4797 4792 4795 4798
8156 6 2 300 1 4792 4795 4798 2699 2700 2701
8157 6 2 300 1 29 30 1144 1809 1812 4973
8158 6 2 300 1 1809 1812 4973 1810 1813 4974
8159 6 2 300 1 1810 1813 4974 1811 1814 4975
8160 6 2 300 1 1811 1814 4975 394 395 2760
8161 6 2 300 1 784 203 1136 3893 2331 4949
8162 6 2 300 1 3893 2331 4949 3894 2332 4950
8163 6 2 300 1 3894 2332 4950 3895 2333 4951
8164 6 2 300 1 3895 2333 4951 2400 568 2752
8165 6 2 300 1 204 785 1136 2334 3896 4949
8166 6 2 300 1 2334 3896 4949 2335 3897 4950
8167 6 2 300 1 2335 3897 4950 2336 3898 4951
8168 6 2 300 1 2336 3898 4951 569 2401 2752
8169 6 2 300 1 206 786 1137 2340 3899 4952
8170 6 2 300 1 2340 3899 4952 2341 3900 4953
8171 6 2 300 1 2341 3900 4953 2342 3901 4954
8172 6 2 300 1 2342 3901 4954 571 2402 2753
8173 6 2 300 1 785 205 1137 3896 2337 4952
8174 6 2 300 1 3896 2337 4952 3897 2338 4953
8175 6 2 300 1 3897 2338 4953 3898 2339 4954
8176 6 2 300 1 3898 2339 4954 2401 570 2753
8177 6 2 300 1 801 52 1141 3944 1878 4964
8178 6 2 300 1 3944 1878 4964 3945 1879 4965
8179 6 2 300 1 3945 1879 4965 3946 1880 4966
8180 6 2 300 1 3946 1880 4966 2417 417 2757
8181 6 2 300 1 95 793 1135 2007 3920 4946
8182 6 2 300 1 2007 3920 4946 2008 3921 4947
8183 6 2 300 1 2008 3921 4947 2009 3922 4948
8184 6 2 300 1 2009 3922 4948 460 2409 2751
8185 6 2 300 1 893 1063 1142 4220 4730 4967
8186 6 2 300 1 4220 4730 4967 4221 4731 4968
8187 6 2 300 1 4221 4731 4968 4222 4732 4969
8188 6 2 300 1 4222 4732 4969 2509 2679 2758
8189 6 2 300 1 794 48 1139 3923 1866 4958
8190 6 2 300 1 3923 1866 4958 3924 1867 4959
8191 6 2 300 1 3924 1867 4959 3925 1868 4960
8192 6 2 300 1 3925 1868 4960 2410 413 2755
8193 6 2 300 1 51 801 1138 1875 3944 4955
8194 6 2 300 1 1875 3944 4955 1876 3945 4956
8195 6 2 300 1 1876 3945 4956 1877 3946 4957
8196 6 2 300 1 1877 3946 4957 416 2417 2754
8197 6 2 300 1 872 874 875 4157 4163 4166
8198 6 2 300 1 4157 4163 4166 4158 4164 4167
8199 6 2 300 1 4158 4164 4167 4159 4165 4168
8200 6 2 300 1 4159 4165 4168 2488 2490 2491
8201 6 2 300 1 800 31 1143 3941 1815 4970
8202 6 2 300 1 3941 1815 4970 3942 1816 4971
8203 6 2 300 1 3942 1816 4971 3943 1817 4972
8204 6 2 300 1 3943 1817 4972 2416 396 2759
8205 6 2 300 1 49 799 1139 1869 3938 4958
8206 6 2 300 1 1869 3938 4958 1870 3939 4959
8207 6 2 300 1 1870 3939 4959 1871 3940 4960
8208 6 2 300 1 1871 3940 4960 414 2415 2755
8209 6 2 300 1 47 794 1140 1863 3923 4961
8210 6 2 300 1 1863 3923 4961 1864 3924 4962
8211 6 2 300 1 1864 3924 4962 1865 3925 4963
8212 6 2 300 1 1865 3925 4963 412 2410 2756
8213 6 2 300 1 799 50 1138 3938 1872 4955
8214 6 2 300 1 3938 1872 4955 3939 1873 4956
8215 6 2 300 1 3939 1873 4956 3940 1874 4957
8216 6 2 300 1 3940 1874 4957 2415 415 2754
8217 6 2 300 1 53 804 1141 1881 3953 4964
8218 6 2 300 1 1881 3953 4964 1882 3954 4965
8219 6 2 300 1 1882 3954 4965 1883 3955 4966
8220 6 2 300 1 1883 3955 4966 418 2420 2757
8221 6 2 300 1 98 99 1134 2016 2019 4943
8222 6 2 300 1 2016 2019 4943 2017 2020 4944
8223 6 2 300 1 2017 2020 4944 2018 2021 4945
8224 6 2 300 1 2018 2021 4945 463 464 2750
8225 6 2 300 1 889 893 1142 4208 4220 4967
8226 6 2 300 1 4208 4220 4967 4209 4221 4968
8227 6 2 300 1 4209 4221 4968 4210 4222 4969
8228 6 2 300 1 4210 4222 4969 2505 2509 2758
8229 6 2 300 1 791 46 1140 3914 1860 4961
8230 6 2 300 1 3914 1860 4961 3915 1861 4962
8231 6 2 300 1 3915 1861 4962 3916 1862 4963
8232 6 2 300 1 3916 1862 4963 2407 411 2756
8233 6 2 300 1 1046 1045 1047 4679 4676 4682
8234 6 2 300 1 4679 4676 4682 4680 4677 4683
8235 6 2 300 1 4680 4677 4683 4681 4678 4684
8236 6 2 300 1 4681 4678 4684 2662 2661 2663
8237 6 2 300 1 789 1067 1129 3908 4742 4928
8238 6 2 300 1 3908 4742 4928 3909 4743 4929
8239 6 2 300 1 3909 4743 4929 3910 4744 4930
8240 6 2 300 1 3910 4744 4930 2405 2683 2745
8241 6 2 300 1 798 29 1144 3935 1809 4973
8242 6 2 300 1 3935 1809 4973 3936 1810 4974
8243 6 2 300 1 3936 1810 4974 3937 1811 4975
8244 6 2 300 1 3937 1811 4975 2414 394 2760
8245 6 2 300 1 125 126 781 2097 2100 3884
8246 6 2 300 1 2097 2100 3884 2098 2101 3885
8247 6 2 300 1 2098 2101 3885 2099 2102 3886
8248 6 2 300 1 2099 2102 3886 490 491 2397
8249 6 2 300 1 831 889 1142 4034 4208 4967
8250 6 2 300 1 4034 4208 4967 4035 4209 4968
8251 6 2 300 1 4035 4209 4968 4036 4210 4969
8252 6 2 300 1 4036 4210 4969 2447 2505 2758
8253 6 2 300 1 132 133 782 2118 2121 3887
8254 6 2 300 1 2118 2121 3887 2119 2122 3888
8255 6 2 300 1 2119 2122 3888 2120 2123 3889
8256 6 2 300 1 2120 2123 3889 497 498 2398
8257 6 2 300 1 805 98 1134 3956 2016 4943
8258 6 2 300 1 3956 2016 4943 3957 2017 4944
8259 6 2 300 1 3957 2017 4944 3958 2018 4945
8260 6 2 300 1 3958 2018 4945 2421 463 2750
8261 6 2 300 1 134 787 1146 2124 3902 4979
8262 6 2 300 1 2124 3902 4979 2125 3903 4980
8263 6 2 300 1 2125 3903 4980 2126 3904 4981
8264 6 2 300 1 2126 3904 4981 499 2403 2762
8265 6 2 300 1 1036 1037 1038 4649 4652 4655
8266 6 2 300 1 4649 4652 4655 4650 4653 4656
8267 6 2 300 1 4650 4653 4656 4651 4654 4657
8268 6 2 300 1 4651 4654 4657 2652 2653 2654
8269 6 2 300 1 30 800 1144 1812 3941 4973
8270 6 2 300 1 1812 3941 4973 1813 3942 4974
8271 6 2 300 1 1813 3942 4974 1814 3943 4975
8272 6 2 300 1 1814 3943 4975 395 2416 2760
8273 6 2 300 1 793 96 1120 3920 2010 4901
8274 6 2 300 1 3920 2010 4901 3921 2011 4902
8275 6 2 300 1 3921 2011 4902 3922 2012 4903
8276 6 2 300 1 3922 2012 4903 2409 461 2736
8277 6 2 300 1 1069 1066 1117 4748 4739 4892
8278 6 2 300 1 4748 4739 4892 4749 4740 4893
8279 6 2 300 1 4749 4740 4893 4750 4741 4894
8280 6 2 300 1 4750 4741 4894 2685 2682 2733
8281 6 2 300 1 798 1144 1145 3935 4973 4976
8282 6 2 300 1 3935 4973 4976 3936 4974 4977
8283 6 2 300 1 3936 4974 4977 3937 4975 4978
8284 6 2 300 1 3937 4975 4978 2414 2760 2761
8285 6 2 300 1 789 209 1064 3908 2349 4733
8286 6 2 300 1 3908 2349 4733 3909 2350 4734
8287 6 2 300 1 3909 2350 4734 3910 2351 4735
8288 6 2 300 1 3910 2351 4735 2405 574 2680
8289 6 2 300 1 1065 1064 1066 4736 4733 4739
8290 6 2 300 1 4736 4733 4739 4737 4734 4740
8291 6 2 300 1 4737 4734 4740 4738 4735 4741
8292 6 2 300 1 4738 4735 4741 2681 2680 2682
8293 6 2 300 1 944 946 1151 4373 4379 4994
8294 6 2 300 1 4373 4379 4994 4374 4380 4995
8295 6 2 300 1 4374 4380 4995 4375 4381 4996
8296 6 2 300 1 4375 4381 4996 2560 2562 2767
8297 6 2 300 1 1031 1030 1032 4634 4631 4637
8298 6 2 300 1 4634 4631 4637 4635 4632 4638
8299 6 2 300 1 4635 4632 4638 4636 4633 4639
8300 6 2 300 1 4636 4633 4639 2647 2646 2648
8301 6 2 300 1 126 127 1119 2100 2103 4898
8302 6 2 300 1 2100 2103 4898 2101 2104 4899
8303 6 2 300 1 2101 2104 4899 2102 2105 4900
8304 6 2 300 1 2102 2105 4900 491 492 2735
8305 6 2 300 1 783 201 1148 3890 2325 4985
8306 6 2 300 1 3890 2325 4985 3891 2326 4986
8307 6 2 300 1 3891 2326 4986 3892 2327 4987
8308 6 2 300 1 3892 2327 4987 2399 566 2764
8309 6 2 300 1 202 784 1148 2328 3893 4985
8310 6 2 300 1 2328 3893 4985 2329 3894 4986
8311 6 2 300 1 2329 3894 4986 2330 3895 4987
8312 6 2 300 1 2330 3895 4987 567 2400 2764
8313 6 2 300 1 1032 1030 1035 4637 4631 4646
8314 6 2 300 1 4637 4631 4646 4638 4632 4647
8315 6 2 300 1 4638 4632 4647 4639 4633 4648
8316 6 2 300 1 4639 4633 4648 2648 2646 2651
8317 6 2 300 1 210 211 1149 2352 2355 4988
8318 6 2 300 1 2352 2355 4988 2353 2356 4989
8319 6 2 300 1 2353 2356 4989 2354 2357 4990
8320 6 2 300 1 2354 2357 4990 575 576 2765
8321 6 2 300 1 1084 783 1148 4793 3890 4985
8322 6 2 300 1 4793 3890 4985 4794 3891 4986
8323 6 2 300 1 4794 3891 4986 4795 3892 4987
8324 6 2 300 1 4795 3892 4987 2700 2399 2764
8325 6 2 300 1 1031 1032 1033 4634 4637 4640
8326 6 2 300 1 4634 4637 4640 4635 4638 4641
8327 6 2 300 1 4635 4638 4641 4636 4639 4642
8328 6 2 300 1 4636 4639 4642 2647 2648 2649
8329 6 2 300 1 133 134 1146 2121 2124 4979
8330 6 2 300 1 2121 2124 4979 2122 2125 4980
8331 6 2 300 1 2122 2125 4980 2123 2126 4981
8332 6 2 300 1 2123 2126 4981 498 499 2762
8333 6 2 300 1 124 125 1147 2094 2097 4982
8334 6 2 300 1 2094 2097 4982 2095 2098 4983
8335 6 2 300 1 2095 2098 4983 2096 2099 4984
8336 6 2 300 1 2096 2099 4984 489 490 2763
8337 6 2 300 1 201 202 1148 2325 2328 4985
8338 6 2 300 1 2325 2328 4985 2326 2329 4986
8339 6 2 300 1 2326 2329 4986 2327 2330 4987
8340 6 2 300 1 2327 2330 4987 566 567 2764
8341 6 2 300 1 860 914 1156 4121 4283 5009
8342 6 2 300 1 4121 4283 5009 4122 4284 5010
8343 6 2 300 1 4122 4284 5010 4123 4285 5011
8344 6 2 300 1 4123 4285 5011 2476 2530 2772
8345 6 2 300 1 1036 1034 1037 4649 4643 4652
8346 6 2 300 1 4649 4643 4652 4650 4644 4653
8347 6 2 300 1 4650 4644 4653 4651 4645 4654
8348 6 2 300 1 4651 4645 4654 2652 2650 2653
8349 6 2 300 1 123 124 867 2091 2094 4142
8350 6 2 300 1 2091 2094 4142 2092 2095 4143
8351 6 2 300 1 2092 2095 4143 2093 2096 4144
8352 6 2 300 1 2093 2096 4144 488 489 2483
8353 6 2 300 1 1033 1034 1036 4640 4643 4649
8354 6 2 300 1 4640 4643 4649 4641 4644 4650
8355 6 2 300 1 4641 4644 4650 4642 4645 4651
8356 6 2 300 1 4642 4645 4651 2649 2650 2652
8357 6 2 300 1 1033 1032 1034 4640 4637 4643
8358 6 2 300 1 4640 4637 4643 4641 4638 4644
8359 6 2 300 1 4641 4638 4644 4642 4639 4645
8360 6 2 300 1 4642 4639 4645 2649 2648 2650
8361 6 2 300 1 125 781 1147 2097 3884 4982
8362 6 2 300 1 2097 3884 4982 2098 3885 4983
8363 6 2 300 1 2098 3885 4983 2099 3886 4984
8364 6 2 300 1 2099 3886 4984 490 2397 2763
8365 6 2 300 1 782 133 1146 3887 2121 4979
8366 6 2 300 1 3887 2121 4979 3888 2122 4980
8367 6 2 300 1 3888 2122 4980 3889 2123 4981
8368 6 2 300 1 3889 2123 4981 2398 498 2762
8369 6 2 300 1 120 866 1058 2082 4139 4715
8370 6 2 300 1 2082 4139 4715 2083 4140 4716
8371 6 2 300 1 2083 4140 4716 2084 4141 4717
8372 6 2 300 1 2084 4141 4717 485 2482 2674
8373 6 2 300 1 175 176 1150 2247 2250 4991
8374 6 2 300 1 2247 2250 4991 2248 2251 4992
8375 6 2 300 1 2248 2251 4992 2249 2252 4993
8376 6 2 300 1 2249 2252 4993 540 541 2766
8377 6 2 300 1 1066 1064 1149 4739 4733 4988
8378 6 2 300 1 4739 4733 4988 4740 4734 4989
8379 6 2 300 1 4740 4734 4989 4741 4735 4990
8380 6 2 300 1 4741 4735 4990 2682 2680 2765
8381 6 2 300 1 781 126 1119 3884 2100 4898
8382 6 2 300 1 3884 2100 4898 3885 2101 4899
8383 6 2 300 1 3885 2101 4899 3886 2102 4900
8384 6 2 300 1 3886 2102 4900 2397 491 2735
8385 6 2 300 1 1064 210 1149 4733 2352 4988
8386 6 2 300 1 4733 2352 4988 4734 2353 4989
8387 6 2 300 1 4734 2353 4989 4735 2354 4990
8388 6 2 300 1 4735 2354 4990 2680 575 2765
8389 6 2 300 1 867 124 1147 4142 2094 4982
8390 6 2 300 1 4142 2094 4982 4143 2095 4983
8391 6 2 300 1 4143 2095 4983 4144 2096 4984
8392 6 2 300 1 4144 2096 4984 2483 489 2763
8393 6 2 300 1 970 972 1153 4451 4457 5000
8394 6 2 300 1 4451 4457 5000 4452 4458 5001
8395 6 2 300 1 4452 4458 5001 4453 4459 5002
8396 6 2 300 1 4453 4459 5002 2586 2588 2769
8397 6 2 300 1 119 120 1058 2079 2082 4715
8398 6 2 300 1 2079 2082 4715 2080 2083 4716
8399 6 2 300 1 2080 2083 4716 2081 2084 4717
8400 6 2 300 1 2081 2084 4717 484 485 2674
8401 6 2 300 1 981 983 1154 4484 4490 5003
8402 6 2 300 1 4484 4490 5003 4485 4491 5004
8403 6 2 300 1 4485 4491 5004 4486 4492 5005
8404 6 2 300 1 4486 4492 5005 2597 2599 2770
8405 6 2 300 1 963 965 1152 4430 4436 4997
8406 6 2 300 1 4430 4436 4997 4431 4437 4998
8407 6 2 300 1 4431 4437 4998 4432 4438 4999
8408 6 2 300 1 4432 4438 4999 2579 2581 2768
8409 6 2 300 1 1117 1066 1149 4892 4739 4988
8410 6 2 300 1 4892 4739 4988 4893 4740 4989
8411 6 2 300 1 4893 4740 4989 4894 4741 4990
8412 6 2 300 1 4894 4741 4990 2733 2682 2765
8413 6 2 300 1 914 916 1156 4283 4289 5009
8414 6 2 300 1 4283 4289 5009 4284 4290 5010
8415 6 2 300 1 4284 4290 5010 4285 4291 5011
8416 6 2 300 1 4285 4291 5011 2530 2532 2772
8417 6 2 300 1 988 990 1155 4505 4511 5006
8418 6 2 300 1 4505 4511 5006 4506 4512 5007
8419 6 2 300 1 4506 4512 5007 4507 4513 5008
8420 6 2 300 1 4507 4513 5008 2604 2606 2771
8421 6 2 300 1 131 132 1157 2115 2118 5012
8422 6 2 300 1 2115 2118 5012 2116 2119 5013
8423 6 2 300 1 2116 2119 5013 2117 2120 5014
8424 6 2 300 1 2117 2120 5014 496 497 2773
8425 6 2 300 1 176 819 1150 2250 3998 4991
8426 6 2 300 1 2250 3998 4991 2251 3999 4992
8427 6 2 300 1 2251 3999 4992 2252 4000 4993
8428 6 2 300 1 2252 4000 4993 541 2435 2766
8429 6 2 300 1 916 1056 1156 4289 4709 5009
8430 6 2 300 1 4289 4709 5009 4290 4710 5010
8431 6 2 300 1 4290 4710 5010 4291 4711 5011
8432 6 2 300 1 4291 4711 5011 2532 2672 2772
8433 6 2 300 1 132 782 1157 2118 3887 5012
8434 6 2 300 1 2118 3887 5012 2119 3888 5013
8435 6 2 300 1 2119 3888 5013 2120 3889 5014
8436 6 2 300 1 2120 3889 5014 497 2398 2773
8437 6 2 300 1 121 122 1158 2085 2088 5015
8438 6 2 300 1 2085 2088 5015 2086 2089 5016
8439 6 2 300 1 2086 2089 5016 2087 2090 5017
8440 6 2 300 1 2087 2090 5017 486 487 2774
8441 6 2 300 1 223 224 1161 2391 2394 5024
8442 6 2 300 1 2391 2394 5024 2392 2395 5025
8443 6 2 300 1 2392 2395 5025 2393 2396 5026
8444 6 2 300 1 2393 2396 5026 588 589 2777
8445 6 2 300 1 871 865 1161 4154 4136 5024
8446 6 2 300 1 4154 4136 5024 4155 4137 5025
8447 6 2 300 1 4155 4137 5025 4156 4138 5026
8448 6 2 300 1 4156 4138 5026 2487 2481 2777
8449 6 2 300 1 219 220 1159 2379 2382 5018
8450 6 2 300 1 2379 2382 5018 2380 2383 5019
8451 6 2 300 1 2380 2383 5019 2381 2384 5020
8452 6 2 300 1 2381 2384 5020 584 585 2775
8453 6 2 300 1 117 118 1160 2073 2076 5021
8454 6 2 300 1 2073 2076 5021 2074 2077 5022
8455 6 2 300 1 2074 2077 5022 2075 2078 5023
8456 6 2 300 1 2075 2078 5023 482 483 2776
8457 6 2 300 1 1086 1102 1166 4799 4847 5039
8458 6 2 300 1 4799 4847 5039 4800 4848 5040
8459 6 2 300 1 4800 4848 5040 4801 4849 5041
8460 6 2 300 1 4801 4849 5041 2702 2718 2782
8461 6 2 300 1 1102 1086 1165 4847 4799 5036
8462 6 2 300 1 4847 4799 5036 4848 4800 5037
8463 6 2 300 1 4848 4800 5037 4849 4801 5038
8464 6 2 300 1 4849 4801 5038 2718 2702 2781
8465 6 2 300 1 1181 920 1253 5084 4301 5300
8466 6 2 300 1 5084 4301 5300 5085 4302 5301
8467 6 2 300 1 5085 4302 5301 5086 4303 5302
8468 6 2 300 1 5086 4303 5302 2797 2536 2869
8469 6 2 300 1 1182 941 1255 5087 4364 5306
8470 6 2 300 1 5087 4364 5306 5088 4365 5307
8471 6 2 300 1 5088 4365 5307 5089 4366 5308
8472 6 2 300 1 5089 4366 5308 2798 2557 2871
8473 6 2 300 1 1183 948 1257 5090 4385 5312
8474 6 2 300 1 5090 4385 5312 5091 4386 5313
8475 6 2 300 1 5091 4386 5313 5092 4387 5314
8476 6 2 300 1 5092 4387 5314 2799 2564 2873
8477 6 2 300 1 1184 967 1259 5093 4442 5318
8478 6 2 300 1 5093 4442 5318 5094 4443 5319
8479 6 2 300 1 5094 4443 5319 5095 4444 5320
8480 6 2 300 1 5095 4444 5320 2800 2583 2875
8481 6 2 300 1 1185 974 1260 5096 4463 5321
8482 6 2 300 1 5096 4463 5321 5097 4464 5322
8483 6 2 300 1 5097 4464 5322 5098 4465 5323
8484 6 2 300 1 5098 4465 5323 2801 2590 2876
8485 6 2 300 1 1188 1035 1263 5105 4646 5330
8486 6 2 300 1 5105 4646 5330 5106 4647 5331
8487 6 2 300 1 5106 4647 5331 5107 4648 5332
8488 6 2 300 1 5107 4648 5332 2804 2651 2879
8489 6 2 300 1 1186 985 1261 5099 4496 5324
8490 6 2 300 1 5099 4496 5324 5100 4497 5325
8491 6 2 300 1 5100 4497 5325 5101 4498 5326
8492 6 2 300 1 5101 4498 5326 2802 2601 2877
8493 6 2 300 1 1176 895 1250 5069 4226 5291
8494 6 2 300 1 5069 4226 5291 5070 4227 5292
8495 6 2 300 1 5070 4227 5292 5071 4228 5293
8496 6 2 300 1 5071 4228 5293 2792 2511 2866
8497 6 2 300 1 1187 992 1262 5102 4517 5327
8498 6 2 300 1 5102 4517 5327 5103 4518 5328
8499 6 2 300 1 5103 4518 5328 5104 4519 5329
8500 6 2 300 1 5104 4519 5329 2803 2608 2878
8501 6 2 300 1 1172 1089 1246 5057 4808 5279
8502 6 2 300 1 5057 4808 5279 5058 4809 5280
8503 6 2 300 1 5058 4809 5280 5059 4810 5281
8504 6 2 300 1 5059 4810 5281 2788 2705 2862
8505 6 2 300 1 788 1168 1244 3905 5045 5273
8506 6 2 300 1 3905 5045 5273 3906 5046 5274
8507 6 2 300 1 3906 5046 5274 3907 5047 5275
8508 6 2 300 1 3907 5047 5275 2404 2784 2860
8509 6 2 300 1 807 1179 1254 3962 5078 5303
8510 6 2 300 1 3962 5078 5303 3963 5079 5304
8511 6 2 300 1 3963 5079 5304 3964 5080 5305
8512 6 2 300 1 3964 5080 5305 2423 2795 2870
8513 6 2 300 1 809 1175 1251 3968 5066 5294
8514 6 2 300 1 3968 5066 5294 3969 5067 5295
8515 6 2 300 1 3969 5067 5295 3970 5068 5296
8516 6 2 300 1 3970 5068 5296 2425 2791 2867
8517 6 2 300 1 826 1171 1248 4019 5054 5285
8518 6 2 300 1 4019 5054 5285 4020 5055 5286
8519 6 2 300 1 4020 5055 5286 4021 5056 5287
8520 6 2 300 1 4021 5056 5287 2442 2787 2864
8521 6 2 300 1 813 1169 1203 3980 5048 5150
8522 6 2 300 1 3980 5048 5150 3981 5049 5151
8523 6 2 300 1 3981 5049 5151 3982 5050 5152
8524 6 2 300 1 3982 5050 5152 2429 2785 2819
8525 6 2 300 1 1069 1164 1194 4748 5033 5123
8526 6 2 300 1 4748 5033 5123 4749 5034 5124
8527 6 2 300 1 4749 5034 5124 4750 5035 5125
8528 6 2 300 1 4750 5035 5125 2685 2780 2810
8529 6 2 300 1 1174 1113 1192 5063 4880 5117
8530 6 2 300 1 5063 4880 5117 5064 4881 5118
8531 6 2 300 1 5064 4881 5118 5065 4882 5119
8532 6 2 300 1 5065 4882 5119 2790 2729 2808
8533 6 2 300 1 808 1178 1217 3965 5075 5192
8534 6 2 300 1 3965 5075 5192 3966 5076 5193
8535 6 2 300 1 3966 5076 5193 3967 5077 5194
8536 6 2 300 1 3967 5077 5194 2424 2794 2833
8537 6 2 300 1 811 1173 1214 3974 5060 5183
8538 6 2 300 1 3974 5060 5183 3975 5061 5184
8539 6 2 300 1 3975 5061 5184 3976 5062 5185
8540 6 2 300 1 3976 5062 5185 2427 2789 2830
8541 6 2 300 1 861 1170 1209 4124 5051 5168
8542 6 2 300 1 4124 5051 5168 4125 5052 5169
8543 6 2 300 1 4125 5052 5169 4126 5053 5170
8544 6 2 300 1 4126 5053 5170 2477 2786 2825
8545 6 2 300 1 1102 1165 1189 4847 5036 5108
8546 6 2 300 1 4847 5036 5108 4848 5037 5109
8547 6 2 300 1 4848 5037 5109 4849 5038 5110
8548 6 2 300 1 4849 5038 5110 2718 2781 2805
8549 6 2 300 1 842 1180 1232 4067 5081 5237
8550 6 2 300 1 4067 5081 5237 4068 5082 5238
8551 6 2 300 1 4068 5082 5238 4069 5083 5239
8552 6 2 300 1 4069 5083 5239 2458 2796 2848
8553 6 2 300 1 1177 1111 1242 5072 4874 5267
8554 6 2 300 1 5072 4874 5267 5073 4875 5268
8555 6 2 300 1 5073 4875 5268 5074 4876 5269
8556 6 2 300 1 5074 4876 5269 2793 2727 2858
8557 6 2 300 1 1069 1117 1264 4748 4892 5333
8558 6 2 300 1 4748 4892 5333 4749 4893 5334
8559 6 2 300 1 4749 4893 5334 4750 4894 5335
8560 6 2 300 1 4750 4894 5335 2685 2733 2880
8561 6 2 300 1 877 790 1266 4172 3911 5339
8562 6 2 300 1 4172 3911 5339 4173 3912 5340
8563 6 2 300 1 4173 3912 5340 4174 3913 5341
8564 6 2 300 1 4174 3913 5341 2493 2406 2882
8565 6 2 300 1 880 881 1163 4181 4184 5030
8566 6 2 300 1 4181 4184 5030 4182 4185 5031
8567 6 2 300 1 4182 4185 5031 4183 4186 5032
8568 6 2 300 1 4183 4186 5032 2496 2497 2779
8569 6 2 300 1 1097 834 1166 4832 4043 5039
8570 6 2 300 1 4832 4043 5039 4833 4044 5040
8571 6 2 300 1 4833 4044 5040 4834 4045 5041
8572 6 2 300 1 4834 4045 5041 2713 2450 2782
8573 6 2 300 1 1102 1098 1166 4847 4835 5039
8574 6 2 300 1 4847 4835 5039 4848 4836 5040
8575 6 2 300 1 4848 4836 5040 4849 4837 5041
8576 6 2 300 1 4849 4837 5041 2718 2714 2782
8577 6 2 300 1 1086 1084 1165 4799 4793 5036
8578 6 2 300 1 4799 4793 5036 4800 4794 5037
8579 6 2 300 1 4800 4794 5037 4801 4795 5038
8580 6 2 300 1 4801 4795 5038 2702 2700 2781
8581 6 2 300 1 1144 800 1164 4973 3941 5033
8582 6 2 300 1 4973 3941 5033 4974 3942 5034
8583 6 2 300 1 4974 3942 5034 4975 3943 5035
8584 6 2 300 1 4975 3943 5035 2760 2416 2780
8585 6 2 300 1 891 1087 1168 4214 4802 5045
8586 6 2 300 1 4214 4802 5045 4215 4803 5046
8587 6 2 300 1 4215 4803 5046 4216 4804 5047
8588 6 2 300 1 4216 4804 5047 2507 2703 2784
8589 6 2 300 1 917 915 1169 4292 4286 5048
8590 6 2 300 1 4292 4286 5048 4293 4287 5049
8591 6 2 300 1 4293 4287 5049 4294 4288 5050
8592 6 2 300 1 4294 4288 5050 2533 2531 2785
8593 6 2 300 1 1148 784 1165 4985 3893 5036
8594 6 2 300 1 4985 3893 5036 4986 3894 5037
8595 6 2 300 1 4986 3894 5037 4987 3895 5038
8596 6 2 300 1 4987 3895 5038 2764 2400 2781
8597 6 2 300 1 1085 1086 1167 4796 4799 5042
8598 6 2 300 1 4796 4799 5042 4797 4800 5043
8599 6 2 300 1 4797 4800 5043 4798 4801 5044
8600 6 2 300 1 4798 4801 5044 2701 2702 2783
8601 6 2 300 1 936 934 1170 4349 4343 5051
8602 6 2 300 1 4349 4343 5051 4350 4344 5052
8603 6 2 300 1 4350 4344 5052 4351 4345 5053
8604 6 2 300 1 4351 4345 5053 2552 2550 2786
8605 6 2 300 1 41 42 1172 1845 1848 5057
8606 6 2 300 1 1845 1848 5057 1846 1849 5058
8607 6 2 300 1 1846 1849 5058 1847 1850 5059
8608 6 2 300 1 1847 1850 5059 406 407 2788
8609 6 2 300 1 943 940 1171 4370 4361 5054
8610 6 2 300 1 4370 4361 5054 4371 4362 5055
8611 6 2 300 1 4371 4362 5055 4372 4363 5056
8612 6 2 300 1 4372 4363 5056 2559 2556 2787
8613 6 2 300 1 962 960 1173 4427 4421 5060
8614 6 2 300 1 4427 4421 5060 4428 4422 5061
8615 6 2 300 1 4428 4422 5061 4429 4423 5062
8616 6 2 300 1 4429 4423 5062 2578 2576 2789
8617 6 2 300 1 969 966 1175 4448 4439 5066
8618 6 2 300 1 4448 4439 5066 4449 4440 5067
8619 6 2 300 1 4449 4440 5067 4450 4441 5068
8620 6 2 300 1 4450 4441 5068 2585 2582 2791
8621 6 2 300 1 786 1129 1174 3899 4928 5063
8622 6 2 300 1 3899 4928 5063 3900 4929 5064
8623 6 2 300 1 3900 4929 5064 3901 4930 5065
8624 6 2 300 1 3901 4930 5065 2402 2745 2790
8625 6 2 300 1 44 45 1176 1854 1857 5069
8626 6 2 300 1 1854 1857 5069 1855 1858 5070
8627 6 2 300 1 1855 1858 5070 1856 1859 5071
8628 6 2 300 1 1856 1859 5071 409 410 2792
8629 6 2 300 1 1067 1065 1177 4742 4736 5072
8630 6 2 300 1 4742 4736 5072 4743 4737 5073
8631 6 2 300 1 4743 4737 5073 4744 4738 5074
8632 6 2 300 1 4744 4738 5074 2683 2681 2793
8633 6 2 300 1 980 978 1178 4481 4475 5075
8634 6 2 300 1 4481 4475 5075 4482 4476 5076
8635 6 2 300 1 4482 4476 5076 4483 4477 5077
8636 6 2 300 1 4483 4477 5077 2596 2594 2794
8637 6 2 300 1 987 984 1179 4502 4493 5078
8638 6 2 300 1 4502 4493 5078 4503 4494 5079
8639 6 2 300 1 4503 4494 5079 4504 4495 5080
8640 6 2 300 1 4504 4495 5080 2603 2600 2795
8641 6 2 300 1 57 58 1181 1893 1896 5084
8642 6 2 300 1 1893 1896 5084 1894 1897 5085
8643 6 2 300 1 1894 1897 5085 1895 1898 5086
8644 6 2 300 1 1895 1898 5086 422 423 2797
8645 6 2 300 1 1030 1028 1180 4631 4625 5081
8646 6 2 300 1 4631 4625 5081 4632 4626 5082
8647 6 2 300 1 4632 4626 5082 4633 4627 5083
8648 6 2 300 1 4633 4627 5083 2646 2644 2796
8649 6 2 300 1 66 67 1182 1920 1923 5087
8650 6 2 300 1 1920 1923 5087 1921 1924 5088
8651 6 2 300 1 1921 1924 5088 1922 1925 5089
8652 6 2 300 1 1922 1925 5089 431 432 2798
8653 6 2 300 1 69 70 1183 1929 1932 5090
8654 6 2 300 1 1929 1932 5090 1930 1933 5091
8655 6 2 300 1 1930 1933 5091 1931 1934 5092
8656 6 2 300 1 1931 1934 5092 434 435 2799
8657 6 2 300 1 78 79 1184 1956 1959 5093
8658 6 2 300 1 1956 1959 5093 1957 1960 5094
8659 6 2 300 1 1957 1960 5094 1958 1961 5095
8660 6 2 300 1 1958 1961 5095 443 444 2800
8661 6 2 300 1 86 87 1186 1980 1983 5099
8662 6 2 300 1 1980 1983 5099 1981 1984 5100
8663 6 2 300 1 1981 1984 5100 1982 1985 5101
8664 6 2 300 1 1982 1985 5101 451 452 2802
8665 6 2 300 1 81 82 1185 1965 1968 5096
8666 6 2 300 1 1965 1968 5096 1966 1969 5097
8667 6 2 300 1 1966 1969 5097 1967 1970 5098
8668 6 2 300 1 1967 1970 5098 446 447 2801
8669 6 2 300 1 89 5 1187 1989 593 5102
8670 6 2 300 1 1989 593 5102 1990 594 5103
8671 6 2 300 1 1990 594 5103 1991 595 5104
8672 6 2 300 1 1991 595 5104 454 12 2803
8673 6 2 300 1 109 110 1188 2049 2052 5105
8674 6 2 300 1 2049 2052 5105 2050 2053 5106
8675 6 2 300 1 2050 2053 5106 2051 2054 5107
8676 6 2 300 1 2051 2054 5107 474 475 2804
8677 6 2 300 1 1110 1113 1242 4871 4880 5267
8678 6 2 300 1 4871 4880 5267 4872 4881 5268
8679 6 2 300 1 4872 4881 5268 4873 4882 5269
8680 6 2 300 1 4873 4882 5269 2726 2729 2858
8681 6 2 300 1 1088 1089 1244 4805 4808 5273
8682 6 2 300 1 4805 4808 5273 4806 4809 5274
8683 6 2 300 1 4806 4809 5274 4807 4810 5275
8684 6 2 300 1 4807 4810 5275 2704 2705 2860
8685 6 2 300 1 1127 1111 1243 4922 4874 5270
8686 6 2 300 1 4922 4874 5270 4923 4875 5271
8687 6 2 300 1 4923 4875 5271 4924 4876 5272
8688 6 2 300 1 4924 4876 5272 2743 2727 2859
8689 6 2 300 1 892 895 1245 4217 4226 5276
8690 6 2 300 1 4217 4226 5276 4218 4227 5277
8691 6 2 300 1 4218 4227 5277 4219 4228 5278
8692 6 2 300 1 4219 4228 5278 2508 2511 2861
8693 6 2 300 1 834 40 1246 4043 1842 5279
8694 6 2 300 1 4043 1842 5279 4044 1843 5280
8695 6 2 300 1 4044 1843 5280 4045 1844 5281
8696 6 2 300 1 4045 1844 5281 2450 405 2862
8697 6 2 300 1 919 920 1247 4298 4301 5282
8698 6 2 300 1 4298 4301 5282 4299 4302 5283
8699 6 2 300 1 4299 4302 5283 4300 4303 5284
8700 6 2 300 1 4300 4303 5284 2535 2536 2863
8701 6 2 300 1 938 941 1248 4355 4364 5285
8702 6 2 300 1 4355 4364 5285 4356 4365 5286
8703 6 2 300 1 4356 4365 5286 4357 4366 5287
8704 6 2 300 1 4357 4366 5287 2554 2557 2864
8705 6 2 300 1 945 948 1249 4376 4385 5288
8706 6 2 300 1 4376 4385 5288 4377 4386 5289
8707 6 2 300 1 4377 4386 5289 4378 4387 5290
8708 6 2 300 1 4378 4387 5290 2561 2564 2865
8709 6 2 300 1 788 43 1250 3905 1851 5291
8710 6 2 300 1 3905 1851 5291 3906 1852 5292
8711 6 2 300 1 3906 1852 5292 3907 1853 5293
8712 6 2 300 1 3907 1853 5293 2404 408 2866
8713 6 2 300 1 964 967 1251 4433 4442 5294
8714 6 2 300 1 4433 4442 5294 4434 4443 5295
8715 6 2 300 1 4434 4443 5295 4435 4444 5296
8716 6 2 300 1 4435 4444 5296 2580 2583 2867
8717 6 2 300 1 971 974 1252 4454 4463 5297
8718 6 2 300 1 4454 4463 5297 4455 4464 5298
8719 6 2 300 1 4455 4464 5298 4456 4465 5299
8720 6 2 300 1 4456 4465 5299 2587 2590 2868
8721 6 2 300 1 813 56 1253 3980 1890 5300
8722 6 2 300 1 3980 1890 5300 3981 1891 5301
8723 6 2 300 1 3981 1891 5301 3982 1892 5302
8724 6 2 300 1 3982 1892 5302 2429 421 2869
8725 6 2 300 1 982 985 1254 4487 4496 5303
8726 6 2 300 1 4487 4496 5303 4488 4497 5304
8727 6 2 300 1 4488 4497 5304 4489 4498 5305
8728 6 2 300 1 4489 4498 5305 2598 2601 2870
8729 6 2 300 1 861 65 1255 4124 1917 5306
8730 6 2 300 1 4124 1917 5306 4125 1918 5307
8731 6 2 300 1 4125 1918 5307 4126 1919 5308
8732 6 2 300 1 4126 1919 5308 2477 430 2871
8733 6 2 300 1 989 992 1256 4508 4517 5309
8734 6 2 300 1 4508 4517 5309 4509 4518 5310
8735 6 2 300 1 4509 4518 5310 4510 4519 5311
8736 6 2 300 1 4510 4519 5311 2605 2608 2872
8737 6 2 300 1 826 68 1257 4019 1926 5312
8738 6 2 300 1 4019 1926 5312 4020 1927 5313
8739 6 2 300 1 4020 1927 5313 4021 1928 5314
8740 6 2 300 1 4021 1928 5314 2442 433 2873
8741 6 2 300 1 811 77 1259 3974 1953 5318
8742 6 2 300 1 3974 1953 5318 3975 1954 5319
8743 6 2 300 1 3975 1954 5319 3976 1955 5320
8744 6 2 300 1 3976 1955 5320 2427 442 2875
8745 6 2 300 1 809 80 1260 3968 1962 5321
8746 6 2 300 1 3968 1962 5321 3969 1963 5322
8747 6 2 300 1 3969 1963 5322 3970 1964 5323
8748 6 2 300 1 3970 1964 5323 2425 445 2876
8749 6 2 300 1 1032 1035 1258 4637 4646 5315
8750 6 2 300 1 4637 4646 5315 4638 4647 5316
8751 6 2 300 1 4638 4647 5316 4639 4648 5317
8752 6 2 300 1 4639 4648 5317 2648 2651 2874
8753 6 2 300 1 808 85 1261 3965 1977 5324
8754 6 2 300 1 3965 1977 5324 3966 1978 5325
8755 6 2 300 1 3966 1978 5325 3967 1979 5326
8756 6 2 300 1 3967 1979 5326 2424 450 2877
8757 6 2 300 1 807 88 1262 3962 1986 5327
8758 6 2 300 1 3962 1986 5327 3963 1987 5328
8759 6 2 300 1 3963 1987 5328 3964 1988 5329
8760 6 2 300 1 3964 1988 5329 2423 453 2878
8761 6 2 300 1 842 108 1263 4067 2046 5330
8762 6 2 300 1 4067 2046 5330 4068 2047 5331
8763 6 2 300 1 4068 2047 5331 4069 2048 5332
8764 6 2 300 1 4069 2048 5332 2458 473 2879
8765 6 2 300 1 879 795 1265 4178 3926 5336
8766 6 2 300 1 4178 3926 5336 4179 3927 5337
8767 6 2 300 1 4179 3927 5337 4180 3928 5338
8768 6 2 300 1 4180 3928 5338 2495 2411 2881
8769 6 2 300 1 866 121 1158 4139 2085 5015
8770 6 2 300 1 4139 2085 5015 4140 2086 5016
8771 6 2 300 1 4140 2086 5016 4141 2087 5017
8772 6 2 300 1 4141 2087 5017 2482 486 2774
8773 6 2 300 1 865 223 1161 4136 2391 5024
8774 6 2 300 1 4136 2391 5024 4137 2392 5025
8775 6 2 300 1 4137 2392 5025 4138 2393 5026
8776 6 2 300 1 4138 2393 5026 2481 588 2777
8777 6 2 300 1 837 219 1159 4052 2379 5018
8778 6 2 300 1 4052 2379 5018 4053 2380 5019
8779 6 2 300 1 4053 2380 5019 4054 2381 5020
8780 6 2 300 1 4054 2381 5020 2453 584 2775
8781 6 2 300 1 833 117 1160 4040 2073 5021
8782 6 2 300 1 4040 2073 5021 4041 2074 5022
8783 6 2 300 1 4041 2074 5022 4042 2075 5023
8784 6 2 300 1 4042 2075 5023 2449 482 2776
8785 6 2 300 1 25 795 1266 1797 3926 5339
8786 6 2 300 1 1797 3926 5339 1798 3927 5340
8787 6 2 300 1 1798 3927 5340 1799 3928 5341
8788 6 2 300 1 1799 3928 5341 390 2411 2882
8789 6 2 300 1 790 24 1266 3911 1794 5339
8790 6 2 300 1 3911 1794 5339 3912 1795 5340
8791 6 2 300 1 3912 1795 5340 3913 1796 5341
8792 6 2 300 1 3913 1796 5341 2406 389 2882
8793 6 2 300 1 868 22 1267 4145 1788 5342
8794 6 2 300 1 4145 1788 5342 4146 1789 5343
8795 6 2 300 1 4146 1789 5343 4147 1790 5344
8796 6 2 300 1 4147 1790 5344 2484 387 2883
8797 6 2 300 1 23 790 1267 1791 3911 5342
8798 6 2 300 1 1791 3911 5342 1792 3912 5343
8799 6 2 300 1 1792 3912 5343 1793 3913 5344
8800 6 2 300 1 1793 3913 5344 388 2406 2883
8801 6 2 300 1 26 27 1265 1800 1803 5336
8802 6 2 300 1 1800 1803 5336 1801 1804 5337
8803 6 2 300 1 1801 1804 5337 1802 1805 5338
8804 6 2 300 1 1802 1805 5338 391 392 2881
8805 6 2 300 1 870 872 1269 4151 4157 5348
8806 6 2 300 1 4151 4157 5348 4152 4158 5349
8807 6 2 300 1 4152 4158 5349 4153 4159 5350
8808 6 2 300 1 4153 4159 5350 2486 2488 2885
8809 6 2 300 1 1115 886 1277 4886 4199 5372
8810 6 2 300 1 4886 4199 5372 4887 4200 5373
8811 6 2 300 1 4887 4200 5373 4888 4201 5374
8812 6 2 300 1 4888 4201 5374 2731 2502 2893
8813 6 2 300 1 839 1091 1271 4058 4814 5354
8814 6 2 300 1 4058 4814 5354 4059 4815 5355
8815 6 2 300 1 4059 4815 5355 4060 4816 5356
8816 6 2 300 1 4060 4816 5356 2455 2707 2887
8817 6 2 300 1 1058 866 1162 4715 4139 5027
8818 6 2 300 1 4715 4139 5027 4716 4140 5028
8819 6 2 300 1 4716 4140 5028 4717 4141 5029
8820 6 2 300 1 4717 4141 5029 2674 2482 2778
8821 6 2 300 1 27 28 1272 1803 1806 5357
8822 6 2 300 1 1803 1806 5357 1804 1807 5358
8823 6 2 300 1 1804 1807 5358 1805 1808 5359
8824 6 2 300 1 1805 1808 5359 392 393 2888
8825 6 2 300 1 885 1145 1264 4196 4976 5333
8826 6 2 300 1 4196 4976 5333 4197 4977 5334
8827 6 2 300 1 4197 4977 5334 4198 4978 5335
8828 6 2 300 1 4198 4978 5335 2501 2761 2880
8829 6 2 300 1 1 21 1273 590 1785 5360
8830 6 2 300 1 590 1785 5360 591 1786 5361
8831 6 2 300 1 591 1786 5361 592 1787 5362
8832 6 2 300 1 592 1787 5362 11 386 2889
8833 6 2 300 1 224 1 1273 2394 590 5360
8834 6 2 300 1 2394 590 5360 2395 591 5361
8835 6 2 300 1 2395 591 5361 2396 592 5362
8836 6 2 300 1 2396 592 5362 589 11 2889
8837 6 2 300 1 220 4 1274 2382 605 5363
8838 6 2 300 1 2382 605 5363 2383 606 5364
8839 6 2 300 1 2383 606 5364 2384 607 5365
8840 6 2 300 1 2384 607 5365 585 16 2890
8841 6 2 300 1 4 221 1274 605 2385 5363
8842 6 2 300 1 605 2385 5363 606 2386 5364
8843 6 2 300 1 606 2386 5364 607 2387 5365
8844 6 2 300 1 607 2387 5365 16 586 2890
8845 6 2 300 1 122 3 1275 2088 599 5366
8846 6 2 300 1 2088 599 5366 2089 600 5367
8847 6 2 300 1 2089 600 5367 2090 601 5368
8848 6 2 300 1 2090 601 5368 487 14 2891
8849 6 2 300 1 118 2 1276 2076 596 5369
8850 6 2 300 1 2076 596 5369 2077 597 5370
8851 6 2 300 1 2077 597 5370 2078 598 5371
8852 6 2 300 1 2078 598 5371 483 13 2892
8853 6 2 300 1 2 119 1276 596 2079 5369
8854 6 2 300 1 596 2079 5369 597 2080 5370
8855 6 2 300 1 597 2080 5370 598 2081 5371
8856 6 2 300 1 598 2081 5371 13 484 2892
8857 6 2 300 1 3 123 1275 599 2091 5366
8858 6 2 300 1 599 2091 5366 600 2092 5367
8859 6 2 300 1 600 2092 5367 601 2093 5368
8860 6 2 300 1 601 2093 5368 14 488 2891
8861 6 2 300 1 881 884 1163 4184 4193 5030
8862 6 2 300 1 4184 4193 5030 4185 4194 5031
8863 6 2 300 1 4185 4194 5031 4186 4195 5032
8864 6 2 300 1 4186 4195 5032 2497 2500 2779
8865 6 2 300 1 843 212 1277 4070 2358 5372
8866 6 2 300 1 4070 2358 5372 4071 2359 5373
8867 6 2 300 1 4071 2359 5373 4072 2360 5374
8868 6 2 300 1 4072 2360 5374 2459 577 2893
8869 6 2 300 1 213 1115 1277 2361 4886 5372
8870 6 2 300 1 2361 4886 5372 2362 4887 5373
8871 6 2 300 1 2362 4887 5373 2363 4888 5374
8872 6 2 300 1 2363 4888 5374 578 2731 2893
8873 6 2 300 1 1089 1172 1244 4808 5057 5273
8874 6 2 300 1 4808 5057 5273 4809 5058 5274
8875 6 2 300 1 4809 5058 5274 4810 5059 5275
8876 6 2 300 1 4810 5059 5275 2705 2788 2860
8877 6 2 300 1 1167 834 1246 5042 4043 5279
8878 6 2 300 1 5042 4043 5279 5043 4044 5280
8879 6 2 300 1 5043 4044 5280 5044 4045 5281
8880 6 2 300 1 5044 4045 5281 2783 2450 2862
8881 6 2 300 1 1113 1174 1242 4880 5063 5267
8882 6 2 300 1 4880 5063 5267 4881 5064 5268
8883 6 2 300 1 4881 5064 5268 4882 5065 5269
8884 6 2 300 1 4882 5065 5269 2729 2790 2858
8885 6 2 300 1 1168 788 1250 5045 3905 5291
8886 6 2 300 1 5045 3905 5291 5046 3906 5292
8887 6 2 300 1 5046 3906 5292 5047 3907 5293
8888 6 2 300 1 5047 3907 5293 2784 2404 2866
8889 6 2 300 1 1111 1177 1243 4874 5072 5270
8890 6 2 300 1 4874 5072 5270 4875 5073 5271
8891 6 2 300 1 4875 5073 5271 4876 5074 5272
8892 6 2 300 1 4876 5074 5272 2727 2793 2859
8893 6 2 300 1 895 1176 1245 4226 5069 5276
8894 6 2 300 1 4226 5069 5276 4227 5070 5277
8895 6 2 300 1 4227 5070 5277 4228 5071 5278
8896 6 2 300 1 4228 5071 5278 2511 2792 2861
8897 6 2 300 1 1169 813 1253 5048 3980 5300
8898 6 2 300 1 5048 3980 5300 5049 3981 5301
8899 6 2 300 1 5049 3981 5301 5050 3982 5302
8900 6 2 300 1 5050 3982 5302 2785 2429 2869
8901 6 2 300 1 1170 861 1255 5051 4124 5306
8902 6 2 300 1 5051 4124 5306 5052 4125 5307
8903 6 2 300 1 5052 4125 5307 5053 4126 5308
8904 6 2 300 1 5053 4126 5308 2786 2477 2871
8905 6 2 300 1 920 1181 1247 4301 5084 5282
8906 6 2 300 1 4301 5084 5282 4302 5085 5283
8907 6 2 300 1 4302 5085 5283 4303 5086 5284
8908 6 2 300 1 4303 5086 5284 2536 2797 2863
8909 6 2 300 1 1171 826 1257 5054 4019 5312
8910 6 2 300 1 5054 4019 5312 5055 4020 5313
8911 6 2 300 1 5055 4020 5313 5056 4021 5314
8912 6 2 300 1 5056 4021 5314 2787 2442 2873
8913 6 2 300 1 941 1182 1248 4364 5087 5285
8914 6 2 300 1 4364 5087 5285 4365 5088 5286
8915 6 2 300 1 4365 5088 5286 4366 5089 5287
8916 6 2 300 1 4366 5089 5287 2557 2798 2864
8917 6 2 300 1 1173 811 1259 5060 3974 5318
8918 6 2 300 1 5060 3974 5318 5061 3975 5319
8919 6 2 300 1 5061 3975 5319 5062 3976 5320
8920 6 2 300 1 5062 3976 5320 2789 2427 2875
8921 6 2 300 1 948 1183 1249 4385 5090 5288
8922 6 2 300 1 4385 5090 5288 4386 5091 5289
8923 6 2 300 1 4386 5091 5289 4387 5092 5290
8924 6 2 300 1 4387 5092 5290 2564 2799 2865
8925 6 2 300 1 1175 809 1260 5066 3968 5321
8926 6 2 300 1 5066 3968 5321 5067 3969 5322
8927 6 2 300 1 5067 3969 5322 5068 3970 5323
8928 6 2 300 1 5068 3970 5323 2791 2425 2876
8929 6 2 300 1 967 1184 1251 4442 5093 5294
8930 6 2 300 1 4442 5093 5294 4443 5094 5295
8931 6 2 300 1 4443 5094 5295 4444 5095 5296
8932 6 2 300 1 4444 5095 5296 2583 2800 2867
8933 6 2 300 1 1178 808 1261 5075 3965 5324
8934 6 2 300 1 5075 3965 5324 5076 3966 5325
8935 6 2 300 1 5076 3966 5325 5077 3967 5326
8936 6 2 300 1 5077 3967 5326 2794 2424 2877
8937 6 2 300 1 974 1185 1252 4463 5096 5297
8938 6 2 300 1 4463 5096 5297 4464 5097 5298
8939 6 2 300 1 4464 5097 5298 4465 5098 5299
8940 6 2 300 1 4465 5098 5299 2590 2801 2868
8941 6 2 300 1 1179 807 1262 5078 3962 5327
8942 6 2 300 1 5078 3962 5327 5079 3963 5328
8943 6 2 300 1 5079 3963 5328 5080 3964 5329
8944 6 2 300 1 5080 3964 5329 2795 2423 2878
8945 6 2 300 1 1180 842 1263 5081 4067 5330
8946 6 2 300 1 5081 4067 5330 5082 4068 5331
8947 6 2 300 1 5082 4068 5331 5083 4069 5332
8948 6 2 300 1 5083 4069 5332 2796 2458 2879
8949 6 2 300 1 985 1186 1254 4496 5099 5303
8950 6 2 300 1 4496 5099 5303 4497 5100 5304
8951 6 2 300 1 4497 5100 5304 4498 5101 5305
8952 6 2 300 1 4498 5101 5305 2601 2802 2870
8953 6 2 300 1 992 1187 1256 4517 5102 5309
8954 6 2 300 1 4517 5102 5309 4518 5103 5310
8955 6 2 300 1 4518 5103 5310 4519 5104 5311
8956 6 2 300 1 4519 5104 5311 2608 2803 2872
8957 6 2 300 1 1035 1188 1258 4646 5105 5315
8958 6 2 300 1 4646 5105 5315 4647 5106 5316
8959 6 2 300 1 4647 5106 5316 4648 5107 5317
8960 6 2 300 1 4648 5107 5317 2651 2804 2874
8961 6 2 300 1 1092 1093 1270 4817 4820 5351
8962 6 2 300 1 4817 4820 5351 4818 4821 5352
8963 6 2 300 1 4818 4821 5352 4819 4822 5353
8964 6 2 300 1 4819 4822 5353 2708 2709 2886
8965 6 2 300 1 1145 1144 1164 4976 4973 5033
8966 6 2 300 1 4976 4973 5033 4977 4974 5034
8967 6 2 300 1 4977 4974 5034 4978 4975 5035
8968 6 2 300 1 4978 4975 5035 2761 2760 2780
8969 6 2 300 1 1098 1097 1166 4835 4832 5039
8970 6 2 300 1 4835 4832 5039 4836 4833 5040
8971 6 2 300 1 4836 4833 5040 4837 4834 5041
8972 6 2 300 1 4837 4834 5041 2714 2713 2782
8973 6 2 300 1 1084 1148 1165 4793 4985 5036
8974 6 2 300 1 4793 4985 5036 4794 4986 5037
8975 6 2 300 1 4794 4986 5037 4795 4987 5038
8976 6 2 300 1 4795 4987 5038 2700 2764 2781
8977 6 2 300 1 1089 1085 1167 4808 4796 5042
8978 6 2 300 1 4808 4796 5042 4809 4797 5043
8979 6 2 300 1 4809 4797 5043 4810 4798 5044
8980 6 2 300 1 4810 4798 5044 2705 2701 2783
8981 6 2 300 1 895 891 1168 4226 4214 5045
8982 6 2 300 1 4226 4214 5045 4227 4215 5046
8983 6 2 300 1 4227 4215 5046 4228 4216 5047
8984 6 2 300 1 4228 4216 5047 2511 2507 2784
8985 6 2 300 1 920 917 1169 4301 4292 5048
8986 6 2 300 1 4301 4292 5048 4302 4293 5049
8987 6 2 300 1 4302 4293 5049 4303 4294 5050
8988 6 2 300 1 4303 4294 5050 2536 2533 2785
8989 6 2 300 1 941 936 1170 4364 4349 5051
8990 6 2 300 1 4364 4349 5051 4365 4350 5052
8991 6 2 300 1 4365 4350 5052 4366 4351 5053
8992 6 2 300 1 4366 4351 5053 2557 2552 2786
8993 6 2 300 1 948 943 1171 4385 4370 5054
8994 6 2 300 1 4385 4370 5054 4386 4371 5055
8995 6 2 300 1 4386 4371 5055 4387 4372 5056
8996 6 2 300 1 4387 4372 5056 2564 2559 2787
8997 6 2 300 1 42 788 1172 1848 3905 5057
8998 6 2 300 1 1848 3905 5057 1849 3906 5058
8999 6 2 300 1 1849 3906 5058 1850 3907 5059
9000 6 2 300 1 1850 3907 5059 407 2404 2788
9001 6 2 300 1 967 962 1173 4442 4427 5060
9002 6 2 300 1 4442 4427 5060 4443 4428 5061
9003 6 2 300 1 4443 4428 5061 4444 4429 5062
9004 6 2 300 1 4444 4429 5062 2583 2578 2789
9005 6 2 300 1 974 969 1175 4463 4448 5066
9006 6 2 300 1 4463 4448 5066 4464 4449 5067
9007 6 2 300 1 4464 4449 5067 4465 4450 5068
9008 6 2 300 1 4465 4450 5068 2590 2585 2791
9009 6 2 300 1 1129 1067 1174 4928 4742 5063
9010 6 2 300 1 4928 4742 5063 4929 4743 5064
9011 6 2 300 1 4929 4743 5064 4930 4744 5065
9012 6 2 300 1 4930 4744 5065 2745 2683 2790
9013 6 2 300 1 45 791 1176 1857 3914 5069
9014 6 2 300 1 1857 3914 5069 1858 3915 5070
9015 6 2 300 1 1858 3915 5070 1859 3916 5071
9016 6 2 300 1 1859 3916 5071 410 2407 2792
9017 6 2 300 1 1065 1068 1177 4736 4745 5072
9018 6 2 300 1 4736 4745 5072 4737 4746 5073
9019 6 2 300 1 4737 4746 5073 4738 4747 5074
9020 6 2 300 1 4738 4747 5074 2681 2684 2793
9021 6 2 300 1 985 980 1178 4496 4481 5075
9022 6 2 300 1 4496 4481 5075 4497 4482 5076
9023 6 2 300 1 4497 4482 5076 4498 4483 5077
9024 6 2 300 1 4498 4483 5077 2601 2596 2794
9025 6 2 300 1 992 987 1179 4517 4502 5078
9026 6 2 300 1 4517 4502 5078 4518 4503 5079
9027 6 2 300 1 4518 4503 5079 4519 4504 5080
9028 6 2 300 1 4519 4504 5080 2608 2603 2795
9029 6 2 300 1 1035 1030 1180 4646 4631 5081
9030 6 2 300 1 4646 4631 5081 4647 4632 5082
9031 6 2 300 1 4647 4632 5082 4648 4633 5083
9032 6 2 300 1 4648 4633 5083 2651 2646 2796
9033 6 2 300 1 58 864 1181 1896 4133 5084
9034 6 2 300 1 1896 4133 5084 1897 4134 5085
9035 6 2 300 1 1897 4134 5085 1898 4135 5086
9036 6 2 300 1 1898 4135 5086 423 2480 2797
9037 6 2 300 1 67 826 1182 1923 4019 5087
9038 6 2 300 1 1923 4019 5087 1924 4020 5088
9039 6 2 300 1 1924 4020 5088 1925 4021 5089
9040 6 2 300 1 1925 4021 5089 432 2442 2798
9041 6 2 300 1 70 815 1183 1932 3986 5090
9042 6 2 300 1 1932 3986 5090 1933 3987 5091
9043 6 2 300 1 1933 3987 5091 1934 3988 5092
9044 6 2 300 1 1934 3988 5092 435 2431 2799
9045 6 2 300 1 79 809 1184 1959 3968 5093
9046 6 2 300 1 1959 3968 5093 1960 3969 5094
9047 6 2 300 1 1960 3969 5094 1961 3970 5095
9048 6 2 300 1 1961 3970 5095 444 2425 2800
9049 6 2 300 1 82 812 1185 1968 3977 5096
9050 6 2 300 1 1968 3977 5096 1969 3978 5097
9051 6 2 300 1 1969 3978 5097 1970 3979 5098
9052 6 2 300 1 1970 3979 5098 447 2428 2801
9053 6 2 300 1 87 807 1186 1983 3962 5099
9054 6 2 300 1 1983 3962 5099 1984 3963 5100
9055 6 2 300 1 1984 3963 5100 1985 3964 5101
9056 6 2 300 1 1985 3964 5101 452 2423 2802
9057 6 2 300 1 5 802 1187 593 3947 5102
9058 6 2 300 1 593 3947 5102 594 3948 5103
9059 6 2 300 1 594 3948 5103 595 3949 5104
9060 6 2 300 1 595 3949 5104 12 2418 2803
9061 6 2 300 1 110 792 1188 2052 3917 5105
9062 6 2 300 1 2052 3917 5105 2053 3918 5106
9063 6 2 300 1 2053 3918 5106 2054 3919 5107
9064 6 2 300 1 2054 3919 5107 475 2408 2804
9065 6 2 300 1 795 26 1265 3926 1800 5336
9066 6 2 300 1 3926 1800 5336 3927 1801 5337
9067 6 2 300 1 3927 1801 5337 3928 1802 5338
9068 6 2 300 1 3928 1802 5338 2411 391 2881
9069 6 2 300 1 864 1204 1247 4133 5153 5282
9070 6 2 300 1 4133 5153 5282 4134 5154 5283
9071 6 2 300 1 4134 5154 5283 4135 5155 5284
9072 6 2 300 1 4135 5155 5284 2480 2820 2863
9073 6 2 300 1 812 1216 1252 3977 5189 5297
9074 6 2 300 1 3977 5189 5297 3978 5190 5298
9075 6 2 300 1 3978 5190 5298 3979 5191 5299
9076 6 2 300 1 3979 5191 5299 2428 2832 2868
9077 6 2 300 1 791 1193 1245 3914 5120 5276
9078 6 2 300 1 3914 5120 5276 3915 5121 5277
9079 6 2 300 1 3915 5121 5277 3916 5122 5278
9080 6 2 300 1 3916 5122 5278 2407 2809 2861
9081 6 2 300 1 1068 1194 1243 4745 5123 5270
9082 6 2 300 1 4745 5123 5270 4746 5124 5271
9083 6 2 300 1 4746 5124 5271 4747 5125 5272
9084 6 2 300 1 4747 5125 5272 2684 2810 2859
9085 6 2 300 1 802 1219 1256 3947 5198 5309
9086 6 2 300 1 3947 5198 5309 3948 5199 5310
9087 6 2 300 1 3948 5199 5310 3949 5200 5311
9088 6 2 300 1 3949 5200 5311 2418 2835 2872
9089 6 2 300 1 792 1229 1258 3917 5228 5315
9090 6 2 300 1 3917 5228 5315 3918 5229 5316
9091 6 2 300 1 3918 5229 5316 3919 5230 5317
9092 6 2 300 1 3919 5230 5317 2408 2845 2874
9093 6 2 300 1 815 1210 1249 3986 5171 5288
9094 6 2 300 1 3986 5171 5288 3987 5172 5289
9095 6 2 300 1 3987 5172 5289 3988 5173 5290
9096 6 2 300 1 3988 5173 5290 2431 2826 2865
9097 6 2 300 1 956 1213 1215 4409 5180 5186
9098 6 2 300 1 4409 5180 5186 4410 5181 5187
9099 6 2 300 1 4410 5181 5187 4411 5182 5188
9100 6 2 300 1 4411 5182 5188 2572 2829 2831
9101 6 2 300 1 1213 817 1215 5180 3992 5186
9102 6 2 300 1 5180 3992 5186 5181 3993 5187
9103 6 2 300 1 5181 3993 5187 5182 3994 5188
9104 6 2 300 1 5182 3994 5188 2829 2433 2831
9105 6 2 300 1 1104 1101 1191 4853 4844 5114
9106 6 2 300 1 4853 4844 5114 4854 4845 5115
9107 6 2 300 1 4854 4845 5115 4855 4846 5116
9108 6 2 300 1 4855 4846 5116 2720 2717 2807
9109 6 2 300 1 1113 1104 1192 4880 4853 5117
9110 6 2 300 1 4880 4853 5117 4881 4854 5118
9111 6 2 300 1 4881 4854 5118 4882 4855 5119
9112 6 2 300 1 4882 4855 5119 2729 2720 2808
9113 6 2 300 1 1101 1100 1190 4844 4841 5111
9114 6 2 300 1 4844 4841 5111 4845 4842 5112
9115 6 2 300 1 4845 4842 5112 4846 4843 5113
9116 6 2 300 1 4846 4843 5113 2717 2716 2806
9117 6 2 300 1 1100 1102 1189 4841 4847 5108
9118 6 2 300 1 4841 4847 5108 4842 4848 5109
9119 6 2 300 1 4842 4848 5109 4843 4849 5110
9120 6 2 300 1 4843 4849 5110 2716 2718 2805
9121 6 2 300 1 800 1143 1194 3941 4970 5123
9122 6 2 300 1 3941 4970 5123 3942 4971 5124
9123 6 2 300 1 3942 4971 5124 3943 4972 5125
9124 6 2 300 1 3943 4972 5125 2416 2759 2810
9125 6 2 300 1 1104 1191 1192 4853 5114 5117
9126 6 2 300 1 4853 5114 5117 4854 5115 5118
9127 6 2 300 1 4854 5115 5118 4855 5116 5119
9128 6 2 300 1 4855 5116 5119 2720 2807 2808
9129 6 2 300 1 1101 1190 1191 4844 5111 5114
9130 6 2 300 1 4844 5111 5114 4845 5112 5115
9131 6 2 300 1 4845 5112 5115 4846 5113 5116
9132 6 2 300 1 4846 5113 5116 2717 2806 2807
9133 6 2 300 1 1100 1189 1190 4841 5108 5111
9134 6 2 300 1 4841 5108 5111 4842 5109 5112
9135 6 2 300 1 4842 5109 5112 4843 5110 5113
9136 6 2 300 1 4843 5110 5113 2716 2805 2806
9137 6 2 300 1 905 903 1198 4256 4250 5135
9138 6 2 300 1 4256 4250 5135 4257 4251 5136
9139 6 2 300 1 4257 4251 5136 4258 4252 5137
9140 6 2 300 1 4258 4252 5137 2521 2519 2814
9141 6 2 300 1 909 907 1200 4268 4262 5141
9142 6 2 300 1 4268 4262 5141 4269 4263 5142
9143 6 2 300 1 4269 4263 5142 4270 4264 5143
9144 6 2 300 1 4270 4264 5143 2525 2523 2816
9145 6 2 300 1 901 899 1196 4244 4238 5129
9146 6 2 300 1 4244 4238 5129 4245 4239 5130
9147 6 2 300 1 4245 4239 5130 4246 4240 5131
9148 6 2 300 1 4246 4240 5131 2517 2515 2812
9149 6 2 300 1 899 897 1195 4238 4232 5126
9150 6 2 300 1 4238 4232 5126 4239 4233 5127
9151 6 2 300 1 4239 4233 5127 4240 4234 5128
9152 6 2 300 1 4240 4234 5128 2515 2513 2811
9153 6 2 300 1 903 901 1197 4250 4244 5132
9154 6 2 300 1 4250 4244 5132 4251 4245 5133
9155 6 2 300 1 4251 4245 5133 4252 4246 5134
9156 6 2 300 1 4252 4246 5134 2519 2517 2813
9157 6 2 300 1 907 905 1199 4262 4256 5138
9158 6 2 300 1 4262 4256 5138 4263 4257 5139
9159 6 2 300 1 4263 4257 5139 4264 4258 5140
9160 6 2 300 1 4264 4258 5140 2523 2521 2815
9161 6 2 300 1 911 909 1201 4274 4268 5144
9162 6 2 300 1 4274 4268 5144 4275 4269 5145
9163 6 2 300 1 4275 4269 5145 4276 4270 5146
9164 6 2 300 1 4276 4270 5146 2527 2525 2817
9165 6 2 300 1 897 894 1193 4232 4223 5120
9166 6 2 300 1 4232 4223 5120 4233 4224 5121
9167 6 2 300 1 4233 4224 5121 4234 4225 5122
9168 6 2 300 1 4234 4225 5122 2513 2510 2809
9169 6 2 300 1 913 1202 1203 4280 5147 5150
9170 6 2 300 1 4280 5147 5150 4281 5148 5151
9171 6 2 300 1 4281 5148 5151 4282 5149 5152
9172 6 2 300 1 4282 5149 5152 2529 2818 2819
9173 6 2 300 1 913 911 1202 4280 4274 5147
9174 6 2 300 1 4280 4274 5147 4281 4275 5148
9175 6 2 300 1 4281 4275 5148 4282 4276 5149
9176 6 2 300 1 4282 4276 5149 2529 2527 2818
9177 6 2 300 1 905 1198 1199 4256 5135 5138
9178 6 2 300 1 4256 5135 5138 4257 5136 5139
9179 6 2 300 1 4257 5136 5139 4258 5137 5140
9180 6 2 300 1 4258 5137 5140 2521 2814 2815
9181 6 2 300 1 909 1200 1201 4268 5141 5144
9182 6 2 300 1 4268 5141 5144 4269 5142 5145
9183 6 2 300 1 4269 5142 5145 4270 5143 5146
9184 6 2 300 1 4270 5143 5146 2525 2816 2817
9185 6 2 300 1 901 1196 1197 4244 5129 5132
9186 6 2 300 1 4244 5129 5132 4245 5130 5133
9187 6 2 300 1 4245 5130 5133 4246 5131 5134
9188 6 2 300 1 4246 5131 5134 2517 2812 2813
9189 6 2 300 1 899 1195 1196 4238 5126 5129
9190 6 2 300 1 4238 5126 5129 4239 5127 5130
9191 6 2 300 1 4239 5127 5130 4240 5128 5131
9192 6 2 300 1 4240 5128 5131 2515 2811 2812
9193 6 2 300 1 907 1199 1200 4262 5138 5141
9194 6 2 300 1 4262 5138 5141 4263 5139 5142
9195 6 2 300 1 4263 5139 5142 4264 5140 5143
9196 6 2 300 1 4264 5140 5143 2523 2815 2816
9197 6 2 300 1 903 1197 1198 4250 5132 5135
9198 6 2 300 1 4250 5132 5135 4251 5133 5136
9199 6 2 300 1 4251 5133 5136 4252 5134 5137
9200 6 2 300 1 4252 5134 5137 2519 2813 2814
9201 6 2 300 1 897 1193 1195 4232 5120 5126
9202 6 2 300 1 4232 5120 5126 4233 5121 5127
9203 6 2 300 1 4233 5121 5127 4234 5122 5128
9204 6 2 300 1 4234 5122 5128 2513 2809 2811
9205 6 2 300 1 915 913 1203 4286 4280 5150
9206 6 2 300 1 4286 4280 5150 4287 4281 5151
9207 6 2 300 1 4287 4281 5151 4288 4282 5152
9208 6 2 300 1 4288 4282 5152 2531 2529 2819
9209 6 2 300 1 911 1201 1202 4274 5144 5147
9210 6 2 300 1 4274 5144 5147 4275 5145 5148
9211 6 2 300 1 4275 5145 5148 4276 5146 5149
9212 6 2 300 1 4276 5146 5149 2527 2817 2818
9213 6 2 300 1 1105 1236 1237 4856 5249 5252
9214 6 2 300 1 4856 5249 5252 4857 5250 5253
9215 6 2 300 1 4857 5250 5253 4858 5251 5254
9216 6 2 300 1 4858 5251 5254 2721 2852 2853
9217 6 2 300 1 1236 1022 1237 5249 4607 5252
9218 6 2 300 1 5249 4607 5252 5250 4608 5253
9219 6 2 300 1 5250 4608 5253 5251 4609 5254
9220 6 2 300 1 5251 4609 5254 2852 2638 2853
9221 6 2 300 1 864 1114 1204 4133 4883 5153
9222 6 2 300 1 4133 4883 5153 4134 4884 5154
9223 6 2 300 1 4134 4884 5154 4135 4885 5155
9224 6 2 300 1 4135 4885 5155 2480 2730 2820
9225 6 2 300 1 1114 863 1205 4883 4130 5156
9226 6 2 300 1 4883 4130 5156 4884 4131 5157
9227 6 2 300 1 4884 4131 5157 4885 4132 5158
9228 6 2 300 1 4885 4132 5158 2730 2479 2821
9229 6 2 300 1 1204 1114 1205 5153 4883 5156
9230 6 2 300 1 5153 4883 5156 5154 4884 5157
9231 6 2 300 1 5154 4884 5157 5155 4885 5158
9232 6 2 300 1 5155 4885 5158 2820 2730 2821
9233 6 2 300 1 1205 863 1206 5156 4130 5159
9234 6 2 300 1 5156 4130 5159 5157 4131 5160
9235 6 2 300 1 5157 4131 5160 5158 4132 5161
9236 6 2 300 1 5158 4132 5161 2821 2479 2822
9237 6 2 300 1 863 1116 1206 4130 4889 5159
9238 6 2 300 1 4130 4889 5159 4131 4890 5160
9239 6 2 300 1 4131 4890 5160 4132 4891 5161
9240 6 2 300 1 4132 4891 5161 2479 2732 2822
9241 6 2 300 1 814 1240 1241 3983 5261 5264
9242 6 2 300 1 3983 5261 5264 3984 5262 5265
9243 6 2 300 1 3984 5262 5265 3985 5263 5266
9244 6 2 300 1 3985 5263 5266 2430 2856 2857
9245 6 2 300 1 1240 1016 1241 5261 4589 5264
9246 6 2 300 1 5261 4589 5264 5262 4590 5265
9247 6 2 300 1 5262 4590 5265 5263 4591 5266
9248 6 2 300 1 5263 4591 5266 2856 2632 2857
9249 6 2 300 1 1116 862 1207 4889 4127 5162
9250 6 2 300 1 4889 4127 5162 4890 4128 5163
9251 6 2 300 1 4890 4128 5163 4891 4129 5164
9252 6 2 300 1 4891 4129 5164 2732 2478 2823
9253 6 2 300 1 1206 1116 1207 5159 4889 5162
9254 6 2 300 1 5159 4889 5162 5160 4890 5163
9255 6 2 300 1 5160 4890 5163 5161 4891 5164
9256 6 2 300 1 5161 4891 5164 2822 2732 2823
9257 6 2 300 1 862 1106 1208 4127 4859 5165
9258 6 2 300 1 4127 4859 5165 4128 4860 5166
9259 6 2 300 1 4128 4860 5166 4129 4861 5167
9260 6 2 300 1 4129 4861 5167 2478 2722 2824
9261 6 2 300 1 1207 862 1208 5162 4127 5165
9262 6 2 300 1 5162 4127 5165 5163 4128 5166
9263 6 2 300 1 5163 4128 5166 5164 4129 5167
9264 6 2 300 1 5164 4129 5167 2823 2478 2824
9265 6 2 300 1 1208 1106 1209 5165 4859 5168
9266 6 2 300 1 5165 4859 5168 5166 4860 5169
9267 6 2 300 1 5166 4860 5169 5167 4861 5170
9268 6 2 300 1 5167 4861 5170 2824 2722 2825
9269 6 2 300 1 1106 861 1209 4859 4124 5168
9270 6 2 300 1 4859 4124 5168 4860 4125 5169
9271 6 2 300 1 4860 4125 5169 4861 4126 5170
9272 6 2 300 1 4861 4126 5170 2722 2477 2825
9273 6 2 300 1 784 1136 1189 3893 4949 5108
9274 6 2 300 1 3893 4949 5108 3894 4950 5109
9275 6 2 300 1 3894 4950 5109 3895 4951 5110
9276 6 2 300 1 3895 4951 5110 2400 2752 2805
9277 6 2 300 1 1136 785 1190 4949 3896 5111
9278 6 2 300 1 4949 3896 5111 4950 3897 5112
9279 6 2 300 1 4950 3897 5112 4951 3898 5113
9280 6 2 300 1 4951 3898 5113 2752 2401 2806
9281 6 2 300 1 1189 1136 1190 5108 4949 5111
9282 6 2 300 1 5108 4949 5111 5109 4950 5112
9283 6 2 300 1 5109 4950 5112 5110 4951 5113
9284 6 2 300 1 5110 4951 5113 2805 2752 2806
9285 6 2 300 1 950 1210 1211 4391 5171 5174
9286 6 2 300 1 4391 5171 5174 4392 5172 5175
9287 6 2 300 1 4392 5172 5175 4393 5173 5176
9288 6 2 300 1 4393 5173 5176 2566 2826 2827
9289 6 2 300 1 1190 785 1191 5111 3896 5114
9290 6 2 300 1 5111 3896 5114 5112 3897 5115
9291 6 2 300 1 5112 3897 5115 5113 3898 5116
9292 6 2 300 1 5113 3898 5116 2806 2401 2807
9293 6 2 300 1 785 1137 1191 3896 4952 5114
9294 6 2 300 1 3896 4952 5114 3897 4953 5115
9295 6 2 300 1 3897 4953 5115 3898 4954 5116
9296 6 2 300 1 3898 4954 5116 2401 2753 2807
9297 6 2 300 1 1191 1137 1192 5114 4952 5117
9298 6 2 300 1 5114 4952 5117 5115 4953 5118
9299 6 2 300 1 5115 4953 5118 5116 4954 5119
9300 6 2 300 1 5116 4954 5119 2807 2753 2808
9301 6 2 300 1 1137 786 1192 4952 3899 5117
9302 6 2 300 1 4952 3899 5117 4953 3900 5118
9303 6 2 300 1 4953 3900 5118 4954 3901 5119
9304 6 2 300 1 4954 3901 5119 2753 2402 2808
9305 6 2 300 1 950 947 1210 4391 4382 5171
9306 6 2 300 1 4391 4382 5171 4392 4383 5172
9307 6 2 300 1 4392 4383 5172 4393 4384 5173
9308 6 2 300 1 4393 4384 5173 2566 2563 2826
9309 6 2 300 1 954 1212 1213 4403 5177 5180
9310 6 2 300 1 4403 5177 5180 4404 5178 5181
9311 6 2 300 1 4404 5178 5181 4405 5179 5182
9312 6 2 300 1 4405 5179 5182 2570 2828 2829
9313 6 2 300 1 952 950 1211 4397 4391 5174
9314 6 2 300 1 4397 4391 5174 4398 4392 5175
9315 6 2 300 1 4398 4392 5175 4399 4393 5176
9316 6 2 300 1 4399 4393 5176 2568 2566 2827
9317 6 2 300 1 954 952 1212 4403 4397 5177
9318 6 2 300 1 4403 4397 5177 4404 4398 5178
9319 6 2 300 1 4404 4398 5178 4405 4399 5179
9320 6 2 300 1 4405 4399 5179 2570 2568 2828
9321 6 2 300 1 952 1211 1212 4397 5174 5177
9322 6 2 300 1 4397 5174 5177 4398 5175 5178
9323 6 2 300 1 4398 5175 5178 4399 5176 5179
9324 6 2 300 1 4399 5176 5179 2568 2827 2828
9325 6 2 300 1 956 954 1213 4409 4403 5180
9326 6 2 300 1 4409 4403 5180 4410 4404 5181
9327 6 2 300 1 4410 4404 5181 4411 4405 5182
9328 6 2 300 1 4411 4405 5182 2572 2570 2829
9329 6 2 300 1 1072 811 1214 4757 3974 5183
9330 6 2 300 1 4757 3974 5183 4758 3975 5184
9331 6 2 300 1 4758 3975 5184 4759 3976 5185
9332 6 2 300 1 4759 3976 5185 2688 2427 2830
9333 6 2 300 1 817 1072 1215 3992 4757 5186
9334 6 2 300 1 3992 4757 5186 3993 4758 5187
9335 6 2 300 1 3993 4758 5187 3994 4759 5188
9336 6 2 300 1 3994 4759 5188 2433 2688 2831
9337 6 2 300 1 1072 1214 1215 4757 5183 5186
9338 6 2 300 1 4757 5183 5186 4758 5184 5187
9339 6 2 300 1 4758 5184 5187 4759 5185 5188
9340 6 2 300 1 4759 5185 5188 2688 2830 2831
9341 6 2 300 1 791 1140 1193 3914 4961 5120
9342 6 2 300 1 3914 4961 5120 3915 4962 5121
9343 6 2 300 1 3915 4962 5121 3916 4963 5122
9344 6 2 300 1 3916 4963 5122 2407 2756 2809
9345 6 2 300 1 1068 1069 1194 4745 4748 5123
9346 6 2 300 1 4745 4748 5123 4746 4749 5124
9347 6 2 300 1 4746 4749 5124 4747 4750 5125
9348 6 2 300 1 4747 4750 5125 2684 2685 2810
9349 6 2 300 1 1193 1140 1195 5120 4961 5126
9350 6 2 300 1 5120 4961 5126 5121 4962 5127
9351 6 2 300 1 5121 4962 5127 5122 4963 5128
9352 6 2 300 1 5122 4963 5128 2809 2756 2811
9353 6 2 300 1 1140 794 1195 4961 3923 5126
9354 6 2 300 1 4961 3923 5126 4962 3924 5127
9355 6 2 300 1 4962 3924 5127 4963 3925 5128
9356 6 2 300 1 4963 3925 5128 2756 2410 2811
9357 6 2 300 1 1195 794 1196 5126 3923 5129
9358 6 2 300 1 5126 3923 5129 5127 3924 5130
9359 6 2 300 1 5127 3924 5130 5128 3925 5131
9360 6 2 300 1 5128 3925 5131 2811 2410 2812
9361 6 2 300 1 794 1139 1196 3923 4958 5129
9362 6 2 300 1 3923 4958 5129 3924 4959 5130
9363 6 2 300 1 3924 4959 5130 3925 4960 5131
9364 6 2 300 1 3925 4960 5131 2410 2755 2812
9365 6 2 300 1 1196 1139 1197 5129 4958 5132
9366 6 2 300 1 5129 4958 5132 5130 4959 5133
9367 6 2 300 1 5130 4959 5133 5131 4960 5134
9368 6 2 300 1 5131 4960 5134 2812 2755 2813
9369 6 2 300 1 1139 799 1197 4958 3938 5132
9370 6 2 300 1 4958 3938 5132 4959 3939 5133
9371 6 2 300 1 4959 3939 5133 4960 3940 5134
9372 6 2 300 1 4960 3940 5134 2755 2415 2813
9373 6 2 300 1 1197 799 1198 5132 3938 5135
9374 6 2 300 1 5132 3938 5135 5133 3939 5136
9375 6 2 300 1 5133 3939 5136 5134 3940 5137
9376 6 2 300 1 5134 3940 5137 2813 2415 2814
9377 6 2 300 1 1037 1229 1230 4652 5228 5231
9378 6 2 300 1 4652 5228 5231 4653 5229 5232
9379 6 2 300 1 4653 5229 5232 4654 5230 5233
9380 6 2 300 1 4654 5230 5233 2653 2845 2846
9381 6 2 300 1 812 1060 1216 3977 4721 5189
9382 6 2 300 1 3977 4721 5189 3978 4722 5190
9383 6 2 300 1 3978 4722 5190 3979 4723 5191
9384 6 2 300 1 3979 4723 5191 2428 2676 2832
9385 6 2 300 1 799 1138 1198 3938 4955 5135
9386 6 2 300 1 3938 4955 5135 3939 4956 5136
9387 6 2 300 1 3939 4956 5136 3940 4957 5137
9388 6 2 300 1 3940 4957 5137 2415 2754 2814
9389 6 2 300 1 1198 1138 1199 5135 4955 5138
9390 6 2 300 1 5135 4955 5138 5136 4956 5139
9391 6 2 300 1 5136 4956 5139 5137 4957 5140
9392 6 2 300 1 5137 4957 5140 2814 2754 2815
9393 6 2 300 1 1138 801 1199 4955 3944 5138
9394 6 2 300 1 4955 3944 5138 4956 3945 5139
9395 6 2 300 1 4956 3945 5139 4957 3946 5140
9396 6 2 300 1 4957 3946 5140 2754 2417 2815
9397 6 2 300 1 1229 1073 1230 5228 4760 5231
9398 6 2 300 1 5228 4760 5231 5229 4761 5232
9399 6 2 300 1 5229 4761 5232 5230 4762 5233
9400 6 2 300 1 5230 4762 5233 2845 2689 2846
9401 6 2 300 1 1199 801 1200 5138 3944 5141
9402 6 2 300 1 5138 3944 5141 5139 3945 5142
9403 6 2 300 1 5139 3945 5142 5140 3946 5143
9404 6 2 300 1 5140 3946 5143 2815 2417 2816
9405 6 2 300 1 1216 1060 1217 5189 4721 5192
9406 6 2 300 1 5189 4721 5192 5190 4722 5193
9407 6 2 300 1 5190 4722 5193 5191 4723 5194
9408 6 2 300 1 5191 4723 5194 2832 2676 2833
9409 6 2 300 1 801 1141 1200 3944 4964 5141
9410 6 2 300 1 3944 4964 5141 3945 4965 5142
9411 6 2 300 1 3945 4965 5142 3946 4966 5143
9412 6 2 300 1 3946 4966 5143 2417 2757 2816
9413 6 2 300 1 1200 1141 1201 5141 4964 5144
9414 6 2 300 1 5141 4964 5144 5142 4965 5145
9415 6 2 300 1 5142 4965 5145 5143 4966 5146
9416 6 2 300 1 5143 4966 5146 2816 2757 2817
9417 6 2 300 1 1060 808 1217 4721 3965 5192
9418 6 2 300 1 4721 3965 5192 4722 3966 5193
9419 6 2 300 1 4722 3966 5193 4723 3967 5194
9420 6 2 300 1 4723 3967 5194 2676 2424 2833
9421 6 2 300 1 1141 804 1201 4964 3953 5144
9422 6 2 300 1 4964 3953 5144 4965 3954 5145
9423 6 2 300 1 4965 3954 5145 4966 3955 5146
9424 6 2 300 1 4966 3955 5146 2757 2420 2817
9425 6 2 300 1 804 1118 1202 3953 4895 5147
9426 6 2 300 1 3953 4895 5147 3954 4896 5148
9427 6 2 300 1 3954 4896 5148 3955 4897 5149
9428 6 2 300 1 3955 4897 5149 2420 2734 2818
9429 6 2 300 1 1202 1118 1203 5147 4895 5150
9430 6 2 300 1 5147 4895 5150 5148 4896 5151
9431 6 2 300 1 5148 4896 5151 5149 4897 5152
9432 6 2 300 1 5149 4897 5152 2818 2734 2819
9433 6 2 300 1 1201 804 1202 5144 3953 5147
9434 6 2 300 1 5144 3953 5147 5145 3954 5148
9435 6 2 300 1 5145 3954 5148 5146 3955 5149
9436 6 2 300 1 5146 3955 5149 2817 2420 2818
9437 6 2 300 1 1118 813 1203 4895 3980 5150
9438 6 2 300 1 4895 3980 5150 4896 3981 5151
9439 6 2 300 1 4896 3981 5151 4897 3982 5152
9440 6 2 300 1 4897 3982 5152 2734 2429 2819
9441 6 2 300 1 824 1062 1234 4013 4727 5243
9442 6 2 300 1 4013 4727 5243 4014 4728 5244
9443 6 2 300 1 4014 4728 5244 4015 4729 5245
9444 6 2 300 1 4015 4729 5245 2440 2678 2850
9445 6 2 300 1 1004 1002 1226 4553 4547 5219
9446 6 2 300 1 4553 4547 5219 4554 4548 5220
9447 6 2 300 1 4554 4548 5220 4555 4549 5221
9448 6 2 300 1 4555 4549 5221 2620 2618 2842
9449 6 2 300 1 994 991 1219 4523 4514 5198
9450 6 2 300 1 4523 4514 5198 4524 4515 5199
9451 6 2 300 1 4524 4515 5199 4525 4516 5200
9452 6 2 300 1 4525 4516 5200 2610 2607 2835
9453 6 2 300 1 1002 1000 1225 4547 4541 5216
9454 6 2 300 1 4547 4541 5216 4548 4542 5217
9455 6 2 300 1 4548 4542 5217 4549 4543 5218
9456 6 2 300 1 4549 4543 5218 2618 2616 2841
9457 6 2 300 1 1006 1004 1227 4559 4553 5222
9458 6 2 300 1 4559 4553 5222 4560 4554 5223
9459 6 2 300 1 4560 4554 5223 4561 4555 5224
9460 6 2 300 1 4561 4555 5224 2622 2620 2843
9461 6 2 300 1 994 1219 1221 4523 5198 5204
9462 6 2 300 1 4523 5198 5204 4524 5199 5205
9463 6 2 300 1 4524 5199 5205 4525 5200 5206
9464 6 2 300 1 4525 5200 5206 2610 2835 2837
9465 6 2 300 1 1105 824 1236 4856 4013 5249
9466 6 2 300 1 4856 4013 5249 4857 4014 5250
9467 6 2 300 1 4857 4014 5250 4858 4015 5251
9468 6 2 300 1 4858 4015 5251 2721 2440 2852
9469 6 2 300 1 1008 1231 1233 4565 5234 5240
9470 6 2 300 1 4565 5234 5240 4566 5235 5241
9471 6 2 300 1 4566 5235 5241 4567 5236 5242
9472 6 2 300 1 4567 5236 5242 2624 2847 2849
9473 6 2 300 1 996 994 1221 4529 4523 5204
9474 6 2 300 1 4529 4523 5204 4530 4524 5205
9475 6 2 300 1 4530 4524 5205 4531 4525 5206
9476 6 2 300 1 4531 4525 5206 2612 2610 2837
9477 6 2 300 1 1000 998 1224 4541 4535 5213
9478 6 2 300 1 4541 4535 5213 4542 4536 5214
9479 6 2 300 1 4542 4536 5214 4543 4537 5215
9480 6 2 300 1 4543 4537 5215 2616 2614 2840
9481 6 2 300 1 1008 1006 1231 4565 4559 5234
9482 6 2 300 1 4565 4559 5234 4566 4560 5235
9483 6 2 300 1 4566 4560 5235 4567 4561 5236
9484 6 2 300 1 4567 4561 5236 2624 2622 2847
9485 6 2 300 1 924 922 1204 4313 4307 5153
9486 6 2 300 1 4313 4307 5153 4314 4308 5154
9487 6 2 300 1 4314 4308 5154 4315 4309 5155
9488 6 2 300 1 4315 4309 5155 2540 2538 2820
9489 6 2 300 1 998 996 1222 4535 4529 5207
9490 6 2 300 1 4535 4529 5207 4536 4530 5208
9491 6 2 300 1 4536 4530 5208 4537 4531 5209
9492 6 2 300 1 4537 4531 5209 2614 2612 2838
9493 6 2 300 1 824 1234 1236 4013 5243 5249
9494 6 2 300 1 4013 5243 5249 4014 5244 5250
9495 6 2 300 1 4014 5244 5250 4015 5245 5251
9496 6 2 300 1 4015 5245 5251 2440 2850 2852
9497 6 2 300 1 924 1204 1205 4313 5153 5156
9498 6 2 300 1 4313 5153 5156 4314 5154 5157
9499 6 2 300 1 4314 5154 5157 4315 5155 5158
9500 6 2 300 1 4315 5155 5158 2540 2820 2821
9501 6 2 300 1 926 924 1205 4319 4313 5156
9502 6 2 300 1 4319 4313 5156 4320 4314 5157
9503 6 2 300 1 4320 4314 5157 4321 4315 5158
9504 6 2 300 1 4321 4315 5158 2542 2540 2821
9505 6 2 300 1 1022 1020 1237 4607 4601 5252
9506 6 2 300 1 4607 4601 5252 4608 4602 5253
9507 6 2 300 1 4608 4602 5253 4609 4603 5254
9508 6 2 300 1 4609 4603 5254 2638 2636 2853
9509 6 2 300 1 926 1205 1206 4319 5156 5159
9510 6 2 300 1 4319 5156 5159 4320 5157 5160
9511 6 2 300 1 4320 5157 5160 4321 5158 5161
9512 6 2 300 1 4321 5158 5161 2542 2821 2822
9513 6 2 300 1 1062 842 1232 4727 4067 5237
9514 6 2 300 1 4727 4067 5237 4728 4068 5238
9515 6 2 300 1 4728 4068 5238 4729 4069 5239
9516 6 2 300 1 4729 4069 5239 2678 2458 2848
9517 6 2 300 1 998 1222 1224 4535 5207 5213
9518 6 2 300 1 4535 5207 5213 4536 5208 5214
9519 6 2 300 1 4536 5208 5214 4537 5209 5215
9520 6 2 300 1 4537 5209 5215 2614 2838 2840
9521 6 2 300 1 996 1221 1222 4529 5204 5207
9522 6 2 300 1 4529 5204 5207 4530 5205 5208
9523 6 2 300 1 4530 5205 5208 4531 5206 5209
9524 6 2 300 1 4531 5206 5209 2612 2837 2838
9525 6 2 300 1 1000 1224 1225 4541 5213 5216
9526 6 2 300 1 4541 5213 5216 4542 5214 5217
9527 6 2 300 1 4542 5214 5217 4543 5215 5218
9528 6 2 300 1 4543 5215 5218 2616 2840 2841
9529 6 2 300 1 1014 1238 1241 4583 5255 5264
9530 6 2 300 1 4583 5255 5264 4584 5256 5265
9531 6 2 300 1 4584 5256 5265 4585 5257 5266
9532 6 2 300 1 4585 5257 5266 2630 2854 2857
9533 6 2 300 1 928 926 1206 4325 4319 5159
9534 6 2 300 1 4325 4319 5159 4326 4320 5160
9535 6 2 300 1 4326 4320 5160 4327 4321 5161
9536 6 2 300 1 4327 4321 5161 2544 2542 2822
9537 6 2 300 1 1012 1235 1238 4577 5246 5255
9538 6 2 300 1 4577 5246 5255 4578 5247 5256
9539 6 2 300 1 4578 5247 5256 4579 5248 5257
9540 6 2 300 1 4579 5248 5257 2628 2851 2854
9541 6 2 300 1 1012 1010 1235 4577 4571 5246
9542 6 2 300 1 4577 4571 5246 4578 4572 5247
9543 6 2 300 1 4578 4572 5247 4579 4573 5248
9544 6 2 300 1 4579 4573 5248 2628 2626 2851
9545 6 2 300 1 1020 1018 1239 4601 4595 5258
9546 6 2 300 1 4601 4595 5258 4602 4596 5259
9547 6 2 300 1 4602 4596 5259 4603 4597 5260
9548 6 2 300 1 4603 4597 5260 2636 2634 2855
9549 6 2 300 1 1002 1225 1226 4547 5216 5219
9550 6 2 300 1 4547 5216 5219 4548 5217 5220
9551 6 2 300 1 4548 5217 5220 4549 5218 5221
9552 6 2 300 1 4549 5218 5221 2618 2841 2842
9553 6 2 300 1 1006 1227 1231 4559 5222 5234
9554 6 2 300 1 4559 5222 5234 4560 5223 5235
9555 6 2 300 1 4560 5223 5235 4561 5224 5236
9556 6 2 300 1 4561 5224 5236 2622 2843 2847
9557 6 2 300 1 1010 1008 1233 4571 4565 5240
9558 6 2 300 1 4571 4565 5240 4572 4566 5241
9559 6 2 300 1 4572 4566 5241 4573 4567 5242
9560 6 2 300 1 4573 4567 5242 2626 2624 2849
9561 6 2 300 1 1237 1020 1239 5252 4601 5258
9562 6 2 300 1 5252 4601 5258 5253 4602 5259
9563 6 2 300 1 5253 4602 5259 5254 4603 5260
9564 6 2 300 1 5254 4603 5260 2853 2636 2855
9565 6 2 300 1 928 1206 1207 4325 5159 5162
9566 6 2 300 1 4325 5159 5162 4326 5160 5163
9567 6 2 300 1 4326 5160 5163 4327 5161 5164
9568 6 2 300 1 4327 5161 5164 2544 2822 2823
9569 6 2 300 1 930 928 1207 4331 4325 5162
9570 6 2 300 1 4331 4325 5162 4332 4326 5163
9571 6 2 300 1 4332 4326 5163 4333 4327 5164
9572 6 2 300 1 4333 4327 5164 2546 2544 2823
9573 6 2 300 1 1014 1012 1238 4583 4577 5255
9574 6 2 300 1 4583 4577 5255 4584 4578 5256
9575 6 2 300 1 4584 4578 5256 4585 4579 5257
9576 6 2 300 1 4585 4579 5257 2630 2628 2854
9577 6 2 300 1 1004 1226 1227 4553 5219 5222
9578 6 2 300 1 4553 5219 5222 4554 5220 5223
9579 6 2 300 1 4554 5220 5223 4555 5221 5224
9580 6 2 300 1 4555 5221 5224 2620 2842 2843
9581 6 2 300 1 932 930 1208 4337 4331 5165
9582 6 2 300 1 4337 4331 5165 4338 4332 5166
9583 6 2 300 1 4338 4332 5166 4339 4333 5167
9584 6 2 300 1 4339 4333 5167 2548 2546 2824
9585 6 2 300 1 930 1207 1208 4331 5162 5165
9586 6 2 300 1 4331 5162 5165 4332 5163 5166
9587 6 2 300 1 4332 5163 5166 4333 5164 5167
9588 6 2 300 1 4333 5164 5167 2546 2823 2824
9589 6 2 300 1 932 1208 1209 4337 5165 5168
9590 6 2 300 1 4337 5165 5168 4338 5166 5169
9591 6 2 300 1 4338 5166 5169 4339 5167 5170
9592 6 2 300 1 4339 5167 5170 2548 2824 2825
9593 6 2 300 1 814 1123 1240 3983 4910 5261
9594 6 2 300 1 3983 4910 5261 3984 4911 5262
9595 6 2 300 1 3984 4911 5262 3985 4912 5263
9596 6 2 300 1 3985 4912 5263 2430 2739 2856
9597 6 2 300 1 1016 1014 1241 4589 4583 5264
9598 6 2 300 1 4589 4583 5264 4590 4584 5265
9599 6 2 300 1 4590 4584 5265 4591 4585 5266
9600 6 2 300 1 4591 4585 5266 2632 2630 2857
9601 6 2 300 1 934 932 1209 4343 4337 5168
9602 6 2 300 1 4343 4337 5168 4344 4338 5169
9603 6 2 300 1 4344 4338 5169 4345 4339 5170
9604 6 2 300 1 4345 4339 5170 2550 2548 2825
9605 6 2 300 1 1062 1232 1234 4727 5237 5243
9606 6 2 300 1 4727 5237 5243 4728 5238 5244
9607 6 2 300 1 4728 5238 5244 4729 5239 5245
9608 6 2 300 1 4729 5239 5245 2678 2848 2850
9609 6 2 300 1 1010 1233 1235 4571 5240 5246
9610 6 2 300 1 4571 5240 5246 4572 5241 5247
9611 6 2 300 1 4572 5241 5247 4573 5242 5248
9612 6 2 300 1 4573 5242 5248 2626 2849 2851
9613 6 2 300 1 1210 1081 1211 5171 4784 5174
9614 6 2 300 1 5171 4784 5174 5172 4785 5175
9615 6 2 300 1 5172 4785 5175 5173 4786 5176
9616 6 2 300 1 5173 4786 5176 2826 2697 2827
9617 6 2 300 1 815 1081 1210 3986 4784 5171
9618 6 2 300 1 3986 4784 5171 3987 4785 5172
9619 6 2 300 1 3987 4785 5172 3988 4786 5173
9620 6 2 300 1 3988 4786 5173 2431 2697 2826
9621 6 2 300 1 1081 816 1211 4784 3989 5174
9622 6 2 300 1 4784 3989 5174 4785 3990 5175
9623 6 2 300 1 4785 3990 5175 4786 3991 5176
9624 6 2 300 1 4786 3991 5176 2697 2432 2827
9625 6 2 300 1 1212 1078 1213 5177 4775 5180
9626 6 2 300 1 5177 4775 5180 5178 4776 5181
9627 6 2 300 1 5178 4776 5181 5179 4777 5182
9628 6 2 300 1 5179 4777 5182 2828 2694 2829
9629 6 2 300 1 1078 817 1213 4775 3992 5180
9630 6 2 300 1 4775 3992 5180 4776 3993 5181
9631 6 2 300 1 4776 3993 5181 4777 3994 5182
9632 6 2 300 1 4777 3994 5182 2694 2433 2829
9633 6 2 300 1 816 1078 1212 3989 4775 5177
9634 6 2 300 1 3989 4775 5177 3990 4776 5178
9635 6 2 300 1 3990 4776 5178 3991 4777 5179
9636 6 2 300 1 3991 4777 5179 2432 2694 2828
9637 6 2 300 1 1211 816 1212 5174 3989 5177
9638 6 2 300 1 5174 3989 5177 5175 3990 5178
9639 6 2 300 1 5175 3990 5178 5176 3991 5179
9640 6 2 300 1 5176 3991 5179 2827 2432 2828
9641 6 2 300 1 1059 840 1223 4718 4061 5210
9642 6 2 300 1 4718 4061 5210 4719 4062 5211
9643 6 2 300 1 4719 4062 5211 4720 4063 5212
9644 6 2 300 1 4720 4063 5212 2675 2456 2839
9645 6 2 300 1 1037 1034 1229 4652 4643 5228
9646 6 2 300 1 4652 4643 5228 4653 4644 5229
9647 6 2 300 1 4653 4644 5229 4654 4645 5230
9648 6 2 300 1 4654 4645 5230 2653 2650 2845
9649 6 2 300 1 1073 850 1230 4760 4091 5231
9650 6 2 300 1 4760 4091 5231 4761 4092 5232
9651 6 2 300 1 4761 4092 5232 4762 4093 5233
9652 6 2 300 1 4762 4093 5233 2689 2466 2846
9653 6 2 300 1 1061 833 1218 4724 4040 5195
9654 6 2 300 1 4724 4040 5195 4725 4041 5196
9655 6 2 300 1 4725 4041 5196 4726 4042 5197
9656 6 2 300 1 4726 4042 5197 2677 2449 2834
9657 6 2 300 1 960 958 1214 4421 4415 5183
9658 6 2 300 1 4421 4415 5183 4422 4416 5184
9659 6 2 300 1 4422 4416 5184 4423 4417 5185
9660 6 2 300 1 4423 4417 5185 2576 2574 2830
9661 6 2 300 1 958 956 1215 4415 4409 5186
9662 6 2 300 1 4415 4409 5186 4416 4410 5187
9663 6 2 300 1 4416 4410 5187 4417 4411 5188
9664 6 2 300 1 4417 4411 5188 2574 2572 2831
9665 6 2 300 1 1214 958 1215 5183 4415 5186
9666 6 2 300 1 5183 4415 5186 5184 4416 5187
9667 6 2 300 1 5184 4416 5187 5185 4417 5188
9668 6 2 300 1 5185 4417 5188 2830 2574 2831
9669 6 2 300 1 840 1061 1220 4061 4724 5201
9670 6 2 300 1 4061 4724 5201 4062 4725 5202
9671 6 2 300 1 4062 4725 5202 4063 4726 5203
9672 6 2 300 1 4063 4726 5203 2456 2677 2836
9673 6 2 300 1 850 1059 1228 4091 4718 5225
9674 6 2 300 1 4091 4718 5225 4092 4719 5226
9675 6 2 300 1 4092 4719 5226 4093 4720 5227
9676 6 2 300 1 4093 4720 5227 2466 2675 2844
9677 6 2 300 1 840 1220 1223 4061 5201 5210
9678 6 2 300 1 4061 5201 5210 4062 5202 5211
9679 6 2 300 1 4062 5202 5211 4063 5203 5212
9680 6 2 300 1 4063 5203 5212 2456 2836 2839
9681 6 2 300 1 1059 1223 1228 4718 5210 5225
9682 6 2 300 1 4718 5210 5225 4719 5211 5226
9683 6 2 300 1 4719 5211 5226 4720 5212 5227
9684 6 2 300 1 4720 5212 5227 2675 2839 2844
9685 6 2 300 1 850 1228 1230 4091 5225 5231
9686 6 2 300 1 4091 5225 5231 4092 5226 5232
9687 6 2 300 1 4092 5226 5232 4093 5227 5233
9688 6 2 300 1 4093 5227 5233 2466 2844 2846
9689 6 2 300 1 976 1216 1217 4469 5189 5192
9690 6 2 300 1 4469 5189 5192 4470 5190 5193
9691 6 2 300 1 4470 5190 5193 4471 5191 5194
9692 6 2 300 1 4471 5191 5194 2592 2832 2833
9693 6 2 300 1 976 973 1216 4469 4460 5189
9694 6 2 300 1 4469 4460 5189 4470 4461 5190
9695 6 2 300 1 4470 4461 5190 4471 4462 5191
9696 6 2 300 1 4471 4462 5191 2592 2589 2832
9697 6 2 300 1 978 976 1217 4475 4469 5192
9698 6 2 300 1 4475 4469 5192 4476 4470 5193
9699 6 2 300 1 4476 4470 5193 4477 4471 5194
9700 6 2 300 1 4477 4471 5194 2594 2592 2833
9701 6 2 300 1 1061 1218 1220 4724 5195 5201
9702 6 2 300 1 4724 5195 5201 4725 5196 5202
9703 6 2 300 1 4725 5196 5202 4726 5197 5203
9704 6 2 300 1 4726 5197 5203 2677 2834 2836
9705 6 2 300 1 1047 1045 1218 4682 4676 5195
9706 6 2 300 1 4682 4676 5195 4683 4677 5196
9707 6 2 300 1 4683 4677 5196 4684 4678 5197
9708 6 2 300 1 4684 4678 5197 2663 2661 2834
9709 6 2 300 1 802 1108 1219 3947 4865 5198
9710 6 2 300 1 3947 4865 5198 3948 4866 5199
9711 6 2 300 1 3948 4866 5199 3949 4867 5200
9712 6 2 300 1 3949 4867 5200 2418 2724 2835
9713 6 2 300 1 1219 1108 1221 5198 4865 5204
9714 6 2 300 1 5198 4865 5204 5199 4866 5205
9715 6 2 300 1 5199 4866 5205 5200 4867 5206
9716 6 2 300 1 5200 4867 5206 2835 2724 2837
9717 6 2 300 1 1218 1045 1220 5195 4676 5201
9718 6 2 300 1 5195 4676 5201 5196 4677 5202
9719 6 2 300 1 5196 4677 5202 5197 4678 5203
9720 6 2 300 1 5197 4678 5203 2834 2661 2836
9721 6 2 300 1 1045 1043 1220 4676 4670 5201
9722 6 2 300 1 4676 4670 5201 4677 4671 5202
9723 6 2 300 1 4677 4671 5202 4678 4672 5203
9724 6 2 300 1 4678 4672 5203 2661 2659 2836
9725 6 2 300 1 1108 803 1221 4865 3950 5204
9726 6 2 300 1 4865 3950 5204 4866 3951 5205
9727 6 2 300 1 4866 3951 5205 4867 3952 5206
9728 6 2 300 1 4867 3952 5206 2724 2419 2837
9729 6 2 300 1 1221 803 1222 5204 3950 5207
9730 6 2 300 1 5204 3950 5207 5205 3951 5208
9731 6 2 300 1 5205 3951 5208 5206 3952 5209
9732 6 2 300 1 5206 3952 5209 2837 2419 2838
9733 6 2 300 1 1220 1043 1223 5201 4670 5210
9734 6 2 300 1 5201 4670 5210 5202 4671 5211
9735 6 2 300 1 5202 4671 5211 5203 4672 5212
9736 6 2 300 1 5203 4672 5212 2836 2659 2839
9737 6 2 300 1 803 1121 1222 3950 4904 5207
9738 6 2 300 1 3950 4904 5207 3951 4905 5208
9739 6 2 300 1 3951 4905 5208 3952 4906 5209
9740 6 2 300 1 3952 4906 5209 2419 2737 2838
9741 6 2 300 1 1222 1121 1224 5207 4904 5213
9742 6 2 300 1 5207 4904 5213 5208 4905 5214
9743 6 2 300 1 5208 4905 5214 5209 4906 5215
9744 6 2 300 1 5209 4906 5215 2838 2737 2840
9745 6 2 300 1 1121 797 1224 4904 3932 5213
9746 6 2 300 1 4904 3932 5213 4905 3933 5214
9747 6 2 300 1 4905 3933 5214 4906 3934 5215
9748 6 2 300 1 4906 3934 5215 2737 2413 2840
9749 6 2 300 1 1043 1041 1223 4670 4664 5210
9750 6 2 300 1 4670 4664 5210 4671 4665 5211
9751 6 2 300 1 4671 4665 5211 4672 4666 5212
9752 6 2 300 1 4672 4666 5212 2659 2657 2839
9753 6 2 300 1 1224 797 1225 5213 3932 5216
9754 6 2 300 1 5213 3932 5216 5214 3933 5217
9755 6 2 300 1 5214 3933 5217 5215 3934 5218
9756 6 2 300 1 5215 3934 5218 2840 2413 2841
9757 6 2 300 1 797 1135 1225 3932 4946 5216
9758 6 2 300 1 3932 4946 5216 3933 4947 5217
9759 6 2 300 1 3933 4947 5217 3934 4948 5218
9760 6 2 300 1 3934 4948 5218 2413 2751 2841
9761 6 2 300 1 1223 1041 1228 5210 4664 5225
9762 6 2 300 1 5210 4664 5225 5211 4665 5226
9763 6 2 300 1 5211 4665 5226 5212 4666 5227
9764 6 2 300 1 5212 4666 5227 2839 2657 2844
9765 6 2 300 1 1135 793 1226 4946 3920 5219
9766 6 2 300 1 4946 3920 5219 4947 3921 5220
9767 6 2 300 1 4947 3921 5220 4948 3922 5221
9768 6 2 300 1 4948 3922 5221 2751 2409 2842
9769 6 2 300 1 1225 1135 1226 5216 4946 5219
9770 6 2 300 1 5216 4946 5219 5217 4947 5220
9771 6 2 300 1 5217 4947 5220 5218 4948 5221
9772 6 2 300 1 5218 4948 5221 2841 2751 2842
9773 6 2 300 1 1041 1039 1228 4664 4658 5225
9774 6 2 300 1 4664 4658 5225 4665 4659 5226
9775 6 2 300 1 4665 4659 5226 4666 4660 5227
9776 6 2 300 1 4666 4660 5227 2657 2655 2844
9777 6 2 300 1 792 1073 1229 3917 4760 5228
9778 6 2 300 1 3917 4760 5228 3918 4761 5229
9779 6 2 300 1 3918 4761 5229 3919 4762 5230
9780 6 2 300 1 3919 4762 5230 2408 2689 2845
9781 6 2 300 1 1226 793 1227 5219 3920 5222
9782 6 2 300 1 5219 3920 5222 5220 3921 5223
9783 6 2 300 1 5220 3921 5223 5221 3922 5224
9784 6 2 300 1 5221 3922 5224 2842 2409 2843
9785 6 2 300 1 793 1120 1227 3920 4901 5222
9786 6 2 300 1 3920 4901 5222 3921 4902 5223
9787 6 2 300 1 3921 4902 5223 3922 4903 5224
9788 6 2 300 1 3922 4903 5224 2409 2736 2843
9789 6 2 300 1 1120 805 1231 4901 3956 5234
9790 6 2 300 1 4901 3956 5234 4902 3957 5235
9791 6 2 300 1 4902 3957 5235 4903 3958 5236
9792 6 2 300 1 4903 3958 5236 2736 2421 2847
9793 6 2 300 1 1231 805 1233 5234 3956 5240
9794 6 2 300 1 5234 3956 5240 5235 3957 5241
9795 6 2 300 1 5235 3957 5241 5236 3958 5242
9796 6 2 300 1 5236 3958 5242 2847 2421 2849
9797 6 2 300 1 1039 1037 1230 4658 4652 5231
9798 6 2 300 1 4658 4652 5231 4659 4653 5232
9799 6 2 300 1 4659 4653 5232 4660 4654 5233
9800 6 2 300 1 4660 4654 5233 2655 2653 2846
9801 6 2 300 1 1228 1039 1230 5225 4658 5231
9802 6 2 300 1 5225 4658 5231 5226 4659 5232
9803 6 2 300 1 5226 4659 5232 5227 4660 5233
9804 6 2 300 1 5227 4660 5233 2844 2655 2846
9805 6 2 300 1 1227 1120 1231 5222 4901 5234
9806 6 2 300 1 5222 4901 5234 5223 4902 5235
9807 6 2 300 1 5223 4902 5235 5224 4903 5236
9808 6 2 300 1 5224 4903 5236 2843 2736 2847
9809 6 2 300 1 1028 1026 1232 4625 4619 5237
9810 6 2 300 1 4625 4619 5237 4626 4620 5238
9811 6 2 300 1 4626 4620 5238 4627 4621 5239
9812 6 2 300 1 4627 4621 5239 2644 2642 2848
9813 6 2 300 1 805 1134 1233 3956 4943 5240
9814 6 2 300 1 3956 4943 5240 3957 4944 5241
9815 6 2 300 1 3957 4944 5241 3958 4945 5242
9816 6 2 300 1 3958 4945 5242 2421 2750 2849
9817 6 2 300 1 1232 1026 1234 5237 4619 5243
9818 6 2 300 1 5237 4619 5243 5238 4620 5244
9819 6 2 300 1 5238 4620 5244 5239 4621 5245
9820 6 2 300 1 5239 4621 5245 2848 2642 2850
9821 6 2 300 1 1026 1024 1234 4619 4613 5243
9822 6 2 300 1 4619 4613 5243 4620 4614 5244
9823 6 2 300 1 4620 4614 5244 4621 4615 5245
9824 6 2 300 1 4621 4615 5245 2642 2640 2850
9825 6 2 300 1 1238 1090 1241 5255 4811 5264
9826 6 2 300 1 5255 4811 5264 5256 4812 5265
9827 6 2 300 1 5256 4812 5265 5257 4813 5266
9828 6 2 300 1 5257 4813 5266 2854 2706 2857
9829 6 2 300 1 810 1090 1238 3971 4811 5255
9830 6 2 300 1 3971 4811 5255 3972 4812 5256
9831 6 2 300 1 3972 4812 5256 3973 4813 5257
9832 6 2 300 1 3973 4813 5257 2426 2706 2854
9833 6 2 300 1 1134 810 1235 4943 3971 5246
9834 6 2 300 1 4943 3971 5246 4944 3972 5247
9835 6 2 300 1 4944 3972 5247 4945 3973 5248
9836 6 2 300 1 4945 3973 5248 2750 2426 2851
9837 6 2 300 1 806 1105 1237 3959 4856 5252
9838 6 2 300 1 3959 4856 5252 3960 4857 5253
9839 6 2 300 1 3960 4857 5253 3961 4858 5254
9840 6 2 300 1 3961 4858 5254 2422 2721 2853
9841 6 2 300 1 1235 810 1238 5246 3971 5255
9842 6 2 300 1 5246 3971 5255 5247 3972 5256
9843 6 2 300 1 5247 3972 5256 5248 3973 5257
9844 6 2 300 1 5248 3973 5257 2851 2426 2854
9845 6 2 300 1 1234 1024 1236 5243 4613 5249
9846 6 2 300 1 5243 4613 5249 5244 4614 5250
9847 6 2 300 1 5244 4614 5250 5245 4615 5251
9848 6 2 300 1 5245 4615 5251 2850 2640 2852
9849 6 2 300 1 1233 1134 1235 5240 4943 5246
9850 6 2 300 1 5240 4943 5246 5241 4944 5247
9851 6 2 300 1 5241 4944 5247 5242 4945 5248
9852 6 2 300 1 5242 4945 5248 2849 2750 2851
9853 6 2 300 1 806 1237 1239 3959 5252 5258
9854 6 2 300 1 3959 5252 5258 3960 5253 5259
9855 6 2 300 1 3960 5253 5259 3961 5254 5260
9856 6 2 300 1 3961 5254 5260 2422 2853 2855
9857 6 2 300 1 1024 1022 1236 4613 4607 5249
9858 6 2 300 1 4613 4607 5249 4614 4608 5250
9859 6 2 300 1 4614 4608 5250 4615 4609 5251
9860 6 2 300 1 4615 4609 5251 2640 2638 2852
9861 6 2 300 1 1018 1016 1240 4595 4589 5261
9862 6 2 300 1 4595 4589 5261 4596 4590 5262
9863 6 2 300 1 4596 4590 5262 4597 4591 5263
9864 6 2 300 1 4597 4591 5263 2634 2632 2856
9865 6 2 300 1 1123 806 1239 4910 3959 5258
9866 6 2 300 1 4910 3959 5258 4911 3960 5259
9867 6 2 300 1 4911 3960 5259 4912 3961 5260
9868 6 2 300 1 4912 3961 5260 2739 2422 2855
9869 6 2 300 1 1090 814 1241 4811 3983 5264
9870 6 2 300 1 4811 3983 5264 4812 3984 5265
9871 6 2 300 1 4812 3984 5265 4813 3985 5266
9872 6 2 300 1 4813 3985 5266 2706 2430 2857
9873 6 2 300 1 1123 1239 1240 4910 5258 5261
9874 6 2 300 1 4910 5258 5261 4911 5259 5262
9875 6 2 300 1 4911 5259 5262 4912 5260 5263
9876 6 2 300 1 4912 5260 5263 2739 2855 2856
9877 6 2 300 1 1239 1018 1240 5258 4595 5261
9878 6 2 300 1 5258 4595 5261 5259 4596 5262
9879 6 2 300 1 5259 4596 5262 5260 4597 5263
9880 6 2 300 1 5260 4597 5263 2855 2634 2856
9881 6 2 300 1 1204 922 1247 5153 4307 5282
9882 6 2 300 1 5153 4307 5282 5154 4308 5283
9883 6 2 300 1 5154 4308 5283 5155 4309 5284
9884 6 2 300 1 5155 4309 5284 2820 2538 2863
9885 6 2 300 1 1216 973 1252 5189 4460 5297
9886 6 2 300 1 5189 4460 5297 5190 4461 5298
9887 6 2 300 1 5190 4461 5298 5191 4462 5299
9888 6 2 300 1 5191 4462 5299 2832 2589 2868
9889 6 2 300 1 1193 894 1245 5120 4223 5276
9890 6 2 300 1 5120 4223 5276 5121 4224 5277
9891 6 2 300 1 5121 4224 5277 5122 4225 5278
9892 6 2 300 1 5122 4225 5278 2809 2510 2861
9893 6 2 300 1 1194 1143 1243 5123 4970 5270
9894 6 2 300 1 5123 4970 5270 5124 4971 5271
9895 6 2 300 1 5124 4971 5271 5125 4972 5272
9896 6 2 300 1 5125 4972 5272 2810 2759 2859
9897 6 2 300 1 1210 947 1249 5171 4382 5288
9898 6 2 300 1 5171 4382 5288 5172 4383 5289
9899 6 2 300 1 5172 4383 5289 5173 4384 5290
9900 6 2 300 1 5173 4384 5290 2826 2563 2865
9901 6 2 300 1 1219 991 1256 5198 4514 5309
9902 6 2 300 1 5198 4514 5309 5199 4515 5310
9903 6 2 300 1 5199 4515 5310 5200 4516 5311
9904 6 2 300 1 5200 4516 5311 2835 2607 2872
9905 6 2 300 1 1229 1034 1258 5228 4643 5315
9906 6 2 300 1 5228 4643 5315 5229 4644 5316
9907 6 2 300 1 5229 4644 5316 5230 4645 5317
9908 6 2 300 1 5230 4645 5317 2845 2650 2874
9909 6 2 300 1 1111 1110 1242 4874 4871 5267
9910 6 2 300 1 4874 4871 5267 4875 4872 5268
9911 6 2 300 1 4875 4872 5268 4876 4873 5269
9912 6 2 300 1 4876 4873 5269 2727 2726 2858
9913 6 2 300 1 1143 1127 1243 4970 4922 5270
9914 6 2 300 1 4970 4922 5270 4971 4923 5271
9915 6 2 300 1 4971 4923 5271 4972 4924 5272
9916 6 2 300 1 4972 4924 5272 2759 2743 2859
9917 6 2 300 1 1087 1088 1244 4802 4805 5273
9918 6 2 300 1 4802 4805 5273 4803 4806 5274
9919 6 2 300 1 4803 4806 5274 4804 4807 5275
9920 6 2 300 1 4804 4807 5275 2703 2704 2860
9921 6 2 300 1 894 892 1245 4223 4217 5276
9922 6 2 300 1 4223 4217 5276 4224 4218 5277
9923 6 2 300 1 4224 4218 5277 4225 4219 5278
9924 6 2 300 1 4225 4219 5278 2510 2508 2861
9925 6 2 300 1 40 41 1246 1842 1845 5279
9926 6 2 300 1 1842 1845 5279 1843 1846 5280
9927 6 2 300 1 1843 1846 5280 1844 1847 5281
9928 6 2 300 1 1844 1847 5281 405 406 2862
9929 6 2 300 1 922 919 1247 4307 4298 5282
9930 6 2 300 1 4307 4298 5282 4308 4299 5283
9931 6 2 300 1 4308 4299 5283 4309 4300 5284
9932 6 2 300 1 4309 4300 5284 2538 2535 2863
9933 6 2 300 1 940 938 1248 4361 4355 5285
9934 6 2 300 1 4361 4355 5285 4362 4356 5286
9935 6 2 300 1 4362 4356 5286 4363 4357 5287
9936 6 2 300 1 4363 4357 5287 2556 2554 2864
9937 6 2 300 1 947 945 1249 4382 4376 5288
9938 6 2 300 1 4382 4376 5288 4383 4377 5289
9939 6 2 300 1 4383 4377 5289 4384 4378 5290
9940 6 2 300 1 4384 4378 5290 2563 2561 2865
9941 6 2 300 1 43 44 1250 1851 1854 5291
9942 6 2 300 1 1851 1854 5291 1852 1855 5292
9943 6 2 300 1 1852 1855 5292 1853 1856 5293
9944 6 2 300 1 1853 1856 5293 408 409 2866
9945 6 2 300 1 966 964 1251 4439 4433 5294
9946 6 2 300 1 4439 4433 5294 4440 4434 5295
9947 6 2 300 1 4440 4434 5295 4441 4435 5296
9948 6 2 300 1 4441 4435 5296 2582 2580 2867
9949 6 2 300 1 973 971 1252 4460 4454 5297
9950 6 2 300 1 4460 4454 5297 4461 4455 5298
9951 6 2 300 1 4461 4455 5298 4462 4456 5299
9952 6 2 300 1 4462 4456 5299 2589 2587 2868
9953 6 2 300 1 56 57 1253 1890 1893 5300
9954 6 2 300 1 1890 1893 5300 1891 1894 5301
9955 6 2 300 1 1891 1894 5301 1892 1895 5302
9956 6 2 300 1 1892 1895 5302 421 422 2869
9957 6 2 300 1 984 982 1254 4493 4487 5303
9958 6 2 300 1 4493 4487 5303 4494 4488 5304
9959 6 2 300 1 4494 4488 5304 4495 4489 5305
9960 6 2 300 1 4495 4489 5305 2600 2598 2870
9961 6 2 300 1 65 66 1255 1917 1920 5306
9962 6 2 300 1 1917 1920 5306 1918 1921 5307
9963 6 2 300 1 1918 1921 5307 1919 1922 5308
9964 6 2 300 1 1919 1922 5308 430 431 2871
9965 6 2 300 1 991 989 1256 4514 4508 5309
9966 6 2 300 1 4514 4508 5309 4515 4509 5310
9967 6 2 300 1 4515 4509 5310 4516 4510 5311
9968 6 2 300 1 4516 4510 5311 2607 2605 2872
9969 6 2 300 1 68 69 1257 1926 1929 5312
9970 6 2 300 1 1926 1929 5312 1927 1930 5313
9971 6 2 300 1 1927 1930 5313 1928 1931 5314
9972 6 2 300 1 1928 1931 5314 433 434 2873
9973 6 2 300 1 77 78 1259 1953 1956 5318
9974 6 2 300 1 1953 1956 5318 1954 1957 5319
9975 6 2 300 1 1954 1957 5319 1955 1958 5320
9976 6 2 300 1 1955 1958 5320 442 443 2875
9977 6 2 300 1 1034 1032 1258 4643 4637 5315
9978 6 2 300 1 4643 4637 5315 4644 4638 5316
9979 6 2 300 1 4644 4638 5316 4645 4639 5317
9980 6 2 300 1 4645 4639 5317 2650 2648 2874
9981 6 2 300 1 80 81 1260 1962 1965 5321
9982 6 2 300 1 1962 1965 5321 1963 1966 5322
9983 6 2 300 1 1963 1966 5322 1964 1967 5323
9984 6 2 300 1 1964 1967 5323 445 446 2876
9985 6 2 300 1 85 86 1261 1977 1980 5324
9986 6 2 300 1 1977 1980 5324 1978 1981 5325
9987 6 2 300 1 1978 1981 5325 1979 1982 5326
9988 6 2 300 1 1979 1982 5326 450 451 2877
9989 6 2 300 1 88 89 1262 1986 1989 5327
9990 6 2 300 1 1986 1989 5327 1987 1990 5328
9991 6 2 300 1 1987 1990 5328 1988 1991 5329
9992 6 2 300 1 1988 1991 5329 453 454 2878
9993 6 2 300 1 108 109 1263 2046 2049 5330
9994 6 2 300 1 2046 2049 5330 2047 2050 5331
9995 6 2 300 1 2047 2050 5331 2048 2051 5332
9996 6 2 300 1 2048 2051 5332 473 474 2879
9997 6 2 300 1 1164 1069 1264 5033 4748 5333
9998 6 2 300 1 5033 4748 5333 5034 4749 5334
9999 6 2 300 1 5034 4749 5334 5035 4750 5335
10000 6 2 300 1 5035 4750 5335 2780 2685 2880
10001 6 2 300 1 882 879 1265 4187 4178 5336
10002 6 2 300 1 4187 4178 5336 4188 4179 5337
10003 6 2 300 1 4188 4179 5337 4189 4180 5338
10004 6 2 300 1 4189 4180 5338 2498 2495 2881
10005 6 2 300 1 1048 1047 1279 4685 4682 5378
10006 6 2 300 1 4685 4682 5378 4686 4683 5379
10007 6 2 300 1 4686 4683 5379 4687 4684 5380
10008 6 2 300 1 4687 4684 5380 2664 2663 2895
10009 6 2 300 1 833 1160 1278 4040 5021 5375
10010 6 2 300 1 4040 5021 5375 4041 5022 5376
10011 6 2 300 1 4041 5022 5376 4042 5023 5377
10012 6 2 300 1 4042 5023 5377 2449 2776 2894
10013 6 2 300 1 866 1158 1279 4139 5015 5378
10014 6 2 300 1 4139 5015 5378 4140 5016 5379
10015 6 2 300 1 4140 5016 5379 4141 5017 5380
10016 6 2 300 1 4141 5017 5380 2482 2774 2895
10017 6 2 300 1 876 1093 1271 4169 4820 5354
10018 6 2 300 1 4169 4820 5354 4170 4821 5355
10019 6 2 300 1 4170 4821 5355 4171 4822 5356
10020 6 2 300 1 4171 4822 5356 2492 2709 2887
10021 6 2 300 1 1089 1167 1246 4808 5042 5279
10022 6 2 300 1 4808 5042 5279 4809 5043 5280
10023 6 2 300 1 4809 5043 5280 4810 5044 5281
10024 6 2 300 1 4810 5044 5281 2705 2783 2862
10025 6 2 300 1 895 1168 1250 4226 5045 5291
10026 6 2 300 1 4226 5045 5291 4227 5046 5292
10027 6 2 300 1 4227 5046 5292 4228 5047 5293
10028 6 2 300 1 4228 5047 5293 2511 2784 2866
10029 6 2 300 1 920 1169 1253 4301 5048 5300
10030 6 2 300 1 4301 5048 5300 4302 5049 5301
10031 6 2 300 1 4302 5049 5301 4303 5050 5302
10032 6 2 300 1 4303 5050 5302 2536 2785 2869
10033 6 2 300 1 941 1170 1255 4364 5051 5306
10034 6 2 300 1 4364 5051 5306 4365 5052 5307
10035 6 2 300 1 4365 5052 5307 4366 5053 5308
10036 6 2 300 1 4366 5053 5308 2557 2786 2871
10037 6 2 300 1 948 1171 1257 4385 5054 5312
10038 6 2 300 1 4385 5054 5312 4386 5055 5313
10039 6 2 300 1 4386 5055 5313 4387 5056 5314
10040 6 2 300 1 4387 5056 5314 2564 2787 2873
10041 6 2 300 1 1172 788 1244 5057 3905 5273
10042 6 2 300 1 5057 3905 5273 5058 3906 5274
10043 6 2 300 1 5058 3906 5274 5059 3907 5275
10044 6 2 300 1 5059 3907 5275 2788 2404 2860
10045 6 2 300 1 1174 1067 1242 5063 4742 5267
10046 6 2 300 1 5063 4742 5267 5064 4743 5268
10047 6 2 300 1 5064 4743 5268 5065 4744 5269
10048 6 2 300 1 5065 4744 5269 2790 2683 2858
10049 6 2 300 1 967 1173 1259 4442 5060 5318
10050 6 2 300 1 4442 5060 5318 4443 5061 5319
10051 6 2 300 1 4443 5061 5319 4444 5062 5320
10052 6 2 300 1 4444 5062 5320 2583 2789 2875
10053 6 2 300 1 1176 791 1245 5069 3914 5276
10054 6 2 300 1 5069 3914 5276 5070 3915 5277
10055 6 2 300 1 5070 3915 5277 5071 3916 5278
10056 6 2 300 1 5071 3916 5278 2792 2407 2861
10057 6 2 300 1 1177 1068 1243 5072 4745 5270
10058 6 2 300 1 5072 4745 5270 5073 4746 5271
10059 6 2 300 1 5073 4746 5271 5074 4747 5272
10060 6 2 300 1 5074 4747 5272 2793 2684 2859
10061 6 2 300 1 974 1175 1260 4463 5066 5321
10062 6 2 300 1 4463 5066 5321 4464 5067 5322
10063 6 2 300 1 4464 5067 5322 4465 5068 5323
10064 6 2 300 1 4465 5068 5323 2590 2791 2876
10065 6 2 300 1 985 1178 1261 4496 5075 5324
10066 6 2 300 1 4496 5075 5324 4497 5076 5325
10067 6 2 300 1 4497 5076 5325 4498 5077 5326
10068 6 2 300 1 4498 5077 5326 2601 2794 2877
10069 6 2 300 1 992 1179 1262 4517 5078 5327
10070 6 2 300 1 4517 5078 5327 4518 5079 5328
10071 6 2 300 1 4518 5079 5328 4519 5080 5329
10072 6 2 300 1 4519 5080 5329 2608 2795 2878
10073 6 2 300 1 1181 864 1247 5084 4133 5282
10074 6 2 300 1 5084 4133 5282 5085 4134 5283
10075 6 2 300 1 5085 4134 5283 5086 4135 5284
10076 6 2 300 1 5086 4135 5284 2797 2480 2863
10077 6 2 300 1 1035 1180 1263 4646 5081 5330
10078 6 2 300 1 4646 5081 5330 4647 5082 5331
10079 6 2 300 1 4647 5082 5331 4648 5083 5332
10080 6 2 300 1 4648 5083 5332 2651 2796 2879
10081 6 2 300 1 1182 826 1248 5087 4019 5285
10082 6 2 300 1 5087 4019 5285 5088 4020 5286
10083 6 2 300 1 5088 4020 5286 5089 4021 5287
10084 6 2 300 1 5089 4021 5287 2798 2442 2864
10085 6 2 300 1 1183 815 1249 5090 3986 5288
10086 6 2 300 1 5090 3986 5288 5091 3987 5289
10087 6 2 300 1 5091 3987 5289 5092 3988 5290
10088 6 2 300 1 5092 3988 5290 2799 2431 2865
10089 6 2 300 1 1184 809 1251 5093 3968 5294
10090 6 2 300 1 5093 3968 5294 5094 3969 5295
10091 6 2 300 1 5094 3969 5295 5095 3970 5296
10092 6 2 300 1 5095 3970 5296 2800 2425 2867
10093 6 2 300 1 1185 812 1252 5096 3977 5297
10094 6 2 300 1 5096 3977 5297 5097 3978 5298
10095 6 2 300 1 5097 3978 5298 5098 3979 5299
10096 6 2 300 1 5098 3979 5299 2801 2428 2868
10097 6 2 300 1 1186 807 1254 5099 3962 5303
10098 6 2 300 1 5099 3962 5303 5100 3963 5304
10099 6 2 300 1 5100 3963 5304 5101 3964 5305
10100 6 2 300 1 5101 3964 5305 2802 2423 2870
10101 6 2 300 1 1187 802 1256 5102 3947 5309
10102 6 2 300 1 5102 3947 5309 5103 3948 5310
10103 6 2 300 1 5103 3948 5310 5104 3949 5311
10104 6 2 300 1 5104 3949 5311 2803 2418 2872
10105 6 2 300 1 1188 792 1258 5105 3917 5315
10106 6 2 300 1 5105 3917 5315 5106 3918 5316
10107 6 2 300 1 5106 3918 5316 5107 3919 5317
10108 6 2 300 1 5107 3919 5317 2804 2408 2874
10109 6 2 300 1 875 876 1271 4166 4169 5354
10110 6 2 300 1 4166 4169 5354 4167 4170 5355
10111 6 2 300 1 4167 4170 5355 4168 4171 5356
10112 6 2 300 1 4168 4171 5356 2491 2492 2887
10113 6 2 300 1 1117 843 1268 4892 4070 5345
10114 6 2 300 1 4892 4070 5345 4893 4071 5346
10115 6 2 300 1 4893 4071 5346 4894 4072 5347
10116 6 2 300 1 4894 4072 5347 2733 2459 2884
10117 6 2 300 1 1145 1164 1264 4976 5033 5333
10118 6 2 300 1 4976 5033 5333 4977 5034 5334
10119 6 2 300 1 4977 5034 5334 4978 5035 5335
10120 6 2 300 1 4978 5035 5335 2761 2780 2880
10121 6 2 300 1 24 25 1266 1794 1797 5339
10122 6 2 300 1 1794 1797 5339 1795 1798 5340
10123 6 2 300 1 1795 1798 5340 1796 1799 5341
10124 6 2 300 1 1796 1799 5341 389 390 2882
10125 6 2 300 1 22 23 1267 1788 1791 5342
10126 6 2 300 1 1788 1791 5342 1789 1792 5343
10127 6 2 300 1 1789 1792 5343 1790 1793 5344
10128 6 2 300 1 1790 1793 5344 387 388 2883
10129 6 2 300 1 1047 1162 1279 4682 5027 5378
10130 6 2 300 1 4682 5027 5378 4683 5028 5379
10131 6 2 300 1 4683 5028 5379 4684 5029 5380
10132 6 2 300 1 4684 5029 5380 2663 2778 2895
10133 6 2 300 1 886 885 1268 4199 4196 5345
10134 6 2 300 1 4199 4196 5345 4200 4197 5346
10135 6 2 300 1 4200 4197 5346 4201 4198 5347
10136 6 2 300 1 4201 4198 5347 2502 2501 2884
10137 6 2 300 1 832 1092 1270 4037 4817 5351
10138 6 2 300 1 4037 4817 5351 4038 4818 5352
10139 6 2 300 1 4038 4818 5352 4039 4819 5353
10140 6 2 300 1 4039 4819 5353 2448 2708 2886
10141 6 2 300 1 872 875 1269 4157 4166 5348
10142 6 2 300 1 4157 4166 5348 4158 4167 5349
10143 6 2 300 1 4158 4167 5349 4159 4168 5350
10144 6 2 300 1 4159 4168 5350 2488 2491 2885
10145 6 2 300 1 880 1163 1270 4181 5030 5351
10146 6 2 300 1 4181 5030 5351 4182 5031 5352
10147 6 2 300 1 4182 5031 5352 4183 5032 5353
10148 6 2 300 1 4183 5032 5353 2496 2779 2886
10149 6 2 300 1 1093 839 1271 4820 4058 5354
10150 6 2 300 1 4820 4058 5354 4821 4059 5355
10151 6 2 300 1 4821 4059 5355 4822 4060 5356
10152 6 2 300 1 4822 4060 5356 2709 2455 2887
10153 6 2 300 1 28 798 1272 1806 3935 5357
10154 6 2 300 1 1806 3935 5357 1807 3936 5358
10155 6 2 300 1 1807 3936 5358 1808 3937 5359
10156 6 2 300 1 1808 3937 5359 393 2414 2888
10157 6 2 300 1 1264 1117 1268 5333 4892 5345
10158 6 2 300 1 5333 4892 5345 5334 4893 5346
10159 6 2 300 1 5334 4893 5346 5335 4894 5347
10160 6 2 300 1 5335 4894 5347 2880 2733 2884
10161 6 2 300 1 1158 122 1275 5015 2088 5366
10162 6 2 300 1 5015 2088 5366 5016 2089 5367
10163 6 2 300 1 5016 2089 5367 5017 2090 5368
10164 6 2 300 1 5017 2090 5368 2774 487 2891
10165 6 2 300 1 1161 224 1273 5024 2394 5360
10166 6 2 300 1 5024 2394 5360 5025 2395 5361
10167 6 2 300 1 5025 2395 5361 5026 2396 5362
10168 6 2 300 1 5026 2396 5362 2777 589 2889
10169 6 2 300 1 1160 118 1276 5021 2076 5369
10170 6 2 300 1 5021 2076 5369 5022 2077 5370
10171 6 2 300 1 5022 2077 5370 5023 2078 5371
10172 6 2 300 1 5023 2078 5371 2776 483 2892
10173 6 2 300 1 1159 220 1274 5018 2382 5363
10174 6 2 300 1 5018 2382 5363 5019 2383 5364
10175 6 2 300 1 5019 2383 5364 5020 2384 5365
10176 6 2 300 1 5020 2384 5365 2775 585 2890
10177 6 2 300 1 885 1264 1268 4196 5333 5345
10178 6 2 300 1 4196 5333 5345 4197 5334 5346
10179 6 2 300 1 4197 5334 5346 4198 5335 5347
10180 6 2 300 1 4198 5335 5347 2501 2880 2884
10181 6 2 300 1 221 869 1274 2385 4148 5363
10182 6 2 300 1 2385 4148 5363 2386 4149 5364
10183 6 2 300 1 2386 4149 5364 2387 4150 5365
10184 6 2 300 1 2387 4150 5365 586 2485 2890
10185 6 2 300 1 21 868 1273 1785 4145 5360
10186 6 2 300 1 1785 4145 5360 1786 4146 5361
10187 6 2 300 1 1786 4146 5361 1787 4147 5362
10188 6 2 300 1 1787 4147 5362 386 2484 2889
10189 6 2 300 1 123 867 1275 2091 4142 5366
10190 6 2 300 1 2091 4142 5366 2092 4143 5367
10191 6 2 300 1 2092 4143 5367 2093 4144 5368
10192 6 2 300 1 2093 4144 5368 488 2483 2891
10193 6 2 300 1 119 1058 1276 2079 4715 5369
10194 6 2 300 1 2079 4715 5369 2080 4716 5370
10195 6 2 300 1 2080 4716 5370 2081 4717 5371
10196 6 2 300 1 2081 4717 5371 484 2674 2892
10197 6 2 300 1 212 213 1277 2358 2361 5372
10198 6 2 300 1 2358 2361 5372 2359 2362 5373
10199 6 2 300 1 2359 2362 5373 2360 2363 5374
10200 6 2 300 1 2360 2363 5374 577 578 2893
10201 6 2 300 1 1163 832 1270 5030 4037 5351
10202 6 2 300 1 5030 4037 5351 5031 4038 5352
10203 6 2 300 1 5031 4038 5352 5032 4039 5353
10204 6 2 300 1 5032 4039 5353 2779 2448 2886
10205 6 2 300 1 867 1158 1275 4142 5015 5366
10206 6 2 300 1 4142 5015 5366 4143 5016 5367
10207 6 2 300 1 4143 5016 5367 4144 5017 5368
10208 6 2 300 1 4144 5017 5368 2483 2774 2891
10209 6 2 300 1 869 1159 1274 4148 5018 5363
10210 6 2 300 1 4148 5018 5363 4149 5019 5364
10211 6 2 300 1 4149 5019 5364 4150 5020 5365
10212 6 2 300 1 4150 5020 5365 2485 2775 2890
10213 6 2 300 1 1058 1160 1276 4715 5021 5369
10214 6 2 300 1 4715 5021 5369 4716 5022 5370
10215 6 2 300 1 4716 5022 5370 4717 5023 5371
10216 6 2 300 1 4717 5023 5371 2674 2776 2892
10217 6 2 300 1 868 1161 1273 4145 5024 5360
10218 6 2 300 1 4145 5024 5360 4146 5025 5361
10219 6 2 300 1 4146 5025 5361 4147 5026 5362
10220 6 2 300 1 4147 5026 5362 2484 2777 2889
10221 6 2 300 1 1162 1047 1278 5027 4682 5375
10222 6 2 300 1 5027 4682 5375 5028 4683 5376
10223 6 2 300 1 5028 4683 5376 5029 4684 5377
10224 6 2 300 1 5029 4684 5377 2778 2663 2894
10225 6 2 300 1 1047 1218 1278 4682 5195 5375
10226 6 2 300 1 4682 5195 5375 4683 5196 5376
10227 6 2 300 1 4683 5196 5376 4684 5197 5377
10228 6 2 300 1 4684 5197 5377 2663 2834 2894
10229 6 2 300 1 1162 866 1279 5027 4139 5378
10230 6 2 300 1 5027 4139 5378 5028 4140 5379
10231 6 2 300 1 5028 4140 5379 5029 4141 5380
10232 6 2 300 1 5029 4141 5380 2778 2482 2895
10233 6 2 300 1 1218 833 1278 5195 4040 5375
10234 6 2 300 1 5195 4040 5375 5196 4041 5376
10235 6 2 300 1 5196 4041 5376 5197 4042 5377
10236 6 2 300 1 5197 4042 5377 2834 2449 2894
10237 6 2 301 2 1513 1303 1554 6080 5450 6203
10238 6 2 301 2 6080 5450 6203 6081 5451 6204
10239 6 2 301 2 6081 5451 6204 6082 5452 6205
10240 6 2 301 2 6082 5452 6205 3369 3159 3410
10241 6 2 301 2 1303 1513 1579 5450 6080 6278
10242 6 2 301 2 5450 6080 6278 5451 6081 6279
10243 6 2 301 2 5451 6081 6279 5452 6082 6280
10244 6 2 301 2 5452 6082 6280 3159 3369 3435
10245 6 2 301 2 291 290 1432 2965 2962 5837
10246 6 2 301 2 2965 2962 5837 2966 2963 5838
10247 6 2 301 2 2966 2963 5838 2967 2964 5839
10248 6 2 301 2 2967 2964 5839 631 630 3288
10249 6 2 301 2 1307 1452 1565 5462 5897 6236
10250 6 2 301 2 5462 5897 6236 5463 5898 6237
10251 6 2 301 2 5463 5898 6237 5464 5899 6238
10252 6 2 301 2 5464 5899 6238 3163 3308 3421
10253 6 2 301 2 1455 1463 1468 5906 5930 5945
10254 6 2 301 2 5906 5930 5945 5907 5931 5946
10255 6 2 301 2 5907 5931 5946 5908 5932 5947
10256 6 2 301 2 5908 5932 5947 3311 3319 3324
10257 6 2 301 2 1420 1282 1422 5801 5387 5807
10258 6 2 301 2 5801 5387 5807 5802 5388 5808
10259 6 2 301 2 5802 5388 5808 5803 5389 5809
10260 6 2 301 2 5803 5389 5809 3276 3138 3278
10261 6 2 301 2 1465 1446 1471 5936 5879 5954
10262 6 2 301 2 5936 5879 5954 5937 5880 5955
10263 6 2 301 2 5937 5880 5955 5938 5881 5956
10264 6 2 301 2 5938 5881 5956 3321 3302 3327
10265 6 2 301 2 1415 1299 1540 5786 5438 6161
10266 6 2 301 2 5786 5438 6161 5787 5439 6162
10267 6 2 301 2 5787 5439 6162 5788 5440 6163
10268 6 2 301 2 5788 5440 6163 3271 3155 3396
10269 6 2 301 2 1332 1507 1521 5537 6062 6104
10270 6 2 301 2 5537 6062 6104 5538 6063 6105
10271 6 2 301 2 5538 6063 6105 5539 6064 6106
10272 6 2 301 2 5539 6064 6106 3188 3363 3377
10273 6 2 301 2 1387 1441 1539 5702 5864 6158
10274 6 2 301 2 5702 5864 6158 5703 5865 6159
10275 6 2 301 2 5703 5865 6159 5704 5866 6160
10276 6 2 301 2 5704 5866 6160 3243 3297 3395
10277 6 2 301 2 1299 1415 1584 5438 5786 6293
10278 6 2 301 2 5438 5786 6293 5439 5787 6294
10279 6 2 301 2 5439 5787 6294 5440 5788 6295
10280 6 2 301 2 5440 5788 6295 3155 3271 3440
10281 6 2 301 2 1401 1448 1571 5744 5885 6254
10282 6 2 301 2 5744 5885 6254 5745 5886 6255
10283 6 2 301 2 5745 5886 6255 5746 5887 6256
10284 6 2 301 2 5746 5887 6256 3257 3304 3427
10285 6 2 301 2 1448 1401 1578 5885 5744 6275
10286 6 2 301 2 5885 5744 6275 5886 5745 6276
10287 6 2 301 2 5886 5745 6276 5887 5746 6277
10288 6 2 301 2 5887 5746 6277 3304 3257 3434
10289 6 2 301 2 1418 1294 1435 5795 5423 5846
10290 6 2 301 2 5795 5423 5846 5796 5424 5847
10291 6 2 301 2 5796 5424 5847 5797 5425 5848
10292 6 2 301 2 5797 5425 5848 3274 3150 3291
10293 6 2 301 2 1282 1420 1444 5387 5801 5873
10294 6 2 301 2 5387 5801 5873 5388 5802 5874
10295 6 2 301 2 5388 5802 5874 5389 5803 5875
10296 6 2 301 2 5389 5803 5875 3138 3276 3300
10297 6 2 301 2 291 1432 1590 2965 5837 6311
10298 6 2 301 2 2965 5837 6311 2966 5838 6312
10299 6 2 301 2 2966 5838 6312 2967 5839 6313
10300 6 2 301 2 2967 5839 6313 631 3288 3446
10301 6 2 301 2 1441 1286 1539 5864 5399 6158
10302 6 2 301 2 5864 5399 6158 5865 5400 6159
10303 6 2 301 2 5865 5400 6159 5866 5401 6160
10304 6 2 301 2 5866 5401 6160 3297 3142 3395
10305 6 2 301 2 1285 1427 1485 5396 5822 5996
10306 6 2 301 2 5396 5822 5996 5397 5823 5997
10307 6 2 301 2 5397 5823 5997 5398 5824 5998
10308 6 2 301 2 5398 5824 5998 3141 3283 3341
10309 6 2 301 2 1463 1388 1468 5930 5705 5945
10310 6 2 301 2 5930 5705 5945 5931 5706 5946
10311 6 2 301 2 5931 5706 5946 5932 5707 5947
10312 6 2 301 2 5932 5707 5947 3319 3244 3324
10313 6 2 301 2 1452 1307 1563 5897 5462 6230
10314 6 2 301 2 5897 5462 6230 5898 5463 6231
10315 6 2 301 2 5898 5463 6231 5899 5464 6232
10316 6 2 301 2 5899 5464 6232 3308 3163 3419
10317 6 2 301 2 1427 1285 1615 5822 5396 6386
10318 6 2 301 2 5822 5396 6386 5823 5397 6387
10319 6 2 301 2 5823 5397 6387 5824 5398 6388
10320 6 2 301 2 5824 5398 6388 3283 3141 3471
10321 6 2 301 2 1294 1418 1547 5423 5795 6182
10322 6 2 301 2 5423 5795 6182 5424 5796 6183
10323 6 2 301 2 5424 5796 6183 5425 5797 6184
10324 6 2 301 2 5425 5797 6184 3150 3274 3403
10325 6 2 301 2 1507 1332 1522 6062 5537 6107
10326 6 2 301 2 6062 5537 6107 6063 5538 6108
10327 6 2 301 2 6063 5538 6108 6064 5539 6109
10328 6 2 301 2 6064 5539 6109 3363 3188 3378
10329 6 2 301 2 1393 1465 1471 5720 5936 5954
10330 6 2 301 2 5720 5936 5954 5721 5937 5955
10331 6 2 301 2 5721 5937 5955 5722 5938 5956
10332 6 2 301 2 5722 5938 5956 3249 3321 3327
10333 6 2 301 2 1444 1409 1532 5873 5768 6137
10334 6 2 301 2 5873 5768 6137 5874 5769 6138
10335 6 2 301 2 5874 5769 6138 5875 5770 6139
10336 6 2 301 2 5875 5770 6139 3300 3265 3388
10337 6 2 301 2 1291 1417 1551 5414 5792 6194
10338 6 2 301 2 5414 5792 6194 5415 5793 6195
10339 6 2 301 2 5415 5793 6195 5416 5794 6196
10340 6 2 301 2 5416 5794 6196 3147 3273 3407
10341 6 2 301 2 290 1283 1432 2962 5390 5837
10342 6 2 301 2 2962 5390 5837 2963 5391 5838
10343 6 2 301 2 2963 5391 5838 2964 5392 5839
10344 6 2 301 2 2964 5392 5839 630 3139 3288
10345 6 2 301 2 1562 1419 1581 6227 5798 6284
10346 6 2 301 2 6227 5798 6284 6228 5799 6285
10347 6 2 301 2 6228 5799 6285 6229 5800 6286
10348 6 2 301 2 6229 5800 6286 3418 3275 3437
10349 6 2 301 2 1298 1455 1468 5435 5906 5945
10350 6 2 301 2 5435 5906 5945 5436 5907 5946
10351 6 2 301 2 5436 5907 5946 5437 5908 5947
10352 6 2 301 2 5437 5908 5947 3154 3311 3324
10353 6 2 301 2 1446 1297 1471 5879 5432 5954
10354 6 2 301 2 5879 5432 5954 5880 5433 5955
10355 6 2 301 2 5880 5433 5955 5881 5434 5956
10356 6 2 301 2 5881 5434 5956 3302 3153 3327
10357 6 2 301 2 1452 1453 1565 5897 5900 6236
10358 6 2 301 2 5897 5900 6236 5898 5901 6237
10359 6 2 301 2 5898 5901 6237 5899 5902 6238
10360 6 2 301 2 5899 5902 6238 3308 3309 3421
10361 6 2 301 2 1289 1562 1581 5408 6227 6284
10362 6 2 301 2 5408 6227 6284 5409 6228 6285
10363 6 2 301 2 5409 6228 6285 5410 6229 6286
10364 6 2 301 2 5410 6229 6286 3145 3418 3437
10365 6 2 301 2 1283 1430 1431 5390 5831 5834
10366 6 2 301 2 5390 5831 5834 5391 5832 5835
10367 6 2 301 2 5391 5832 5835 5392 5833 5836
10368 6 2 301 2 5392 5833 5836 3139 3286 3287
10369 6 2 301 2 1417 1291 1586 5792 5414 6299
10370 6 2 301 2 5792 5414 6299 5793 5415 6300
10371 6 2 301 2 5793 5415 6300 5794 5416 6301
10372 6 2 301 2 5794 5416 6301 3273 3147 3442
10373 6 2 301 2 1438 1439 1542 5855 5858 6167
10374 6 2 301 2 5855 5858 6167 5856 5859 6168
10375 6 2 301 2 5856 5859 6168 5857 5860 6169
10376 6 2 301 2 5857 5860 6169 3294 3295 3398
10377 6 2 301 2 1286 1441 1443 5399 5864 5870
10378 6 2 301 2 5399 5864 5870 5400 5865 5871
10379 6 2 301 2 5400 5865 5871 5401 5866 5872
10380 6 2 301 2 5401 5866 5872 3142 3297 3299
10381 6 2 301 2 1434 1292 1590 5843 5417 6311
10382 6 2 301 2 5843 5417 6311 5844 5418 6312
10383 6 2 301 2 5844 5418 6312 5845 5419 6313
10384 6 2 301 2 5845 5419 6313 3290 3148 3446
10385 6 2 301 2 1429 1427 1615 5828 5822 6386
10386 6 2 301 2 5828 5822 6386 5829 5823 6387
10387 6 2 301 2 5829 5823 6387 5830 5824 6388
10388 6 2 301 2 5830 5824 6388 3285 3283 3471
10389 6 2 301 2 1288 1511 1588 5405 6074 6305
10390 6 2 301 2 5405 6074 6305 5406 6075 6306
10391 6 2 301 2 5406 6075 6306 5407 6076 6307
10392 6 2 301 2 5407 6076 6307 3144 3367 3444
10393 6 2 301 2 1292 1434 1582 5417 5843 6287
10394 6 2 301 2 5417 5843 6287 5418 5844 6288
10395 6 2 301 2 5418 5844 6288 5419 5845 6289
10396 6 2 301 2 5419 5845 6289 3148 3290 3438
10397 6 2 301 2 1511 1506 1588 6074 6059 6305
10398 6 2 301 2 6074 6059 6305 6075 6060 6306
10399 6 2 301 2 6075 6060 6306 6076 6061 6307
10400 6 2 301 2 6076 6061 6307 3367 3362 3444
10401 6 2 301 2 1430 1283 1462 5831 5390 5927
10402 6 2 301 2 5831 5390 5927 5832 5391 5928
10403 6 2 301 2 5832 5391 5928 5833 5392 5929
10404 6 2 301 2 5833 5392 5929 3286 3139 3318
10405 6 2 301 2 1290 1416 1608 5411 5789 6365
10406 6 2 301 2 5411 5789 6365 5412 5790 6366
10407 6 2 301 2 5412 5790 6366 5413 5791 6367
10408 6 2 301 2 5413 5791 6367 3146 3272 3464
10409 6 2 301 2 1415 1403 1460 5786 5750 5921
10410 6 2 301 2 5786 5750 5921 5787 5751 5922
10411 6 2 301 2 5787 5751 5922 5788 5752 5923
10412 6 2 301 2 5788 5752 5923 3271 3259 3316
10413 6 2 301 2 1477 1445 1478 5972 5876 5975
10414 6 2 301 2 5972 5876 5975 5973 5877 5976
10415 6 2 301 2 5973 5877 5976 5974 5878 5977
10416 6 2 301 2 5974 5878 5977 3333 3301 3334
10417 6 2 301 2 1416 1387 1539 5789 5702 6158
10418 6 2 301 2 5789 5702 6158 5790 5703 6159
10419 6 2 301 2 5790 5703 6159 5791 5704 6160
10420 6 2 301 2 5791 5704 6160 3272 3243 3395
10421 6 2 301 2 1300 1445 1477 5441 5876 5972
10422 6 2 301 2 5441 5876 5972 5442 5877 5973
10423 6 2 301 2 5442 5877 5973 5443 5878 5974
10424 6 2 301 2 5443 5878 5974 3156 3301 3333
10425 6 2 301 2 1556 333 1565 6209 3079 6236
10426 6 2 301 2 6209 3079 6236 6210 3080 6237
10427 6 2 301 2 6210 3080 6237 6211 3081 6238
10428 6 2 301 2 6211 3081 6238 3412 669 3421
10429 6 2 301 2 1416 1290 1585 5789 5411 6296
10430 6 2 301 2 5789 5411 6296 5790 5412 6297
10431 6 2 301 2 5790 5412 6297 5791 5413 6298
10432 6 2 301 2 5791 5413 6298 3272 3146 3441
10433 6 2 301 2 1286 1443 1461 5399 5870 5924
10434 6 2 301 2 5399 5870 5924 5400 5871 5925
10435 6 2 301 2 5400 5871 5925 5401 5872 5926
10436 6 2 301 2 5401 5872 5926 3142 3299 3317
10437 6 2 301 2 1444 1532 1587 5873 6137 6302
10438 6 2 301 2 5873 6137 6302 5874 6138 6303
10439 6 2 301 2 5874 6138 6303 5875 6139 6304
10440 6 2 301 2 5875 6139 6304 3300 3388 3443
10441 6 2 301 2 1438 1542 1575 5855 6167 6266
10442 6 2 301 2 5855 6167 6266 5856 6168 6267
10443 6 2 301 2 5856 6168 6267 5857 6169 6268
10444 6 2 301 2 5857 6169 6268 3294 3398 3431
10445 6 2 301 2 1408 1417 1493 5765 5792 6020
10446 6 2 301 2 5765 5792 6020 5766 5793 6021
10447 6 2 301 2 5766 5793 6021 5767 5794 6022
10448 6 2 301 2 5767 5794 6022 3264 3273 3349
10449 6 2 301 2 1424 1522 1536 5813 6107 6149
10450 6 2 301 2 5813 6107 6149 5814 6108 6150
10451 6 2 301 2 5814 6108 6150 5815 6109 6151
10452 6 2 301 2 5815 6109 6151 3280 3378 3392
10453 6 2 301 2 1422 1282 1552 5807 5387 6197
10454 6 2 301 2 5807 5387 6197 5808 5388 6198
10455 6 2 301 2 5808 5388 6198 5809 5389 6199
10456 6 2 301 2 5809 5389 6199 3278 3138 3408
10457 6 2 301 2 1559 1411 1573 6218 5774 6260
10458 6 2 301 2 6218 5774 6260 6219 5775 6261
10459 6 2 301 2 6219 5775 6261 6220 5776 6262
10460 6 2 301 2 6220 5776 6262 3415 3267 3429
10461 6 2 301 2 1427 1428 1485 5822 5825 5996
10462 6 2 301 2 5822 5825 5996 5823 5826 5997
10463 6 2 301 2 5823 5826 5997 5824 5827 5998
10464 6 2 301 2 5824 5827 5998 3283 3284 3341
10465 6 2 301 2 1506 1511 1579 6059 6074 6278
10466 6 2 301 2 6059 6074 6278 6060 6075 6279
10467 6 2 301 2 6060 6075 6279 6061 6076 6280
10468 6 2 301 2 6061 6076 6280 3362 3367 3435
10469 6 2 301 2 1310 328 1459 5471 3064 5918
10470 6 2 301 2 5471 3064 5918 5472 3065 5919
10471 6 2 301 2 5472 3065 5919 5473 3066 5920
10472 6 2 301 2 5473 3066 5920 3166 664 3315
10473 6 2 301 2 1309 1513 1554 5468 6080 6203
10474 6 2 301 2 5468 6080 6203 5469 6081 6204
10475 6 2 301 2 5469 6081 6204 5470 6082 6205
10476 6 2 301 2 5470 6082 6205 3165 3369 3410
10477 6 2 301 2 1418 1419 1547 5795 5798 6182
10478 6 2 301 2 5795 5798 6182 5796 5799 6183
10479 6 2 301 2 5796 5799 6183 5797 5800 6184
10480 6 2 301 2 5797 5800 6184 3274 3275 3403
10481 6 2 301 2 1461 1443 1466 5924 5870 5939
10482 6 2 301 2 5924 5870 5939 5925 5871 5940
10483 6 2 301 2 5925 5871 5940 5926 5872 5941
10484 6 2 301 2 5926 5872 5941 3317 3299 3322
10485 6 2 301 2 1411 1412 1573 5774 5777 6260
10486 6 2 301 2 5774 5777 6260 5775 5778 6261
10487 6 2 301 2 5775 5778 6261 5776 5779 6262
10488 6 2 301 2 5776 5779 6262 3267 3268 3429
10489 6 2 301 2 1283 1431 1432 5390 5834 5837
10490 6 2 301 2 5390 5834 5837 5391 5835 5838
10491 6 2 301 2 5391 5835 5838 5392 5836 5839
10492 6 2 301 2 5392 5836 5839 3139 3287 3288
10493 6 2 301 2 328 327 1459 3064 3061 5918
10494 6 2 301 2 3064 3061 5918 3065 3062 5919
10495 6 2 301 2 3065 3062 5919 3066 3063 5920
10496 6 2 301 2 3066 3063 5920 664 663 3315
10497 6 2 301 2 1462 1311 1517 5927 5474 6092
10498 6 2 301 2 5927 5474 6092 5928 5475 6093
10499 6 2 301 2 5928 5475 6093 5929 5476 6094
10500 6 2 301 2 5929 5476 6094 3318 3167 3373
10501 6 2 301 2 1420 1394 1444 5801 5723 5873
10502 6 2 301 2 5801 5723 5873 5802 5724 5874
10503 6 2 301 2 5802 5724 5874 5803 5725 5875
10504 6 2 301 2 5803 5725 5875 3276 3250 3300
10505 6 2 301 2 1394 1409 1444 5723 5768 5873
10506 6 2 301 2 5723 5768 5873 5724 5769 5874
10507 6 2 301 2 5724 5769 5874 5725 5770 5875
10508 6 2 301 2 5725 5770 5875 3250 3265 3300
10509 6 2 301 2 341 1429 1615 3103 5828 6386
10510 6 2 301 2 3103 5828 6386 3104 5829 6387
10511 6 2 301 2 3104 5829 6387 3105 5830 6388
10512 6 2 301 2 3105 5830 6388 677 3285 3471
10513 6 2 301 2 1547 1419 1562 6182 5798 6227
10514 6 2 301 2 6182 5798 6227 6183 5799 6228
10515 6 2 301 2 6183 5799 6228 6184 5800 6229
10516 6 2 301 2 6184 5800 6229 3403 3275 3418
10517 6 2 301 2 1432 1434 1590 5837 5843 6311
10518 6 2 301 2 5837 5843 6311 5838 5844 6312
10519 6 2 301 2 5838 5844 6312 5839 5845 6313
10520 6 2 301 2 5839 5845 6313 3288 3290 3446
10521 6 2 301 2 1460 1403 1571 5921 5750 6254
10522 6 2 301 2 5921 5750 6254 5922 5751 6255
10523 6 2 301 2 5922 5751 6255 5923 5752 6256
10524 6 2 301 2 5923 5752 6256 3316 3259 3427
10525 6 2 301 2 1296 1477 1478 5429 5972 5975
10526 6 2 301 2 5429 5972 5975 5430 5973 5976
10527 6 2 301 2 5430 5973 5976 5431 5974 5977
10528 6 2 301 2 5431 5974 5977 3152 3333 3334
10529 6 2 301 2 1308 301 1457 5465 2995 5912
10530 6 2 301 2 5465 2995 5912 5466 2996 5913
10531 6 2 301 2 5466 2996 5913 5467 2997 5914
10532 6 2 301 2 5467 2997 5914 3164 641 3313
10533 6 2 301 2 1464 1461 1466 5933 5924 5939
10534 6 2 301 2 5933 5924 5939 5934 5925 5940
10535 6 2 301 2 5934 5925 5940 5935 5926 5941
10536 6 2 301 2 5935 5926 5941 3320 3317 3322
10537 6 2 301 2 1430 1462 1517 5831 5927 6092
10538 6 2 301 2 5831 5927 6092 5832 5928 6093
10539 6 2 301 2 5832 5928 6093 5833 5929 6094
10540 6 2 301 2 5833 5929 6094 3286 3318 3373
10541 6 2 301 2 1453 1556 1565 5900 6209 6236
10542 6 2 301 2 5900 6209 6236 5901 6210 6237
10543 6 2 301 2 5901 6210 6237 5902 6211 6238
10544 6 2 301 2 5902 6211 6238 3309 3412 3421
10545 6 2 301 2 1522 1332 1536 6107 5537 6149
10546 6 2 301 2 6107 5537 6149 6108 5538 6150
10547 6 2 301 2 6108 5538 6150 6109 5539 6151
10548 6 2 301 2 6109 5539 6151 3378 3188 3392
10549 6 2 301 2 1408 1493 1577 5765 6020 6272
10550 6 2 301 2 5765 6020 6272 5766 6021 6273
10551 6 2 301 2 5766 6021 6273 5767 6022 6274
10552 6 2 301 2 5767 6022 6274 3264 3349 3433
10553 6 2 301 2 1429 341 1597 5828 3103 6332
10554 6 2 301 2 5828 3103 6332 5829 3104 6333
10555 6 2 301 2 5829 3104 6333 5830 3105 6334
10556 6 2 301 2 5830 3105 6334 3285 677 3453
10557 6 2 301 2 1424 1425 1522 5813 5816 6107
10558 6 2 301 2 5813 5816 6107 5814 5817 6108
10559 6 2 301 2 5814 5817 6108 5815 5818 6109
10560 6 2 301 2 5815 5818 6109 3280 3281 3378
10561 6 2 301 2 1308 1457 1458 5465 5912 5915
10562 6 2 301 2 5465 5912 5915 5466 5913 5916
10563 6 2 301 2 5466 5913 5916 5467 5914 5917
10564 6 2 301 2 5467 5914 5917 3164 3313 3314
10565 6 2 301 2 1521 1507 1606 6104 6062 6359
10566 6 2 301 2 6104 6062 6359 6105 6063 6360
10567 6 2 301 2 6105 6063 6360 6106 6064 6361
10568 6 2 301 2 6106 6064 6361 3377 3363 3462
10569 6 2 301 2 1357 1548 1549 5612 6185 6188
10570 6 2 301 2 5612 6185 6188 5613 6186 6189
10571 6 2 301 2 5613 6186 6189 5614 6187 6190
10572 6 2 301 2 5614 6187 6190 3213 3404 3405
10573 6 2 301 2 1308 1310 1601 5465 5471 6344
10574 6 2 301 2 5465 5471 6344 5466 5472 6345
10575 6 2 301 2 5466 5472 6345 5467 5473 6346
10576 6 2 301 2 5467 5473 6346 3164 3166 3457
10577 6 2 301 2 1313 1281 1464 5480 5384 5933
10578 6 2 301 2 5480 5384 5933 5481 5385 5934
10579 6 2 301 2 5481 5385 5934 5482 5386 5935
10580 6 2 301 2 5482 5386 5935 3169 3137 3320
10581 6 2 301 2 1281 286 1464 5384 2950 5933
10582 6 2 301 2 5384 2950 5933 5385 2951 5934
10583 6 2 301 2 5385 2951 5934 5386 2952 5935
10584 6 2 301 2 5386 2952 5935 3137 626 3320
10585 6 2 301 2 288 1311 1462 2956 5474 5927
10586 6 2 301 2 2956 5474 5927 2957 5475 5928
10587 6 2 301 2 2957 5475 5928 2958 5476 5929
10588 6 2 301 2 2958 5476 5929 628 3167 3318
10589 6 2 301 2 1297 278 1447 5432 2926 5882
10590 6 2 301 2 5432 2926 5882 5433 2927 5883
10591 6 2 301 2 5433 2927 5883 5434 2928 5884
10592 6 2 301 2 5434 2928 5884 3153 618 3303
10593 6 2 301 2 1451 1450 1542 5894 5891 6167
10594 6 2 301 2 5894 5891 6167 5895 5892 6168
10595 6 2 301 2 5895 5892 6168 5896 5893 6169
10596 6 2 301 2 5896 5893 6169 3307 3306 3398
10597 6 2 301 2 1305 298 1450 5456 2986 5891
10598 6 2 301 2 5456 2986 5891 5457 2987 5892
10599 6 2 301 2 5457 2987 5892 5458 2988 5893
10600 6 2 301 2 5458 2988 5893 3161 638 3306
10601 6 2 301 2 1305 1450 1451 5456 5891 5894
10602 6 2 301 2 5456 5891 5894 5457 5892 5895
10603 6 2 301 2 5457 5892 5895 5458 5893 5896
10604 6 2 301 2 5458 5893 5896 3161 3306 3307
10605 6 2 301 2 301 300 1457 2995 2992 5912
10606 6 2 301 2 2995 2992 5912 2996 2993 5913
10607 6 2 301 2 2996 2993 5913 2997 2994 5914
10608 6 2 301 2 2997 2994 5914 641 640 3313
10609 6 2 301 2 1559 1553 1613 6218 6200 6380
10610 6 2 301 2 6218 6200 6380 6219 6201 6381
10611 6 2 301 2 6219 6201 6381 6220 6202 6382
10612 6 2 301 2 6220 6202 6382 3415 3409 3469
10613 6 2 301 2 1553 1482 1613 6200 5987 6380
10614 6 2 301 2 6200 5987 6380 6201 5988 6381
10615 6 2 301 2 6201 5988 6381 6202 5989 6382
10616 6 2 301 2 6202 5989 6382 3409 3338 3469
10617 6 2 301 2 1379 1541 1544 5678 6164 6173
10618 6 2 301 2 5678 6164 6173 5679 6165 6174
10619 6 2 301 2 5679 6165 6174 5680 6166 6175
10620 6 2 301 2 5680 6166 6175 3235 3397 3400
10621 6 2 301 2 1458 1457 1563 5915 5912 6230
10622 6 2 301 2 5915 5912 6230 5916 5913 6231
10623 6 2 301 2 5916 5913 6231 5917 5914 6232
10624 6 2 301 2 5917 5914 6232 3314 3313 3419
10625 6 2 301 2 1511 1303 1579 6074 5450 6278
10626 6 2 301 2 6074 5450 6278 6075 5451 6279
10627 6 2 301 2 6075 5451 6279 6076 5452 6280
10628 6 2 301 2 6076 5452 6280 3367 3159 3435
10629 6 2 301 2 1485 1428 1546 5996 5825 6179
10630 6 2 301 2 5996 5825 6179 5997 5826 6180
10631 6 2 301 2 5997 5826 6180 5998 5827 6181
10632 6 2 301 2 5998 5827 6181 3341 3284 3402
10633 6 2 301 2 1548 1433 1549 6185 5840 6188
10634 6 2 301 2 6185 5840 6188 6186 5841 6189
10635 6 2 301 2 6186 5841 6189 6187 5842 6190
10636 6 2 301 2 6187 5842 6190 3404 3289 3405
10637 6 2 301 2 1313 1464 1466 5480 5933 5939
10638 6 2 301 2 5480 5933 5939 5481 5934 5940
10639 6 2 301 2 5481 5934 5940 5482 5935 5941
10640 6 2 301 2 5482 5935 5941 3169 3320 3322
10641 6 2 301 2 1410 1473 1580 5771 5960 6281
10642 6 2 301 2 5771 5960 6281 5772 5961 6282
10643 6 2 301 2 5772 5961 6282 5773 5962 6283
10644 6 2 301 2 5773 5962 6283 3266 3329 3436
10645 6 2 301 2 1290 1446 1465 5411 5879 5936
10646 6 2 301 2 5411 5879 5936 5412 5880 5937
10647 6 2 301 2 5412 5880 5937 5413 5881 5938
10648 6 2 301 2 5413 5881 5938 3146 3302 3321
10649 6 2 301 2 1455 1292 1463 5906 5417 5930
10650 6 2 301 2 5906 5417 5930 5907 5418 5931
10651 6 2 301 2 5907 5418 5931 5908 5419 5932
10652 6 2 301 2 5908 5419 5932 3311 3148 3319
10653 6 2 301 2 1432 1431 1433 5837 5834 5840
10654 6 2 301 2 5837 5834 5840 5838 5835 5841
10655 6 2 301 2 5838 5835 5841 5839 5836 5842
10656 6 2 301 2 5839 5836 5842 3288 3287 3289
10657 6 2 301 2 300 1456 1457 2992 5909 5912
10658 6 2 301 2 2992 5909 5912 2993 5910 5913
10659 6 2 301 2 2993 5910 5913 2994 5911 5914
10660 6 2 301 2 2994 5911 5914 640 3312 3313
10661 6 2 301 2 1310 1308 1574 5471 5465 6263
10662 6 2 301 2 5471 5465 6263 5472 5466 6264
10663 6 2 301 2 5472 5466 6264 5473 5467 6265
10664 6 2 301 2 5473 5467 6265 3166 3164 3430
10665 6 2 301 2 286 285 1464 2950 2947 5933
10666 6 2 301 2 2950 2947 5933 2951 2948 5934
10667 6 2 301 2 2951 2948 5934 2952 2949 5935
10668 6 2 301 2 2952 2949 5935 626 625 3320
10669 6 2 301 2 288 287 1311 2956 2953 5474
10670 6 2 301 2 2956 2953 5474 2957 2954 5475
10671 6 2 301 2 2957 2954 5475 2958 2955 5476
10672 6 2 301 2 2958 2955 5476 628 627 3167
10673 6 2 301 2 278 277 1447 2926 2923 5882
10674 6 2 301 2 2926 2923 5882 2927 2924 5883
10675 6 2 301 2 2927 2924 5883 2928 2925 5884
10676 6 2 301 2 2928 2925 5884 618 617 3303
10677 6 2 301 2 1351 1353 1538 5594 5600 6155
10678 6 2 301 2 5594 5600 6155 5595 5601 6156
10679 6 2 301 2 5595 5601 6156 5596 5602 6157
10680 6 2 301 2 5596 5602 6157 3207 3209 3394
10681 6 2 301 2 276 275 1460 2920 2917 5921
10682 6 2 301 2 2920 2917 5921 2921 2918 5922
10683 6 2 301 2 2921 2918 5922 2922 2919 5923
10684 6 2 301 2 2922 2919 5923 616 615 3316
10685 6 2 301 2 298 297 1450 2986 2983 5891
10686 6 2 301 2 2986 2983 5891 2987 2984 5892
10687 6 2 301 2 2987 2984 5892 2988 2985 5893
10688 6 2 301 2 2988 2985 5893 638 637 3306
10689 6 2 301 2 300 299 1456 2992 2989 5909
10690 6 2 301 2 2992 2989 5909 2993 2990 5910
10691 6 2 301 2 2993 2990 5910 2994 2991 5911
10692 6 2 301 2 2994 2991 5911 640 639 3312
10693 6 2 301 2 284 1286 1461 2944 5399 5924
10694 6 2 301 2 2944 5399 5924 2945 5400 5925
10695 6 2 301 2 2945 5400 5925 2946 5401 5926
10696 6 2 301 2 2946 5401 5926 624 3142 3317
10697 6 2 301 2 1283 289 1462 5390 2959 5927
10698 6 2 301 2 5390 2959 5927 5391 2960 5928
10699 6 2 301 2 5391 2960 5928 5392 2961 5929
10700 6 2 301 2 5392 2961 5929 3139 629 3318
10701 6 2 301 2 1290 280 1446 5411 2932 5879
10702 6 2 301 2 5411 2932 5879 5412 2933 5880
10703 6 2 301 2 5412 2933 5880 5413 2934 5881
10704 6 2 301 2 5413 2934 5881 3146 620 3302
10705 6 2 301 2 279 1297 1446 2929 5432 5879
10706 6 2 301 2 2929 5432 5879 2930 5433 5880
10707 6 2 301 2 2930 5433 5880 2931 5434 5881
10708 6 2 301 2 2931 5434 5881 619 3153 3302
10709 6 2 301 2 293 1292 1455 2971 5417 5906
10710 6 2 301 2 2971 5417 5906 2972 5418 5907
10711 6 2 301 2 2972 5418 5907 2973 5419 5908
10712 6 2 301 2 2973 5419 5908 633 3148 3311
10713 6 2 301 2 1298 294 1455 5435 2974 5906
10714 6 2 301 2 5435 2974 5906 5436 2975 5907
10715 6 2 301 2 5436 2975 5907 5437 2976 5908
10716 6 2 301 2 5437 2976 5908 3154 634 3311
10717 6 2 301 2 1301 296 1449 5444 2980 5888
10718 6 2 301 2 5444 2980 5888 5445 2981 5889
10719 6 2 301 2 5445 2981 5889 5446 2982 5890
10720 6 2 301 2 5446 2982 5890 3157 636 3305
10721 6 2 301 2 1353 1357 1480 5600 5612 5981
10722 6 2 301 2 5600 5612 5981 5601 5613 5982
10723 6 2 301 2 5601 5613 5982 5602 5614 5983
10724 6 2 301 2 5602 5614 5983 3209 3213 3336
10725 6 2 301 2 295 1298 1449 2977 5435 5888
10726 6 2 301 2 2977 5435 5888 2978 5436 5889
10727 6 2 301 2 2978 5436 5889 2979 5437 5890
10728 6 2 301 2 2979 5437 5890 635 3154 3305
10729 6 2 301 2 1405 1478 1603 5756 5975 6350
10730 6 2 301 2 5756 5975 6350 5757 5976 6351
10731 6 2 301 2 5757 5976 6351 5758 5977 6352
10732 6 2 301 2 5758 5977 6352 3261 3334 3459
10733 6 2 301 2 1305 1452 1456 5456 5897 5909
10734 6 2 301 2 5456 5897 5909 5457 5898 5910
10735 6 2 301 2 5457 5898 5910 5458 5899 5911
10736 6 2 301 2 5458 5899 5911 3161 3308 3312
10737 6 2 301 2 1299 273 1454 5438 2911 5903
10738 6 2 301 2 5438 2911 5903 5439 2912 5904
10739 6 2 301 2 5439 2912 5904 5440 2913 5905
10740 6 2 301 2 5440 2913 5905 3155 613 3310
10741 6 2 301 2 283 282 1539 2941 2938 6158
10742 6 2 301 2 2941 2938 6158 2942 2939 6159
10743 6 2 301 2 2942 2939 6159 2943 2940 6160
10744 6 2 301 2 2943 2940 6160 623 622 3395
10745 6 2 301 2 1448 1414 1607 5885 5783 6362
10746 6 2 301 2 5885 5783 6362 5886 5784 6363
10747 6 2 301 2 5886 5784 6363 5887 5785 6364
10748 6 2 301 2 5887 5785 6364 3304 3270 3463
10749 6 2 301 2 1541 1466 1544 6164 5939 6173
10750 6 2 301 2 6164 5939 6173 6165 5940 6174
10751 6 2 301 2 6165 5940 6174 6166 5941 6175
10752 6 2 301 2 6166 5941 6175 3397 3322 3400
10753 6 2 301 2 1305 1451 1452 5456 5894 5897
10754 6 2 301 2 5456 5894 5897 5457 5895 5898
10755 6 2 301 2 5457 5895 5898 5458 5896 5899
10756 6 2 301 2 5458 5896 5899 3161 3307 3308
10757 6 2 301 2 1353 1480 1538 5600 5981 6155
10758 6 2 301 2 5600 5981 6155 5601 5982 6156
10759 6 2 301 2 5601 5982 6156 5602 5983 6157
10760 6 2 301 2 5602 5983 6157 3209 3336 3394
10761 6 2 301 2 1379 1509 1510 5678 6068 6071
10762 6 2 301 2 5678 6068 6071 5679 6069 6072
10763 6 2 301 2 5679 6069 6072 5680 6070 6073
10764 6 2 301 2 5680 6070 6073 3235 3365 3366
10765 6 2 301 2 1469 1348 1481 5948 5585 5984
10766 6 2 301 2 5948 5585 5984 5949 5586 5985
10767 6 2 301 2 5949 5586 5985 5950 5587 5986
10768 6 2 301 2 5950 5587 5986 3325 3204 3337
10769 6 2 301 2 1388 1372 1467 5705 5657 5942
10770 6 2 301 2 5705 5657 5942 5706 5658 5943
10771 6 2 301 2 5706 5658 5943 5707 5659 5944
10772 6 2 301 2 5707 5659 5944 3244 3228 3323
10773 6 2 301 2 1432 1433 1434 5837 5840 5843
10774 6 2 301 2 5837 5840 5843 5838 5841 5844
10775 6 2 301 2 5838 5841 5844 5839 5842 5845
10776 6 2 301 2 5839 5842 5845 3288 3289 3290
10777 6 2 301 2 1467 1440 1468 5942 5861 5945
10778 6 2 301 2 5942 5861 5945 5943 5862 5946
10779 6 2 301 2 5943 5862 5946 5944 5863 5947
10780 6 2 301 2 5944 5863 5947 3323 3296 3324
10781 6 2 301 2 1513 1512 1523 6080 6077 6110
10782 6 2 301 2 6080 6077 6110 6081 6078 6111
10783 6 2 301 2 6081 6078 6111 6082 6079 6112
10784 6 2 301 2 6082 6079 6112 3369 3368 3379
10785 6 2 301 2 1388 1467 1468 5705 5942 5945
10786 6 2 301 2 5705 5942 5945 5706 5943 5946
10787 6 2 301 2 5706 5943 5946 5707 5944 5947
10788 6 2 301 2 5707 5944 5947 3244 3323 3324
10789 6 2 301 2 1505 1513 1523 6056 6080 6110
10790 6 2 301 2 6056 6080 6110 6057 6081 6111
10791 6 2 301 2 6057 6081 6111 6058 6082 6112
10792 6 2 301 2 6058 6082 6112 3361 3369 3379
10793 6 2 301 2 1324 1326 1476 5513 5519 5969
10794 6 2 301 2 5513 5519 5969 5514 5520 5970
10795 6 2 301 2 5514 5520 5970 5515 5521 5971
10796 6 2 301 2 5515 5521 5971 3180 3182 3332
10797 6 2 301 2 1357 1354 1470 5612 5603 5951
10798 6 2 301 2 5612 5603 5951 5613 5604 5952
10799 6 2 301 2 5613 5604 5952 5614 5605 5953
10800 6 2 301 2 5614 5605 5953 3213 3210 3326
10801 6 2 301 2 1372 1374 1467 5657 5663 5942
10802 6 2 301 2 5657 5663 5942 5658 5664 5943
10803 6 2 301 2 5658 5664 5943 5659 5665 5944
10804 6 2 301 2 5659 5665 5944 3228 3230 3323
10805 6 2 301 2 1490 1284 1491 6011 5393 6014
10806 6 2 301 2 6011 5393 6014 6012 5394 6015
10807 6 2 301 2 6012 5394 6015 6013 5395 6016
10808 6 2 301 2 6013 5395 6016 3346 3140 3347
10809 6 2 301 2 1509 1338 1510 6068 5555 6071
10810 6 2 301 2 6068 5555 6071 6069 5556 6072
10811 6 2 301 2 6069 5556 6072 6070 5557 6073
10812 6 2 301 2 6070 5557 6073 3365 3194 3366
10813 6 2 301 2 207 1284 1490 2343 5393 6011
10814 6 2 301 2 2343 5393 6011 2344 5394 6012
10815 6 2 301 2 2344 5394 6012 2345 5395 6013
10816 6 2 301 2 2345 5395 6013 572 3140 3346
10817 6 2 301 2 1519 1475 1528 6098 5966 6125
10818 6 2 301 2 6098 5966 6125 6099 5967 6126
10819 6 2 301 2 6099 5967 6126 6100 5968 6127
10820 6 2 301 2 6100 5968 6127 3375 3331 3384
10821 6 2 301 2 1476 1475 1519 5969 5966 6098
10822 6 2 301 2 5969 5966 6098 5970 5967 6099
10823 6 2 301 2 5970 5967 6099 5971 5968 6100
10824 6 2 301 2 5971 5968 6100 3332 3331 3375
10825 6 2 301 2 1294 336 1472 5423 3088 5957
10826 6 2 301 2 5423 3088 5957 5424 3089 5958
10827 6 2 301 2 5424 3089 5958 5425 3090 5959
10828 6 2 301 2 5425 3090 5959 3150 672 3328
10829 6 2 301 2 1326 1329 1476 5519 5528 5969
10830 6 2 301 2 5519 5528 5969 5520 5529 5970
10831 6 2 301 2 5520 5529 5970 5521 5530 5971
10832 6 2 301 2 5521 5530 5971 3182 3185 3332
10833 6 2 301 2 1360 1348 1469 5621 5585 5948
10834 6 2 301 2 5621 5585 5948 5622 5586 5949
10835 6 2 301 2 5622 5586 5949 5623 5587 5950
10836 6 2 301 2 5623 5587 5950 3216 3204 3325
10837 6 2 301 2 1354 1356 1470 5603 5609 5951
10838 6 2 301 2 5603 5609 5951 5604 5610 5952
10839 6 2 301 2 5604 5610 5952 5605 5611 5953
10840 6 2 301 2 5605 5611 5953 3210 3212 3326
10841 6 2 301 2 329 328 1310 3067 3064 5471
10842 6 2 301 2 3067 3064 5471 3068 3065 5472
10843 6 2 301 2 3068 3065 5472 3069 3066 5473
10844 6 2 301 2 3069 3066 5473 665 664 3166
10845 6 2 301 2 217 1296 1473 2373 5429 5960
10846 6 2 301 2 2373 5429 5960 2374 5430 5961
10847 6 2 301 2 2374 5430 5961 2375 5431 5962
10848 6 2 301 2 2375 5431 5962 582 3152 3329
10849 6 2 301 2 1414 1389 1471 5783 5708 5954
10850 6 2 301 2 5783 5708 5954 5784 5709 5955
10851 6 2 301 2 5784 5709 5955 5785 5710 5956
10852 6 2 301 2 5785 5710 5956 3270 3245 3327
10853 6 2 301 2 1458 330 1574 5915 3070 6263
10854 6 2 301 2 5915 3070 6263 5916 3071 6264
10855 6 2 301 2 5916 3071 6264 5917 3072 6265
10856 6 2 301 2 5917 3072 6265 3314 666 3430
10857 6 2 301 2 1494 1486 1495 6023 5999 6026
10858 6 2 301 2 6023 5999 6026 6024 6000 6027
10859 6 2 301 2 6024 6000 6027 6025 6001 6028
10860 6 2 301 2 6025 6001 6028 3350 3342 3351
10861 6 2 301 2 1296 216 1477 5429 2370 5972
10862 6 2 301 2 5429 2370 5972 5430 2371 5973
10863 6 2 301 2 5430 2371 5973 5431 2372 5974
10864 6 2 301 2 5431 2372 5974 3152 581 3333
10865 6 2 301 2 316 1306 1483 2902 5459 5990
10866 6 2 301 2 2902 5459 5990 2903 5460 5991
10867 6 2 301 2 2903 5460 5991 2904 5461 5992
10868 6 2 301 2 2904 5461 5992 610 3162 3339
10869 6 2 301 2 1436 1438 1440 5849 5855 5861
10870 6 2 301 2 5849 5855 5861 5850 5856 5862
10871 6 2 301 2 5850 5856 5862 5851 5857 5863
10872 6 2 301 2 5851 5857 5863 3292 3294 3296
10873 6 2 301 2 1312 1315 1517 5477 5486 6092
10874 6 2 301 2 5477 5486 6092 5478 5487 6093
10875 6 2 301 2 5478 5487 6093 5479 5488 6094
10876 6 2 301 2 5479 5488 6094 3168 3171 3373
10877 6 2 301 2 213 1291 1479 2361 5414 5978
10878 6 2 301 2 2361 5414 5978 2362 5415 5979
10879 6 2 301 2 2362 5415 5979 2363 5416 5980
10880 6 2 301 2 2363 5416 5980 578 3147 3335
10881 6 2 301 2 1329 1336 1474 5528 5549 5963
10882 6 2 301 2 5528 5549 5963 5529 5550 5964
10883 6 2 301 2 5529 5550 5964 5530 5551 5965
10884 6 2 301 2 5530 5551 5965 3185 3192 3330
10885 6 2 301 2 317 316 1483 2905 2902 5990
10886 6 2 301 2 2905 2902 5990 2906 2903 5991
10887 6 2 301 2 2906 2903 5991 2907 2904 5992
10888 6 2 301 2 2907 2904 5992 611 610 3339
10889 6 2 301 2 1322 1320 1510 5507 5501 6071
10890 6 2 301 2 5507 5501 6071 5508 5502 6072
10891 6 2 301 2 5508 5502 6072 5509 5503 6073
10892 6 2 301 2 5509 5503 6073 3178 3176 3366
10893 6 2 301 2 1507 1522 1545 6062 6107 6176
10894 6 2 301 2 6062 6107 6176 6063 6108 6177
10895 6 2 301 2 6063 6108 6177 6064 6109 6178
10896 6 2 301 2 6064 6109 6178 3363 3378 3401
10897 6 2 301 2 1389 1393 1471 5708 5720 5954
10898 6 2 301 2 5708 5720 5954 5709 5721 5955
10899 6 2 301 2 5709 5721 5955 5710 5722 5956
10900 6 2 301 2 5710 5722 5956 3245 3249 3327
10901 6 2 301 2 332 331 1307 3076 3073 5462
10902 6 2 301 2 3076 3073 5462 3077 3074 5463
10903 6 2 301 2 3077 3074 5463 3078 3075 5464
10904 6 2 301 2 3078 3075 5464 668 667 3163
10905 6 2 301 2 1287 1487 1488 5402 6002 6005
10906 6 2 301 2 5402 6002 6005 5403 6003 6006
10907 6 2 301 2 5403 6003 6006 5404 6004 6007
10908 6 2 301 2 5404 6004 6007 3143 3343 3344
10909 6 2 301 2 1404 1403 1415 5753 5750 5786
10910 6 2 301 2 5753 5750 5786 5754 5751 5787
10911 6 2 301 2 5754 5751 5787 5755 5752 5788
10912 6 2 301 2 5755 5752 5788 3260 3259 3271
10913 6 2 301 2 1436 1437 1438 5849 5852 5855
10914 6 2 301 2 5849 5852 5855 5850 5853 5856
10915 6 2 301 2 5850 5853 5856 5851 5854 5857
10916 6 2 301 2 5851 5854 5857 3292 3293 3294
10917 6 2 301 2 1402 1401 1403 5747 5744 5750
10918 6 2 301 2 5747 5744 5750 5748 5745 5751
10919 6 2 301 2 5748 5745 5751 5749 5746 5752
10920 6 2 301 2 5749 5746 5752 3258 3257 3259
10921 6 2 301 2 208 207 1490 2346 2343 6011
10922 6 2 301 2 2346 2343 6011 2347 2344 6012
10923 6 2 301 2 2347 2344 6012 2348 2345 6013
10924 6 2 301 2 2348 2345 6013 573 572 3346
10925 6 2 301 2 335 1304 1472 3085 5453 5957
10926 6 2 301 2 3085 5453 5957 3086 5454 5958
10927 6 2 301 2 3086 5454 5958 3087 5455 5959
10928 6 2 301 2 3087 5455 5959 671 3160 3328
10929 6 2 301 2 1499 1514 1515 6038 6083 6086
10930 6 2 301 2 6038 6083 6086 6039 6084 6087
10931 6 2 301 2 6039 6084 6087 6040 6085 6088
10932 6 2 301 2 6040 6085 6088 3355 3370 3371
10933 6 2 301 2 1320 1379 1510 5501 5678 6071
10934 6 2 301 2 5501 5678 6071 5502 5679 6072
10935 6 2 301 2 5502 5679 6072 5503 5680 6073
10936 6 2 301 2 5503 5680 6073 3176 3235 3366
10937 6 2 301 2 1329 1474 1476 5528 5963 5969
10938 6 2 301 2 5528 5963 5969 5529 5964 5970
10939 6 2 301 2 5529 5964 5970 5530 5965 5971
10940 6 2 301 2 5530 5965 5971 3185 3330 3332
10941 6 2 301 2 1369 1371 1378 5648 5654 5675
10942 6 2 301 2 5648 5654 5675 5649 5655 5676
10943 6 2 301 2 5649 5655 5676 5650 5656 5677
10944 6 2 301 2 5650 5656 5677 3225 3227 3234
10945 6 2 301 2 1522 1425 1545 6107 5816 6176
10946 6 2 301 2 6107 5816 6176 6108 5817 6177
10947 6 2 301 2 6108 5817 6177 6109 5818 6178
10948 6 2 301 2 6109 5818 6178 3378 3281 3401
10949 6 2 301 2 1389 1364 1393 5708 5633 5720
10950 6 2 301 2 5708 5633 5720 5709 5634 5721
10951 6 2 301 2 5709 5634 5721 5710 5635 5722
10952 6 2 301 2 5710 5635 5722 3245 3220 3249
10953 6 2 301 2 1374 1436 1467 5663 5849 5942
10954 6 2 301 2 5663 5849 5942 5664 5850 5943
10955 6 2 301 2 5664 5850 5943 5665 5851 5944
10956 6 2 301 2 5665 5851 5944 3230 3292 3323
10957 6 2 301 2 1390 1389 1414 5711 5708 5783
10958 6 2 301 2 5711 5708 5783 5712 5709 5784
10959 6 2 301 2 5712 5709 5784 5713 5710 5785
10960 6 2 301 2 5713 5710 5785 3246 3245 3270
10961 6 2 301 2 1366 1377 1387 5639 5672 5702
10962 6 2 301 2 5639 5672 5702 5640 5673 5703
10963 6 2 301 2 5640 5673 5703 5641 5674 5704
10964 6 2 301 2 5641 5674 5704 3222 3233 3243
10965 6 2 301 2 1371 1372 1388 5654 5657 5705
10966 6 2 301 2 5654 5657 5705 5655 5658 5706
10967 6 2 301 2 5655 5658 5706 5656 5659 5707
10968 6 2 301 2 5656 5659 5707 3227 3228 3244
10969 6 2 301 2 1365 1364 1389 5636 5633 5708
10970 6 2 301 2 5636 5633 5708 5637 5634 5709
10971 6 2 301 2 5637 5634 5709 5638 5635 5710
10972 6 2 301 2 5638 5635 5710 3221 3220 3245
10973 6 2 301 2 1302 218 1473 5447 2376 5960
10974 6 2 301 2 5447 2376 5960 5448 2377 5961
10975 6 2 301 2 5448 2377 5961 5449 2378 5962
10976 6 2 301 2 5449 2378 5962 3158 583 3329
10977 6 2 301 2 335 334 1304 3085 3082 5453
10978 6 2 301 2 3085 3082 5453 3086 3083 5454
10979 6 2 301 2 3086 3083 5454 3087 3084 5455
10980 6 2 301 2 3087 3084 5455 671 670 3160
10981 6 2 301 2 1484 1486 1494 5993 5999 6023
10982 6 2 301 2 5993 5999 6023 5994 6000 6024
10983 6 2 301 2 5994 6000 6024 5995 6001 6025
10984 6 2 301 2 5995 6001 6025 3340 3342 3350
10985 6 2 301 2 1311 1312 1517 5474 5477 6092
10986 6 2 301 2 5474 5477 6092 5475 5478 6093
10987 6 2 301 2 5475 5478 6093 5476 5479 6094
10988 6 2 301 2 5476 5479 6094 3167 3168 3373
10989 6 2 301 2 344 1484 1494 3112 5993 6023
10990 6 2 301 2 3112 5993 6023 3113 5994 6024
10991 6 2 301 2 3113 5994 6024 3114 5995 6025
10992 6 2 301 2 3114 5995 6025 680 3340 3350
10993 6 2 301 2 1287 209 1487 5402 2349 6002
10994 6 2 301 2 5402 2349 6002 5403 2350 6003
10995 6 2 301 2 5403 2350 6003 5404 2351 6004
10996 6 2 301 2 5404 2351 6004 3143 574 3343
10997 6 2 301 2 1512 1295 1523 6077 5426 6110
10998 6 2 301 2 6077 5426 6110 6078 5427 6111
10999 6 2 301 2 6078 5427 6111 6079 5428 6112
11000 6 2 301 2 6079 5428 6112 3368 3151 3379
11001 6 2 301 2 1407 1387 1416 5762 5702 5789
11002 6 2 301 2 5762 5702 5789 5763 5703 5790
11003 6 2 301 2 5763 5703 5790 5764 5704 5791
11004 6 2 301 2 5764 5704 5791 3263 3243 3272
11005 6 2 301 2 1374 1435 1436 5663 5846 5849
11006 6 2 301 2 5663 5846 5849 5664 5847 5850
11007 6 2 301 2 5664 5847 5850 5665 5848 5851
11008 6 2 301 2 5665 5848 5851 3230 3291 3292
11009 6 2 301 2 1353 1354 1357 5600 5603 5612
11010 6 2 301 2 5600 5603 5612 5601 5604 5613
11011 6 2 301 2 5601 5604 5613 5602 5605 5614
11012 6 2 301 2 5602 5605 5614 3209 3210 3213
11013 6 2 301 2 1377 1345 1508 5672 5576 6065
11014 6 2 301 2 5672 5576 6065 5673 5577 6066
11015 6 2 301 2 5673 5577 6066 5674 5578 6067
11016 6 2 301 2 5674 5578 6067 3233 3201 3364
11017 6 2 301 2 1442 1377 1508 5867 5672 6065
11018 6 2 301 2 5867 5672 6065 5868 5673 6066
11019 6 2 301 2 5868 5673 6066 5869 5674 6067
11020 6 2 301 2 5869 5674 6067 3298 3233 3364
11021 6 2 301 2 1346 1345 1366 5579 5576 5639
11022 6 2 301 2 5579 5576 5639 5580 5577 5640
11023 6 2 301 2 5580 5577 5640 5581 5578 5641
11024 6 2 301 2 5581 5578 5641 3202 3201 3222
11025 6 2 301 2 1369 1370 1371 5648 5651 5654
11026 6 2 301 2 5648 5651 5654 5649 5652 5655
11027 6 2 301 2 5649 5652 5655 5650 5653 5656
11028 6 2 301 2 5650 5653 5656 3225 3226 3227
11029 6 2 301 2 1387 1377 1441 5702 5672 5864
11030 6 2 301 2 5702 5672 5864 5703 5673 5865
11031 6 2 301 2 5703 5673 5865 5704 5674 5866
11032 6 2 301 2 5704 5674 5866 3243 3233 3297
11033 6 2 301 2 1348 1346 1481 5585 5579 5984
11034 6 2 301 2 5585 5579 5984 5586 5580 5985
11035 6 2 301 2 5586 5580 5985 5587 5581 5986
11036 6 2 301 2 5587 5581 5986 3204 3202 3337
11037 6 2 301 2 215 1300 1477 2367 5441 5972
11038 6 2 301 2 2367 5441 5972 2368 5442 5973
11039 6 2 301 2 2368 5442 5973 2369 5443 5974
11040 6 2 301 2 2369 5443 5974 580 3156 3333
11041 6 2 301 2 219 218 1302 2379 2376 5447
11042 6 2 301 2 2379 2376 5447 2380 2377 5448
11043 6 2 301 2 2380 2377 5448 2381 2378 5449
11044 6 2 301 2 2381 2378 5449 584 583 3158
11045 6 2 301 2 1400 1392 1401 5741 5717 5744
11046 6 2 301 2 5741 5717 5744 5742 5718 5745
11047 6 2 301 2 5742 5718 5745 5743 5719 5746
11048 6 2 301 2 5743 5719 5746 3256 3248 3257
11049 6 2 301 2 1366 1345 1377 5639 5576 5672
11050 6 2 301 2 5639 5576 5672 5640 5577 5673
11051 6 2 301 2 5640 5577 5673 5641 5578 5674
11052 6 2 301 2 5641 5578 5674 3222 3201 3233
11053 6 2 301 2 337 336 1294 3091 3088 5423
11054 6 2 301 2 3091 3088 5423 3092 3089 5424
11055 6 2 301 2 3092 3089 5424 3093 3090 5425
11056 6 2 301 2 3093 3090 5425 673 672 3150
11057 6 2 301 2 1349 1351 1380 5588 5594 5681
11058 6 2 301 2 5588 5594 5681 5589 5595 5682
11059 6 2 301 2 5589 5595 5682 5590 5596 5683
11060 6 2 301 2 5590 5596 5683 3205 3207 3236
11061 6 2 301 2 1295 1514 1518 5426 6083 6095
11062 6 2 301 2 5426 6083 6095 5427 6084 6096
11063 6 2 301 2 5427 6084 6096 5428 6085 6097
11064 6 2 301 2 5428 6085 6097 3151 3370 3374
11065 6 2 301 2 1376 1398 1430 5669 5735 5831
11066 6 2 301 2 5669 5735 5831 5670 5736 5832
11067 6 2 301 2 5670 5736 5832 5671 5737 5833
11068 6 2 301 2 5671 5737 5833 3232 3254 3286
11069 6 2 301 2 1300 214 1479 5441 2364 5978
11070 6 2 301 2 5441 2364 5978 5442 2365 5979
11071 6 2 301 2 5442 2365 5979 5443 2366 5980
11072 6 2 301 2 5443 2366 5980 3156 579 3335
11073 6 2 301 2 1364 1360 1469 5633 5621 5948
11074 6 2 301 2 5633 5621 5948 5634 5622 5949
11075 6 2 301 2 5634 5622 5949 5635 5623 5950
11076 6 2 301 2 5635 5623 5950 3220 3216 3325
11077 6 2 301 2 1508 1338 1509 6065 5555 6068
11078 6 2 301 2 6065 5555 6068 6066 5556 6069
11079 6 2 301 2 6066 5556 6069 6067 5557 6070
11080 6 2 301 2 6067 5557 6070 3364 3194 3365
11081 6 2 301 2 1351 1352 1353 5594 5597 5600
11082 6 2 301 2 5594 5597 5600 5595 5598 5601
11083 6 2 301 2 5595 5598 5601 5596 5599 5602
11084 6 2 301 2 5596 5599 5602 3207 3208 3209
11085 6 2 301 2 1488 1487 1489 6005 6002 6008
11086 6 2 301 2 6005 6002 6008 6006 6003 6009
11087 6 2 301 2 6006 6003 6009 6007 6004 6010
11088 6 2 301 2 6007 6004 6010 3344 3343 3345
11089 6 2 301 2 1489 1491 1492 6008 6014 6017
11090 6 2 301 2 6008 6014 6017 6009 6015 6018
11091 6 2 301 2 6009 6015 6018 6010 6016 6019
11092 6 2 301 2 6010 6016 6019 3345 3347 3348
11093 6 2 301 2 217 216 1296 2373 2370 5429
11094 6 2 301 2 2373 2370 5429 2374 2371 5430
11095 6 2 301 2 2374 2371 5430 2375 2372 5431
11096 6 2 301 2 2375 2372 5431 582 581 3152
11097 6 2 301 2 1334 1331 1338 5543 5534 5555
11098 6 2 301 2 5543 5534 5555 5544 5535 5556
11099 6 2 301 2 5544 5535 5556 5545 5536 5557
11100 6 2 301 2 5545 5536 5557 3190 3187 3194
11101 6 2 301 2 1356 1368 1369 5609 5645 5648
11102 6 2 301 2 5609 5645 5648 5610 5646 5649
11103 6 2 301 2 5610 5646 5649 5611 5647 5650
11104 6 2 301 2 5611 5647 5650 3212 3224 3225
11105 6 2 301 2 1324 1476 1519 5513 5969 6098
11106 6 2 301 2 5513 5969 6098 5514 5970 6099
11107 6 2 301 2 5514 5970 6099 5515 5971 6100
11108 6 2 301 2 5515 5971 6100 3180 3332 3375
11109 6 2 301 2 1363 1360 1364 5630 5621 5633
11110 6 2 301 2 5630 5621 5633 5631 5622 5634
11111 6 2 301 2 5631 5622 5634 5632 5623 5635
11112 6 2 301 2 5632 5623 5635 3219 3216 3220
11113 6 2 301 2 1356 1369 1470 5609 5648 5951
11114 6 2 301 2 5609 5648 5951 5610 5649 5952
11115 6 2 301 2 5610 5649 5952 5611 5650 5953
11116 6 2 301 2 5611 5650 5953 3212 3225 3326
11117 6 2 301 2 1484 1285 1485 5993 5396 5996
11118 6 2 301 2 5993 5396 5996 5994 5397 5997
11119 6 2 301 2 5994 5397 5997 5995 5398 5998
11120 6 2 301 2 5995 5398 5998 3340 3141 3341
11121 6 2 301 2 1341 1339 1345 5564 5558 5576
11122 6 2 301 2 5564 5558 5576 5565 5559 5577
11123 6 2 301 2 5565 5559 5577 5566 5560 5578
11124 6 2 301 2 5566 5560 5578 3197 3195 3201
11125 6 2 301 2 215 214 1300 2367 2364 5441
11126 6 2 301 2 2367 2364 5441 2368 2365 5442
11127 6 2 301 2 2368 2365 5442 2369 2366 5443
11128 6 2 301 2 2369 2366 5443 580 579 3156
11129 6 2 301 2 1349 1350 1351 5588 5591 5594
11130 6 2 301 2 5588 5591 5594 5589 5592 5595
11131 6 2 301 2 5589 5592 5595 5590 5593 5596
11132 6 2 301 2 5590 5593 5596 3205 3206 3207
11133 6 2 301 2 210 1287 1493 2352 5402 6020
11134 6 2 301 2 2352 5402 6020 2353 5403 6021
11135 6 2 301 2 2353 5403 6021 2354 5404 6022
11136 6 2 301 2 2354 5404 6022 575 3143 3349
11137 6 2 301 2 340 339 1289 3100 3097 5408
11138 6 2 301 2 3100 3097 5408 3101 3098 5409
11139 6 2 301 2 3101 3098 5409 3102 3099 5410
11140 6 2 301 2 3102 3099 5410 676 675 3145
11141 6 2 301 2 219 1302 1482 2379 5447 5987
11142 6 2 301 2 2379 5447 5987 2380 5448 5988
11143 6 2 301 2 2380 5448 5988 2381 5449 5989
11144 6 2 301 2 2381 5449 5989 584 3158 3338
11145 6 2 301 2 1366 1387 1407 5639 5702 5762
11146 6 2 301 2 5639 5702 5762 5640 5703 5763
11147 6 2 301 2 5640 5703 5763 5641 5704 5764
11148 6 2 301 2 5641 5704 5764 3222 3243 3263
11149 6 2 301 2 213 212 1291 2361 2358 5414
11150 6 2 301 2 2361 2358 5414 2362 2359 5415
11151 6 2 301 2 2362 2359 5415 2363 2360 5416
11152 6 2 301 2 2363 2360 5416 578 577 3147
11153 6 2 301 2 1380 1351 1538 5681 5594 6155
11154 6 2 301 2 5681 5594 6155 5682 5595 6156
11155 6 2 301 2 5682 5595 6156 5683 5596 6157
11156 6 2 301 2 5683 5596 6157 3236 3207 3394
11157 6 2 301 2 1496 1495 1497 6029 6026 6032
11158 6 2 301 2 6029 6026 6032 6030 6027 6033
11159 6 2 301 2 6030 6027 6033 6031 6028 6034
11160 6 2 301 2 6031 6028 6034 3352 3351 3353
11161 6 2 301 2 1402 1403 1404 5747 5750 5753
11162 6 2 301 2 5747 5750 5753 5748 5751 5754
11163 6 2 301 2 5748 5751 5754 5749 5752 5755
11164 6 2 301 2 5749 5752 5755 3258 3259 3260
11165 6 2 301 2 336 335 1472 3088 3085 5957
11166 6 2 301 2 3088 3085 5957 3089 3086 5958
11167 6 2 301 2 3089 3086 5958 3090 3087 5959
11168 6 2 301 2 3090 3087 5959 672 671 3328
11169 6 2 301 2 1430 1398 1431 5831 5735 5834
11170 6 2 301 2 5831 5735 5834 5832 5736 5835
11171 6 2 301 2 5832 5736 5835 5833 5737 5836
11172 6 2 301 2 5833 5737 5836 3286 3254 3287
11173 6 2 301 2 1365 1389 1390 5636 5708 5711
11174 6 2 301 2 5636 5708 5711 5637 5709 5712
11175 6 2 301 2 5637 5709 5712 5638 5710 5713
11176 6 2 301 2 5638 5710 5713 3221 3245 3246
11177 6 2 301 2 1509 1379 1544 6068 5678 6173
11178 6 2 301 2 6068 5678 6173 6069 5679 6174
11179 6 2 301 2 6069 5679 6174 6070 5680 6175
11180 6 2 301 2 6070 5680 6175 3365 3235 3400
11181 6 2 301 2 316 315 1306 2902 2899 5459
11182 6 2 301 2 2902 2899 5459 2903 2900 5460
11183 6 2 301 2 2903 2900 5460 2904 2901 5461
11184 6 2 301 2 2904 2901 5461 610 609 3162
11185 6 2 301 2 1334 1338 1339 5543 5555 5558
11186 6 2 301 2 5543 5555 5558 5544 5556 5559
11187 6 2 301 2 5544 5556 5559 5545 5557 5560
11188 6 2 301 2 5545 5557 5560 3190 3194 3195
11189 6 2 301 2 1474 1380 1475 5963 5681 5966
11190 6 2 301 2 5963 5681 5966 5964 5682 5967
11191 6 2 301 2 5964 5682 5967 5965 5683 5968
11192 6 2 301 2 5965 5683 5968 3330 3236 3331
11193 6 2 301 2 1514 347 1515 6083 3121 6086
11194 6 2 301 2 6083 3121 6086 6084 3122 6087
11195 6 2 301 2 6084 3122 6087 6085 3123 6088
11196 6 2 301 2 6085 3123 6088 3370 683 3371
11197 6 2 301 2 343 1285 1484 3109 5396 5993
11198 6 2 301 2 3109 5396 5993 3110 5397 5994
11199 6 2 301 2 3110 5397 5994 3111 5398 5995
11200 6 2 301 2 3111 5398 5995 679 3141 3340
11201 6 2 301 2 343 342 1285 3109 3106 5396
11202 6 2 301 2 3109 3106 5396 3110 3107 5397
11203 6 2 301 2 3110 3107 5397 3111 3108 5398
11204 6 2 301 2 3111 3108 5398 679 678 3141
11205 6 2 301 2 210 209 1287 2352 2349 5402
11206 6 2 301 2 2352 2349 5402 2353 2350 5403
11207 6 2 301 2 2353 2350 5403 2354 2351 5404
11208 6 2 301 2 2354 2351 5404 575 574 3143
11209 6 2 301 2 1336 1349 1474 5549 5588 5963
11210 6 2 301 2 5549 5588 5963 5550 5589 5964
11211 6 2 301 2 5550 5589 5964 5551 5590 5965
11212 6 2 301 2 5551 5590 5965 3192 3205 3330
11213 6 2 301 2 1339 1338 1508 5558 5555 6065
11214 6 2 301 2 5558 5555 6065 5559 5556 6066
11215 6 2 301 2 5559 5556 6066 5560 5557 6067
11216 6 2 301 2 5560 5557 6067 3195 3194 3364
11217 6 2 301 2 209 208 1487 2349 2346 6002
11218 6 2 301 2 2349 2346 6002 2350 2347 6003
11219 6 2 301 2 2350 2347 6003 2351 2348 6004
11220 6 2 301 2 2351 2348 6004 574 573 3343
11221 6 2 301 2 1331 1322 1510 5534 5507 6071
11222 6 2 301 2 5534 5507 6071 5535 5508 6072
11223 6 2 301 2 5535 5508 6072 5536 5509 6073
11224 6 2 301 2 5536 5509 6073 3187 3178 3366
11225 6 2 301 2 1336 1343 1349 5549 5570 5588
11226 6 2 301 2 5549 5570 5588 5550 5571 5589
11227 6 2 301 2 5550 5571 5589 5551 5572 5590
11228 6 2 301 2 5551 5572 5590 3192 3199 3205
11229 6 2 301 2 207 206 1284 2343 2340 5393
11230 6 2 301 2 2343 2340 5393 2344 2341 5394
11231 6 2 301 2 2344 2341 5394 2345 2342 5395
11232 6 2 301 2 2345 2342 5395 572 571 3140
11233 6 2 301 2 1280 1494 1495 5381 6023 6026
11234 6 2 301 2 5381 6023 6026 5382 6024 6027
11235 6 2 301 2 5382 6024 6027 5383 6025 6028
11236 6 2 301 2 5383 6025 6028 3136 3350 3351
11237 6 2 301 2 218 217 1473 2376 2373 5960
11238 6 2 301 2 2376 2373 5960 2377 2374 5961
11239 6 2 301 2 2377 2374 5961 2378 2375 5962
11240 6 2 301 2 2378 2375 5962 583 582 3329
11241 6 2 301 2 1353 1352 1354 5600 5597 5603
11242 6 2 301 2 5600 5597 5603 5601 5598 5604
11243 6 2 301 2 5601 5598 5604 5602 5599 5605
11244 6 2 301 2 5602 5599 5605 3209 3208 3210
11245 6 2 301 2 1400 1401 1402 5741 5744 5747
11246 6 2 301 2 5741 5744 5747 5742 5745 5748
11247 6 2 301 2 5742 5745 5748 5743 5746 5749
11248 6 2 301 2 5743 5746 5749 3256 3257 3258
11249 6 2 301 2 1436 1440 1467 5849 5861 5942
11250 6 2 301 2 5849 5861 5942 5850 5862 5943
11251 6 2 301 2 5850 5862 5943 5851 5863 5944
11252 6 2 301 2 5851 5863 5944 3292 3296 3323
11253 6 2 301 2 216 215 1477 2370 2367 5972
11254 6 2 301 2 2370 2367 5972 2371 2368 5973
11255 6 2 301 2 2371 2368 5973 2372 2369 5974
11256 6 2 301 2 2372 2369 5974 581 580 3333
11257 6 2 301 2 1341 1345 1346 5564 5576 5579
11258 6 2 301 2 5564 5576 5579 5565 5577 5580
11259 6 2 301 2 5565 5577 5580 5566 5578 5581
11260 6 2 301 2 5566 5578 5581 3197 3201 3202
11261 6 2 301 2 1395 1530 1534 5726 6131 6143
11262 6 2 301 2 5726 6131 6143 5727 6132 6144
11263 6 2 301 2 5727 6132 6144 5728 6133 6145
11264 6 2 301 2 5728 6133 6145 3251 3386 3390
11265 6 2 301 2 1442 1508 1509 5867 6065 6068
11266 6 2 301 2 5867 6065 6068 5868 6066 6069
11267 6 2 301 2 5868 6066 6069 5869 6067 6070
11268 6 2 301 2 5869 6067 6070 3298 3364 3365
11269 6 2 301 2 1441 1442 1443 5864 5867 5870
11270 6 2 301 2 5864 5867 5870 5865 5868 5871
11271 6 2 301 2 5865 5868 5871 5866 5869 5872
11272 6 2 301 2 5866 5869 5872 3297 3298 3299
11273 6 2 301 2 1438 1437 1439 5855 5852 5858
11274 6 2 301 2 5855 5852 5858 5856 5853 5859
11275 6 2 301 2 5856 5853 5859 5857 5854 5860
11276 6 2 301 2 5857 5854 5860 3294 3293 3295
11277 6 2 301 2 204 203 1282 2334 2331 5387
11278 6 2 301 2 2334 2331 5387 2335 2332 5388
11279 6 2 301 2 2335 2332 5388 2336 2333 5389
11280 6 2 301 2 2336 2333 5389 569 568 3138
11281 6 2 301 2 1363 1364 1365 5630 5633 5636
11282 6 2 301 2 5630 5633 5636 5631 5634 5637
11283 6 2 301 2 5631 5634 5637 5632 5635 5638
11284 6 2 301 2 5632 5635 5638 3219 3220 3221
11285 6 2 301 2 1315 1376 1517 5486 5669 6092
11286 6 2 301 2 5486 5669 6092 5487 5670 6093
11287 6 2 301 2 5487 5670 6093 5488 5671 6094
11288 6 2 301 2 5488 5671 6094 3171 3232 3373
11289 6 2 301 2 1496 1497 1498 6029 6032 6035
11290 6 2 301 2 6029 6032 6035 6030 6033 6036
11291 6 2 301 2 6030 6033 6036 6031 6034 6037
11292 6 2 301 2 6031 6034 6037 3352 3353 3354
11293 6 2 301 2 214 213 1479 2364 2361 5978
11294 6 2 301 2 2364 2361 5978 2365 2362 5979
11295 6 2 301 2 2365 2362 5979 2366 2363 5980
11296 6 2 301 2 2366 2363 5980 579 578 3335
11297 6 2 301 2 1484 1485 1486 5993 5996 5999
11298 6 2 301 2 5993 5996 5999 5994 5997 6000
11299 6 2 301 2 5994 5997 6000 5995 5998 6001
11300 6 2 301 2 5995 5998 6001 3340 3341 3342
11301 6 2 301 2 1411 1406 1412 5774 5759 5777
11302 6 2 301 2 5774 5759 5777 5775 5760 5778
11303 6 2 301 2 5775 5760 5778 5776 5761 5779
11304 6 2 301 2 5776 5761 5779 3267 3262 3268
11305 6 2 301 2 211 210 1493 2355 2352 6020
11306 6 2 301 2 2355 2352 6020 2356 2353 6021
11307 6 2 301 2 2356 2353 6021 2357 2354 6022
11308 6 2 301 2 2357 2354 6022 576 575 3349
11309 6 2 301 2 1502 1501 1507 6047 6044 6062
11310 6 2 301 2 6047 6044 6062 6048 6045 6063
11311 6 2 301 2 6048 6045 6063 6049 6046 6064
11312 6 2 301 2 6049 6046 6064 3358 3357 3363
11313 6 2 301 2 1393 1364 1469 5720 5633 5948
11314 6 2 301 2 5720 5633 5948 5721 5634 5949
11315 6 2 301 2 5721 5634 5949 5722 5635 5950
11316 6 2 301 2 5722 5635 5950 3249 3220 3325
11317 6 2 301 2 1371 1370 1372 5654 5651 5657
11318 6 2 301 2 5654 5651 5657 5655 5652 5658
11319 6 2 301 2 5655 5652 5658 5656 5653 5659
11320 6 2 301 2 5656 5653 5659 3227 3226 3228
11321 6 2 301 2 1436 1435 1437 5849 5846 5852
11322 6 2 301 2 5849 5846 5852 5850 5847 5853
11323 6 2 301 2 5850 5847 5853 5851 5848 5854
11324 6 2 301 2 5851 5848 5854 3292 3291 3293
11325 6 2 301 2 1369 1378 1470 5648 5675 5951
11326 6 2 301 2 5648 5675 5951 5649 5676 5952
11327 6 2 301 2 5649 5676 5952 5650 5677 5953
11328 6 2 301 2 5650 5677 5953 3225 3234 3326
11329 6 2 301 2 1280 1495 1496 5381 6026 6029
11330 6 2 301 2 5381 6026 6029 5382 6027 6030
11331 6 2 301 2 5382 6027 6030 5383 6028 6031
11332 6 2 301 2 5383 6028 6031 3136 3351 3352
11333 6 2 301 2 1351 1350 1352 5594 5591 5597
11334 6 2 301 2 5594 5591 5597 5595 5592 5598
11335 6 2 301 2 5595 5592 5598 5596 5593 5599
11336 6 2 301 2 5596 5593 5599 3207 3206 3208
11337 6 2 301 2 1500 1498 1501 6041 6035 6044
11338 6 2 301 2 6041 6035 6044 6042 6036 6045
11339 6 2 301 2 6042 6036 6045 6043 6037 6046
11340 6 2 301 2 6043 6037 6046 3356 3354 3357
11341 6 2 301 2 1345 1339 1508 5576 5558 6065
11342 6 2 301 2 5576 5558 6065 5577 5559 6066
11343 6 2 301 2 5577 5559 6066 5578 5560 6067
11344 6 2 301 2 5578 5560 6067 3201 3195 3364
11345 6 2 301 2 1295 1518 1523 5426 6095 6110
11346 6 2 301 2 5426 6095 6110 5427 6096 6111
11347 6 2 301 2 5427 6096 6111 5428 6097 6112
11348 6 2 301 2 5428 6097 6112 3151 3374 3379
11349 6 2 301 2 1487 208 1490 6002 2346 6011
11350 6 2 301 2 6002 2346 6011 6003 2347 6012
11351 6 2 301 2 6003 2347 6012 6004 2348 6013
11352 6 2 301 2 6004 2348 6013 3343 573 3346
11353 6 2 301 2 1369 1368 1370 5648 5645 5651
11354 6 2 301 2 5648 5645 5651 5649 5646 5652
11355 6 2 301 2 5649 5646 5652 5650 5647 5653
11356 6 2 301 2 5650 5647 5653 3225 3224 3226
11357 6 2 301 2 1280 1496 1515 5381 6029 6086
11358 6 2 301 2 5381 6029 6086 5382 6030 6087
11359 6 2 301 2 5382 6030 6087 5383 6031 6088
11360 6 2 301 2 5383 6031 6088 3136 3352 3371
11361 6 2 301 2 1280 345 1494 5381 3115 6023
11362 6 2 301 2 5381 3115 6023 5382 3116 6024
11363 6 2 301 2 5382 3116 6024 5383 3117 6025
11364 6 2 301 2 5383 3117 6025 3136 681 3350
11365 6 2 301 2 1496 1499 1515 6029 6038 6086
11366 6 2 301 2 6029 6038 6086 6030 6039 6087
11367 6 2 301 2 6030 6039 6087 6031 6040 6088
11368 6 2 301 2 6031 6040 6088 3352 3355 3371
11369 6 2 301 2 1349 1380 1474 5588 5681 5963
11370 6 2 301 2 5588 5681 5963 5589 5682 5964
11371 6 2 301 2 5589 5682 5964 5590 5683 5965
11372 6 2 301 2 5590 5683 5965 3205 3236 3330
11373 6 2 301 2 345 344 1494 3115 3112 6023
11374 6 2 301 2 3115 3112 6023 3116 3113 6024
11375 6 2 301 2 3116 3113 6024 3117 3114 6025
11376 6 2 301 2 3117 3114 6025 681 680 3350
11377 6 2 301 2 1489 1490 1491 6008 6011 6014
11378 6 2 301 2 6008 6011 6014 6009 6012 6015
11379 6 2 301 2 6009 6012 6015 6010 6013 6016
11380 6 2 301 2 6010 6013 6016 3345 3346 3347
11381 6 2 301 2 1349 1343 1350 5588 5570 5591
11382 6 2 301 2 5588 5570 5591 5589 5571 5592
11383 6 2 301 2 5589 5571 5592 5590 5572 5593
11384 6 2 301 2 5590 5572 5593 3205 3199 3206
11385 6 2 301 2 1514 1499 1518 6083 6038 6095
11386 6 2 301 2 6083 6038 6095 6084 6039 6096
11387 6 2 301 2 6084 6039 6096 6085 6040 6097
11388 6 2 301 2 6085 6040 6097 3370 3355 3374
11389 6 2 301 2 344 343 1484 3112 3109 5993
11390 6 2 301 2 3112 3109 5993 3113 3110 5994
11391 6 2 301 2 3113 3110 5994 3114 3111 5995
11392 6 2 301 2 3114 3111 5995 680 679 3340
11393 6 2 301 2 1421 1423 1424 5804 5810 5813
11394 6 2 301 2 5804 5810 5813 5805 5811 5814
11395 6 2 301 2 5805 5811 5814 5806 5812 5815
11396 6 2 301 2 5806 5812 5815 3277 3279 3280
11397 6 2 301 2 1295 348 1514 5426 3124 6083
11398 6 2 301 2 5426 3124 6083 5427 3125 6084
11399 6 2 301 2 5427 3125 6084 5428 3126 6085
11400 6 2 301 2 5428 3126 6085 3151 684 3370
11401 6 2 301 2 348 347 1514 3124 3121 6083
11402 6 2 301 2 3124 3121 6083 3125 3122 6084
11403 6 2 301 2 3125 3122 6084 3126 3123 6085
11404 6 2 301 2 3126 3123 6085 684 683 3370
11405 6 2 301 2 346 345 1280 3118 3115 5381
11406 6 2 301 2 3118 3115 5381 3119 3116 5382
11407 6 2 301 2 3119 3116 5382 3120 3117 5383
11408 6 2 301 2 3120 3117 5383 682 681 3136
11409 6 2 301 2 1338 1331 1510 5555 5534 6071
11410 6 2 301 2 5555 5534 6071 5556 5535 6072
11411 6 2 301 2 5556 5535 6072 5557 5536 6073
11412 6 2 301 2 5557 5536 6073 3194 3187 3366
11413 6 2 301 2 1309 1512 1513 5468 6077 6080
11414 6 2 301 2 5468 6077 6080 5469 6078 6081
11415 6 2 301 2 5469 6078 6081 5470 6079 6082
11416 6 2 301 2 5470 6079 6082 3165 3368 3369
11417 6 2 301 2 220 219 1482 2382 2379 5987
11418 6 2 301 2 2382 2379 5987 2383 2380 5988
11419 6 2 301 2 2383 2380 5988 2384 2381 5989
11420 6 2 301 2 2384 2381 5989 585 584 3338
11421 6 2 301 2 1474 1475 1476 5963 5966 5969
11422 6 2 301 2 5963 5966 5969 5964 5967 5970
11423 6 2 301 2 5964 5967 5970 5965 5968 5971
11424 6 2 301 2 5965 5968 5971 3330 3331 3332
11425 6 2 301 2 1333 1331 1334 5540 5534 5543
11426 6 2 301 2 5540 5534 5543 5541 5535 5544
11427 6 2 301 2 5541 5535 5544 5542 5536 5545
11428 6 2 301 2 5542 5536 5545 3189 3187 3190
11429 6 2 301 2 1475 1380 1537 5966 5681 6152
11430 6 2 301 2 5966 5681 6152 5967 5682 6153
11431 6 2 301 2 5967 5682 6153 5968 5683 6154
11432 6 2 301 2 5968 5683 6154 3331 3236 3393
11433 6 2 301 2 1441 1377 1442 5864 5672 5867
11434 6 2 301 2 5864 5672 5867 5865 5673 5868
11435 6 2 301 2 5865 5673 5868 5866 5674 5869
11436 6 2 301 2 5866 5674 5869 3297 3233 3298
11437 6 2 301 2 1288 200 1511 5405 2322 6074
11438 6 2 301 2 5405 2322 6074 5406 2323 6075
11439 6 2 301 2 5406 2323 6075 5407 2324 6076
11440 6 2 301 2 5407 2324 6076 3144 565 3367
11441 6 2 301 2 201 200 1288 2325 2322 5405
11442 6 2 301 2 2325 2322 5405 2326 2323 5406
11443 6 2 301 2 2326 2323 5406 2327 2324 5407
11444 6 2 301 2 2327 2324 5407 566 565 3144
11445 6 2 301 2 1500 1501 1502 6041 6044 6047
11446 6 2 301 2 6041 6044 6047 6042 6045 6048
11447 6 2 301 2 6042 6045 6048 6043 6046 6049
11448 6 2 301 2 6043 6046 6049 3356 3357 3358
11449 6 2 301 2 199 1303 1511 2319 5450 6074
11450 6 2 301 2 2319 5450 6074 2320 5451 6075
11451 6 2 301 2 2320 5451 6075 2321 5452 6076
11452 6 2 301 2 2321 5452 6076 564 3159 3367
11453 6 2 301 2 200 199 1511 2322 2319 6074
11454 6 2 301 2 2322 2319 6074 2323 2320 6075
11455 6 2 301 2 2323 2320 6075 2324 2321 6076
11456 6 2 301 2 2324 2321 6076 565 564 3367
11457 6 2 301 2 1309 350 1512 5468 3130 6077
11458 6 2 301 2 5468 3130 6077 5469 3131 6078
11459 6 2 301 2 5469 3131 6078 5470 3132 6079
11460 6 2 301 2 5470 3132 6079 3165 686 3368
11461 6 2 301 2 349 348 1295 3127 3124 5426
11462 6 2 301 2 3127 3124 5426 3128 3125 5427
11463 6 2 301 2 3128 3125 5427 3129 3126 5428
11464 6 2 301 2 3129 3126 5428 685 684 3151
11465 6 2 301 2 349 1295 1512 3127 5426 6077
11466 6 2 301 2 3127 5426 6077 3128 5427 6078
11467 6 2 301 2 3128 5427 6078 3129 5428 6079
11468 6 2 301 2 3129 5428 6079 685 3151 3368
11469 6 2 301 2 199 198 1303 2319 2316 5450
11470 6 2 301 2 2319 2316 5450 2320 2317 5451
11471 6 2 301 2 2320 2317 5451 2321 2318 5452
11472 6 2 301 2 2321 2318 5452 564 563 3159
11473 6 2 301 2 350 349 1512 3130 3127 6077
11474 6 2 301 2 3130 3127 6077 3131 3128 6078
11475 6 2 301 2 3131 3128 6078 3132 3129 6079
11476 6 2 301 2 3132 3129 6079 686 685 3368
11477 6 2 301 2 351 350 1309 3133 3130 5468
11478 6 2 301 2 3133 3130 5468 3134 3131 5469
11479 6 2 301 2 3134 3131 5469 3135 3132 5470
11480 6 2 301 2 3135 3132 5470 687 686 3165
11481 6 2 301 2 347 346 1515 3121 3118 6086
11482 6 2 301 2 3121 3118 6086 3122 3119 6087
11483 6 2 301 2 3122 3119 6087 3123 3120 6088
11484 6 2 301 2 3123 3120 6088 683 682 3371
11485 6 2 301 2 1530 1337 1534 6131 5552 6143
11486 6 2 301 2 6131 5552 6143 6132 5553 6144
11487 6 2 301 2 6132 5553 6144 6133 5554 6145
11488 6 2 301 2 6133 5554 6145 3386 3193 3390
11489 6 2 301 2 1376 1397 1398 5669 5732 5735
11490 6 2 301 2 5669 5732 5735 5670 5733 5736
11491 6 2 301 2 5670 5733 5736 5671 5734 5737
11492 6 2 301 2 5671 5734 5737 3232 3253 3254
11493 6 2 301 2 1320 1317 1379 5501 5492 5678
11494 6 2 301 2 5501 5492 5678 5502 5493 5679
11495 6 2 301 2 5502 5493 5679 5503 5494 5680
11496 6 2 301 2 5503 5494 5680 3176 3173 3235
11497 6 2 301 2 1346 1366 1481 5579 5639 5984
11498 6 2 301 2 5579 5639 5984 5580 5640 5985
11499 6 2 301 2 5580 5640 5985 5581 5641 5986
11500 6 2 301 2 5581 5641 5986 3202 3222 3337
11501 6 2 301 2 1424 1423 1425 5813 5810 5816
11502 6 2 301 2 5813 5810 5816 5814 5811 5817
11503 6 2 301 2 5814 5811 5817 5815 5812 5818
11504 6 2 301 2 5815 5812 5818 3280 3279 3281
11505 6 2 301 2 1284 206 1532 5393 2340 6137
11506 6 2 301 2 5393 2340 6137 5394 2341 6138
11507 6 2 301 2 5394 2341 6138 5395 2342 6139
11508 6 2 301 2 5395 2342 6139 3140 571 3388
11509 6 2 301 2 1315 1319 1376 5486 5498 5669
11510 6 2 301 2 5486 5498 5669 5487 5499 5670
11511 6 2 301 2 5487 5499 5670 5488 5500 5671
11512 6 2 301 2 5488 5500 5671 3171 3175 3232
11513 6 2 301 2 346 1280 1515 3118 5381 6086
11514 6 2 301 2 3118 5381 6086 3119 5382 6087
11515 6 2 301 2 3119 5382 6087 3120 5383 6088
11516 6 2 301 2 3120 5383 6088 682 3136 3371
11517 6 2 301 2 1329 1335 1336 5528 5546 5549
11518 6 2 301 2 5528 5546 5549 5529 5547 5550
11519 6 2 301 2 5529 5547 5550 5530 5548 5551
11520 6 2 301 2 5530 5548 5551 3185 3191 3192
11521 6 2 301 2 1330 1322 1331 5531 5507 5534
11522 6 2 301 2 5531 5507 5534 5532 5508 5535
11523 6 2 301 2 5532 5508 5535 5533 5509 5536
11524 6 2 301 2 5533 5509 5536 3186 3178 3187
11525 6 2 301 2 1326 1328 1329 5519 5525 5528
11526 6 2 301 2 5519 5525 5528 5520 5526 5529
11527 6 2 301 2 5520 5526 5529 5521 5527 5530
11528 6 2 301 2 5521 5527 5530 3182 3184 3185
11529 6 2 301 2 1376 1430 1517 5669 5831 6092
11530 6 2 301 2 5669 5831 6092 5670 5832 6093
11531 6 2 301 2 5670 5832 6093 5671 5833 6094
11532 6 2 301 2 5671 5833 6094 3232 3286 3373
11533 6 2 301 2 1347 1346 1348 5582 5579 5585
11534 6 2 301 2 5582 5579 5585 5583 5580 5586
11535 6 2 301 2 5583 5580 5586 5584 5581 5587
11536 6 2 301 2 5584 5581 5587 3203 3202 3204
11537 6 2 301 2 1499 1498 1500 6038 6035 6041
11538 6 2 301 2 6038 6035 6041 6039 6036 6042
11539 6 2 301 2 6039 6036 6042 6040 6037 6043
11540 6 2 301 2 6040 6037 6043 3355 3354 3356
11541 6 2 301 2 1340 1339 1341 5561 5558 5564
11542 6 2 301 2 5561 5558 5564 5562 5559 5565
11543 6 2 301 2 5562 5559 5565 5563 5560 5566
11544 6 2 301 2 5563 5560 5566 3196 3195 3197
11545 6 2 301 2 1354 1355 1356 5603 5606 5609
11546 6 2 301 2 5603 5606 5609 5604 5607 5610
11547 6 2 301 2 5604 5607 5610 5605 5608 5611
11548 6 2 301 2 5605 5608 5611 3210 3211 3212
11549 6 2 301 2 1489 1487 1490 6008 6002 6011
11550 6 2 301 2 6008 6002 6011 6009 6003 6012
11551 6 2 301 2 6009 6003 6012 6010 6004 6013
11552 6 2 301 2 6010 6004 6013 3345 3343 3346
11553 6 2 301 2 1496 1498 1499 6029 6035 6038
11554 6 2 301 2 6029 6035 6038 6030 6036 6039
11555 6 2 301 2 6030 6036 6039 6031 6037 6040
11556 6 2 301 2 6031 6037 6040 3352 3354 3355
11557 6 2 301 2 1336 1342 1343 5549 5567 5570
11558 6 2 301 2 5549 5567 5570 5550 5568 5571
11559 6 2 301 2 5550 5568 5571 5551 5569 5572
11560 6 2 301 2 5551 5569 5572 3192 3198 3199
11561 6 2 301 2 1427 1375 1428 5822 5666 5825
11562 6 2 301 2 5822 5666 5825 5823 5667 5826
11563 6 2 301 2 5823 5667 5826 5824 5668 5827
11564 6 2 301 2 5824 5668 5827 3283 3231 3284
11565 6 2 301 2 1503 1502 1504 6050 6047 6053
11566 6 2 301 2 6050 6047 6053 6051 6048 6054
11567 6 2 301 2 6051 6048 6054 6052 6049 6055
11568 6 2 301 2 6052 6049 6055 3359 3358 3360
11569 6 2 301 2 1384 1382 1385 5693 5687 5696
11570 6 2 301 2 5693 5687 5696 5694 5688 5697
11571 6 2 301 2 5694 5688 5697 5695 5689 5698
11572 6 2 301 2 5695 5689 5698 3240 3238 3241
11573 6 2 301 2 1359 1348 1360 5618 5585 5621
11574 6 2 301 2 5618 5585 5621 5619 5586 5622
11575 6 2 301 2 5619 5586 5622 5620 5587 5623
11576 6 2 301 2 5620 5587 5623 3215 3204 3216
11577 6 2 301 2 1505 1504 1506 6056 6053 6059
11578 6 2 301 2 6056 6053 6059 6057 6054 6060
11579 6 2 301 2 6057 6054 6060 6058 6055 6061
11580 6 2 301 2 6058 6055 6061 3361 3360 3362
11581 6 2 301 2 1356 1367 1368 5609 5642 5645
11582 6 2 301 2 5609 5642 5645 5610 5643 5646
11583 6 2 301 2 5610 5643 5646 5611 5644 5647
11584 6 2 301 2 5611 5644 5647 3212 3223 3224
11585 6 2 301 2 1425 1423 1516 5816 5810 6089
11586 6 2 301 2 5816 5810 6089 5817 5811 6090
11587 6 2 301 2 5817 5811 6090 5818 5812 6091
11588 6 2 301 2 5818 5812 6091 3281 3279 3372
11589 6 2 301 2 1383 1394 1395 5690 5723 5726
11590 6 2 301 2 5690 5723 5726 5691 5724 5727
11591 6 2 301 2 5691 5724 5727 5692 5725 5728
11592 6 2 301 2 5692 5725 5728 3239 3250 3251
11593 6 2 301 2 1503 1504 1505 6050 6053 6056
11594 6 2 301 2 6050 6053 6056 6051 6054 6057
11595 6 2 301 2 6051 6054 6057 6052 6055 6058
11596 6 2 301 2 6052 6055 6058 3359 3360 3361
11597 6 2 301 2 1391 1390 1392 5714 5711 5717
11598 6 2 301 2 5714 5711 5717 5715 5712 5718
11599 6 2 301 2 5715 5712 5718 5716 5713 5719
11600 6 2 301 2 5716 5713 5719 3247 3246 3248
11601 6 2 301 2 1500 1502 1503 6041 6047 6050
11602 6 2 301 2 6041 6047 6050 6042 6048 6051
11603 6 2 301 2 6042 6048 6051 6043 6049 6052
11604 6 2 301 2 6043 6049 6052 3356 3358 3359
11605 6 2 301 2 1421 1424 1530 5804 5813 6131
11606 6 2 301 2 5804 5813 6131 5805 5814 6132
11607 6 2 301 2 5805 5814 6132 5806 5815 6133
11608 6 2 301 2 5806 5815 6133 3277 3280 3386
11609 6 2 301 2 1421 1422 1423 5804 5807 5810
11610 6 2 301 2 5804 5807 5810 5805 5808 5811
11611 6 2 301 2 5805 5808 5811 5806 5809 5812
11612 6 2 301 2 5806 5809 5812 3277 3278 3279
11613 6 2 301 2 1372 1373 1374 5657 5660 5663
11614 6 2 301 2 5657 5660 5663 5658 5661 5664
11615 6 2 301 2 5658 5661 5664 5659 5662 5665
11616 6 2 301 2 5659 5662 5665 3228 3229 3230
11617 6 2 301 2 1329 1328 1335 5528 5525 5546
11618 6 2 301 2 5528 5525 5546 5529 5526 5547
11619 6 2 301 2 5529 5526 5547 5530 5527 5548
11620 6 2 301 2 5530 5527 5548 3185 3184 3191
11621 6 2 301 2 1395 1420 1421 5726 5801 5804
11622 6 2 301 2 5726 5801 5804 5727 5802 5805
11623 6 2 301 2 5727 5802 5805 5728 5803 5806
11624 6 2 301 2 5728 5803 5806 3251 3276 3277
11625 6 2 301 2 1366 1407 1481 5639 5762 5984
11626 6 2 301 2 5639 5762 5984 5640 5763 5985
11627 6 2 301 2 5640 5763 5985 5641 5764 5986
11628 6 2 301 2 5641 5764 5986 3222 3263 3337
11629 6 2 301 2 1330 1331 1333 5531 5534 5540
11630 6 2 301 2 5531 5534 5540 5532 5535 5541
11631 6 2 301 2 5532 5535 5541 5533 5536 5542
11632 6 2 301 2 5533 5536 5542 3186 3187 3189
11633 6 2 301 2 1362 1360 1363 5627 5621 5630
11634 6 2 301 2 5627 5621 5630 5628 5622 5631
11635 6 2 301 2 5628 5622 5631 5629 5623 5632
11636 6 2 301 2 5629 5623 5632 3218 3216 3219
11637 6 2 301 2 1385 1382 1520 5696 5687 6101
11638 6 2 301 2 5696 5687 6101 5697 5688 6102
11639 6 2 301 2 5697 5688 6102 5698 5689 6103
11640 6 2 301 2 5698 5689 6103 3241 3238 3376
11641 6 2 301 2 287 286 1281 2953 2950 5384
11642 6 2 301 2 2953 2950 5384 2954 2951 5385
11643 6 2 301 2 2954 2951 5385 2955 2952 5386
11644 6 2 301 2 2955 2952 5386 627 626 3137
11645 6 2 301 2 1336 1335 1342 5549 5546 5567
11646 6 2 301 2 5549 5546 5567 5550 5547 5568
11647 6 2 301 2 5550 5547 5568 5551 5548 5569
11648 6 2 301 2 5551 5548 5569 3192 3191 3198
11649 6 2 301 2 1334 1339 1340 5543 5558 5561
11650 6 2 301 2 5543 5558 5561 5544 5559 5562
11651 6 2 301 2 5544 5559 5562 5545 5560 5563
11652 6 2 301 2 5545 5560 5563 3190 3195 3196
11653 6 2 301 2 1399 1392 1400 5738 5717 5741
11654 6 2 301 2 5738 5717 5741 5739 5718 5742
11655 6 2 301 2 5739 5718 5742 5740 5719 5743
11656 6 2 301 2 5740 5719 5743 3255 3248 3256
11657 6 2 301 2 1318 1321 1519 5495 5504 6098
11658 6 2 301 2 5495 5504 6098 5496 5505 6099
11659 6 2 301 2 5496 5505 6099 5497 5506 6100
11660 6 2 301 2 5497 5506 6100 3174 3177 3375
11661 6 2 301 2 1341 1346 1347 5564 5579 5582
11662 6 2 301 2 5564 5579 5582 5565 5580 5583
11663 6 2 301 2 5565 5580 5583 5566 5581 5584
11664 6 2 301 2 5566 5581 5584 3197 3202 3203
11665 6 2 301 2 284 283 1286 2944 2941 5399
11666 6 2 301 2 2944 2941 5399 2945 2942 5400
11667 6 2 301 2 2945 2942 5400 2946 2943 5401
11668 6 2 301 2 2946 2943 5401 624 623 3142
11669 6 2 301 2 1376 1319 1397 5669 5498 5732
11670 6 2 301 2 5669 5498 5732 5670 5499 5733
11671 6 2 301 2 5670 5499 5733 5671 5500 5734
11672 6 2 301 2 5671 5500 5734 3232 3175 3253
11673 6 2 301 2 285 284 1461 2947 2944 5924
11674 6 2 301 2 2947 2944 5924 2948 2945 5925
11675 6 2 301 2 2948 2945 5925 2949 2946 5926
11676 6 2 301 2 2949 2946 5926 625 624 3317
11677 6 2 301 2 1343 1342 1358 5570 5567 5615
11678 6 2 301 2 5570 5567 5615 5571 5568 5616
11679 6 2 301 2 5571 5568 5616 5572 5569 5617
11680 6 2 301 2 5572 5569 5617 3199 3198 3214
11681 6 2 301 2 289 288 1462 2959 2956 5927
11682 6 2 301 2 2959 2956 5927 2960 2957 5928
11683 6 2 301 2 2960 2957 5928 2961 2958 5929
11684 6 2 301 2 2961 2958 5929 629 628 3318
11685 6 2 301 2 1452 1451 1453 5897 5894 5900
11686 6 2 301 2 5897 5894 5900 5898 5895 5901
11687 6 2 301 2 5898 5895 5901 5899 5896 5902
11688 6 2 301 2 5899 5896 5902 3308 3307 3309
11689 6 2 301 2 1398 1397 1480 5735 5732 5981
11690 6 2 301 2 5735 5732 5981 5736 5733 5982
11691 6 2 301 2 5736 5733 5982 5737 5734 5983
11692 6 2 301 2 5737 5734 5983 3254 3253 3336
11693 6 2 301 2 1354 1352 1355 5603 5597 5606
11694 6 2 301 2 5603 5597 5606 5604 5598 5607
11695 6 2 301 2 5604 5598 5607 5605 5599 5608
11696 6 2 301 2 5605 5599 5608 3210 3208 3211
11697 6 2 301 2 1374 1418 1435 5663 5795 5846
11698 6 2 301 2 5663 5795 5846 5664 5796 5847
11699 6 2 301 2 5664 5796 5847 5665 5797 5848
11700 6 2 301 2 5665 5797 5848 3230 3274 3291
11701 6 2 301 2 1321 1323 1324 5504 5510 5513
11702 6 2 301 2 5504 5510 5513 5505 5511 5514
11703 6 2 301 2 5505 5511 5514 5506 5512 5515
11704 6 2 301 2 5506 5512 5515 3177 3179 3180
11705 6 2 301 2 1423 1422 1426 5810 5807 5819
11706 6 2 301 2 5810 5807 5819 5811 5808 5820
11707 6 2 301 2 5811 5808 5820 5812 5809 5821
11708 6 2 301 2 5812 5809 5821 3279 3278 3282
11709 6 2 301 2 1327 1325 1337 5522 5516 5552
11710 6 2 301 2 5522 5516 5552 5523 5517 5553
11711 6 2 301 2 5523 5517 5553 5524 5518 5554
11712 6 2 301 2 5524 5518 5554 3183 3181 3193
11713 6 2 301 2 1499 1500 1518 6038 6041 6095
11714 6 2 301 2 6038 6041 6095 6039 6042 6096
11715 6 2 301 2 6039 6042 6096 6040 6043 6097
11716 6 2 301 2 6040 6043 6097 3355 3356 3374
11717 6 2 301 2 290 289 1283 2962 2959 5390
11718 6 2 301 2 2962 2959 5390 2963 2960 5391
11719 6 2 301 2 2963 2960 5391 2964 2961 5392
11720 6 2 301 2 2964 2961 5392 630 629 3139
11721 6 2 301 2 1423 1426 1516 5810 5819 6089
11722 6 2 301 2 5810 5819 6089 5811 5820 6090
11723 6 2 301 2 5811 5820 6090 5812 5821 6091
11724 6 2 301 2 5812 5821 6091 3279 3282 3372
11725 6 2 301 2 281 280 1290 2935 2932 5411
11726 6 2 301 2 2935 2932 5411 2936 2933 5412
11727 6 2 301 2 2936 2933 5412 2937 2934 5413
11728 6 2 301 2 2937 2934 5413 621 620 3146
11729 6 2 301 2 1500 1503 1518 6041 6050 6095
11730 6 2 301 2 6041 6050 6095 6042 6051 6096
11731 6 2 301 2 6042 6051 6096 6043 6052 6097
11732 6 2 301 2 6043 6052 6097 3356 3359 3374
11733 6 2 301 2 1395 1394 1420 5726 5723 5801
11734 6 2 301 2 5726 5723 5801 5727 5724 5802
11735 6 2 301 2 5727 5724 5802 5728 5725 5803
11736 6 2 301 2 5728 5725 5803 3251 3250 3276
11737 6 2 301 2 1342 1335 1344 5567 5546 5573
11738 6 2 301 2 5567 5546 5573 5568 5547 5574
11739 6 2 301 2 5568 5547 5574 5569 5548 5575
11740 6 2 301 2 5569 5548 5575 3198 3191 3200
11741 6 2 301 2 287 1281 1311 2953 5384 5474
11742 6 2 301 2 2953 5384 5474 2954 5385 5475
11743 6 2 301 2 2954 5385 5475 2955 5386 5476
11744 6 2 301 2 2955 5386 5476 627 3137 3167
11745 6 2 301 2 1421 1420 1422 5804 5801 5807
11746 6 2 301 2 5804 5801 5807 5805 5802 5808
11747 6 2 301 2 5805 5802 5808 5806 5803 5809
11748 6 2 301 2 5806 5803 5809 3277 3276 3278
11749 6 2 301 2 285 1461 1464 2947 5924 5933
11750 6 2 301 2 2947 5924 5933 2948 5925 5934
11751 6 2 301 2 2948 5925 5934 2949 5926 5935
11752 6 2 301 2 2949 5926 5935 625 3317 3320
11753 6 2 301 2 1333 1334 1520 5540 5543 6101
11754 6 2 301 2 5540 5543 6101 5541 5544 6102
11755 6 2 301 2 5541 5544 6102 5542 5545 6103
11756 6 2 301 2 5542 5545 6103 3189 3190 3376
11757 6 2 301 2 293 292 1292 2971 2968 5417
11758 6 2 301 2 2971 2968 5417 2972 2969 5418
11759 6 2 301 2 2972 2969 5418 2973 2970 5419
11760 6 2 301 2 2973 2970 5419 633 632 3148
11761 6 2 301 2 280 279 1446 2932 2929 5879
11762 6 2 301 2 2932 2929 5879 2933 2930 5880
11763 6 2 301 2 2933 2930 5880 2934 2931 5881
11764 6 2 301 2 2934 2931 5881 620 619 3302
11765 6 2 301 2 1324 1325 1326 5513 5516 5519
11766 6 2 301 2 5513 5516 5519 5514 5517 5520
11767 6 2 301 2 5514 5517 5520 5515 5518 5521
11768 6 2 301 2 5515 5518 5521 3180 3181 3182
11769 6 2 301 2 1326 1327 1328 5519 5522 5525
11770 6 2 301 2 5519 5522 5525 5520 5523 5526
11771 6 2 301 2 5520 5523 5526 5521 5524 5527
11772 6 2 301 2 5521 5524 5527 3182 3183 3184
11773 6 2 301 2 1347 1348 1359 5582 5585 5618
11774 6 2 301 2 5582 5585 5618 5583 5586 5619
11775 6 2 301 2 5583 5586 5619 5584 5587 5620
11776 6 2 301 2 5584 5587 5620 3203 3204 3215
11777 6 2 301 2 277 276 1293 2923 2920 5420
11778 6 2 301 2 2923 2920 5420 2924 2921 5421
11779 6 2 301 2 2924 2921 5421 2925 2922 5422
11780 6 2 301 2 2925 2922 5422 617 616 3149
11781 6 2 301 2 279 278 1297 2929 2926 5432
11782 6 2 301 2 2929 2926 5432 2930 2927 5433
11783 6 2 301 2 2930 2927 5433 2931 2928 5434
11784 6 2 301 2 2931 2928 5434 619 618 3153
11785 6 2 301 2 1312 1281 1313 5477 5384 5480
11786 6 2 301 2 5477 5384 5480 5478 5385 5481
11787 6 2 301 2 5478 5385 5481 5479 5386 5482
11788 6 2 301 2 5479 5386 5482 3168 3137 3169
11789 6 2 301 2 1316 1314 1317 5489 5483 5492
11790 6 2 301 2 5489 5483 5492 5490 5484 5493
11791 6 2 301 2 5490 5484 5493 5491 5485 5494
11792 6 2 301 2 5491 5485 5494 3172 3170 3173
11793 6 2 301 2 1312 1314 1315 5477 5483 5486
11794 6 2 301 2 5477 5483 5486 5478 5484 5487
11795 6 2 301 2 5478 5484 5487 5479 5485 5488
11796 6 2 301 2 5479 5485 5488 3168 3170 3171
11797 6 2 301 2 1365 1390 1391 5636 5711 5714
11798 6 2 301 2 5636 5711 5714 5637 5712 5715
11799 6 2 301 2 5637 5712 5715 5638 5713 5716
11800 6 2 301 2 5638 5713 5716 3221 3246 3247
11801 6 2 301 2 1356 1355 1367 5609 5606 5642
11802 6 2 301 2 5609 5606 5642 5610 5607 5643
11803 6 2 301 2 5610 5607 5643 5611 5608 5644
11804 6 2 301 2 5611 5608 5644 3212 3211 3223
11805 6 2 301 2 1318 1317 1320 5495 5492 5501
11806 6 2 301 2 5495 5492 5501 5496 5493 5502
11807 6 2 301 2 5496 5493 5502 5497 5494 5503
11808 6 2 301 2 5497 5494 5503 3174 3173 3176
11809 6 2 301 2 1381 1333 1382 5684 5540 5687
11810 6 2 301 2 5684 5540 5687 5685 5541 5688
11811 6 2 301 2 5685 5541 5688 5686 5542 5689
11812 6 2 301 2 5686 5542 5689 3237 3189 3238
11813 6 2 301 2 1383 1384 1394 5690 5693 5723
11814 6 2 301 2 5690 5693 5723 5691 5694 5724
11815 6 2 301 2 5691 5694 5724 5692 5695 5725
11816 6 2 301 2 5692 5695 5725 3239 3240 3250
11817 6 2 301 2 1321 1320 1322 5504 5501 5507
11818 6 2 301 2 5504 5501 5507 5505 5502 5508
11819 6 2 301 2 5505 5502 5508 5506 5503 5509
11820 6 2 301 2 5506 5503 5509 3177 3176 3178
11821 6 2 301 2 1323 1322 1330 5510 5507 5531
11822 6 2 301 2 5510 5507 5531 5511 5508 5532
11823 6 2 301 2 5511 5508 5532 5512 5509 5533
11824 6 2 301 2 5512 5509 5533 3179 3178 3186
11825 6 2 301 2 294 293 1455 2974 2971 5906
11826 6 2 301 2 2974 2971 5906 2975 2972 5907
11827 6 2 301 2 2975 2972 5907 2976 2973 5908
11828 6 2 301 2 2976 2973 5908 634 633 3311
11829 6 2 301 2 1321 1324 1519 5504 5513 6098
11830 6 2 301 2 5504 5513 6098 5505 5514 6099
11831 6 2 301 2 5505 5514 6099 5506 5515 6100
11832 6 2 301 2 5506 5515 6100 3177 3180 3375
11833 6 2 301 2 1330 1333 1381 5531 5540 5684
11834 6 2 301 2 5531 5540 5684 5532 5541 5685
11835 6 2 301 2 5532 5541 5685 5533 5542 5686
11836 6 2 301 2 5533 5542 5686 3186 3189 3237
11837 6 2 301 2 1324 1323 1325 5513 5510 5516
11838 6 2 301 2 5513 5510 5516 5514 5511 5517
11839 6 2 301 2 5514 5511 5517 5515 5512 5518
11840 6 2 301 2 5515 5512 5518 3180 3179 3181
11841 6 2 301 2 1386 1375 1427 5699 5666 5822
11842 6 2 301 2 5699 5666 5822 5700 5667 5823
11843 6 2 301 2 5700 5667 5823 5701 5668 5824
11844 6 2 301 2 5701 5668 5824 3242 3231 3283
11845 6 2 301 2 1383 1382 1384 5690 5687 5693
11846 6 2 301 2 5690 5687 5693 5691 5688 5694
11847 6 2 301 2 5691 5688 5694 5692 5689 5695
11848 6 2 301 2 5692 5689 5695 3239 3238 3240
11849 6 2 301 2 1326 1325 1327 5519 5516 5522
11850 6 2 301 2 5519 5516 5522 5520 5517 5523
11851 6 2 301 2 5520 5517 5523 5521 5518 5524
11852 6 2 301 2 5521 5518 5524 3182 3181 3183
11853 6 2 301 2 1394 1384 1409 5723 5693 5768
11854 6 2 301 2 5723 5693 5768 5724 5694 5769
11855 6 2 301 2 5724 5694 5769 5725 5695 5770
11856 6 2 301 2 5725 5695 5770 3250 3240 3265
11857 6 2 301 2 1328 1327 1332 5525 5522 5537
11858 6 2 301 2 5525 5522 5537 5526 5523 5538
11859 6 2 301 2 5526 5523 5538 5527 5524 5539
11860 6 2 301 2 5527 5524 5539 3184 3183 3188
11861 6 2 301 2 1381 1382 1383 5684 5687 5690
11862 6 2 301 2 5684 5687 5690 5685 5688 5691
11863 6 2 301 2 5685 5688 5691 5686 5689 5692
11864 6 2 301 2 5686 5689 5692 3237 3238 3239
11865 6 2 301 2 1503 1505 1523 6050 6056 6110
11866 6 2 301 2 6050 6056 6110 6051 6057 6111
11867 6 2 301 2 6051 6057 6111 6052 6058 6112
11868 6 2 301 2 6052 6058 6112 3359 3361 3379
11869 6 2 301 2 1321 1322 1323 5504 5507 5510
11870 6 2 301 2 5504 5507 5510 5505 5508 5511
11871 6 2 301 2 5505 5508 5511 5506 5509 5512
11872 6 2 301 2 5506 5509 5512 3177 3178 3179
11873 6 2 301 2 297 296 1301 2983 2980 5444
11874 6 2 301 2 2983 2980 5444 2984 2981 5445
11875 6 2 301 2 2984 2981 5445 2985 2982 5446
11876 6 2 301 2 2985 2982 5446 637 636 3157
11877 6 2 301 2 274 273 1299 2914 2911 5438
11878 6 2 301 2 2914 2911 5438 2915 2912 5439
11879 6 2 301 2 2915 2912 5439 2916 2913 5440
11880 6 2 301 2 2916 2913 5440 614 613 3155
11881 6 2 301 2 295 294 1298 2977 2974 5435
11882 6 2 301 2 2977 2974 5435 2978 2975 5436
11883 6 2 301 2 2978 2975 5436 2979 2976 5437
11884 6 2 301 2 2979 2976 5437 635 634 3154
11885 6 2 301 2 1315 1316 1319 5486 5489 5498
11886 6 2 301 2 5486 5489 5498 5487 5490 5499
11887 6 2 301 2 5487 5490 5499 5488 5491 5500
11888 6 2 301 2 5488 5491 5500 3171 3172 3175
11889 6 2 301 2 1318 1320 1321 5495 5501 5504
11890 6 2 301 2 5495 5501 5504 5496 5502 5505
11891 6 2 301 2 5496 5502 5505 5497 5503 5506
11892 6 2 301 2 5497 5503 5506 3174 3176 3177
11893 6 2 301 2 296 295 1449 2980 2977 5888
11894 6 2 301 2 2980 2977 5888 2981 2978 5889
11895 6 2 301 2 2981 2978 5889 2982 2979 5890
11896 6 2 301 2 2982 2979 5890 636 635 3305
11897 6 2 301 2 1428 1375 1529 5825 5666 6128
11898 6 2 301 2 5825 5666 6128 5826 5667 6129
11899 6 2 301 2 5826 5667 6129 5827 5668 6130
11900 6 2 301 2 5827 5668 6130 3284 3231 3385
11901 6 2 301 2 1518 1503 1523 6095 6050 6110
11902 6 2 301 2 6095 6050 6110 6096 6051 6111
11903 6 2 301 2 6096 6051 6111 6097 6052 6112
11904 6 2 301 2 6097 6052 6112 3374 3359 3379
11905 6 2 301 2 1372 1370 1373 5657 5651 5660
11906 6 2 301 2 5657 5651 5660 5658 5652 5661
11907 6 2 301 2 5658 5652 5661 5659 5653 5662
11908 6 2 301 2 5659 5653 5662 3228 3226 3229
11909 6 2 301 2 1359 1360 1362 5618 5621 5627
11910 6 2 301 2 5618 5621 5627 5619 5622 5628
11911 6 2 301 2 5619 5622 5628 5620 5623 5629
11912 6 2 301 2 5620 5623 5629 3215 3216 3218
11913 6 2 301 2 277 1293 1447 2923 5420 5882
11914 6 2 301 2 2923 5420 5882 2924 5421 5883
11915 6 2 301 2 2924 5421 5883 2925 5422 5884
11916 6 2 301 2 2925 5422 5884 617 3149 3303
11917 6 2 301 2 1402 1404 1405 5747 5753 5756
11918 6 2 301 2 5747 5753 5756 5748 5754 5757
11919 6 2 301 2 5748 5754 5757 5749 5755 5758
11920 6 2 301 2 5749 5755 5758 3258 3260 3261
11921 6 2 301 2 1367 1375 1386 5642 5666 5699
11922 6 2 301 2 5642 5666 5699 5643 5667 5700
11923 6 2 301 2 5643 5667 5700 5644 5668 5701
11924 6 2 301 2 5644 5668 5701 3223 3231 3242
11925 6 2 301 2 1367 1355 1375 5642 5606 5666
11926 6 2 301 2 5642 5606 5666 5643 5607 5667
11927 6 2 301 2 5643 5607 5667 5644 5608 5668
11928 6 2 301 2 5644 5608 5668 3223 3211 3231
11929 6 2 301 2 1311 1281 1312 5474 5384 5477
11930 6 2 301 2 5474 5384 5477 5475 5385 5478
11931 6 2 301 2 5475 5385 5478 5476 5386 5479
11932 6 2 301 2 5476 5386 5479 3167 3137 3168
11933 6 2 301 2 1316 1317 1318 5489 5492 5495
11934 6 2 301 2 5489 5492 5495 5490 5493 5496
11935 6 2 301 2 5490 5493 5496 5491 5494 5497
11936 6 2 301 2 5491 5494 5497 3172 3173 3174
11937 6 2 301 2 1312 1313 1314 5477 5480 5483
11938 6 2 301 2 5477 5480 5483 5478 5481 5484
11939 6 2 301 2 5478 5481 5484 5479 5482 5485
11940 6 2 301 2 5479 5482 5485 3168 3169 3170
11941 6 2 301 2 1335 1328 1521 5546 5525 6104
11942 6 2 301 2 5546 5525 6104 5547 5526 6105
11943 6 2 301 2 5547 5526 6105 5548 5527 6106
11944 6 2 301 2 5548 5527 6106 3191 3184 3377
11945 6 2 301 2 1386 1427 1429 5699 5822 5828
11946 6 2 301 2 5699 5822 5828 5700 5823 5829
11947 6 2 301 2 5700 5823 5829 5701 5824 5830
11948 6 2 301 2 5701 5824 5830 3242 3283 3285
11949 6 2 301 2 1362 1363 1396 5627 5630 5729
11950 6 2 301 2 5627 5630 5729 5628 5631 5730
11951 6 2 301 2 5628 5631 5730 5629 5632 5731
11952 6 2 301 2 5629 5632 5731 3218 3219 3252
11953 6 2 301 2 1334 1340 1520 5543 5561 6101
11954 6 2 301 2 5543 5561 6101 5544 5562 6102
11955 6 2 301 2 5544 5562 6102 5545 5563 6103
11956 6 2 301 2 5545 5563 6103 3190 3196 3376
11957 6 2 301 2 1382 1333 1520 5687 5540 6101
11958 6 2 301 2 5687 5540 6101 5688 5541 6102
11959 6 2 301 2 5688 5541 6102 5689 5542 6103
11960 6 2 301 2 5689 5542 6103 3238 3189 3376
11961 6 2 301 2 1368 1367 1526 5645 5642 6119
11962 6 2 301 2 5645 5642 6119 5646 5643 6120
11963 6 2 301 2 5646 5643 6120 5647 5644 6121
11964 6 2 301 2 5647 5644 6121 3224 3223 3382
11965 6 2 301 2 1315 1314 1316 5486 5483 5489
11966 6 2 301 2 5486 5483 5489 5487 5484 5490
11967 6 2 301 2 5487 5484 5490 5488 5485 5491
11968 6 2 301 2 5488 5485 5491 3171 3170 3172
11969 6 2 301 2 1293 276 1460 5420 2920 5921
11970 6 2 301 2 5420 2920 5921 5421 2921 5922
11971 6 2 301 2 5421 2921 5922 5422 2922 5923
11972 6 2 301 2 5422 2922 5923 3149 616 3316
11973 6 2 301 2 1405 1404 1406 5756 5753 5759
11974 6 2 301 2 5756 5753 5759 5757 5754 5760
11975 6 2 301 2 5757 5754 5760 5758 5755 5761
11976 6 2 301 2 5758 5755 5761 3261 3260 3262
11977 6 2 301 2 1341 1347 1527 5564 5582 6122
11978 6 2 301 2 5564 5582 6122 5565 5583 6123
11979 6 2 301 2 5565 5583 6123 5566 5584 6124
11980 6 2 301 2 5566 5584 6124 3197 3203 3383
11981 6 2 301 2 1352 1350 1529 5597 5591 6128
11982 6 2 301 2 5597 5591 6128 5598 5592 6129
11983 6 2 301 2 5598 5592 6129 5599 5593 6130
11984 6 2 301 2 5599 5593 6130 3208 3206 3385
11985 6 2 301 2 1344 1335 1521 5573 5546 6104
11986 6 2 301 2 5573 5546 6104 5574 5547 6105
11987 6 2 301 2 5574 5547 6105 5575 5548 6106
11988 6 2 301 2 5575 5548 6106 3200 3191 3377
11989 6 2 301 2 1391 1392 1399 5714 5717 5738
11990 6 2 301 2 5714 5717 5738 5715 5718 5739
11991 6 2 301 2 5715 5718 5739 5716 5719 5740
11992 6 2 301 2 5716 5719 5740 3247 3248 3255
11993 6 2 301 2 1374 1373 1418 5663 5660 5795
11994 6 2 301 2 5663 5660 5795 5664 5661 5796
11995 6 2 301 2 5664 5661 5796 5665 5662 5797
11996 6 2 301 2 5665 5662 5797 3230 3229 3274
11997 6 2 301 2 1328 1332 1521 5525 5537 6104
11998 6 2 301 2 5525 5537 6104 5526 5538 6105
11999 6 2 301 2 5526 5538 6105 5527 5539 6106
12000 6 2 301 2 5527 5539 6106 3184 3188 3377
12001 6 2 301 2 1340 1341 1527 5561 5564 6122
12002 6 2 301 2 5561 5564 6122 5562 5565 6123
12003 6 2 301 2 5562 5565 6123 5563 5566 6124
12004 6 2 301 2 5563 5566 6124 3196 3197 3383
12005 6 2 301 2 1399 1400 1445 5738 5741 5876
12006 6 2 301 2 5738 5741 5876 5739 5742 5877
12007 6 2 301 2 5739 5742 5877 5740 5743 5878
12008 6 2 301 2 5740 5743 5878 3255 3256 3301
12009 6 2 301 2 1480 1357 1549 5981 5612 6188
12010 6 2 301 2 5981 5612 6188 5982 5613 6189
12011 6 2 301 2 5982 5613 6189 5983 5614 6190
12012 6 2 301 2 5983 5614 6190 3336 3213 3405
12013 6 2 301 2 1362 1396 1408 5627 5729 5765
12014 6 2 301 2 5627 5729 5765 5628 5730 5766
12015 6 2 301 2 5628 5730 5766 5629 5731 5767
12016 6 2 301 2 5629 5731 5767 3218 3252 3264
12017 6 2 301 2 1347 1359 1361 5582 5618 5624
12018 6 2 301 2 5582 5618 5624 5583 5619 5625
12019 6 2 301 2 5583 5619 5625 5584 5620 5626
12020 6 2 301 2 5584 5620 5626 3203 3215 3217
12021 6 2 301 2 273 272 1454 2911 2908 5903
12022 6 2 301 2 2911 2908 5903 2912 2909 5904
12023 6 2 301 2 2912 2909 5904 2913 2910 5905
12024 6 2 301 2 2913 2910 5905 613 612 3310
12025 6 2 301 2 1337 1325 1524 5552 5516 6113
12026 6 2 301 2 5552 5516 6113 5553 5517 6114
12027 6 2 301 2 5553 5517 6114 5554 5518 6115
12028 6 2 301 2 5554 5518 6115 3193 3181 3380
12029 6 2 301 2 1418 1373 1419 5795 5660 5798
12030 6 2 301 2 5795 5660 5798 5796 5661 5799
12031 6 2 301 2 5796 5661 5799 5797 5662 5800
12032 6 2 301 2 5797 5662 5800 3274 3229 3275
12033 6 2 301 2 1408 1396 1417 5765 5729 5792
12034 6 2 301 2 5765 5729 5792 5766 5730 5793
12035 6 2 301 2 5766 5730 5793 5767 5731 5794
12036 6 2 301 2 5767 5731 5794 3264 3252 3273
12037 6 2 301 2 1355 1352 1529 5606 5597 6128
12038 6 2 301 2 5606 5597 6128 5607 5598 6129
12039 6 2 301 2 5607 5598 6129 5608 5599 6130
12040 6 2 301 2 5608 5599 6130 3211 3208 3385
12041 6 2 301 2 1323 1330 1524 5510 5531 6113
12042 6 2 301 2 5510 5531 6113 5511 5532 6114
12043 6 2 301 2 5511 5532 6114 5512 5533 6115
12044 6 2 301 2 5512 5533 6115 3179 3186 3380
12045 6 2 301 2 299 298 1305 2989 2986 5456
12046 6 2 301 2 2989 2986 5456 2990 2987 5457
12047 6 2 301 2 2990 2987 5457 2991 2988 5458
12048 6 2 301 2 2991 2988 5458 639 638 3161
12049 6 2 301 2 1325 1323 1524 5516 5510 6113
12050 6 2 301 2 5516 5510 6113 5517 5511 6114
12051 6 2 301 2 5517 5511 6114 5518 5512 6115
12052 6 2 301 2 5518 5512 6115 3181 3179 3380
12053 6 2 301 2 1330 1381 1524 5531 5684 6113
12054 6 2 301 2 5531 5684 6113 5532 5685 6114
12055 6 2 301 2 5532 5685 6114 5533 5686 6115
12056 6 2 301 2 5533 5686 6115 3186 3237 3380
12057 6 2 301 2 1395 1421 1530 5726 5804 6131
12058 6 2 301 2 5726 5804 6131 5727 5805 6132
12059 6 2 301 2 5727 5805 6132 5728 5806 6133
12060 6 2 301 2 5728 5806 6133 3251 3277 3386
12061 6 2 301 2 297 1301 1450 2983 5444 5891
12062 6 2 301 2 2983 5444 5891 2984 5445 5892
12063 6 2 301 2 2984 5445 5892 2985 5446 5893
12064 6 2 301 2 2985 5446 5893 637 3157 3306
12065 6 2 301 2 1383 1395 1534 5690 5726 6143
12066 6 2 301 2 5690 5726 6143 5691 5727 6144
12067 6 2 301 2 5691 5727 6144 5692 5728 6145
12068 6 2 301 2 5692 5728 6145 3239 3251 3390
12069 6 2 301 2 1318 1519 1528 5495 6098 6125
12070 6 2 301 2 5495 6098 6125 5496 6099 6126
12071 6 2 301 2 5496 6099 6126 5497 6100 6127
12072 6 2 301 2 5497 6100 6127 3174 3375 3384
12073 6 2 301 2 1391 1399 1413 5714 5738 5780
12074 6 2 301 2 5714 5738 5780 5715 5739 5781
12075 6 2 301 2 5715 5739 5781 5716 5740 5782
12076 6 2 301 2 5716 5740 5782 3247 3255 3269
12077 6 2 301 2 1410 1406 1411 5771 5759 5774
12078 6 2 301 2 5771 5759 5774 5772 5760 5775
12079 6 2 301 2 5772 5760 5775 5773 5761 5776
12080 6 2 301 2 5773 5761 5776 3266 3262 3267
12081 6 2 301 2 1370 1368 1525 5651 5645 6116
12082 6 2 301 2 5651 5645 6116 5652 5646 6117
12083 6 2 301 2 5652 5646 6117 5653 5647 6118
12084 6 2 301 2 5653 5647 6118 3226 3224 3381
12085 6 2 301 2 1367 1386 1526 5642 5699 6119
12086 6 2 301 2 5642 5699 6119 5643 5700 6120
12087 6 2 301 2 5643 5700 6120 5644 5701 6121
12088 6 2 301 2 5644 5701 6121 3223 3242 3382
12089 6 2 301 2 1375 1355 1529 5666 5606 6128
12090 6 2 301 2 5666 5606 6128 5667 5607 6129
12091 6 2 301 2 5667 5607 6129 5668 5608 6130
12092 6 2 301 2 5668 5608 6130 3231 3211 3385
12093 6 2 301 2 1447 1293 1448 5882 5420 5885
12094 6 2 301 2 5882 5420 5885 5883 5421 5886
12095 6 2 301 2 5883 5421 5886 5884 5422 5887
12096 6 2 301 2 5884 5422 5887 3303 3149 3304
12097 6 2 301 2 1363 1365 1533 5630 5636 6140
12098 6 2 301 2 5630 5636 6140 5631 5637 6141
12099 6 2 301 2 5631 5637 6141 5632 5638 6142
12100 6 2 301 2 5632 5638 6142 3219 3221 3389
12101 6 2 301 2 1347 1361 1527 5582 5624 6122
12102 6 2 301 2 5582 5624 6122 5583 5625 6123
12103 6 2 301 2 5583 5625 6123 5584 5626 6124
12104 6 2 301 2 5584 5626 6124 3203 3217 3383
12105 6 2 301 2 1343 1358 1535 5570 5615 6146
12106 6 2 301 2 5570 5615 6146 5571 5616 6147
12107 6 2 301 2 5571 5616 6147 5572 5617 6148
12108 6 2 301 2 5572 5617 6148 3199 3214 3391
12109 6 2 301 2 1396 1363 1533 5729 5630 6140
12110 6 2 301 2 5729 5630 6140 5730 5631 6141
12111 6 2 301 2 5730 5631 6141 5731 5632 6142
12112 6 2 301 2 5731 5632 6142 3252 3219 3389
12113 6 2 301 2 1405 1406 1410 5756 5759 5771
12114 6 2 301 2 5756 5759 5771 5757 5760 5772
12115 6 2 301 2 5757 5760 5772 5758 5761 5773
12116 6 2 301 2 5758 5761 5773 3261 3262 3266
12117 6 2 301 2 1537 1380 1538 6152 5681 6155
12118 6 2 301 2 6152 5681 6155 6153 5682 6156
12119 6 2 301 2 6153 5682 6156 6154 5683 6157
12120 6 2 301 2 6154 5683 6157 3393 3236 3394
12121 6 2 301 2 206 205 1532 2340 2337 6137
12122 6 2 301 2 2340 2337 6137 2341 2338 6138
12123 6 2 301 2 2341 2338 6138 2342 2339 6139
12124 6 2 301 2 2342 2339 6139 571 570 3388
12125 6 2 301 2 1524 1381 1534 6113 5684 6143
12126 6 2 301 2 6113 5684 6143 6114 5685 6144
12127 6 2 301 2 6114 5685 6144 6115 5686 6145
12128 6 2 301 2 6115 5686 6145 3380 3237 3390
12129 6 2 301 2 1525 1368 1526 6116 5645 6119
12130 6 2 301 2 6116 5645 6119 6117 5646 6120
12131 6 2 301 2 6117 5646 6120 6118 5647 6121
12132 6 2 301 2 6118 5647 6121 3381 3224 3382
12133 6 2 301 2 1319 1316 1528 5498 5489 6125
12134 6 2 301 2 5498 5489 6125 5499 5490 6126
12135 6 2 301 2 5499 5490 6126 5500 5491 6127
12136 6 2 301 2 5500 5491 6127 3175 3172 3384
12137 6 2 301 2 1337 1524 1534 5552 6113 6143
12138 6 2 301 2 5552 6113 6143 5553 6114 6144
12139 6 2 301 2 5553 6114 6144 5554 6115 6145
12140 6 2 301 2 5554 6115 6145 3193 3380 3390
12141 6 2 301 2 1316 1318 1528 5489 5495 6125
12142 6 2 301 2 5489 5495 6125 5490 5496 6126
12143 6 2 301 2 5490 5496 6126 5491 5497 6127
12144 6 2 301 2 5491 5497 6127 3172 3174 3384
12145 6 2 301 2 1530 1424 1536 6131 5813 6149
12146 6 2 301 2 6131 5813 6149 6132 5814 6150
12147 6 2 301 2 6132 5814 6150 6133 5815 6151
12148 6 2 301 2 6133 5815 6151 3386 3280 3392
12149 6 2 301 2 1365 1391 1533 5636 5714 6140
12150 6 2 301 2 5636 5714 6140 5637 5715 6141
12151 6 2 301 2 5637 5715 6141 5638 5716 6142
12152 6 2 301 2 5638 5716 6142 3221 3247 3389
12153 6 2 301 2 1373 1370 1525 5660 5651 6116
12154 6 2 301 2 5660 5651 6116 5661 5652 6117
12155 6 2 301 2 5661 5652 6117 5662 5653 6118
12156 6 2 301 2 5662 5653 6118 3229 3226 3381
12157 6 2 301 2 299 1305 1456 2989 5456 5909
12158 6 2 301 2 2989 5456 5909 2990 5457 5910
12159 6 2 301 2 2990 5457 5910 2991 5458 5911
12160 6 2 301 2 2991 5458 5911 639 3161 3312
12161 6 2 301 2 1428 1529 1535 5825 6128 6146
12162 6 2 301 2 5825 6128 6146 5826 6129 6147
12163 6 2 301 2 5826 6129 6147 5827 6130 6148
12164 6 2 301 2 5827 6130 6148 3284 3385 3391
12165 6 2 301 2 1529 1350 1535 6128 5591 6146
12166 6 2 301 2 6128 5591 6146 6129 5592 6147
12167 6 2 301 2 6129 5592 6147 6130 5593 6148
12168 6 2 301 2 6130 5593 6148 3385 3206 3391
12169 6 2 301 2 1419 1373 1525 5798 5660 6116
12170 6 2 301 2 5798 5660 6116 5799 5661 6117
12171 6 2 301 2 5799 5661 6117 5800 5662 6118
12172 6 2 301 2 5800 5662 6118 3275 3229 3381
12173 6 2 301 2 1466 1443 1544 5939 5870 6173
12174 6 2 301 2 5939 5870 6173 5940 5871 6174
12175 6 2 301 2 5940 5871 6174 5941 5872 6175
12176 6 2 301 2 5941 5872 6175 3322 3299 3400
12177 6 2 301 2 1327 1337 1536 5522 5552 6149
12178 6 2 301 2 5522 5552 6149 5523 5553 6150
12179 6 2 301 2 5523 5553 6150 5524 5554 6151
12180 6 2 301 2 5524 5554 6151 3183 3193 3392
12181 6 2 301 2 1350 1343 1535 5591 5570 6146
12182 6 2 301 2 5591 5570 6146 5592 5571 6147
12183 6 2 301 2 5592 5571 6147 5593 5572 6148
12184 6 2 301 2 5593 5572 6148 3206 3199 3391
12185 6 2 301 2 1391 1413 1533 5714 5780 6140
12186 6 2 301 2 5714 5780 6140 5715 5781 6141
12187 6 2 301 2 5715 5781 6141 5716 5782 6142
12188 6 2 301 2 5716 5782 6142 3247 3269 3389
12189 6 2 301 2 1359 1362 1531 5618 5627 6134
12190 6 2 301 2 5618 5627 6134 5619 5628 6135
12191 6 2 301 2 5619 5628 6135 5620 5629 6136
12192 6 2 301 2 5620 5629 6136 3215 3218 3387
12193 6 2 301 2 302 301 1308 2998 2995 5465
12194 6 2 301 2 2998 2995 5465 2999 2996 5466
12195 6 2 301 2 2999 2996 5466 3000 2997 5467
12196 6 2 301 2 3000 2997 5467 642 641 3164
12197 6 2 301 2 1381 1383 1534 5684 5690 6143
12198 6 2 301 2 5684 5690 6143 5685 5691 6144
12199 6 2 301 2 5685 5691 6144 5686 5692 6145
12200 6 2 301 2 5686 5692 6145 3237 3239 3390
12201 6 2 301 2 1361 1359 1531 5624 5618 6134
12202 6 2 301 2 5624 5618 6134 5625 5619 6135
12203 6 2 301 2 5625 5619 6135 5626 5620 6136
12204 6 2 301 2 5626 5620 6136 3217 3215 3387
12205 6 2 301 2 1362 1408 1531 5627 5765 6134
12206 6 2 301 2 5627 5765 6134 5628 5766 6135
12207 6 2 301 2 5628 5766 6135 5629 5767 6136
12208 6 2 301 2 5629 5767 6136 3218 3264 3387
12209 6 2 301 2 1337 1530 1536 5552 6131 6149
12210 6 2 301 2 5552 6131 6149 5553 6132 6150
12211 6 2 301 2 5553 6132 6150 5554 6133 6151
12212 6 2 301 2 5554 6133 6151 3193 3386 3392
12213 6 2 301 2 1313 1466 1541 5480 5939 6164
12214 6 2 301 2 5480 5939 6164 5481 5940 6165
12215 6 2 301 2 5481 5940 6165 5482 5941 6166
12216 6 2 301 2 5482 5941 6166 3169 3322 3397
12217 6 2 301 2 1404 1415 1540 5753 5786 6161
12218 6 2 301 2 5753 5786 6161 5754 5787 6162
12219 6 2 301 2 5754 5787 6162 5755 5788 6163
12220 6 2 301 2 5755 5788 6163 3260 3271 3396
12221 6 2 301 2 1528 1475 1537 6125 5966 6152
12222 6 2 301 2 6125 5966 6152 6126 5967 6153
12223 6 2 301 2 6126 5967 6153 6127 5968 6154
12224 6 2 301 2 6127 5968 6154 3384 3331 3393
12225 6 2 301 2 304 303 1459 3004 3001 5918
12226 6 2 301 2 3004 3001 5918 3005 3002 5919
12227 6 2 301 2 3005 3002 5919 3006 3003 5920
12228 6 2 301 2 3006 3003 5920 644 643 3315
12229 6 2 301 2 1412 1406 1540 5777 5759 6161
12230 6 2 301 2 5777 5759 6161 5778 5760 6162
12231 6 2 301 2 5778 5760 6162 5779 5761 6163
12232 6 2 301 2 5779 5761 6163 3268 3262 3396
12233 6 2 301 2 1332 1327 1536 5537 5522 6149
12234 6 2 301 2 5537 5522 6149 5538 5523 6150
12235 6 2 301 2 5538 5523 6150 5539 5524 6151
12236 6 2 301 2 5539 5524 6151 3188 3183 3392
12237 6 2 301 2 1319 1528 1537 5498 6125 6152
12238 6 2 301 2 5498 6125 6152 5499 6126 6153
12239 6 2 301 2 5499 6126 6153 5500 6127 6154
12240 6 2 301 2 5500 6127 6154 3175 3384 3393
12241 6 2 301 2 1456 1452 1563 5909 5897 6230
12242 6 2 301 2 5909 5897 6230 5910 5898 6231
12243 6 2 301 2 5910 5898 6231 5911 5899 6232
12244 6 2 301 2 5911 5899 6232 3312 3308 3419
12245 6 2 301 2 1397 1319 1537 5732 5498 6152
12246 6 2 301 2 5732 5498 6152 5733 5499 6153
12247 6 2 301 2 5733 5499 6153 5734 5500 6154
12248 6 2 301 2 5734 5500 6154 3253 3175 3393
12249 6 2 301 2 1304 1569 1589 5453 6248 6308
12250 6 2 301 2 5453 6248 6308 5454 6249 6309
12251 6 2 301 2 5454 6249 6309 5455 6250 6310
12252 6 2 301 2 5455 6250 6310 3160 3425 3445
12253 6 2 301 2 1379 1317 1541 5678 5492 6164
12254 6 2 301 2 5678 5492 6164 5679 5493 6165
12255 6 2 301 2 5679 5493 6165 5680 5494 6166
12256 6 2 301 2 5680 5494 6166 3235 3173 3397
12257 6 2 301 2 1397 1537 1538 5732 6152 6155
12258 6 2 301 2 5732 6152 6155 5733 6153 6156
12259 6 2 301 2 5733 6153 6156 5734 6154 6157
12260 6 2 301 2 5734 6154 6157 3253 3393 3394
12261 6 2 301 2 1480 1397 1538 5981 5732 6155
12262 6 2 301 2 5981 5732 6155 5982 5733 6156
12263 6 2 301 2 5982 5733 6156 5983 5734 6157
12264 6 2 301 2 5983 5734 6157 3336 3253 3394
12265 6 2 301 2 1440 1438 1575 5861 5855 6266
12266 6 2 301 2 5861 5855 6266 5862 5856 6267
12267 6 2 301 2 5862 5856 6267 5863 5857 6268
12268 6 2 301 2 5863 5857 6268 3296 3294 3431
12269 6 2 301 2 1314 1313 1541 5483 5480 6164
12270 6 2 301 2 5483 5480 6164 5484 5481 6165
12271 6 2 301 2 5484 5481 6165 5485 5482 6166
12272 6 2 301 2 5485 5482 6166 3170 3169 3397
12273 6 2 301 2 1443 1442 1544 5870 5867 6173
12274 6 2 301 2 5870 5867 6173 5871 5868 6174
12275 6 2 301 2 5871 5868 6174 5872 5869 6175
12276 6 2 301 2 5872 5869 6175 3299 3298 3400
12277 6 2 301 2 1478 1405 1580 5975 5756 6281
12278 6 2 301 2 5975 5756 6281 5976 5757 6282
12279 6 2 301 2 5976 5757 6282 5977 5758 6283
12280 6 2 301 2 5977 5758 6283 3334 3261 3436
12281 6 2 301 2 1286 283 1539 5399 2941 6158
12282 6 2 301 2 5399 2941 6158 5400 2942 6159
12283 6 2 301 2 5400 2942 6159 5401 2943 6160
12284 6 2 301 2 5401 2943 6160 3142 623 3395
12285 6 2 301 2 1385 1520 1543 5696 6101 6170
12286 6 2 301 2 5696 6101 6170 5697 6102 6171
12287 6 2 301 2 5697 6102 6171 5698 6103 6172
12288 6 2 301 2 5698 6103 6172 3241 3376 3399
12289 6 2 301 2 1357 1470 1548 5612 5951 6185
12290 6 2 301 2 5612 5951 6185 5613 5952 6186
12291 6 2 301 2 5613 5952 6186 5614 5953 6187
12292 6 2 301 2 5614 5953 6187 3213 3326 3404
12293 6 2 301 2 1340 1527 1543 5561 6122 6170
12294 6 2 301 2 5561 6122 6170 5562 6123 6171
12295 6 2 301 2 5562 6123 6171 5563 6124 6172
12296 6 2 301 2 5563 6124 6172 3196 3383 3399
12297 6 2 301 2 1504 1502 1545 6053 6047 6176
12298 6 2 301 2 6053 6047 6176 6054 6048 6177
12299 6 2 301 2 6054 6048 6177 6055 6049 6178
12300 6 2 301 2 6055 6049 6178 3360 3358 3401
12301 6 2 301 2 1406 1404 1540 5759 5753 6161
12302 6 2 301 2 5759 5753 6161 5760 5754 6162
12303 6 2 301 2 5760 5754 6162 5761 5755 6163
12304 6 2 301 2 5761 5755 6163 3262 3260 3396
12305 6 2 301 2 1433 1431 1549 5840 5834 6188
12306 6 2 301 2 5840 5834 6188 5841 5835 6189
12307 6 2 301 2 5841 5835 6189 5842 5836 6190
12308 6 2 301 2 5842 5836 6190 3289 3287 3405
12309 6 2 301 2 337 1294 1547 3091 5423 6182
12310 6 2 301 2 3091 5423 6182 3092 5424 6183
12311 6 2 301 2 3092 5424 6183 3093 5425 6184
12312 6 2 301 2 3093 5425 6184 673 3150 3403
12313 6 2 301 2 1447 1448 1607 5882 5885 6362
12314 6 2 301 2 5882 5885 6362 5883 5886 6363
12315 6 2 301 2 5883 5886 6363 5884 5887 6364
12316 6 2 301 2 5884 5887 6364 3303 3304 3463
12317 6 2 301 2 1415 1460 1584 5786 5921 6293
12318 6 2 301 2 5786 5921 6293 5787 5922 6294
12319 6 2 301 2 5787 5922 6294 5788 5923 6295
12320 6 2 301 2 5788 5923 6295 3271 3316 3440
12321 6 2 301 2 1431 1398 1549 5834 5735 6188
12322 6 2 301 2 5834 5735 6188 5835 5736 6189
12323 6 2 301 2 5835 5736 6189 5836 5737 6190
12324 6 2 301 2 5836 5737 6190 3287 3254 3405
12325 6 2 301 2 330 1458 1604 3070 5915 6353
12326 6 2 301 2 3070 5915 6353 3071 5916 6354
12327 6 2 301 2 3071 5916 6354 3072 5917 6355
12328 6 2 301 2 3072 5917 6355 666 3314 3460
12329 6 2 301 2 1317 1314 1541 5492 5483 6164
12330 6 2 301 2 5492 5483 6164 5493 5484 6165
12331 6 2 301 2 5493 5484 6165 5494 5485 6166
12332 6 2 301 2 5494 5485 6166 3173 3170 3397
12333 6 2 301 2 1539 282 1608 6158 2938 6365
12334 6 2 301 2 6158 2938 6365 6159 2939 6366
12335 6 2 301 2 6159 2939 6366 6160 2940 6367
12336 6 2 301 2 6160 2940 6367 3395 622 3464
12337 6 2 301 2 1434 1433 1558 5843 5840 6215
12338 6 2 301 2 5843 5840 6215 5844 5841 6216
12339 6 2 301 2 5844 5841 6216 5845 5842 6217
12340 6 2 301 2 5845 5842 6217 3290 3289 3414
12341 6 2 301 2 1450 1301 1542 5891 5444 6167
12342 6 2 301 2 5891 5444 6167 5892 5445 6168
12343 6 2 301 2 5892 5445 6168 5893 5446 6169
12344 6 2 301 2 5893 5446 6169 3306 3157 3398
12345 6 2 301 2 1453 1451 1611 5900 5894 6374
12346 6 2 301 2 5900 5894 6374 5901 5895 6375
12347 6 2 301 2 5901 5895 6375 5902 5896 6376
12348 6 2 301 2 5902 5896 6376 3309 3307 3467
12349 6 2 301 2 1442 1509 1544 5867 6068 6173
12350 6 2 301 2 5867 6068 6173 5868 6069 6174
12351 6 2 301 2 5868 6069 6174 5869 6070 6175
12352 6 2 301 2 5869 6070 6175 3298 3365 3400
12353 6 2 301 2 1520 1340 1543 6101 5561 6170
12354 6 2 301 2 6101 5561 6170 6102 5562 6171
12355 6 2 301 2 6102 5562 6171 6103 5563 6172
12356 6 2 301 2 6103 5563 6172 3376 3196 3399
12357 6 2 301 2 1440 1575 1609 5861 6266 6368
12358 6 2 301 2 5861 6266 6368 5862 6267 6369
12359 6 2 301 2 5862 6267 6369 5863 6268 6370
12360 6 2 301 2 5863 6268 6370 3296 3431 3465
12361 6 2 301 2 1535 1358 1546 6146 5615 6179
12362 6 2 301 2 6146 5615 6179 6147 5616 6180
12363 6 2 301 2 6147 5616 6180 6148 5617 6181
12364 6 2 301 2 6148 5617 6181 3391 3214 3402
12365 6 2 301 2 1460 275 1584 5921 2917 6293
12366 6 2 301 2 5921 2917 6293 5922 2918 6294
12367 6 2 301 2 5922 2918 6294 5923 2919 6295
12368 6 2 301 2 5923 2919 6295 3316 615 3440
12369 6 2 301 2 1417 1396 1551 5792 5729 6194
12370 6 2 301 2 5792 5729 6194 5793 5730 6195
12371 6 2 301 2 5793 5730 6195 5794 5731 6196
12372 6 2 301 2 5794 5731 6196 3273 3252 3407
12373 6 2 301 2 1310 1459 1601 5471 5918 6344
12374 6 2 301 2 5471 5918 6344 5472 5919 6345
12375 6 2 301 2 5472 5919 6345 5473 5920 6346
12376 6 2 301 2 5473 5920 6346 3166 3315 3457
12377 6 2 301 2 1526 1386 1550 6119 5699 6191
12378 6 2 301 2 6119 5699 6191 6120 5700 6192
12379 6 2 301 2 6120 5700 6192 6121 5701 6193
12380 6 2 301 2 6121 5701 6193 3382 3242 3406
12381 6 2 301 2 1502 1507 1545 6047 6062 6176
12382 6 2 301 2 6047 6062 6176 6048 6063 6177
12383 6 2 301 2 6048 6063 6177 6049 6064 6178
12384 6 2 301 2 6049 6064 6178 3358 3363 3401
12385 6 2 301 2 1304 1556 1569 5453 6209 6248
12386 6 2 301 2 5453 6209 6248 5454 6210 6249
12387 6 2 301 2 5454 6210 6249 5455 6211 6250
12388 6 2 301 2 5455 6211 6250 3160 3412 3425
12389 6 2 301 2 1533 1413 1551 6140 5780 6194
12390 6 2 301 2 6140 5780 6194 6141 5781 6195
12391 6 2 301 2 6141 5781 6195 6142 5782 6196
12392 6 2 301 2 6142 5782 6196 3389 3269 3407
12393 6 2 301 2 315 314 1553 2899 2896 6200
12394 6 2 301 2 2899 2896 6200 2900 2897 6201
12395 6 2 301 2 2900 2897 6201 2901 2898 6202
12396 6 2 301 2 2901 2898 6202 609 608 3409
12397 6 2 301 2 198 197 1554 2316 2313 6203
12398 6 2 301 2 2316 2313 6203 2317 2314 6204
12399 6 2 301 2 2317 2314 6204 2318 2315 6205
12400 6 2 301 2 2318 2315 6205 563 562 3410
12401 6 2 301 2 1473 1296 1580 5960 5429 6281
12402 6 2 301 2 5960 5429 6281 5961 5430 6282
12403 6 2 301 2 5961 5430 6282 5962 5431 6283
12404 6 2 301 2 5962 5431 6283 3329 3152 3436
12405 6 2 301 2 1486 1485 1546 5999 5996 6179
12406 6 2 301 2 5999 5996 6179 6000 5997 6180
12407 6 2 301 2 6000 5997 6180 6001 5998 6181
12408 6 2 301 2 6001 5998 6181 3342 3341 3402
12409 6 2 301 2 1385 1543 1616 5696 6170 6389
12410 6 2 301 2 5696 6170 6389 5697 6171 6390
12411 6 2 301 2 5697 6171 6390 5698 6172 6391
12412 6 2 301 2 5698 6172 6391 3241 3399 3472
12413 6 2 301 2 1445 1300 1564 5876 5441 6233
12414 6 2 301 2 5876 5441 6233 5877 5442 6234
12415 6 2 301 2 5877 5442 6234 5878 5443 6235
12416 6 2 301 2 5878 5443 6235 3301 3156 3420
12417 6 2 301 2 1488 1489 1555 6005 6008 6206
12418 6 2 301 2 6005 6008 6206 6006 6009 6207
12419 6 2 301 2 6006 6009 6207 6007 6010 6208
12420 6 2 301 2 6007 6010 6208 3344 3345 3411
12421 6 2 301 2 338 337 1547 3094 3091 6182
12422 6 2 301 2 3094 3091 6182 3095 3092 6183
12423 6 2 301 2 3095 3092 6183 3096 3093 6184
12424 6 2 301 2 3096 3093 6184 674 673 3403
12425 6 2 301 2 1506 1504 1560 6059 6053 6221
12426 6 2 301 2 6059 6053 6221 6060 6054 6222
12427 6 2 301 2 6060 6054 6222 6061 6055 6223
12428 6 2 301 2 6061 6055 6223 3362 3360 3416
12429 6 2 301 2 334 333 1556 3082 3079 6209
12430 6 2 301 2 3082 3079 6209 3083 3080 6210
12431 6 2 301 2 3083 3080 6210 3084 3081 6211
12432 6 2 301 2 3084 3081 6211 670 669 3412
12433 6 2 301 2 1414 1448 1578 5783 5885 6275
12434 6 2 301 2 5783 5885 6275 5784 5886 6276
12435 6 2 301 2 5784 5886 6276 5785 5887 6277
12436 6 2 301 2 5785 5887 6277 3270 3304 3434
12437 6 2 301 2 1470 1378 1548 5951 5675 6185
12438 6 2 301 2 5951 5675 6185 5952 5676 6186
12439 6 2 301 2 5952 5676 6186 5953 5677 6187
12440 6 2 301 2 5953 5677 6187 3326 3234 3404
12441 6 2 301 2 1428 1535 1546 5825 6146 6179
12442 6 2 301 2 5825 6146 6179 5826 6147 6180
12443 6 2 301 2 5826 6147 6180 5827 6148 6181
12444 6 2 301 2 5827 6148 6181 3284 3391 3402
12445 6 2 301 2 1384 1385 1557 5693 5696 6212
12446 6 2 301 2 5693 5696 6212 5694 5697 6213
12447 6 2 301 2 5694 5697 6213 5695 5698 6214
12448 6 2 301 2 5695 5698 6214 3240 3241 3413
12449 6 2 301 2 1398 1480 1549 5735 5981 6188
12450 6 2 301 2 5735 5981 6188 5736 5982 6189
12451 6 2 301 2 5736 5982 6189 5737 5983 6190
12452 6 2 301 2 5737 5983 6190 3254 3336 3405
12453 6 2 301 2 1543 1492 1616 6170 6017 6389
12454 6 2 301 2 6170 6017 6389 6171 6018 6390
12455 6 2 301 2 6171 6018 6390 6172 6019 6391
12456 6 2 301 2 6172 6019 6391 3399 3348 3472
12457 6 2 301 2 1416 1539 1608 5789 6158 6365
12458 6 2 301 2 5789 6158 6365 5790 6159 6366
12459 6 2 301 2 5790 6159 6366 5791 6160 6367
12460 6 2 301 2 5791 6160 6367 3272 3395 3464
12461 6 2 301 2 1458 1563 1604 5915 6230 6353
12462 6 2 301 2 5915 6230 6353 5916 6231 6354
12463 6 2 301 2 5916 6231 6354 5917 6232 6355
12464 6 2 301 2 5917 6232 6355 3314 3419 3460
12465 6 2 301 2 1433 1548 1558 5840 6185 6215
12466 6 2 301 2 5840 6185 6215 5841 6186 6216
12467 6 2 301 2 5841 6186 6216 5842 6187 6217
12468 6 2 301 2 5842 6187 6217 3289 3404 3414
12469 6 2 301 2 1473 1410 1596 5960 5771 6329
12470 6 2 301 2 5960 5771 6329 5961 5772 6330
12471 6 2 301 2 5961 5772 6330 5962 5773 6331
12472 6 2 301 2 5962 5773 6331 3329 3266 3452
12473 6 2 301 2 203 202 1552 2331 2328 6197
12474 6 2 301 2 2331 2328 6197 2332 2329 6198
12475 6 2 301 2 2332 2329 6198 2333 2330 6199
12476 6 2 301 2 2333 2330 6199 568 567 3408
12477 6 2 301 2 1403 1401 1571 5750 5744 6254
12478 6 2 301 2 5750 5744 6254 5751 5745 6255
12479 6 2 301 2 5751 5745 6255 5752 5746 6256
12480 6 2 301 2 5752 5746 6256 3259 3257 3427
12481 6 2 301 2 1388 1463 1568 5705 5930 6245
12482 6 2 301 2 5705 5930 6245 5706 5931 6246
12483 6 2 301 2 5706 5931 6246 5707 5932 6247
12484 6 2 301 2 5707 5932 6247 3244 3319 3424
12485 6 2 301 2 1465 1393 1566 5936 5720 6239
12486 6 2 301 2 5936 5720 6239 5937 5721 6240
12487 6 2 301 2 5937 5721 6240 5938 5722 6241
12488 6 2 301 2 5938 5722 6241 3321 3249 3422
12489 6 2 301 2 9 317 1572 688 2905 6257
12490 6 2 301 2 688 2905 6257 689 2906 6258
12491 6 2 301 2 689 2906 6258 690 2907 6259
12492 6 2 301 2 690 2907 6259 17 611 3428
12493 6 2 301 2 1282 203 1552 5387 2331 6197
12494 6 2 301 2 5387 2331 6197 5388 2332 6198
12495 6 2 301 2 5388 2332 6198 5389 2333 6199
12496 6 2 301 2 5389 2333 6199 3138 568 3408
12497 6 2 301 2 1386 1429 1550 5699 5828 6191
12498 6 2 301 2 5699 5828 6191 5700 5829 6192
12499 6 2 301 2 5700 5829 6192 5701 5830 6193
12500 6 2 301 2 5701 5830 6193 3242 3285 3406
12501 6 2 301 2 1396 1533 1551 5729 6140 6194
12502 6 2 301 2 5729 6140 6194 5730 6141 6195
12503 6 2 301 2 5730 6141 6195 5731 6142 6196
12504 6 2 301 2 5731 6142 6196 3252 3389 3407
12505 6 2 301 2 1497 1495 1561 6032 6026 6224
12506 6 2 301 2 6032 6026 6224 6033 6027 6225
12507 6 2 301 2 6033 6027 6225 6034 6028 6226
12508 6 2 301 2 6034 6028 6226 3353 3351 3417
12509 6 2 301 2 272 9 1572 2908 688 6257
12510 6 2 301 2 2908 688 6257 2909 689 6258
12511 6 2 301 2 2909 689 6258 2910 690 6259
12512 6 2 301 2 2910 690 6259 612 17 3428
12513 6 2 301 2 1569 1453 1611 6248 5900 6374
12514 6 2 301 2 6248 5900 6374 6249 5901 6375
12515 6 2 301 2 6249 5901 6375 6250 5902 6376
12516 6 2 301 2 6250 5902 6376 3425 3309 3467
12517 6 2 301 2 1289 339 1562 5408 3097 6227
12518 6 2 301 2 5408 3097 6227 5409 3098 6228
12519 6 2 301 2 5409 3098 6228 5410 3099 6229
12520 6 2 301 2 5410 3099 6229 3145 675 3418
12521 6 2 301 2 1282 1444 1587 5387 5873 6302
12522 6 2 301 2 5387 5873 6302 5388 5874 6303
12523 6 2 301 2 5388 5874 6303 5389 5875 6304
12524 6 2 301 2 5389 5875 6304 3138 3300 3443
12525 6 2 301 2 307 306 1600 3013 3010 6341
12526 6 2 301 2 3013 3010 6341 3014 3011 6342
12527 6 2 301 2 3014 3011 6342 3015 3012 6343
12528 6 2 301 2 3015 3012 6343 647 646 3456
12529 6 2 301 2 1526 1550 1581 6119 6191 6284
12530 6 2 301 2 6119 6191 6284 6120 6192 6285
12531 6 2 301 2 6120 6192 6285 6121 6193 6286
12532 6 2 301 2 6121 6193 6286 3382 3406 3437
12533 6 2 301 2 1393 1469 1566 5720 5948 6239
12534 6 2 301 2 5720 5948 6239 5721 5949 6240
12535 6 2 301 2 5721 5949 6240 5722 5950 6241
12536 6 2 301 2 5722 5950 6241 3249 3325 3422
12537 6 2 301 2 333 332 1565 3079 3076 6236
12538 6 2 301 2 3079 3076 6236 3080 3077 6237
12539 6 2 301 2 3080 3077 6237 3081 3078 6238
12540 6 2 301 2 3081 3078 6238 669 668 3421
12541 6 2 301 2 1481 1407 1566 5984 5762 6239
12542 6 2 301 2 5984 5762 6239 5985 5763 6240
12543 6 2 301 2 5985 5763 6240 5986 5764 6241
12544 6 2 301 2 5986 5764 6241 3337 3263 3422
12545 6 2 301 2 1306 315 1553 5459 2899 6200
12546 6 2 301 2 5459 2899 6200 5460 2900 6201
12547 6 2 301 2 5460 2900 6201 5461 2901 6202
12548 6 2 301 2 5461 2901 6202 3162 609 3409
12549 6 2 301 2 1371 1388 1568 5654 5705 6245
12550 6 2 301 2 5654 5705 6245 5655 5706 6246
12551 6 2 301 2 5655 5706 6246 5656 5707 6247
12552 6 2 301 2 5656 5707 6247 3227 3244 3424
12553 6 2 301 2 1426 1422 1552 5819 5807 6197
12554 6 2 301 2 5819 5807 6197 5820 5808 6198
12555 6 2 301 2 5820 5808 6198 5821 5809 6199
12556 6 2 301 2 5821 5809 6199 3282 3278 3408
12557 6 2 301 2 1546 1358 1561 6179 5615 6224
12558 6 2 301 2 6179 5615 6224 6180 5616 6225
12559 6 2 301 2 6180 5616 6225 6181 5617 6226
12560 6 2 301 2 6181 5617 6226 3402 3214 3417
12561 6 2 301 2 1303 198 1554 5450 2316 6203
12562 6 2 301 2 5450 2316 6203 5451 2317 6204
12563 6 2 301 2 5451 2317 6204 5452 2318 6205
12564 6 2 301 2 5452 2318 6205 3159 563 3410
12565 6 2 301 2 1478 1445 1603 5975 5876 6350
12566 6 2 301 2 5975 5876 6350 5976 5877 6351
12567 6 2 301 2 5976 5877 6351 5977 5878 6352
12568 6 2 301 2 5977 5878 6352 3334 3301 3459
12569 6 2 301 2 325 324 1600 3055 3052 6341
12570 6 2 301 2 3055 3052 6341 3056 3053 6342
12571 6 2 301 2 3056 3053 6342 3057 3054 6343
12572 6 2 301 2 3057 3054 6343 661 660 3456
12573 6 2 301 2 1459 327 1567 5918 3061 6242
12574 6 2 301 2 5918 3061 6242 5919 3062 6243
12575 6 2 301 2 5919 3062 6243 5920 3063 6244
12576 6 2 301 2 5920 3063 6244 3315 663 3423
12577 6 2 301 2 1435 1294 1610 5846 5423 6371
12578 6 2 301 2 5846 5423 6371 5847 5424 6372
12579 6 2 301 2 5847 5424 6372 5848 5425 6373
12580 6 2 301 2 5848 5425 6373 3291 3150 3466
12581 6 2 301 2 1542 1301 1575 6167 5444 6266
12582 6 2 301 2 6167 5444 6266 6168 5445 6267
12583 6 2 301 2 6168 5445 6267 6169 5446 6268
12584 6 2 301 2 6169 5446 6268 3398 3157 3431
12585 6 2 301 2 274 1299 1584 2914 5438 6293
12586 6 2 301 2 2914 5438 6293 2915 5439 6294
12587 6 2 301 2 2915 5439 6294 2916 5440 6295
12588 6 2 301 2 2916 5440 6295 614 3155 3440
12589 6 2 301 2 1293 1460 1571 5420 5921 6254
12590 6 2 301 2 5420 5921 6254 5421 5922 6255
12591 6 2 301 2 5421 5922 6255 5422 5923 6256
12592 6 2 301 2 5422 5923 6256 3149 3316 3427
12593 6 2 301 2 1292 292 1590 5417 2968 6311
12594 6 2 301 2 5417 2968 6311 5418 2969 6312
12595 6 2 301 2 5418 2969 6312 5419 2970 6313
12596 6 2 301 2 5419 2970 6313 3148 632 3446
12597 6 2 301 2 1493 1417 1586 6020 5792 6299
12598 6 2 301 2 6020 5792 6299 6021 5793 6300
12599 6 2 301 2 6021 5793 6300 6022 5794 6301
12600 6 2 301 2 6022 5794 6301 3349 3273 3442
12601 6 2 301 2 330 329 1574 3070 3067 6263
12602 6 2 301 2 3070 3067 6263 3071 3068 6264
12603 6 2 301 2 3071 3068 6264 3072 3069 6265
12604 6 2 301 2 3072 3069 6265 666 665 3430
12605 6 2 301 2 1493 1287 1577 6020 5402 6272
12606 6 2 301 2 6020 5402 6272 6021 5403 6273
12607 6 2 301 2 6021 5403 6273 6022 5404 6274
12608 6 2 301 2 6022 5404 6274 3349 3143 3433
12609 6 2 301 2 281 1290 1608 2935 5411 6365
12610 6 2 301 2 2935 5411 6365 2936 5412 6366
12611 6 2 301 2 2936 5412 6366 2937 5413 6367
12612 6 2 301 2 2937 5413 6367 621 3146 3464
12613 6 2 301 2 1489 1492 1555 6008 6017 6206
12614 6 2 301 2 6008 6017 6206 6009 6018 6207
12615 6 2 301 2 6009 6018 6207 6010 6019 6208
12616 6 2 301 2 6010 6019 6208 3345 3348 3411
12617 6 2 301 2 338 1547 1562 3094 6182 6227
12618 6 2 301 2 3094 6182 6227 3095 6183 6228
12619 6 2 301 2 3095 6183 6228 3096 6184 6229
12620 6 2 301 2 3096 6184 6229 674 3403 3418
12621 6 2 301 2 1531 1408 1577 6134 5765 6272
12622 6 2 301 2 6134 5765 6272 6135 5766 6273
12623 6 2 301 2 6135 5766 6273 6136 5767 6274
12624 6 2 301 2 6136 5767 6274 3387 3264 3433
12625 6 2 301 2 1401 1392 1578 5744 5717 6275
12626 6 2 301 2 5744 5717 6275 5745 5718 6276
12627 6 2 301 2 5745 5718 6276 5746 5719 6277
12628 6 2 301 2 5746 5719 6277 3257 3248 3434
12629 6 2 301 2 1486 1546 1561 5999 6179 6224
12630 6 2 301 2 5999 6179 6224 6000 6180 6225
12631 6 2 301 2 6000 6180 6225 6001 6181 6226
12632 6 2 301 2 6001 6181 6226 3342 3402 3417
12633 6 2 301 2 1390 1414 1578 5711 5783 6275
12634 6 2 301 2 5711 5783 6275 5712 5784 6276
12635 6 2 301 2 5712 5784 6276 5713 5785 6277
12636 6 2 301 2 5713 5785 6277 3246 3270 3434
12637 6 2 301 2 1304 334 1556 5453 3082 6209
12638 6 2 301 2 5453 3082 6209 5454 3083 6210
12639 6 2 301 2 5454 3083 6210 5455 3084 6211
12640 6 2 301 2 5455 3084 6211 3160 670 3412
12641 6 2 301 2 1342 1344 1576 5567 5573 6269
12642 6 2 301 2 5567 5573 6269 5568 5574 6270
12643 6 2 301 2 5568 5574 6270 5569 5575 6271
12644 6 2 301 2 5569 5575 6271 3198 3200 3432
12645 6 2 301 2 1513 1505 1579 6080 6056 6278
12646 6 2 301 2 6080 6056 6278 6081 6057 6279
12647 6 2 301 2 6081 6057 6279 6082 6058 6280
12648 6 2 301 2 6082 6058 6280 3369 3361 3435
12649 6 2 301 2 1409 1384 1557 5768 5693 6212
12650 6 2 301 2 5768 5693 6212 5769 5694 6213
12651 6 2 301 2 5769 5694 6213 5770 5695 6214
12652 6 2 301 2 5770 5695 6214 3265 3240 3413
12653 6 2 301 2 302 1308 1601 2998 5465 6344
12654 6 2 301 2 2998 5465 6344 2999 5466 6345
12655 6 2 301 2 2999 5466 6345 3000 5467 6346
12656 6 2 301 2 3000 5467 6346 642 3164 3457
12657 6 2 301 2 1459 303 1601 5918 3001 6344
12658 6 2 301 2 5918 3001 6344 5919 3002 6345
12659 6 2 301 2 5919 3002 6345 5920 3003 6346
12660 6 2 301 2 5920 3003 6346 3315 643 3457
12661 6 2 301 2 1550 1289 1581 6191 5408 6284
12662 6 2 301 2 6191 5408 6284 6192 5409 6285
12663 6 2 301 2 6192 5409 6285 6193 5410 6286
12664 6 2 301 2 6193 5410 6286 3406 3145 3437
12665 6 2 301 2 1425 1516 1560 5816 6089 6221
12666 6 2 301 2 5816 6089 6221 5817 6090 6222
12667 6 2 301 2 5817 6090 6222 5818 6091 6223
12668 6 2 301 2 5818 6091 6223 3281 3372 3416
12669 6 2 301 2 1507 1501 1606 6062 6044 6359
12670 6 2 301 2 6062 6044 6359 6063 6045 6360
12671 6 2 301 2 6063 6045 6360 6064 6046 6361
12672 6 2 301 2 6064 6046 6361 3363 3357 3462
12673 6 2 301 2 1552 202 1583 6197 2328 6290
12674 6 2 301 2 6197 2328 6290 6198 2329 6291
12675 6 2 301 2 6198 2329 6291 6199 2330 6292
12676 6 2 301 2 6199 2330 6292 3408 567 3439
12677 6 2 301 2 1531 1577 1614 6134 6272 6383
12678 6 2 301 2 6134 6272 6383 6135 6273 6384
12679 6 2 301 2 6135 6273 6384 6136 6274 6385
12680 6 2 301 2 6136 6274 6385 3387 3433 3470
12681 6 2 301 2 201 1288 1583 2325 5405 6290
12682 6 2 301 2 2325 5405 6290 2326 5406 6291
12683 6 2 301 2 2326 5406 6291 2327 5407 6292
12684 6 2 301 2 2327 5407 6292 566 3144 3439
12685 6 2 301 2 211 1493 1586 2355 6020 6299
12686 6 2 301 2 2355 6020 6299 2356 6021 6300
12687 6 2 301 2 2356 6021 6300 2357 6022 6301
12688 6 2 301 2 2357 6022 6301 576 3349 3442
12689 6 2 301 2 1291 212 1586 5414 2358 6299
12690 6 2 301 2 5414 2358 6299 5415 2359 6300
12691 6 2 301 2 5415 2359 6300 5416 2360 6301
12692 6 2 301 2 5416 2360 6301 3147 577 3442
12693 6 2 301 2 1527 1361 1598 6122 5624 6335
12694 6 2 301 2 6122 5624 6335 6123 5625 6336
12695 6 2 301 2 6123 5625 6336 6124 5626 6337
12696 6 2 301 2 6124 5626 6337 3383 3217 3454
12697 6 2 301 2 1419 1525 1581 5798 6116 6284
12698 6 2 301 2 5798 6116 6284 5799 6117 6285
12699 6 2 301 2 5799 6117 6285 5800 6118 6286
12700 6 2 301 2 5800 6118 6286 3275 3381 3437
12701 6 2 301 2 204 1282 1587 2334 5387 6302
12702 6 2 301 2 2334 5387 6302 2335 5388 6303
12703 6 2 301 2 2335 5388 6303 2336 5389 6304
12704 6 2 301 2 2336 5389 6304 569 3138 3443
12705 6 2 301 2 1532 205 1587 6137 2337 6302
12706 6 2 301 2 6137 2337 6302 6138 2338 6303
12707 6 2 301 2 6138 2338 6303 6139 2339 6304
12708 6 2 301 2 6139 2339 6304 3388 570 3443
12709 6 2 301 2 1501 1498 1593 6044 6035 6320
12710 6 2 301 2 6044 6035 6320 6045 6036 6321
12711 6 2 301 2 6045 6036 6321 6046 6037 6322
12712 6 2 301 2 6046 6037 6322 3357 3354 3449
12713 6 2 301 2 4 220 1591 605 2382 6314
12714 6 2 301 2 605 2382 6314 606 2383 6315
12715 6 2 301 2 606 2383 6315 607 2384 6316
12716 6 2 301 2 607 2384 6316 16 585 3447
12717 6 2 301 2 314 4 1591 2896 605 6314
12718 6 2 301 2 2896 605 6314 2897 606 6315
12719 6 2 301 2 2897 606 6315 2898 607 6316
12720 6 2 301 2 2898 607 6316 608 16 3447
12721 6 2 301 2 340 1289 1597 3100 5408 6332
12722 6 2 301 2 3100 5408 6332 3101 5409 6333
12723 6 2 301 2 3101 5409 6333 3102 5410 6334
12724 6 2 301 2 3102 5410 6334 676 3145 3453
12725 6 2 301 2 342 341 1615 3106 3103 6386
12726 6 2 301 2 3106 3103 6386 3107 3104 6387
12727 6 2 301 2 3107 3104 6387 3108 3105 6388
12728 6 2 301 2 3108 3105 6388 678 677 3471
12729 6 2 301 2 6 351 1592 602 3133 6317
12730 6 2 301 2 602 3133 6317 603 3134 6318
12731 6 2 301 2 603 3134 6318 604 3135 6319
12732 6 2 301 2 604 3135 6319 15 687 3448
12733 6 2 301 2 197 6 1592 2313 602 6317
12734 6 2 301 2 2313 602 6317 2314 603 6318
12735 6 2 301 2 2314 603 6318 2315 604 6319
12736 6 2 301 2 2315 604 6319 562 15 3448
12737 6 2 301 2 331 330 1604 3073 3070 6353
12738 6 2 301 2 3073 3070 6353 3074 3071 6354
12739 6 2 301 2 3074 3071 6354 3075 3072 6355
12740 6 2 301 2 3075 3072 6355 667 666 3460
12741 6 2 301 2 1445 1400 1603 5876 5741 6350
12742 6 2 301 2 5876 5741 6350 5877 5742 6351
12743 6 2 301 2 5877 5742 6351 5878 5743 6352
12744 6 2 301 2 5878 5743 6352 3301 3256 3459
12745 6 2 301 2 1491 1284 1594 6014 5393 6323
12746 6 2 301 2 6014 5393 6323 6015 5394 6324
12747 6 2 301 2 6015 5394 6324 6016 5395 6325
12748 6 2 301 2 6016 5395 6325 3347 3140 3450
12749 6 2 301 2 304 1459 1567 3004 5918 6242
12750 6 2 301 2 3004 5918 6242 3005 5919 6243
12751 6 2 301 2 3005 5919 6243 3006 5920 6244
12752 6 2 301 2 3006 5920 6244 644 3315 3423
12753 6 2 301 2 1545 1425 1560 6176 5816 6221
12754 6 2 301 2 6176 5816 6221 6177 5817 6222
12755 6 2 301 2 6177 5817 6222 6178 5818 6223
12756 6 2 301 2 6178 5818 6223 3401 3281 3416
12757 6 2 301 2 1402 1405 1603 5747 5756 6350
12758 6 2 301 2 5747 5756 6350 5748 5757 6351
12759 6 2 301 2 5748 5757 6351 5749 5758 6352
12760 6 2 301 2 5749 5758 6352 3258 3261 3459
12761 6 2 301 2 1399 1445 1564 5738 5876 6233
12762 6 2 301 2 5738 5876 6233 5739 5877 6234
12763 6 2 301 2 5739 5877 6234 5740 5878 6235
12764 6 2 301 2 5740 5878 6235 3255 3301 3420
12765 6 2 301 2 1426 1552 1583 5819 6197 6290
12766 6 2 301 2 5819 6197 6290 5820 6198 6291
12767 6 2 301 2 5820 6198 6291 5821 6199 6292
12768 6 2 301 2 5821 6199 6292 3282 3408 3439
12769 6 2 301 2 1576 1344 1593 6269 5573 6320
12770 6 2 301 2 6269 5573 6320 6270 5574 6321
12771 6 2 301 2 6270 5574 6321 6271 5575 6322
12772 6 2 301 2 6271 5575 6322 3432 3200 3449
12773 6 2 301 2 1296 1478 1580 5429 5975 6281
12774 6 2 301 2 5429 5975 6281 5430 5976 6282
12775 6 2 301 2 5430 5976 6282 5431 5977 6283
12776 6 2 301 2 5431 5977 6283 3152 3334 3436
12777 6 2 301 2 305 304 1567 3007 3004 6242
12778 6 2 301 2 3007 3004 6242 3008 3005 6243
12779 6 2 301 2 3008 3005 6243 3009 3006 6244
12780 6 2 301 2 3009 3006 6244 645 644 3423
12781 6 2 301 2 1413 1399 1564 5780 5738 6233
12782 6 2 301 2 5780 5738 6233 5781 5739 6234
12783 6 2 301 2 5781 5739 6234 5782 5740 6235
12784 6 2 301 2 5782 5740 6235 3269 3255 3420
12785 6 2 301 2 1548 1378 1558 6185 5675 6215
12786 6 2 301 2 6185 5675 6215 6186 5676 6216
12787 6 2 301 2 6186 5676 6216 6187 5677 6217
12788 6 2 301 2 6187 5677 6217 3404 3234 3414
12789 6 2 301 2 1504 1545 1560 6053 6176 6221
12790 6 2 301 2 6053 6176 6221 6054 6177 6222
12791 6 2 301 2 6054 6177 6222 6055 6178 6223
12792 6 2 301 2 6055 6178 6223 3360 3401 3416
12793 6 2 301 2 1472 1304 1589 5957 5453 6308
12794 6 2 301 2 5957 5453 6308 5958 5454 6309
12795 6 2 301 2 5958 5454 6309 5959 5455 6310
12796 6 2 301 2 5959 5455 6310 3328 3160 3445
12797 6 2 301 2 1407 1416 1585 5762 5789 6296
12798 6 2 301 2 5762 5789 6296 5763 5790 6297
12799 6 2 301 2 5763 5790 6297 5764 5791 6298
12800 6 2 301 2 5764 5791 6298 3263 3272 3441
12801 6 2 301 2 1302 1473 1596 5447 5960 6329
12802 6 2 301 2 5447 5960 6329 5448 5961 6330
12803 6 2 301 2 5448 5961 6330 5449 5962 6331
12804 6 2 301 2 5449 5962 6331 3158 3329 3452
12805 6 2 301 2 1289 1550 1597 5408 6191 6332
12806 6 2 301 2 5408 6191 6332 5409 6192 6333
12807 6 2 301 2 5409 6192 6333 5410 6193 6334
12808 6 2 301 2 5410 6193 6334 3145 3406 3453
12809 6 2 301 2 1558 1378 1568 6215 5675 6245
12810 6 2 301 2 6215 5675 6245 6216 5676 6246
12811 6 2 301 2 6216 5676 6246 6217 5677 6247
12812 6 2 301 2 6217 5677 6247 3414 3234 3424
12813 6 2 301 2 1495 1486 1561 6026 5999 6224
12814 6 2 301 2 6026 5999 6224 6027 6000 6225
12815 6 2 301 2 6027 6000 6225 6028 6001 6226
12816 6 2 301 2 6028 6001 6226 3351 3342 3417
12817 6 2 301 2 1411 1559 1613 5774 6218 6380
12818 6 2 301 2 5774 6218 6380 5775 6219 6381
12819 6 2 301 2 5775 6219 6381 5776 6220 6382
12820 6 2 301 2 5776 6220 6382 3267 3415 3469
12821 6 2 301 2 1361 1555 1598 5624 6206 6335
12822 6 2 301 2 5624 6206 6335 5625 6207 6336
12823 6 2 301 2 5625 6207 6336 5626 6208 6337
12824 6 2 301 2 5626 6208 6337 3217 3411 3454
12825 6 2 301 2 1451 1542 1611 5894 6167 6374
12826 6 2 301 2 5894 6167 6374 5895 6168 6375
12827 6 2 301 2 5895 6168 6375 5896 6169 6376
12828 6 2 301 2 5896 6169 6376 3307 3398 3467
12829 6 2 301 2 339 338 1562 3097 3094 6227
12830 6 2 301 2 3097 3094 6227 3098 3095 6228
12831 6 2 301 2 3098 3095 6228 3099 3096 6229
12832 6 2 301 2 3099 3096 6229 675 674 3418
12833 6 2 301 2 1471 1297 1607 5954 5432 6362
12834 6 2 301 2 5954 5432 6362 5955 5433 6363
12835 6 2 301 2 5955 5433 6363 5956 5434 6364
12836 6 2 301 2 5956 5434 6364 3327 3153 3463
12837 6 2 301 2 1306 1559 1573 5459 6218 6260
12838 6 2 301 2 5459 6218 6260 5460 6219 6261
12839 6 2 301 2 5460 6219 6261 5461 6220 6262
12840 6 2 301 2 5461 6220 6262 3162 3415 3429
12841 6 2 301 2 1306 1553 1559 5459 6200 6218
12842 6 2 301 2 5459 6200 6218 5460 6201 6219
12843 6 2 301 2 5460 6201 6219 5461 6202 6220
12844 6 2 301 2 5461 6202 6220 3162 3409 3415
12845 6 2 301 2 1497 1561 1576 6032 6224 6269
12846 6 2 301 2 6032 6224 6269 6033 6225 6270
12847 6 2 301 2 6033 6225 6270 6034 6226 6271
12848 6 2 301 2 6034 6226 6271 3353 3417 3432
12849 6 2 301 2 1558 1568 1582 6215 6245 6287
12850 6 2 301 2 6215 6245 6287 6216 6246 6288
12851 6 2 301 2 6216 6246 6288 6217 6247 6289
12852 6 2 301 2 6217 6247 6289 3414 3424 3438
12853 6 2 301 2 1457 1456 1563 5912 5909 6230
12854 6 2 301 2 5912 5909 6230 5913 5910 6231
12855 6 2 301 2 5913 5910 6231 5914 5911 6232
12856 6 2 301 2 5914 5911 6232 3313 3312 3419
12857 6 2 301 2 306 325 1600 3010 3055 6341
12858 6 2 301 2 3010 3055 6341 3011 3056 6342
12859 6 2 301 2 3011 3056 6342 3012 3057 6343
12860 6 2 301 2 3012 3057 6343 646 661 3456
12861 6 2 301 2 1566 1407 1585 6239 5762 6296
12862 6 2 301 2 6239 5762 6296 6240 5763 6297
12863 6 2 301 2 6240 5763 6297 6241 5764 6298
12864 6 2 301 2 6241 5764 6298 3422 3263 3441
12865 6 2 301 2 1308 1458 1574 5465 5915 6263
12866 6 2 301 2 5465 5915 6263 5466 5916 6264
12867 6 2 301 2 5466 5916 6264 5467 5917 6265
12868 6 2 301 2 5467 5917 6265 3164 3314 3430
12869 6 2 301 2 1300 1479 1564 5441 5978 6233
12870 6 2 301 2 5441 5978 6233 5442 5979 6234
12871 6 2 301 2 5442 5979 6234 5443 5980 6235
12872 6 2 301 2 5443 5980 6235 3156 3335 3420
12873 6 2 301 2 1472 1589 1610 5957 6308 6371
12874 6 2 301 2 5957 6308 6371 5958 6309 6372
12875 6 2 301 2 5958 6309 6372 5959 6310 6373
12876 6 2 301 2 5959 6310 6373 3328 3445 3466
12877 6 2 301 2 1557 1491 1594 6212 6014 6323
12878 6 2 301 2 6212 6014 6323 6213 6015 6324
12879 6 2 301 2 6213 6015 6324 6214 6016 6325
12880 6 2 301 2 6214 6016 6325 3413 3347 3450
12881 6 2 301 2 332 1307 1565 3076 5462 6236
12882 6 2 301 2 3076 5462 6236 3077 5463 6237
12883 6 2 301 2 3077 5463 6237 3078 5464 6238
12884 6 2 301 2 3078 5464 6238 668 3163 3421
12885 6 2 301 2 307 324 1570 3013 3052 6251
12886 6 2 301 2 3013 3052 6251 3014 3053 6252
12887 6 2 301 2 3014 3053 6252 3015 3054 6253
12888 6 2 301 2 3015 3054 6253 647 660 3426
12889 6 2 301 2 1469 1481 1566 5948 5984 6239
12890 6 2 301 2 5948 5984 6239 5949 5985 6240
12891 6 2 301 2 5949 5985 6240 5950 5986 6241
12892 6 2 301 2 5950 5986 6241 3325 3337 3422
12893 6 2 301 2 323 308 1570 3049 3016 6251
12894 6 2 301 2 3049 3016 6251 3050 3017 6252
12895 6 2 301 2 3050 3017 6252 3051 3018 6253
12896 6 2 301 2 3051 3018 6253 659 648 3426
12897 6 2 301 2 1298 1468 1609 5435 5945 6368
12898 6 2 301 2 5435 5945 6368 5436 5946 6369
12899 6 2 301 2 5436 5946 6369 5437 5947 6370
12900 6 2 301 2 5437 5947 6370 3154 3324 3465
12901 6 2 301 2 1596 1411 1613 6329 5774 6380
12902 6 2 301 2 6329 5774 6380 6330 5775 6381
12903 6 2 301 2 6330 5775 6381 6331 5776 6382
12904 6 2 301 2 6331 5776 6382 3452 3267 3469
12905 6 2 301 2 305 1567 1599 3007 6242 6338
12906 6 2 301 2 3007 6242 6338 3008 6243 6339
12907 6 2 301 2 3008 6243 6339 3009 6244 6340
12908 6 2 301 2 3009 6244 6340 645 3423 3455
12909 6 2 301 2 327 326 1567 3061 3058 6242
12910 6 2 301 2 3061 3058 6242 3062 3059 6243
12911 6 2 301 2 3062 3059 6243 3063 3060 6244
12912 6 2 301 2 3063 3060 6244 663 662 3423
12913 6 2 301 2 1378 1371 1568 5675 5654 6245
12914 6 2 301 2 5675 5654 6245 5676 5655 6246
12915 6 2 301 2 5676 5655 6246 5677 5656 6247
12916 6 2 301 2 5677 5656 6247 3234 3227 3424
12917 6 2 301 2 1405 1410 1580 5756 5771 6281
12918 6 2 301 2 5756 5771 6281 5757 5772 6282
12919 6 2 301 2 5757 5772 6282 5758 5773 6283
12920 6 2 301 2 5758 5773 6283 3261 3266 3436
12921 6 2 301 2 1414 1471 1607 5783 5954 6362
12922 6 2 301 2 5783 5954 6362 5784 5955 6363
12923 6 2 301 2 5784 5955 6363 5785 5956 6364
12924 6 2 301 2 5785 5956 6364 3270 3327 3463
12925 6 2 301 2 1569 1439 1589 6248 5858 6308
12926 6 2 301 2 6248 5858 6308 6249 5859 6309
12927 6 2 301 2 6249 5859 6309 6250 5860 6310
12928 6 2 301 2 6250 5860 6310 3425 3295 3445
12929 6 2 301 2 1501 1593 1606 6044 6320 6359
12930 6 2 301 2 6044 6320 6359 6045 6321 6360
12931 6 2 301 2 6045 6321 6360 6046 6322 6361
12932 6 2 301 2 6046 6322 6361 3357 3449 3462
12933 6 2 301 2 1301 1449 1575 5444 5888 6266
12934 6 2 301 2 5444 5888 6266 5445 5889 6267
12935 6 2 301 2 5445 5889 6267 5446 5890 6268
12936 6 2 301 2 5446 5890 6268 3157 3305 3431
12937 6 2 301 2 1413 1564 1605 5780 6233 6356
12938 6 2 301 2 5780 6233 6356 5781 6234 6357
12939 6 2 301 2 5781 6234 6357 5782 6235 6358
12940 6 2 301 2 5782 6235 6358 3269 3420 3461
12941 6 2 301 2 1448 1293 1571 5885 5420 6254
12942 6 2 301 2 5885 5420 6254 5886 5421 6255
12943 6 2 301 2 5886 5421 6255 5887 5422 6256
12944 6 2 301 2 5887 5422 6256 3304 3149 3427
12945 6 2 301 2 317 1483 1572 2905 5990 6257
12946 6 2 301 2 2905 5990 6257 2906 5991 6258
12947 6 2 301 2 2906 5991 6258 2907 5992 6259
12948 6 2 301 2 2907 5992 6259 611 3339 3428
12949 6 2 301 2 1575 1449 1609 6266 5888 6368
12950 6 2 301 2 6266 5888 6368 6267 5889 6369
12951 6 2 301 2 6267 5889 6369 6268 5890 6370
12952 6 2 301 2 6268 5890 6370 3431 3305 3465
12953 6 2 301 2 1468 1440 1609 5945 5861 6368
12954 6 2 301 2 5945 5861 6368 5946 5862 6369
12955 6 2 301 2 5946 5862 6369 5947 5863 6370
12956 6 2 301 2 5947 5863 6370 3324 3296 3465
12957 6 2 301 2 1577 1488 1614 6272 6005 6383
12958 6 2 301 2 6272 6005 6383 6273 6006 6384
12959 6 2 301 2 6273 6006 6384 6274 6007 6385
12960 6 2 301 2 6274 6007 6385 3433 3344 3470
12961 6 2 301 2 1454 272 1572 5903 2908 6257
12962 6 2 301 2 5903 2908 6257 5904 2909 6258
12963 6 2 301 2 5904 2909 6258 5905 2910 6259
12964 6 2 301 2 5905 2910 6259 3310 612 3428
12965 6 2 301 2 1483 1306 1573 5990 5459 6260
12966 6 2 301 2 5990 5459 6260 5991 5460 6261
12967 6 2 301 2 5991 5460 6261 5992 5461 6262
12968 6 2 301 2 5992 5461 6262 3339 3162 3429
12969 6 2 301 2 1294 1472 1610 5423 5957 6371
12970 6 2 301 2 5423 5957 6371 5424 5958 6372
12971 6 2 301 2 5424 5958 6372 5425 5959 6373
12972 6 2 301 2 5425 5959 6373 3150 3328 3466
12973 6 2 301 2 1550 1429 1597 6191 5828 6332
12974 6 2 301 2 6191 5828 6332 6192 5829 6333
12975 6 2 301 2 6192 5829 6333 6193 5830 6334
12976 6 2 301 2 6193 5830 6334 3406 3285 3453
12977 6 2 301 2 1288 1588 1612 5405 6305 6377
12978 6 2 301 2 5405 6305 6377 5406 6306 6378
12979 6 2 301 2 5406 6306 6378 5407 6307 6379
12980 6 2 301 2 5407 6307 6379 3144 3444 3468
12981 6 2 301 2 1297 1447 1607 5432 5882 6362
12982 6 2 301 2 5432 5882 6362 5433 5883 6363
12983 6 2 301 2 5433 5883 6363 5434 5884 6364
12984 6 2 301 2 5434 5884 6364 3153 3303 3463
12985 6 2 301 2 325 306 1599 3055 3010 6338
12986 6 2 301 2 3055 3010 6338 3056 3011 6339
12987 6 2 301 2 3056 3011 6339 3057 3012 6340
12988 6 2 301 2 3057 3012 6340 661 646 3455
12989 6 2 301 2 329 1310 1574 3067 5471 6263
12990 6 2 301 2 3067 5471 6263 3068 5472 6264
12991 6 2 301 2 3068 5472 6264 3069 5473 6265
12992 6 2 301 2 3069 5473 6265 665 3166 3430
12993 6 2 301 2 1287 1488 1577 5402 6005 6272
12994 6 2 301 2 5402 6005 6272 5403 6006 6273
12995 6 2 301 2 5403 6006 6273 5404 6007 6274
12996 6 2 301 2 5404 6007 6274 3143 3344 3433
12997 6 2 301 2 1572 1483 1602 6257 5990 6347
12998 6 2 301 2 6257 5990 6347 6258 5991 6348
12999 6 2 301 2 6258 5991 6348 6259 5992 6349
13000 6 2 301 2 6259 5992 6349 3428 3339 3458
13001 6 2 301 2 1358 1342 1576 5615 5567 6269
13002 6 2 301 2 5615 5567 6269 5616 5568 6270
13003 6 2 301 2 5616 5568 6270 5617 5569 6271
13004 6 2 301 2 5617 5569 6271 3214 3198 3432
13005 6 2 301 2 1412 1540 1595 5777 6161 6326
13006 6 2 301 2 5777 6161 6326 5778 6162 6327
13007 6 2 301 2 5778 6162 6327 5779 6163 6328
13008 6 2 301 2 5779 6163 6328 3268 3396 3451
13009 6 2 301 2 1564 1479 1605 6233 5978 6356
13010 6 2 301 2 6233 5978 6356 6234 5979 6357
13011 6 2 301 2 6234 5979 6357 6235 5980 6358
13012 6 2 301 2 6235 5980 6358 3420 3335 3461
13013 6 2 301 2 1567 326 1599 6242 3058 6338
13014 6 2 301 2 6242 3058 6338 6243 3059 6339
13015 6 2 301 2 6243 3059 6339 6244 3060 6340
13016 6 2 301 2 6244 3060 6340 3423 662 3455
13017 6 2 301 2 1454 1572 1602 5903 6257 6347
13018 6 2 301 2 5903 6257 6347 5904 6258 6348
13019 6 2 301 2 5904 6258 6348 5905 6259 6349
13020 6 2 301 2 5905 6259 6349 3310 3428 3458
13021 6 2 301 2 1392 1390 1578 5717 5711 6275
13022 6 2 301 2 5717 5711 6275 5718 5712 6276
13023 6 2 301 2 5718 5712 6276 5719 5713 6277
13024 6 2 301 2 5719 5713 6277 3248 3246 3434
13025 6 2 301 2 1540 1299 1595 6161 5438 6326
13026 6 2 301 2 6161 5438 6326 6162 5439 6327
13027 6 2 301 2 6162 5439 6327 6163 5440 6328
13028 6 2 301 2 6163 5440 6328 3396 3155 3451
13029 6 2 301 2 1505 1506 1579 6056 6059 6278
13030 6 2 301 2 6056 6059 6278 6057 6060 6279
13031 6 2 301 2 6057 6060 6279 6058 6061 6280
13032 6 2 301 2 6058 6061 6280 3361 3362 3435
13033 6 2 301 2 1463 1292 1582 5930 5417 6287
13034 6 2 301 2 5930 5417 6287 5931 5418 6288
13035 6 2 301 2 5931 5418 6288 5932 5419 6289
13036 6 2 301 2 5932 5419 6289 3319 3148 3438
13037 6 2 301 2 1556 1453 1569 6209 5900 6248
13038 6 2 301 2 6209 5900 6248 6210 5901 6249
13039 6 2 301 2 6210 5901 6249 6211 5902 6250
13040 6 2 301 2 6211 5902 6250 3412 3309 3425
13041 6 2 301 2 1525 1526 1581 6116 6119 6284
13042 6 2 301 2 6116 6119 6284 6117 6120 6285
13043 6 2 301 2 6117 6120 6285 6118 6121 6286
13044 6 2 301 2 6118 6121 6286 3381 3382 3437
13045 6 2 301 2 1497 1576 1593 6032 6269 6320
13046 6 2 301 2 6032 6269 6320 6033 6270 6321
13047 6 2 301 2 6033 6270 6321 6034 6271 6322
13048 6 2 301 2 6034 6271 6322 3353 3432 3449
13049 6 2 301 2 1561 1358 1576 6224 5615 6269
13050 6 2 301 2 6224 5615 6269 6225 5616 6270
13051 6 2 301 2 6225 5616 6270 6226 5617 6271
13052 6 2 301 2 6226 5617 6271 3417 3214 3432
13053 6 2 301 2 1506 1560 1588 6059 6221 6305
13054 6 2 301 2 6059 6221 6305 6060 6222 6306
13055 6 2 301 2 6060 6222 6306 6061 6223 6307
13056 6 2 301 2 6061 6223 6307 3362 3416 3444
13057 6 2 301 2 1299 1454 1595 5438 5903 6326
13058 6 2 301 2 5438 5903 6326 5439 5904 6327
13059 6 2 301 2 5439 5904 6327 5440 5905 6328
13060 6 2 301 2 5440 5905 6328 3155 3310 3451
13061 6 2 301 2 1563 1307 1604 6230 5462 6353
13062 6 2 301 2 6230 5462 6353 6231 5463 6354
13063 6 2 301 2 6231 5463 6354 6232 5464 6355
13064 6 2 301 2 6232 5464 6355 3419 3163 3460
13065 6 2 301 2 1583 1288 1612 6290 5405 6377
13066 6 2 301 2 6290 5405 6377 6291 5406 6378
13067 6 2 301 2 6291 5406 6378 6292 5407 6379
13068 6 2 301 2 6292 5407 6379 3439 3144 3468
13069 6 2 301 2 1290 1465 1585 5411 5936 6296
13070 6 2 301 2 5411 5936 6296 5412 5937 6297
13071 6 2 301 2 5412 5937 6297 5413 5938 6298
13072 6 2 301 2 5413 5938 6298 3146 3321 3441
13073 6 2 301 2 202 201 1583 2328 2325 6290
13074 6 2 301 2 2328 2325 6290 2329 2326 6291
13075 6 2 301 2 2329 2326 6291 2330 2327 6292
13076 6 2 301 2 2330 2327 6292 567 566 3439
13077 6 2 301 2 1568 1463 1582 6245 5930 6287
13078 6 2 301 2 6245 5930 6287 6246 5931 6288
13079 6 2 301 2 6246 5931 6288 6247 5932 6289
13080 6 2 301 2 6247 5932 6289 3424 3319 3438
13081 6 2 301 2 275 274 1584 2917 2914 6293
13082 6 2 301 2 2917 2914 6293 2918 2915 6294
13083 6 2 301 2 2918 2915 6294 2919 2916 6295
13084 6 2 301 2 2919 2916 6295 615 614 3440
13085 6 2 301 2 1492 1491 1616 6017 6014 6389
13086 6 2 301 2 6017 6014 6389 6018 6015 6390
13087 6 2 301 2 6018 6015 6390 6019 6016 6391
13088 6 2 301 2 6019 6016 6391 3348 3347 3472
13089 6 2 301 2 1553 314 1591 6200 2896 6314
13090 6 2 301 2 6200 2896 6314 6201 2897 6315
13091 6 2 301 2 6201 2897 6315 6202 2898 6316
13092 6 2 301 2 6202 2898 6316 3409 608 3447
13093 6 2 301 2 1554 197 1592 6203 2313 6317
13094 6 2 301 2 6203 2313 6317 6204 2314 6318
13095 6 2 301 2 6204 2314 6318 6205 2315 6319
13096 6 2 301 2 6205 2315 6319 3410 562 3448
13097 6 2 301 2 1434 1558 1582 5843 6215 6287
13098 6 2 301 2 5843 6215 6287 5844 6216 6288
13099 6 2 301 2 5844 6216 6288 5845 6217 6289
13100 6 2 301 2 5845 6217 6289 3290 3414 3438
13101 6 2 301 2 306 305 1599 3010 3007 6338
13102 6 2 301 2 3010 3007 6338 3011 3008 6339
13103 6 2 301 2 3011 3008 6339 3012 3009 6340
13104 6 2 301 2 3012 3009 6340 646 645 3455
13105 6 2 301 2 1449 1298 1609 5888 5435 6368
13106 6 2 301 2 5888 5435 6368 5889 5436 6369
13107 6 2 301 2 5889 5436 6369 5890 5437 6370
13108 6 2 301 2 5890 5437 6370 3305 3154 3465
13109 6 2 301 2 212 211 1586 2358 2355 6299
13110 6 2 301 2 2358 2355 6299 2359 2356 6300
13111 6 2 301 2 2359 2356 6300 2360 2357 6301
13112 6 2 301 2 2360 2357 6301 577 576 3442
13113 6 2 301 2 205 204 1587 2337 2334 6302
13114 6 2 301 2 2337 2334 6302 2338 2335 6303
13115 6 2 301 2 2338 2335 6303 2339 2336 6304
13116 6 2 301 2 2339 2336 6304 570 569 3443
13117 6 2 301 2 1465 1566 1585 5936 6239 6296
13118 6 2 301 2 5936 6239 6296 5937 6240 6297
13119 6 2 301 2 5937 6240 6297 5938 6241 6298
13120 6 2 301 2 5938 6241 6298 3321 3422 3441
13121 6 2 301 2 1439 1437 1589 5858 5852 6308
13122 6 2 301 2 5858 5852 6308 5859 5853 6309
13123 6 2 301 2 5859 5853 6309 5860 5854 6310
13124 6 2 301 2 5860 5854 6310 3295 3293 3445
13125 6 2 301 2 1361 1531 1614 5624 6134 6383
13126 6 2 301 2 5624 6134 6383 5625 6135 6384
13127 6 2 301 2 5625 6135 6384 5626 6136 6385
13128 6 2 301 2 5626 6136 6385 3217 3387 3470
13129 6 2 301 2 1284 1532 1594 5393 6137 6323
13130 6 2 301 2 5393 6137 6323 5394 6138 6324
13131 6 2 301 2 5394 6138 6324 5395 6139 6325
13132 6 2 301 2 5395 6139 6325 3140 3388 3450
13133 6 2 301 2 292 291 1590 2968 2965 6311
13134 6 2 301 2 2968 2965 6311 2969 2966 6312
13135 6 2 301 2 2969 2966 6312 2970 2967 6313
13136 6 2 301 2 2970 2967 6313 632 631 3446
13137 6 2 301 2 1532 1409 1594 6137 5768 6323
13138 6 2 301 2 6137 5768 6323 6138 5769 6324
13139 6 2 301 2 6138 5769 6324 6139 5770 6325
13140 6 2 301 2 6139 5770 6325 3388 3265 3450
13141 6 2 301 2 220 1482 1591 2382 5987 6314
13142 6 2 301 2 2382 5987 6314 2383 5988 6315
13143 6 2 301 2 2383 5988 6315 2384 5989 6316
13144 6 2 301 2 2384 5989 6316 585 3338 3447
13145 6 2 301 2 1498 1497 1593 6035 6032 6320
13146 6 2 301 2 6035 6032 6320 6036 6033 6321
13147 6 2 301 2 6036 6033 6321 6037 6034 6322
13148 6 2 301 2 6037 6034 6322 3354 3353 3449
13149 6 2 301 2 351 1309 1592 3133 5468 6317
13150 6 2 301 2 3133 5468 6317 3134 5469 6318
13151 6 2 301 2 3134 5469 6318 3135 5470 6319
13152 6 2 301 2 3135 5470 6319 687 3165 3448
13153 6 2 301 2 1551 1413 1605 6194 5780 6356
13154 6 2 301 2 6194 5780 6356 6195 5781 6357
13155 6 2 301 2 6195 5781 6357 6196 5782 6358
13156 6 2 301 2 6196 5782 6358 3407 3269 3461
13157 6 2 301 2 341 340 1597 3103 3100 6332
13158 6 2 301 2 3103 3100 6332 3104 3101 6333
13159 6 2 301 2 3104 3101 6333 3105 3102 6334
13160 6 2 301 2 3105 3102 6334 677 676 3453
13161 6 2 301 2 1410 1411 1596 5771 5774 6329
13162 6 2 301 2 5771 5774 6329 5772 5775 6330
13163 6 2 301 2 5772 5775 6330 5773 5776 6331
13164 6 2 301 2 5773 5776 6331 3266 3267 3452
13165 6 2 301 2 1589 1437 1610 6308 5852 6371
13166 6 2 301 2 6308 5852 6371 6309 5853 6372
13167 6 2 301 2 6309 5853 6372 6310 5854 6373
13168 6 2 301 2 6310 5854 6373 3445 3293 3466
13169 6 2 301 2 326 325 1599 3058 3055 6338
13170 6 2 301 2 3058 3055 6338 3059 3056 6339
13171 6 2 301 2 3059 3056 6339 3060 3057 6340
13172 6 2 301 2 3060 3057 6340 662 661 3455
13173 6 2 301 2 1543 1527 1598 6170 6122 6335
13174 6 2 301 2 6170 6122 6335 6171 6123 6336
13175 6 2 301 2 6171 6123 6336 6172 6124 6337
13176 6 2 301 2 6172 6124 6337 3399 3383 3454
13177 6 2 301 2 1479 1291 1605 5978 5414 6356
13178 6 2 301 2 5978 5414 6356 5979 5415 6357
13179 6 2 301 2 5979 5415 6357 5980 5416 6358
13180 6 2 301 2 5980 5416 6358 3335 3147 3461
13181 6 2 301 2 1307 331 1604 5462 3073 6353
13182 6 2 301 2 5462 3073 6353 5463 3074 6354
13183 6 2 301 2 5463 3074 6354 5464 3075 6355
13184 6 2 301 2 5464 3075 6355 3163 667 3460
13185 6 2 301 2 303 302 1601 3001 2998 6344
13186 6 2 301 2 3001 2998 6344 3002 2999 6345
13187 6 2 301 2 3002 2999 6345 3003 3000 6346
13188 6 2 301 2 3003 3000 6346 643 642 3457
13189 6 2 301 2 1400 1402 1603 5741 5747 6350
13190 6 2 301 2 5741 5747 6350 5742 5748 6351
13191 6 2 301 2 5742 5748 6351 5743 5749 6352
13192 6 2 301 2 5743 5749 6352 3256 3258 3459
13193 6 2 301 2 1488 1555 1614 6005 6206 6383
13194 6 2 301 2 6005 6206 6383 6006 6207 6384
13195 6 2 301 2 6006 6207 6384 6007 6208 6385
13196 6 2 301 2 6007 6208 6385 3344 3411 3470
13197 6 2 301 2 1492 1543 1598 6017 6170 6335
13198 6 2 301 2 6017 6170 6335 6018 6171 6336
13199 6 2 301 2 6018 6171 6336 6019 6172 6337
13200 6 2 301 2 6019 6172 6337 3348 3399 3454
13201 6 2 301 2 1557 1385 1616 6212 5696 6389
13202 6 2 301 2 6212 5696 6389 6213 5697 6390
13203 6 2 301 2 6213 5697 6390 6214 5698 6391
13204 6 2 301 2 6214 5698 6391 3413 3241 3472
13205 6 2 301 2 282 281 1608 2938 2935 6365
13206 6 2 301 2 2938 2935 6365 2939 2936 6366
13207 6 2 301 2 2939 2936 6366 2940 2937 6367
13208 6 2 301 2 2940 2937 6367 622 621 3464
13209 6 2 301 2 1482 1302 1613 5987 5447 6380
13210 6 2 301 2 5987 5447 6380 5988 5448 6381
13211 6 2 301 2 5988 5448 6381 5989 5449 6382
13212 6 2 301 2 5989 5449 6382 3338 3158 3469
13213 6 2 301 2 1285 342 1615 5396 3106 6386
13214 6 2 301 2 5396 3106 6386 5397 3107 6387
13215 6 2 301 2 5397 3107 6387 5398 3108 6388
13216 6 2 301 2 5398 3108 6388 3141 678 3471
13217 6 2 301 2 1344 1521 1606 5573 6104 6359
13218 6 2 301 2 5573 6104 6359 5574 6105 6360
13219 6 2 301 2 5574 6105 6360 5575 6106 6361
13220 6 2 301 2 5575 6106 6361 3200 3377 3462
13221 6 2 301 2 1437 1435 1610 5852 5846 6371
13222 6 2 301 2 5852 5846 6371 5853 5847 6372
13223 6 2 301 2 5853 5847 6372 5854 5848 6373
13224 6 2 301 2 5854 5848 6373 3293 3291 3466
13225 6 2 301 2 1516 1426 1612 6089 5819 6377
13226 6 2 301 2 6089 5819 6377 6090 5820 6378
13227 6 2 301 2 6090 5820 6378 6091 5821 6379
13228 6 2 301 2 6091 5821 6379 3372 3282 3468
13229 6 2 301 2 1542 1439 1611 6167 5858 6374
13230 6 2 301 2 6167 5858 6374 6168 5859 6375
13231 6 2 301 2 6168 5859 6375 6169 5860 6376
13232 6 2 301 2 6169 5860 6376 3398 3295 3467
13233 6 2 301 2 1482 1553 1591 5987 6200 6314
13234 6 2 301 2 5987 6200 6314 5988 6201 6315
13235 6 2 301 2 5988 6201 6315 5989 6202 6316
13236 6 2 301 2 5989 6202 6316 3338 3409 3447
13237 6 2 301 2 1309 1554 1592 5468 6203 6317
13238 6 2 301 2 5468 6203 6317 5469 6204 6318
13239 6 2 301 2 5469 6204 6318 5470 6205 6319
13240 6 2 301 2 5470 6205 6319 3165 3410 3448
13241 6 2 301 2 1491 1557 1616 6014 6212 6389
13242 6 2 301 2 6014 6212 6389 6015 6213 6390
13243 6 2 301 2 6015 6213 6390 6016 6214 6391
13244 6 2 301 2 6016 6214 6391 3347 3413 3472
13245 6 2 301 2 1291 1551 1605 5414 6194 6356
13246 6 2 301 2 5414 6194 6356 5415 6195 6357
13247 6 2 301 2 5415 6195 6357 5416 6196 6358
13248 6 2 301 2 5416 6196 6358 3147 3407 3461
13249 6 2 301 2 324 307 1600 3052 3013 6341
13250 6 2 301 2 3052 3013 6341 3053 3014 6342
13251 6 2 301 2 3053 3014 6342 3054 3015 6343
13252 6 2 301 2 3054 3015 6343 660 647 3456
13253 6 2 301 2 1555 1361 1614 6206 5624 6383
13254 6 2 301 2 6206 5624 6383 6207 5625 6384
13255 6 2 301 2 6207 5625 6384 6208 5626 6385
13256 6 2 301 2 6208 5626 6385 3411 3217 3470
13257 6 2 301 2 1588 1516 1612 6305 6089 6377
13258 6 2 301 2 6305 6089 6377 6306 6090 6378
13259 6 2 301 2 6306 6090 6378 6307 6091 6379
13260 6 2 301 2 6307 6091 6379 3444 3372 3468
13261 6 2 301 2 1555 1492 1598 6206 6017 6335
13262 6 2 301 2 6206 6017 6335 6207 6018 6336
13263 6 2 301 2 6207 6018 6336 6208 6019 6337
13264 6 2 301 2 6208 6019 6337 3411 3348 3454
13265 6 2 301 2 1573 1412 1602 6260 5777 6347
13266 6 2 301 2 6260 5777 6347 6261 5778 6348
13267 6 2 301 2 6261 5778 6348 6262 5779 6349
13268 6 2 301 2 6262 5779 6349 3429 3268 3458
13269 6 2 301 2 1409 1557 1594 5768 6212 6323
13270 6 2 301 2 5768 6212 6323 5769 6213 6324
13271 6 2 301 2 5769 6213 6324 5770 6214 6325
13272 6 2 301 2 5770 6214 6325 3265 3413 3450
13273 6 2 301 2 1560 1516 1588 6221 6089 6305
13274 6 2 301 2 6221 6089 6305 6222 6090 6306
13275 6 2 301 2 6222 6090 6306 6223 6091 6307
13276 6 2 301 2 6223 6091 6307 3416 3372 3444
13277 6 2 301 2 1593 1344 1606 6320 5573 6359
13278 6 2 301 2 6320 5573 6359 6321 5574 6360
13279 6 2 301 2 6321 5574 6360 6322 5575 6361
13280 6 2 301 2 6322 5575 6361 3449 3200 3462
13281 6 2 301 2 1412 1595 1602 5777 6326 6347
13282 6 2 301 2 5777 6326 6347 5778 6327 6348
13283 6 2 301 2 5778 6327 6348 5779 6328 6349
13284 6 2 301 2 5779 6328 6349 3268 3451 3458
13285 6 2 301 2 1439 1569 1611 5858 6248 6374
13286 6 2 301 2 5858 6248 6374 5859 6249 6375
13287 6 2 301 2 5859 6249 6375 5860 6250 6376
13288 6 2 301 2 5860 6250 6376 3295 3425 3467
13289 6 2 301 2 1483 1573 1602 5990 6260 6347
13290 6 2 301 2 5990 6260 6347 5991 6261 6348
13291 6 2 301 2 5991 6261 6348 5992 6262 6349
13292 6 2 301 2 5992 6262 6349 3339 3429 3458
13293 6 2 301 2 1426 1583 1612 5819 6290 6377
13294 6 2 301 2 5819 6290 6377 5820 6291 6378
13295 6 2 301 2 5820 6291 6378 5821 6292 6379
13296 6 2 301 2 5821 6292 6379 3282 3439 3468
13297 6 2 301 2 1302 1596 1613 5447 6329 6380
13298 6 2 301 2 5447 6329 6380 5448 6330 6381
13299 6 2 301 2 5448 6330 6381 5449 6331 6382
13300 6 2 301 2 5449 6331 6382 3158 3452 3469
13301 6 2 301 2 1595 1454 1602 6326 5903 6347
13302 6 2 301 2 6326 5903 6347 6327 5904 6348
13303 6 2 301 2 6327 5904 6348 6328 5905 6349
13304 6 2 301 2 6328 5905 6349 3451 3310 3458
13305 6 2 301 2 10 313 318 691 3031 3034
13306 6 2 301 2 691 3031 3034 692 3032 3035
13307 6 2 301 2 692 3032 3035 693 3033 3036
13308 6 2 301 2 693 3033 3036 18 653 654
13309 6 2 301 2 308 307 1570 3016 3013 6251
13310 6 2 301 2 3016 3013 6251 3017 3014 6252
13311 6 2 301 2 3017 3014 6252 3018 3015 6253
13312 6 2 301 2 3018 3015 6253 648 647 3426
13313 6 2 301 2 312 311 319 3028 3025 3037
13314 6 2 301 2 3028 3025 3037 3029 3026 3038
13315 6 2 301 2 3029 3026 3038 3030 3027 3039
13316 6 2 301 2 3030 3027 3039 652 651 655
13317 6 2 301 2 313 312 318 3031 3028 3034
13318 6 2 301 2 3031 3028 3034 3032 3029 3035
13319 6 2 301 2 3032 3029 3035 3033 3030 3036
13320 6 2 301 2 3033 3030 3036 653 652 654
13321 6 2 301 2 318 312 319 3034 3028 3037
13322 6 2 301 2 3034 3028 3037 3035 3029 3038
13323 6 2 301 2 3035 3029 3038 3036 3030 3039
13324 6 2 301 2 3036 3030 3039 654 652 655
13325 6 2 301 2 324 323 1570 3052 3049 6251
13326 6 2 301 2 3052 3049 6251 3053 3050 6252
13327 6 2 301 2 3053 3050 6252 3054 3051 6253
13328 6 2 301 2 3054 3051 6253 660 659 3426
13329 6 2 301 2 309 308 322 3019 3016 3046
13330 6 2 301 2 3019 3016 3046 3020 3017 3047
13331 6 2 301 2 3020 3017 3047 3021 3018 3048
13332 6 2 301 2 3021 3018 3048 649 648 658
13333 6 2 301 2 322 308 323 3046 3016 3049
13334 6 2 301 2 3046 3016 3049 3047 3017 3050
13335 6 2 301 2 3047 3017 3050 3048 3018 3051
13336 6 2 301 2 3048 3018 3051 658 648 659
13337 6 2 301 2 310 309 321 3022 3019 3043
13338 6 2 301 2 3022 3019 3043 3023 3020 3044
13339 6 2 301 2 3023 3020 3044 3024 3021 3045
13340 6 2 301 2 3024 3021 3045 650 649 657
13341 6 2 301 2 321 309 322 3043 3019 3046
13342 6 2 301 2 3043 3019 3046 3044 3020 3047
13343 6 2 301 2 3044 3020 3047 3045 3021 3048
13344 6 2 301 2 3045 3021 3048 657 649 658
13345 6 2 301 2 311 310 320 3025 3022 3040
13346 6 2 301 2 3025 3022 3040 3026 3023 3041
13347 6 2 301 2 3026 3023 3041 3027 3024 3042
13348 6 2 301 2 3027 3024 3042 651 650 656
13349 6 2 301 2 320 310 321 3040 3022 3043
13350 6 2 301 2 3040 3022 3043 3041 3023 3044
13351 6 2 301 2 3041 3023 3044 3042 3024 3045
13352 6 2 301 2 3042 3024 3045 656 650 657
13353 6 2 301 2 319 311 320 3037 3025 3040
13354 6 2 301 2 3037 3025 3040 3038 3026 3041
13355 6 2 301 2 3038 3026 3041 3039 3027 3042
13356 6 2 301 2 3039 3027 3042 655 651 656
13357 6 2 302 3 1650 1712 1734 6491 6677 6743
13358 6 2 302 3 6491 6677 6743 6492 6678 6744
13359 6 2 302 3 6492 6678 6744 6493 6679 6745
13360 6 2 302 3 6493 6679 6745 3749 3811 3833
13361 6 2 302 3 1626 1755 1765 6419 6806 6836
13362 6 2 302 3 6419 6806 6836 6420 6807 6837
13363 6 2 302 3 6420 6807 6837 6421 6808 6838
13364 6 2 302 3 6421 6808 6838 3725 3854 3864
13365 6 2 302 3 1654 1624 1656 6503 6413 6509
13366 6 2 302 3 6503 6413 6509 6504 6414 6510
13367 6 2 302 3 6504 6414 6510 6505 6415 6511
13368 6 2 302 3 6505 6415 6511 3753 3723 3755
13369 6 2 302 3 1623 1674 1676 6410 6563 6569
13370 6 2 302 3 6410 6563 6569 6411 6564 6570
13371 6 2 302 3 6411 6564 6570 6412 6565 6571
13372 6 2 302 3 6412 6565 6571 3722 3773 3775
13373 6 2 302 3 1675 1673 1709 6566 6560 6668
13374 6 2 302 3 6566 6560 6668 6567 6561 6669
13375 6 2 302 3 6567 6561 6669 6568 6562 6670
13376 6 2 302 3 6568 6562 6670 3774 3772 3808
13377 6 2 302 3 361 360 1713 3500 3497 6680
13378 6 2 302 3 3500 3497 6680 3501 3498 6681
13379 6 2 302 3 3501 3498 6681 3502 3499 6682
13380 6 2 302 3 3502 3499 6682 703 702 3812
13381 6 2 302 3 1653 1655 1710 6500 6506 6671
13382 6 2 302 3 6500 6506 6671 6501 6507 6672
13383 6 2 302 3 6501 6507 6672 6502 6508 6673
13384 6 2 302 3 6502 6508 6673 3752 3754 3809
13385 6 2 302 3 1755 1697 1765 6806 6632 6836
13386 6 2 302 3 6806 6632 6836 6807 6633 6837
13387 6 2 302 3 6807 6633 6837 6808 6634 6838
13388 6 2 302 3 6808 6634 6838 3854 3796 3864
13389 6 2 302 3 1647 1644 1744 6482 6473 6773
13390 6 2 302 3 6482 6473 6773 6483 6474 6774
13391 6 2 302 3 6483 6474 6774 6484 6475 6775
13392 6 2 302 3 6484 6475 6775 3746 3743 3843
13393 6 2 302 3 1624 1654 1668 6413 6503 6545
13394 6 2 302 3 6413 6503 6545 6414 6504 6546
13395 6 2 302 3 6414 6504 6546 6415 6505 6547
13396 6 2 302 3 6415 6505 6547 3723 3753 3767
13397 6 2 302 3 1674 1623 1687 6563 6410 6602
13398 6 2 302 3 6563 6410 6602 6564 6411 6603
13399 6 2 302 3 6564 6411 6603 6565 6412 6604
13400 6 2 302 3 6565 6412 6604 3773 3722 3786
13401 6 2 302 3 1644 1647 1737 6473 6482 6752
13402 6 2 302 3 6473 6482 6752 6474 6483 6753
13403 6 2 302 3 6474 6483 6753 6475 6484 6754
13404 6 2 302 3 6475 6484 6754 3743 3746 3836
13405 6 2 302 3 1703 1637 1739 6650 6452 6758
13406 6 2 302 3 6650 6452 6758 6651 6453 6759
13407 6 2 302 3 6651 6453 6759 6652 6454 6760
13408 6 2 302 3 6652 6454 6760 3802 3736 3838
13409 6 2 302 3 1712 1636 1734 6677 6449 6743
13410 6 2 302 3 6677 6449 6743 6678 6450 6744
13411 6 2 302 3 6678 6450 6744 6679 6451 6745
13412 6 2 302 3 6679 6451 6745 3811 3735 3833
13413 6 2 302 3 1704 1647 1744 6653 6482 6773
13414 6 2 302 3 6653 6482 6773 6654 6483 6774
13415 6 2 302 3 6654 6483 6774 6655 6484 6775
13416 6 2 302 3 6655 6484 6775 3803 3746 3843
13417 6 2 302 3 1693 1683 1741 6620 6590 6764
13418 6 2 302 3 6620 6590 6764 6621 6591 6765
13419 6 2 302 3 6621 6591 6765 6622 6592 6766
13420 6 2 302 3 6622 6592 6766 3792 3782 3840
13421 6 2 302 3 1683 1693 1749 6590 6620 6788
13422 6 2 302 3 6590 6620 6788 6591 6621 6789
13423 6 2 302 3 6591 6621 6789 6592 6622 6790
13424 6 2 302 3 6592 6622 6790 3782 3792 3848
13425 6 2 302 3 1666 1620 1720 6539 6401 6701
13426 6 2 302 3 6539 6401 6701 6540 6402 6702
13427 6 2 302 3 6540 6402 6702 6541 6403 6703
13428 6 2 302 3 6541 6403 6703 3765 3719 3819
13429 6 2 302 3 377 376 1712 3548 3545 6677
13430 6 2 302 3 3548 3545 6677 3549 3546 6678
13431 6 2 302 3 3549 3546 6678 3550 3547 6679
13432 6 2 302 3 3550 3547 6679 719 718 3811
13433 6 2 302 3 1638 1699 1740 6455 6638 6761
13434 6 2 302 3 6455 6638 6761 6456 6639 6762
13435 6 2 302 3 6456 6639 6762 6457 6640 6763
13436 6 2 302 3 6457 6640 6763 3737 3798 3839
13437 6 2 302 3 1713 1670 1732 6680 6551 6737
13438 6 2 302 3 6680 6551 6737 6681 6552 6738
13439 6 2 302 3 6681 6552 6738 6682 6553 6739
13440 6 2 302 3 6682 6553 6739 3812 3769 3831
13441 6 2 302 3 1647 1704 1748 6482 6653 6785
13442 6 2 302 3 6482 6653 6785 6483 6654 6786
13443 6 2 302 3 6483 6654 6786 6484 6655 6787
13444 6 2 302 3 6484 6655 6787 3746 3803 3847
13445 6 2 302 3 1620 1666 1742 6401 6539 6767
13446 6 2 302 3 6401 6539 6767 6402 6540 6768
13447 6 2 302 3 6402 6540 6768 6403 6541 6769
13448 6 2 302 3 6403 6541 6769 3719 3765 3841
13449 6 2 302 3 1637 1703 1762 6452 6650 6827
13450 6 2 302 3 6452 6650 6827 6453 6651 6828
13451 6 2 302 3 6453 6651 6828 6454 6652 6829
13452 6 2 302 3 6454 6652 6829 3736 3802 3861
13453 6 2 302 3 1648 1643 1715 6485 6470 6686
13454 6 2 302 3 6485 6470 6686 6486 6471 6687
13455 6 2 302 3 6486 6471 6687 6487 6472 6688
13456 6 2 302 3 6487 6472 6688 3747 3742 3814
13457 6 2 302 3 1644 1649 1714 6473 6488 6683
13458 6 2 302 3 6473 6488 6683 6474 6489 6684
13459 6 2 302 3 6474 6489 6684 6475 6490 6685
13460 6 2 302 3 6475 6490 6685 3743 3748 3813
13461 6 2 302 3 1701 1758 1767 6644 6815 6842
13462 6 2 302 3 6644 6815 6842 6645 6816 6843
13463 6 2 302 3 6645 6816 6843 6646 6817 6844
13464 6 2 302 3 6646 6817 6844 3800 3857 3866
13465 6 2 302 3 379 378 1706 3554 3551 6659
13466 6 2 302 3 3554 3551 6659 3555 3552 6660
13467 6 2 302 3 3555 3552 6660 3556 3553 6661
13468 6 2 302 3 3556 3553 6661 721 720 3805
13469 6 2 302 3 359 358 1707 3494 3491 6662
13470 6 2 302 3 3494 3491 6662 3495 3492 6663
13471 6 2 302 3 3495 3492 6663 3496 3493 6664
13472 6 2 302 3 3496 3493 6664 701 700 3806
13473 6 2 302 3 1663 1692 1743 6530 6617 6770
13474 6 2 302 3 6530 6617 6770 6531 6618 6771
13475 6 2 302 3 6531 6618 6771 6532 6619 6772
13476 6 2 302 3 6532 6619 6772 3762 3791 3842
13477 6 2 302 3 1673 1691 1709 6560 6614 6668
13478 6 2 302 3 6560 6614 6668 6561 6615 6669
13479 6 2 302 3 6561 6615 6669 6562 6616 6670
13480 6 2 302 3 6562 6616 6670 3772 3790 3808
13481 6 2 302 3 1692 1663 1754 6617 6530 6803
13482 6 2 302 3 6617 6530 6803 6618 6531 6804
13483 6 2 302 3 6618 6531 6804 6619 6532 6805
13484 6 2 302 3 6619 6532 6805 3791 3762 3853
13485 6 2 302 3 1643 1648 1738 6470 6485 6755
13486 6 2 302 3 6470 6485 6755 6471 6486 6756
13487 6 2 302 3 6471 6486 6756 6472 6487 6757
13488 6 2 302 3 6472 6487 6757 3742 3747 3837
13489 6 2 302 3 1649 1644 1737 6488 6473 6752
13490 6 2 302 3 6488 6473 6752 6489 6474 6753
13491 6 2 302 3 6489 6474 6753 6490 6475 6754
13492 6 2 302 3 6490 6475 6754 3748 3743 3836
13493 6 2 302 3 1758 1690 1767 6815 6611 6842
13494 6 2 302 3 6815 6611 6842 6816 6612 6843
13495 6 2 302 3 6816 6612 6843 6817 6613 6844
13496 6 2 302 3 6817 6613 6844 3857 3789 3866
13497 6 2 302 3 1713 360 1752 6680 3497 6797
13498 6 2 302 3 6680 3497 6797 6681 3498 6798
13499 6 2 302 3 6681 3498 6798 6682 3499 6799
13500 6 2 302 3 6682 3499 6799 3812 702 3851
13501 6 2 302 3 1669 1653 1710 6548 6500 6671
13502 6 2 302 3 6548 6500 6671 6549 6501 6672
13503 6 2 302 3 6549 6501 6672 6550 6502 6673
13504 6 2 302 3 6550 6502 6673 3768 3752 3809
13505 6 2 302 3 1678 1675 1709 6575 6566 6668
13506 6 2 302 3 6575 6566 6668 6576 6567 6669
13507 6 2 302 3 6576 6567 6669 6577 6568 6670
13508 6 2 302 3 6577 6568 6670 3777 3774 3808
13509 6 2 302 3 1667 1626 1765 6542 6419 6836
13510 6 2 302 3 6542 6419 6836 6543 6420 6837
13511 6 2 302 3 6543 6420 6837 6544 6421 6838
13512 6 2 302 3 6544 6421 6838 3766 3725 3864
13513 6 2 302 3 1642 1719 1761 6467 6698 6824
13514 6 2 302 3 6467 6698 6824 6468 6699 6825
13515 6 2 302 3 6468 6699 6825 6469 6700 6826
13516 6 2 302 3 6469 6700 6826 3741 3818 3860
13517 6 2 302 3 1619 1686 1730 6398 6599 6731
13518 6 2 302 3 6398 6599 6731 6399 6600 6732
13519 6 2 302 3 6399 6600 6732 6400 6601 6733
13520 6 2 302 3 6400 6601 6733 3718 3785 3829
13521 6 2 302 3 1655 1658 1710 6506 6515 6671
13522 6 2 302 3 6506 6515 6671 6507 6516 6672
13523 6 2 302 3 6507 6516 6672 6508 6517 6673
13524 6 2 302 3 6508 6517 6673 3754 3757 3809
13525 6 2 302 3 1635 1713 1732 6446 6680 6737
13526 6 2 302 3 6446 6680 6737 6447 6681 6738
13527 6 2 302 3 6447 6681 6738 6448 6682 6739
13528 6 2 302 3 6448 6682 6739 3734 3812 3831
13529 6 2 302 3 1635 361 1713 6446 3500 6680
13530 6 2 302 3 6446 3500 6680 6447 3501 6681
13531 6 2 302 3 6447 3501 6681 6448 3502 6682
13532 6 2 302 3 6448 3502 6682 3734 703 3812
13533 6 2 302 3 1686 1619 1745 6599 6398 6776
13534 6 2 302 3 6599 6398 6776 6600 6399 6777
13535 6 2 302 3 6600 6399 6777 6601 6400 6778
13536 6 2 302 3 6601 6400 6778 3785 3718 3844
13537 6 2 302 3 1626 1667 1775 6419 6542 6866
13538 6 2 302 3 6419 6542 6866 6420 6543 6867
13539 6 2 302 3 6420 6543 6867 6421 6544 6868
13540 6 2 302 3 6421 6544 6868 3725 3766 3874
13541 6 2 302 3 1656 1624 1723 6509 6413 6710
13542 6 2 302 3 6509 6413 6710 6510 6414 6711
13543 6 2 302 3 6510 6414 6711 6511 6415 6712
13544 6 2 302 3 6511 6415 6712 3755 3723 3822
13545 6 2 302 3 1704 1643 1738 6653 6470 6755
13546 6 2 302 3 6653 6470 6755 6654 6471 6756
13547 6 2 302 3 6654 6471 6756 6655 6472 6757
13548 6 2 302 3 6655 6472 6757 3803 3742 3837
13549 6 2 302 3 1699 1638 1766 6638 6455 6839
13550 6 2 302 3 6638 6455 6839 6639 6456 6840
13551 6 2 302 3 6639 6456 6840 6640 6457 6841
13552 6 2 302 3 6640 6457 6841 3798 3737 3865
13553 6 2 302 3 376 1636 1712 3545 6449 6677
13554 6 2 302 3 3545 6449 6677 3546 6450 6678
13555 6 2 302 3 3546 6450 6678 3547 6451 6679
13556 6 2 302 3 3547 6451 6679 718 3735 3811
13557 6 2 302 3 1704 1738 1748 6653 6755 6785
13558 6 2 302 3 6653 6755 6785 6654 6756 6786
13559 6 2 302 3 6654 6756 6786 6655 6757 6787
13560 6 2 302 3 6655 6757 6787 3803 3837 3847
13561 6 2 302 3 1633 235 1651 6440 3605 6494
13562 6 2 302 3 6440 3605 6494 6441 3606 6495
13563 6 2 302 3 6441 3606 6495 6442 3607 6496
13564 6 2 302 3 6442 3607 6496 3732 738 3750
13565 6 2 302 3 379 1706 1757 3554 6659 6812
13566 6 2 302 3 3554 6659 6812 3555 6660 6813
13567 6 2 302 3 3555 6660 6813 3556 6661 6814
13568 6 2 302 3 3556 6661 6814 721 3805 3856
13569 6 2 302 3 1707 358 1756 6662 3491 6809
13570 6 2 302 3 6662 3491 6809 6663 3492 6810
13571 6 2 302 3 6663 3492 6810 6664 3493 6811
13572 6 2 302 3 6664 3493 6811 3806 700 3855
13573 6 2 302 3 1640 244 1698 6461 3632 6635
13574 6 2 302 3 6461 3632 6635 6462 3633 6636
13575 6 2 302 3 6462 3633 6636 6463 3634 6637
13576 6 2 302 3 6463 3634 6637 3739 747 3797
13577 6 2 302 3 1633 1651 1652 6440 6494 6497
13578 6 2 302 3 6440 6494 6497 6441 6495 6498
13579 6 2 302 3 6441 6495 6498 6442 6496 6499
13580 6 2 302 3 6442 6496 6499 3732 3750 3751
13581 6 2 302 3 1623 1676 1727 6410 6569 6722
13582 6 2 302 3 6410 6569 6722 6411 6570 6723
13583 6 2 302 3 6411 6570 6723 6412 6571 6724
13584 6 2 302 3 6412 6571 6724 3722 3775 3826
13585 6 2 302 3 259 1622 1691 3677 6407 6614
13586 6 2 302 3 3677 6407 6614 3678 6408 6615
13587 6 2 302 3 3678 6408 6615 3679 6409 6616
13588 6 2 302 3 3679 6409 6616 762 3721 3790
13589 6 2 302 3 1621 237 1669 6404 3611 6548
13590 6 2 302 3 6404 3611 6548 6405 3612 6549
13591 6 2 302 3 6405 3612 6549 6406 3613 6550
13592 6 2 302 3 6406 3613 6550 3720 740 3768
13593 6 2 302 3 1651 1650 1734 6494 6491 6743
13594 6 2 302 3 6494 6491 6743 6495 6492 6744
13595 6 2 302 3 6495 6492 6744 6496 6493 6745
13596 6 2 302 3 6496 6493 6745 3750 3749 3833
13597 6 2 302 3 1689 1627 1705 6608 6422 6656
13598 6 2 302 3 6608 6422 6656 6609 6423 6657
13599 6 2 302 3 6609 6423 6657 6610 6424 6658
13600 6 2 302 3 6610 6424 6658 3788 3726 3804
13601 6 2 302 3 1672 1674 1687 6557 6563 6602
13602 6 2 302 3 6557 6563 6602 6558 6564 6603
13603 6 2 302 3 6558 6564 6603 6559 6565 6604
13604 6 2 302 3 6559 6565 6604 3771 3773 3786
13605 6 2 302 3 1719 1642 1736 6698 6467 6749
13606 6 2 302 3 6698 6467 6749 6699 6468 6750
13607 6 2 302 3 6699 6468 6750 6700 6469 6751
13608 6 2 302 3 6700 6469 6751 3818 3741 3835
13609 6 2 302 3 377 1712 1751 3548 6677 6794
13610 6 2 302 3 3548 6677 6794 3549 6678 6795
13611 6 2 302 3 3549 6678 6795 3550 6679 6796
13612 6 2 302 3 3550 6679 6796 719 3811 3850
13613 6 2 302 3 1640 1698 1699 6461 6635 6638
13614 6 2 302 3 6461 6635 6638 6462 6636 6639
13615 6 2 302 3 6462 6636 6639 6463 6637 6640
13616 6 2 302 3 6463 6637 6640 3739 3797 3798
13617 6 2 302 3 1699 1698 1740 6638 6635 6761
13618 6 2 302 3 6638 6635 6761 6639 6636 6762
13619 6 2 302 3 6639 6636 6762 6640 6637 6763
13620 6 2 302 3 6640 6637 6763 3798 3797 3839
13621 6 2 302 3 1654 1652 1668 6503 6497 6545
13622 6 2 302 3 6503 6497 6545 6504 6498 6546
13623 6 2 302 3 6504 6498 6546 6505 6499 6547
13624 6 2 302 3 6505 6499 6547 3753 3751 3767
13625 6 2 302 3 1619 1716 1745 6398 6689 6776
13626 6 2 302 3 6398 6689 6776 6399 6690 6777
13627 6 2 302 3 6399 6690 6777 6400 6691 6778
13628 6 2 302 3 6400 6691 6778 3718 3815 3844
13629 6 2 302 3 1708 1696 1711 6665 6629 6674
13630 6 2 302 3 6665 6629 6674 6666 6630 6675
13631 6 2 302 3 6666 6630 6675 6667 6631 6676
13632 6 2 302 3 6667 6631 6676 3807 3795 3810
13633 6 2 302 3 1728 1642 1761 6725 6467 6824
13634 6 2 302 3 6725 6467 6824 6726 6468 6825
13635 6 2 302 3 6726 6468 6825 6727 6469 6826
13636 6 2 302 3 6727 6469 6826 3827 3741 3860
13637 6 2 302 3 1725 1685 1726 6716 6596 6719
13638 6 2 302 3 6716 6596 6719 6717 6597 6720
13639 6 2 302 3 6717 6597 6720 6718 6598 6721
13640 6 2 302 3 6718 6598 6721 3824 3784 3825
13641 6 2 302 3 1691 1622 1709 6614 6407 6668
13642 6 2 302 3 6614 6407 6668 6615 6408 6669
13643 6 2 302 3 6615 6408 6669 6616 6409 6670
13644 6 2 302 3 6616 6409 6670 3790 3721 3808
13645 6 2 302 3 260 259 1691 3680 3677 6614
13646 6 2 302 3 3680 3677 6614 3681 3678 6615
13647 6 2 302 3 3681 3678 6615 3682 3679 6616
13648 6 2 302 3 3682 3679 6616 763 762 3790
13649 6 2 302 3 1621 1669 1710 6404 6548 6671
13650 6 2 302 3 6404 6548 6671 6405 6549 6672
13651 6 2 302 3 6405 6549 6672 6406 6550 6673
13652 6 2 302 3 6406 6550 6673 3720 3768 3809
13653 6 2 302 3 237 236 1669 3611 3608 6548
13654 6 2 302 3 3611 3608 6548 3612 3609 6549
13655 6 2 302 3 3612 3609 6549 3613 3610 6550
13656 6 2 302 3 3613 3610 6550 740 739 3768
13657 6 2 302 3 1745 1716 1759 6776 6689 6818
13658 6 2 302 3 6776 6689 6818 6777 6690 6819
13659 6 2 302 3 6777 6690 6819 6778 6691 6820
13660 6 2 302 3 6778 6691 6820 3844 3815 3858
13661 6 2 302 3 1671 1634 1672 6554 6443 6557
13662 6 2 302 3 6554 6443 6557 6555 6444 6558
13663 6 2 302 3 6555 6444 6558 6556 6445 6559
13664 6 2 302 3 6556 6445 6559 3770 3733 3771
13665 6 2 302 3 261 1634 1671 3683 6443 6554
13666 6 2 302 3 3683 6443 6554 3684 6444 6555
13667 6 2 302 3 3684 6444 6555 3685 6445 6556
13668 6 2 302 3 3685 6445 6556 764 3733 3770
13669 6 2 302 3 1672 1687 1732 6557 6602 6737
13670 6 2 302 3 6557 6602 6737 6558 6603 6738
13671 6 2 302 3 6558 6603 6738 6559 6604 6739
13672 6 2 302 3 6559 6604 6739 3771 3786 3831
13673 6 2 302 3 380 1757 1773 3557 6812 6860
13674 6 2 302 3 3557 6812 6860 3558 6813 6861
13675 6 2 302 3 3558 6813 6861 3559 6814 6862
13676 6 2 302 3 3559 6814 6862 722 3856 3872
13677 6 2 302 3 1756 357 1772 6809 3488 6857
13678 6 2 302 3 6809 3488 6857 6810 3489 6858
13679 6 2 302 3 6810 3489 6858 6811 3490 6859
13680 6 2 302 3 6811 3490 6859 3855 699 3871
13681 6 2 302 3 257 1627 1693 3671 6422 6620
13682 6 2 302 3 3671 6422 6620 3672 6423 6621
13683 6 2 302 3 3672 6423 6621 3673 6424 6622
13684 6 2 302 3 3673 6424 6622 760 3726 3792
13685 6 2 302 3 1628 239 1692 6425 3617 6617
13686 6 2 302 3 6425 3617 6617 6426 3618 6618
13687 6 2 302 3 6426 3618 6618 6427 3619 6619
13688 6 2 302 3 6427 3619 6619 3727 742 3791
13689 6 2 302 3 1687 1635 1732 6602 6446 6737
13690 6 2 302 3 6602 6446 6737 6603 6447 6738
13691 6 2 302 3 6603 6447 6738 6604 6448 6739
13692 6 2 302 3 6604 6448 6739 3786 3734 3831
13693 6 2 302 3 1670 1671 1732 6551 6554 6737
13694 6 2 302 3 6551 6554 6737 6552 6555 6738
13695 6 2 302 3 6552 6555 6738 6553 6556 6739
13696 6 2 302 3 6553 6556 6739 3769 3770 3831
13697 6 2 302 3 1700 253 1702 6641 3659 6647
13698 6 2 302 3 6641 3659 6647 6642 3660 6648
13699 6 2 302 3 6642 3660 6648 6643 3661 6649
13700 6 2 302 3 6643 3661 6649 3799 756 3801
13701 6 2 302 3 1757 230 1773 6812 3590 6860
13702 6 2 302 3 6812 3590 6860 6813 3591 6861
13703 6 2 302 3 6813 3591 6861 6814 3592 6862
13704 6 2 302 3 6814 3592 6862 3856 733 3872
13705 6 2 302 3 266 1756 1772 3698 6809 6857
13706 6 2 302 3 3698 6809 6857 3699 6810 6858
13707 6 2 302 3 3699 6810 6858 3700 6811 6859
13708 6 2 302 3 3700 6811 6859 769 3855 3871
13709 6 2 302 3 1679 1681 1726 6578 6584 6719
13710 6 2 302 3 6578 6584 6719 6579 6585 6720
13711 6 2 302 3 6579 6585 6720 6580 6586 6721
13712 6 2 302 3 6580 6586 6721 3778 3780 3825
13713 6 2 302 3 1628 1708 1711 6425 6665 6674
13714 6 2 302 3 6425 6665 6674 6426 6666 6675
13715 6 2 302 3 6426 6666 6675 6427 6667 6676
13716 6 2 302 3 6427 6667 6676 3727 3807 3810
13717 6 2 302 3 1696 1708 1765 6629 6665 6836
13718 6 2 302 3 6629 6665 6836 6630 6666 6837
13719 6 2 302 3 6630 6666 6837 6631 6667 6838
13720 6 2 302 3 6631 6667 6838 3795 3807 3864
13721 6 2 302 3 235 234 1651 3605 3602 6494
13722 6 2 302 3 3605 3602 6494 3606 3603 6495
13723 6 2 302 3 3606 3603 6495 3607 3604 6496
13724 6 2 302 3 3607 3604 6496 738 737 3750
13725 6 2 302 3 1636 1668 1734 6449 6545 6743
13726 6 2 302 3 6449 6545 6743 6450 6546 6744
13727 6 2 302 3 6450 6546 6744 6451 6547 6745
13728 6 2 302 3 6451 6547 6745 3735 3767 3833
13729 6 2 302 3 1685 1679 1726 6596 6578 6719
13730 6 2 302 3 6596 6578 6719 6597 6579 6720
13731 6 2 302 3 6597 6579 6720 6598 6580 6721
13732 6 2 302 3 6598 6580 6721 3784 3778 3825
13733 6 2 302 3 1702 1703 1739 6647 6650 6758
13734 6 2 302 3 6647 6650 6758 6648 6651 6759
13735 6 2 302 3 6648 6651 6759 6649 6652 6760
13736 6 2 302 3 6649 6652 6760 3801 3802 3838
13737 6 2 302 3 244 243 1698 3632 3629 6635
13738 6 2 302 3 3632 3629 6635 3633 3630 6636
13739 6 2 302 3 3633 3630 6636 3634 3631 6637
13740 6 2 302 3 3634 3631 6637 747 746 3797
13741 6 2 302 3 1689 1705 1767 6608 6656 6842
13742 6 2 302 3 6608 6656 6842 6609 6657 6843
13743 6 2 302 3 6609 6657 6843 6610 6658 6844
13744 6 2 302 3 6610 6658 6844 3788 3804 3866
13745 6 2 302 3 1641 1725 1735 6464 6716 6746
13746 6 2 302 3 6464 6716 6746 6465 6717 6747
13747 6 2 302 3 6465 6717 6747 6466 6718 6748
13748 6 2 302 3 6466 6718 6748 3740 3824 3834
13749 6 2 302 3 1759 1629 1777 6818 6428 6872
13750 6 2 302 3 6818 6428 6872 6819 6429 6873
13751 6 2 302 3 6819 6429 6873 6820 6430 6874
13752 6 2 302 3 6820 6430 6874 3858 3728 3876
13753 6 2 302 3 1716 1629 1759 6689 6428 6818
13754 6 2 302 3 6689 6428 6818 6690 6429 6819
13755 6 2 302 3 6690 6429 6819 6691 6430 6820
13756 6 2 302 3 6691 6430 6820 3815 3728 3858
13757 6 2 302 3 1696 1631 1711 6629 6434 6674
13758 6 2 302 3 6629 6434 6674 6630 6435 6675
13759 6 2 302 3 6630 6435 6675 6631 6436 6676
13760 6 2 302 3 6631 6436 6676 3795 3730 3810
13761 6 2 302 3 248 1704 1744 3644 6653 6773
13762 6 2 302 3 3644 6653 6773 3645 6654 6774
13763 6 2 302 3 3645 6654 6774 3646 6655 6775
13764 6 2 302 3 3646 6655 6775 751 3803 3843
13765 6 2 302 3 1668 1652 1734 6545 6497 6743
13766 6 2 302 3 6545 6497 6743 6546 6498 6744
13767 6 2 302 3 6546 6498 6744 6547 6499 6745
13768 6 2 302 3 6547 6499 6745 3767 3751 3833
13769 6 2 302 3 234 1650 1651 3602 6491 6494
13770 6 2 302 3 3602 6491 6494 3603 6492 6495
13771 6 2 302 3 3603 6492 6495 3604 6493 6496
13772 6 2 302 3 3604 6493 6496 737 3749 3750
13773 6 2 302 3 1693 1627 1749 6620 6422 6788
13774 6 2 302 3 6620 6422 6788 6621 6423 6789
13775 6 2 302 3 6621 6423 6789 6622 6424 6790
13776 6 2 302 3 6622 6424 6790 3792 3726 3848
13777 6 2 302 3 1701 1700 1739 6644 6641 6758
13778 6 2 302 3 6644 6641 6758 6645 6642 6759
13779 6 2 302 3 6645 6642 6759 6646 6643 6760
13780 6 2 302 3 6646 6643 6760 3800 3799 3838
13781 6 2 302 3 1646 1670 1713 6479 6551 6680
13782 6 2 302 3 6479 6551 6680 6480 6552 6681
13783 6 2 302 3 6480 6552 6681 6481 6553 6682
13784 6 2 302 3 6481 6553 6682 3745 3769 3812
13785 6 2 302 3 243 1694 1698 3629 6623 6635
13786 6 2 302 3 3629 6623 6635 3630 6624 6636
13787 6 2 302 3 3630 6624 6636 3631 6625 6637
13788 6 2 302 3 3631 6625 6637 746 3793 3797
13789 6 2 302 3 1632 1700 1701 6437 6641 6644
13790 6 2 302 3 6437 6641 6644 6438 6642 6645
13791 6 2 302 3 6438 6642 6645 6439 6643 6646
13792 6 2 302 3 6439 6643 6646 3731 3799 3800
13793 6 2 302 3 1668 1636 1764 6545 6449 6833
13794 6 2 302 3 6545 6449 6833 6546 6450 6834
13795 6 2 302 3 6546 6450 6834 6547 6451 6835
13796 6 2 302 3 6547 6451 6835 3767 3735 3863
13797 6 2 302 3 1719 1760 1761 6698 6821 6824
13798 6 2 302 3 6698 6821 6824 6699 6822 6825
13799 6 2 302 3 6699 6822 6825 6700 6823 6826
13800 6 2 302 3 6700 6823 6826 3818 3859 3860
13801 6 2 302 3 1634 260 1691 6443 3680 6614
13802 6 2 302 3 6443 3680 6614 6444 3681 6615
13803 6 2 302 3 6444 3681 6615 6445 3682 6616
13804 6 2 302 3 6445 3682 6616 3733 763 3790
13805 6 2 302 3 1633 1652 1653 6440 6497 6500
13806 6 2 302 3 6440 6497 6500 6441 6498 6501
13807 6 2 302 3 6441 6498 6501 6442 6499 6502
13808 6 2 302 3 6442 6499 6502 3732 3751 3752
13809 6 2 302 3 1640 1699 1781 6461 6638 6884
13810 6 2 302 3 6461 6638 6884 6462 6639 6885
13811 6 2 302 3 6462 6639 6885 6463 6640 6886
13812 6 2 302 3 6463 6640 6886 3739 3798 3880
13813 6 2 302 3 236 1633 1669 3608 6440 6548
13814 6 2 302 3 3608 6440 6548 3609 6441 6549
13815 6 2 302 3 3609 6441 6549 3610 6442 6550
13816 6 2 302 3 3610 6442 6550 739 3732 3768
13817 6 2 302 3 1645 232 1706 6476 3596 6659
13818 6 2 302 3 6476 3596 6659 6477 3597 6660
13819 6 2 302 3 6477 3597 6660 6478 3598 6661
13820 6 2 302 3 6478 3598 6661 3744 735 3805
13821 6 2 302 3 264 1646 1707 3692 6479 6662
13822 6 2 302 3 3692 6479 6662 3693 6480 6663
13823 6 2 302 3 3693 6480 6663 3694 6481 6664
13824 6 2 302 3 3694 6481 6664 767 3745 3806
13825 6 2 302 3 1646 263 1670 6479 3689 6551
13826 6 2 302 3 6479 3689 6551 6480 3690 6552
13827 6 2 302 3 6480 3690 6552 6481 3691 6553
13828 6 2 302 3 6481 3691 6553 3745 766 3769
13829 6 2 302 3 234 233 1650 3602 3599 6491
13830 6 2 302 3 3602 3599 6491 3603 3600 6492
13831 6 2 302 3 3603 3600 6492 3604 3601 6493
13832 6 2 302 3 3604 3601 6493 737 736 3749
13833 6 2 302 3 262 261 1671 3686 3683 6554
13834 6 2 302 3 3686 3683 6554 3687 3684 6555
13835 6 2 302 3 3687 3684 6555 3688 3685 6556
13836 6 2 302 3 3688 3685 6556 765 764 3770
13837 6 2 302 3 258 257 1693 3674 3671 6620
13838 6 2 302 3 3674 3671 6620 3675 3672 6621
13839 6 2 302 3 3675 3672 6621 3676 3673 6622
13840 6 2 302 3 3676 3673 6622 761 760 3792
13841 6 2 302 3 239 238 1692 3617 3614 6617
13842 6 2 302 3 3617 3614 6617 3618 3615 6618
13843 6 2 302 3 3618 3615 6618 3619 3616 6619
13844 6 2 302 3 3619 3616 6619 742 741 3791
13845 6 2 302 3 1628 1692 1754 6425 6617 6803
13846 6 2 302 3 6425 6617 6803 6426 6618 6804
13847 6 2 302 3 6426 6618 6804 6427 6619 6805
13848 6 2 302 3 6427 6619 6805 3727 3791 3853
13849 6 2 302 3 243 242 1694 3629 3626 6623
13850 6 2 302 3 3629 3626 6623 3630 3627 6624
13851 6 2 302 3 3630 3627 6624 3631 3628 6625
13852 6 2 302 3 3631 3628 6625 746 745 3793
13853 6 2 302 3 253 252 1702 3659 3656 6647
13854 6 2 302 3 3659 3656 6647 3660 3657 6648
13855 6 2 302 3 3660 3657 6648 3661 3658 6649
13856 6 2 302 3 3661 3658 6649 756 755 3801
13857 6 2 302 3 248 247 1704 3644 3641 6653
13858 6 2 302 3 3644 3641 6653 3645 3642 6654
13859 6 2 302 3 3645 3642 6654 3646 3643 6655
13860 6 2 302 3 3646 3643 6655 751 750 3803
13861 6 2 302 3 255 1632 1705 3665 6437 6656
13862 6 2 302 3 3665 6437 6656 3666 6438 6657
13863 6 2 302 3 3666 6438 6657 3667 6439 6658
13864 6 2 302 3 3667 6439 6658 758 3731 3804
13865 6 2 302 3 1631 241 1711 6434 3623 6674
13866 6 2 302 3 6434 3623 6674 6435 3624 6675
13867 6 2 302 3 6435 3624 6675 6436 3625 6676
13868 6 2 302 3 6436 3625 6676 3730 744 3810
13869 6 2 302 3 1627 256 1705 6422 3668 6656
13870 6 2 302 3 6422 3668 6656 6423 3669 6657
13871 6 2 302 3 6423 3669 6657 6424 3670 6658
13872 6 2 302 3 6424 3670 6658 3726 759 3804
13873 6 2 302 3 240 1628 1711 3620 6425 6674
13874 6 2 302 3 3620 6425 6674 3621 6426 6675
13875 6 2 302 3 3621 6426 6675 3622 6427 6676
13876 6 2 302 3 3622 6427 6676 743 3727 3810
13877 6 2 302 3 1635 1687 1768 6446 6602 6845
13878 6 2 302 3 6446 6602 6845 6447 6603 6846
13879 6 2 302 3 6447 6603 6846 6448 6604 6847
13880 6 2 302 3 6448 6604 6847 3734 3786 3867
13881 6 2 302 3 1632 254 1700 6437 3662 6641
13882 6 2 302 3 6437 3662 6641 6438 3663 6642
13883 6 2 302 3 6438 3663 6642 6439 3664 6643
13884 6 2 302 3 6439 3664 6643 3731 757 3799
13885 6 2 302 3 1627 1689 1749 6422 6608 6788
13886 6 2 302 3 6422 6608 6788 6423 6609 6789
13887 6 2 302 3 6423 6609 6789 6424 6610 6790
13888 6 2 302 3 6424 6610 6790 3726 3788 3848
13889 6 2 302 3 1672 1634 1673 6557 6443 6560
13890 6 2 302 3 6557 6443 6560 6558 6444 6561
13891 6 2 302 3 6558 6444 6561 6559 6445 6562
13892 6 2 302 3 6559 6445 6562 3771 3733 3772
13893 6 2 302 3 245 1640 1715 3635 6461 6686
13894 6 2 302 3 3635 6461 6686 3636 6462 6687
13895 6 2 302 3 3636 6462 6687 3637 6463 6688
13896 6 2 302 3 3637 6463 6688 748 3739 3814
13897 6 2 302 3 1639 251 1714 6458 3653 6683
13898 6 2 302 3 6458 3653 6683 6459 3654 6684
13899 6 2 302 3 6459 3654 6684 6460 3655 6685
13900 6 2 302 3 6460 3655 6685 3738 754 3813
13901 6 2 302 3 1646 1713 1752 6479 6680 6797
13902 6 2 302 3 6479 6680 6797 6480 6681 6798
13903 6 2 302 3 6480 6681 6798 6481 6682 6799
13904 6 2 302 3 6481 6682 6799 3745 3812 3851
13905 6 2 302 3 1643 246 1715 6470 3638 6686
13906 6 2 302 3 6470 3638 6686 6471 3639 6687
13907 6 2 302 3 6471 3639 6687 6472 3640 6688
13908 6 2 302 3 6472 3640 6688 3742 749 3814
13909 6 2 302 3 250 1644 1714 3650 6473 6683
13910 6 2 302 3 3650 6473 6683 3651 6474 6684
13911 6 2 302 3 3651 6474 6684 3652 6475 6685
13912 6 2 302 3 3652 6475 6685 753 3743 3813
13913 6 2 302 3 1690 1689 1767 6611 6608 6842
13914 6 2 302 3 6611 6608 6842 6612 6609 6843
13915 6 2 302 3 6612 6609 6843 6613 6610 6844
13916 6 2 302 3 6613 6610 6844 3789 3788 3866
13917 6 2 302 3 1708 1667 1765 6665 6542 6836
13918 6 2 302 3 6665 6542 6836 6666 6543 6837
13919 6 2 302 3 6666 6543 6837 6667 6544 6838
13920 6 2 302 3 6667 6544 6838 3807 3766 3864
13921 6 2 302 3 1699 1731 1781 6638 6734 6884
13922 6 2 302 3 6638 6734 6884 6639 6735 6885
13923 6 2 302 3 6639 6735 6885 6640 6736 6886
13924 6 2 302 3 6640 6736 6886 3798 3830 3880
13925 6 2 302 3 1695 1697 1778 6626 6632 6875
13926 6 2 302 3 6626 6632 6875 6627 6633 6876
13927 6 2 302 3 6627 6633 6876 6628 6634 6877
13928 6 2 302 3 6628 6634 6877 3794 3796 3877
13929 6 2 302 3 1697 1729 1778 6632 6728 6875
13930 6 2 302 3 6632 6728 6875 6633 6729 6876
13931 6 2 302 3 6633 6729 6876 6634 6730 6877
13932 6 2 302 3 6634 6730 6877 3796 3828 3877
13933 6 2 302 3 1685 1725 1774 6596 6716 6863
13934 6 2 302 3 6596 6716 6863 6597 6717 6864
13935 6 2 302 3 6597 6717 6864 6598 6718 6865
13936 6 2 302 3 6598 6718 6865 3784 3824 3873
13937 6 2 302 3 1700 1702 1739 6641 6647 6758
13938 6 2 302 3 6641 6647 6758 6642 6648 6759
13939 6 2 302 3 6642 6648 6759 6643 6649 6760
13940 6 2 302 3 6643 6649 6760 3799 3801 3838
13941 6 2 302 3 1653 1652 1654 6500 6497 6503
13942 6 2 302 3 6500 6497 6503 6501 6498 6504
13943 6 2 302 3 6501 6498 6504 6502 6499 6505
13944 6 2 302 3 6502 6499 6505 3752 3751 3753
13945 6 2 302 3 1632 1701 1767 6437 6644 6842
13946 6 2 302 3 6437 6644 6842 6438 6645 6843
13947 6 2 302 3 6438 6645 6843 6439 6646 6844
13948 6 2 302 3 6439 6646 6844 3731 3800 3866
13949 6 2 302 3 1633 1653 1669 6440 6500 6548
13950 6 2 302 3 6440 6500 6548 6441 6501 6549
13951 6 2 302 3 6441 6501 6549 6442 6502 6550
13952 6 2 302 3 6442 6502 6550 3732 3752 3768
13953 6 2 302 3 1672 1673 1674 6557 6560 6563
13954 6 2 302 3 6557 6560 6563 6558 6561 6564
13955 6 2 302 3 6558 6561 6564 6559 6562 6565
13956 6 2 302 3 6559 6562 6565 3771 3772 3773
13957 6 2 302 3 1735 1725 1777 6746 6716 6872
13958 6 2 302 3 6746 6716 6872 6747 6717 6873
13959 6 2 302 3 6747 6717 6873 6748 6718 6874
13960 6 2 302 3 6748 6718 6874 3834 3824 3876
13961 6 2 302 3 1630 1717 1718 6431 6692 6695
13962 6 2 302 3 6431 6692 6695 6432 6693 6696
13963 6 2 302 3 6432 6693 6696 6433 6694 6697
13964 6 2 302 3 6433 6694 6697 3729 3816 3817
13965 6 2 302 3 1630 1718 1719 6431 6695 6698
13966 6 2 302 3 6431 6695 6698 6432 6696 6699
13967 6 2 302 3 6432 6696 6699 6433 6697 6700
13968 6 2 302 3 6433 6697 6700 3729 3817 3818
13969 6 2 302 3 1630 116 1717 6431 2070 6692
13970 6 2 302 3 6431 2070 6692 6432 2071 6693
13971 6 2 302 3 6432 2071 6693 6433 2072 6694
13972 6 2 302 3 6433 2072 6694 3729 481 3816
13973 6 2 302 3 1673 1634 1691 6560 6443 6614
13974 6 2 302 3 6560 6443 6614 6561 6444 6615
13975 6 2 302 3 6561 6444 6615 6562 6445 6616
13976 6 2 302 3 6562 6445 6616 3772 3733 3790
13977 6 2 302 3 1619 93 1716 6398 2001 6689
13978 6 2 302 3 6398 2001 6689 6399 2002 6690
13979 6 2 302 3 6399 2002 6690 6400 2003 6691
13980 6 2 302 3 6400 2003 6691 3718 458 3815
13981 6 2 302 3 96 1625 1722 2010 6416 6707
13982 6 2 302 3 2010 6416 6707 2011 6417 6708
13983 6 2 302 3 2011 6417 6708 2012 6418 6709
13984 6 2 302 3 2012 6418 6709 461 3724 3821
13985 6 2 302 3 1637 98 1721 6452 2016 6704
13986 6 2 302 3 6452 2016 6704 6453 2017 6705
13987 6 2 302 3 6453 2017 6705 6454 2018 6706
13988 6 2 302 3 6454 2018 6706 3736 463 3820
13989 6 2 302 3 1620 114 1720 6401 2064 6701
13990 6 2 302 3 6401 2064 6701 6402 2065 6702
13991 6 2 302 3 6402 2065 6702 6403 2066 6703
13992 6 2 302 3 6403 2066 6703 3719 479 3819
13993 6 2 302 3 92 91 1629 1998 1995 6428
13994 6 2 302 3 1998 1995 6428 1999 1996 6429
13995 6 2 302 3 1999 1996 6429 2000 1997 6430
13996 6 2 302 3 2000 1997 6430 457 456 3728
13997 6 2 302 3 117 116 1630 2073 2070 6431
13998 6 2 302 3 2073 2070 6431 2074 2071 6432
13999 6 2 302 3 2074 2071 6432 2075 2072 6433
14000 6 2 302 3 2075 2072 6433 482 481 3729
14001 6 2 302 3 92 1629 1716 1998 6428 6689
14002 6 2 302 3 1998 6428 6689 1999 6429 6690
14003 6 2 302 3 1999 6429 6690 2000 6430 6691
14004 6 2 302 3 2000 6430 6691 457 3728 3815
14005 6 2 302 3 104 103 1647 2034 2031 6482
14006 6 2 302 3 2034 2031 6482 2035 2032 6483
14007 6 2 302 3 2035 2032 6483 2036 2033 6484
14008 6 2 302 3 2036 2033 6484 469 468 3746
14009 6 2 302 3 102 101 1649 2028 2025 6488
14010 6 2 302 3 2028 2025 6488 2029 2026 6489
14011 6 2 302 3 2029 2026 6489 2030 2027 6490
14012 6 2 302 3 2030 2027 6490 467 466 3748
14013 6 2 302 3 107 106 1648 2043 2040 6485
14014 6 2 302 3 2043 2040 6485 2044 2041 6486
14015 6 2 302 3 2044 2041 6486 2045 2042 6487
14016 6 2 302 3 2045 2042 6487 472 471 3747
14017 6 2 302 3 115 1620 1717 2067 6401 6692
14018 6 2 302 3 2067 6401 6692 2068 6402 6693
14019 6 2 302 3 2068 6402 6693 2069 6403 6694
14020 6 2 302 3 2069 6403 6694 480 3719 3816
14021 6 2 302 3 1650 1645 1712 6491 6476 6677
14022 6 2 302 3 6491 6476 6677 6492 6477 6678
14023 6 2 302 3 6492 6477 6678 6493 6478 6679
14024 6 2 302 3 6493 6478 6679 3749 3744 3811
14025 6 2 302 3 1721 97 1722 6704 2013 6707
14026 6 2 302 3 6704 2013 6707 6705 2014 6708
14027 6 2 302 3 6705 2014 6708 6706 2015 6709
14028 6 2 302 3 6706 2015 6709 3820 462 3821
14029 6 2 302 3 98 97 1721 2016 2013 6704
14030 6 2 302 3 2016 2013 6704 2017 2014 6705
14031 6 2 302 3 2017 2014 6705 2018 2015 6706
14032 6 2 302 3 2018 2015 6706 463 462 3820
14033 6 2 302 3 232 231 1706 3596 3593 6659
14034 6 2 302 3 3596 3593 6659 3597 3594 6660
14035 6 2 302 3 3597 3594 6660 3598 3595 6661
14036 6 2 302 3 3598 3595 6661 735 734 3805
14037 6 2 302 3 265 264 1707 3695 3692 6662
14038 6 2 302 3 3695 3692 6662 3696 3693 6663
14039 6 2 302 3 3696 3693 6663 3697 3694 6664
14040 6 2 302 3 3697 3694 6664 768 767 3806
14041 6 2 302 3 99 98 1637 2019 2016 6452
14042 6 2 302 3 2019 2016 6452 2020 2017 6453
14043 6 2 302 3 2020 2017 6453 2021 2018 6454
14044 6 2 302 3 2021 2018 6454 464 463 3736
14045 6 2 302 3 110 109 1638 2052 2049 6455
14046 6 2 302 3 2052 2049 6455 2053 2050 6456
14047 6 2 302 3 2053 2050 6456 2054 2051 6457
14048 6 2 302 3 2054 2051 6457 475 474 3737
14049 6 2 302 3 113 1626 1720 2061 6419 6701
14050 6 2 302 3 2061 6419 6701 2062 6420 6702
14051 6 2 302 3 2062 6420 6702 2063 6421 6703
14052 6 2 302 3 2063 6421 6703 478 3725 3819
14053 6 2 302 3 233 1645 1650 3599 6476 6491
14054 6 2 302 3 3599 6476 6491 3600 6477 6492
14055 6 2 302 3 3600 6477 6492 3601 6478 6493
14056 6 2 302 3 3601 6478 6493 736 3744 3749
14057 6 2 302 3 116 115 1717 2070 2067 6692
14058 6 2 302 3 2070 2067 6692 2071 2068 6693
14059 6 2 302 3 2071 2068 6693 2072 2069 6694
14060 6 2 302 3 2072 2069 6694 481 480 3816
14061 6 2 302 3 96 95 1625 2010 2007 6416
14062 6 2 302 3 2010 2007 6416 2011 2008 6417
14063 6 2 302 3 2011 2008 6417 2012 2009 6418
14064 6 2 302 3 2012 2009 6418 461 460 3724
14065 6 2 302 3 113 112 1626 2061 2058 6419
14066 6 2 302 3 2061 2058 6419 2062 2059 6420
14067 6 2 302 3 2062 2059 6420 2063 2060 6421
14068 6 2 302 3 2063 2060 6421 478 477 3725
14069 6 2 302 3 233 232 1645 3599 3596 6476
14070 6 2 302 3 3599 3596 6476 3600 3597 6477
14071 6 2 302 3 3600 3597 6477 3601 3598 6478
14072 6 2 302 3 3601 3598 6478 736 735 3744
14073 6 2 302 3 264 263 1646 3692 3689 6479
14074 6 2 302 3 3692 3689 6479 3693 3690 6480
14075 6 2 302 3 3693 3690 6480 3694 3691 6481
14076 6 2 302 3 3694 3691 6481 767 766 3745
14077 6 2 302 3 1653 1654 1655 6500 6503 6506
14078 6 2 302 3 6500 6503 6506 6501 6504 6507
14079 6 2 302 3 6501 6504 6507 6502 6505 6508
14080 6 2 302 3 6502 6505 6508 3752 3753 3754
14081 6 2 302 3 1670 262 1671 6551 3686 6554
14082 6 2 302 3 6551 3686 6554 6552 3687 6555
14083 6 2 302 3 6552 3687 6555 6553 3688 6556
14084 6 2 302 3 6553 3688 6556 3769 765 3770
14085 6 2 302 3 94 93 1619 2004 2001 6398
14086 6 2 302 3 2004 2001 6398 2005 2002 6399
14087 6 2 302 3 2005 2002 6399 2006 2003 6400
14088 6 2 302 3 2006 2003 6400 459 458 3718
14089 6 2 302 3 115 114 1620 2067 2064 6401
14090 6 2 302 3 2067 2064 6401 2068 2065 6402
14091 6 2 302 3 2068 2065 6402 2069 2066 6403
14092 6 2 302 3 2069 2066 6403 480 479 3719
14093 6 2 302 3 263 262 1670 3689 3686 6551
14094 6 2 302 3 3689 3686 6551 3690 3687 6552
14095 6 2 302 3 3690 3687 6552 3691 3688 6553
14096 6 2 302 3 3691 3688 6553 766 765 3769
14097 6 2 302 3 97 96 1722 2013 2010 6707
14098 6 2 302 3 2013 2010 6707 2014 2011 6708
14099 6 2 302 3 2014 2011 6708 2015 2012 6709
14100 6 2 302 3 2015 2012 6709 462 461 3821
14101 6 2 302 3 93 92 1716 2001 1998 6689
14102 6 2 302 3 2001 1998 6689 2002 1999 6690
14103 6 2 302 3 2002 1999 6690 2003 2000 6691
14104 6 2 302 3 2003 2000 6691 458 457 3815
14105 6 2 302 3 1664 1667 1708 6533 6542 6665
14106 6 2 302 3 6533 6542 6665 6534 6543 6666
14107 6 2 302 3 6534 6543 6666 6535 6544 6667
14108 6 2 302 3 6535 6544 6667 3763 3766 3807
14109 6 2 302 3 1688 1684 1689 6605 6593 6608
14110 6 2 302 3 6605 6593 6608 6606 6594 6609
14111 6 2 302 3 6606 6594 6609 6607 6595 6610
14112 6 2 302 3 6607 6595 6610 3787 3783 3788
14113 6 2 302 3 1674 1673 1675 6563 6560 6566
14114 6 2 302 3 6563 6560 6566 6564 6561 6567
14115 6 2 302 3 6564 6561 6567 6565 6562 6568
14116 6 2 302 3 6565 6562 6568 3773 3772 3774
14117 6 2 302 3 114 113 1720 2064 2061 6701
14118 6 2 302 3 2064 2061 6701 2065 2062 6702
14119 6 2 302 3 2065 2062 6702 2066 2063 6703
14120 6 2 302 3 2066 2063 6703 479 478 3819
14121 6 2 302 3 236 235 1633 3608 3605 6440
14122 6 2 302 3 3608 3605 6440 3609 3606 6441
14123 6 2 302 3 3609 3606 6441 3610 3607 6442
14124 6 2 302 3 3610 3607 6442 739 738 3732
14125 6 2 302 3 261 260 1634 3683 3680 6443
14126 6 2 302 3 3683 3680 6443 3684 3681 6444
14127 6 2 302 3 3684 3681 6444 3685 3682 6445
14128 6 2 302 3 3685 3682 6445 764 763 3733
14129 6 2 302 3 1655 1654 1656 6506 6503 6509
14130 6 2 302 3 6506 6503 6509 6507 6504 6510
14131 6 2 302 3 6507 6504 6510 6508 6505 6511
14132 6 2 302 3 6508 6505 6511 3754 3753 3755
14133 6 2 302 3 259 258 1622 3677 3674 6407
14134 6 2 302 3 3677 3674 6407 3678 3675 6408
14135 6 2 302 3 3678 3675 6408 3679 3676 6409
14136 6 2 302 3 3679 3676 6409 762 761 3721
14137 6 2 302 3 238 237 1621 3614 3611 6404
14138 6 2 302 3 3614 3611 6404 3615 3612 6405
14139 6 2 302 3 3615 3612 6405 3616 3613 6406
14140 6 2 302 3 3616 3613 6406 741 740 3720
14141 6 2 302 3 1674 1675 1676 6563 6566 6569
14142 6 2 302 3 6563 6566 6569 6564 6567 6570
14143 6 2 302 3 6564 6567 6570 6565 6568 6571
14144 6 2 302 3 6565 6568 6571 3773 3774 3775
14145 6 2 302 3 1660 1662 1663 6521 6527 6530
14146 6 2 302 3 6521 6527 6530 6522 6528 6531
14147 6 2 302 3 6522 6528 6531 6523 6529 6532
14148 6 2 302 3 6523 6529 6532 3759 3761 3762
14149 6 2 302 3 1682 1680 1683 6587 6581 6590
14150 6 2 302 3 6587 6581 6590 6588 6582 6591
14151 6 2 302 3 6588 6582 6591 6589 6583 6592
14152 6 2 302 3 6589 6583 6592 3781 3779 3782
14153 6 2 302 3 1688 1689 1690 6605 6608 6611
14154 6 2 302 3 6605 6608 6611 6606 6609 6612
14155 6 2 302 3 6606 6609 6612 6607 6610 6613
14156 6 2 302 3 6607 6610 6613 3787 3788 3789
14157 6 2 302 3 1625 95 1730 6416 2007 6731
14158 6 2 302 3 6416 2007 6731 6417 2008 6732
14159 6 2 302 3 6417 2008 6732 6418 2009 6733
14160 6 2 302 3 6418 2009 6733 3724 460 3829
14161 6 2 302 3 94 1619 1730 2004 6398 6731
14162 6 2 302 3 2004 6398 6731 2005 6399 6732
14163 6 2 302 3 2005 6399 6732 2006 6400 6733
14164 6 2 302 3 2006 6400 6733 459 3718 3829
14165 6 2 302 3 1622 258 1693 6407 3674 6620
14166 6 2 302 3 6407 3674 6620 6408 3675 6621
14167 6 2 302 3 6408 3675 6621 6409 3676 6622
14168 6 2 302 3 6409 3676 6622 3721 761 3792
14169 6 2 302 3 238 1621 1692 3614 6404 6617
14170 6 2 302 3 3614 6404 6617 3615 6405 6618
14171 6 2 302 3 3615 6405 6618 3616 6406 6619
14172 6 2 302 3 3616 6406 6619 741 3720 3791
14173 6 2 302 3 1677 1679 1685 6572 6578 6596
14174 6 2 302 3 6572 6578 6596 6573 6579 6597
14175 6 2 302 3 6573 6579 6597 6574 6580 6598
14176 6 2 302 3 6574 6580 6598 3776 3778 3784
14177 6 2 302 3 1659 1657 1665 6518 6512 6536
14178 6 2 302 3 6518 6512 6536 6519 6513 6537
14179 6 2 302 3 6519 6513 6537 6520 6514 6538
14180 6 2 302 3 6520 6514 6538 3758 3756 3764
14181 6 2 302 3 111 110 1729 2055 2052 6728
14182 6 2 302 3 2055 2052 6728 2056 2053 6729
14183 6 2 302 3 2056 2053 6729 2057 2054 6730
14184 6 2 302 3 2057 2054 6730 476 475 3828
14185 6 2 302 3 1663 1662 1664 6530 6527 6533
14186 6 2 302 3 6530 6527 6533 6531 6528 6534
14187 6 2 302 3 6531 6528 6534 6532 6529 6535
14188 6 2 302 3 6532 6529 6535 3762 3761 3763
14189 6 2 302 3 364 363 1623 3509 3506 6410
14190 6 2 302 3 3509 3506 6410 3510 3507 6411
14191 6 2 302 3 3510 3507 6411 3511 3508 6412
14192 6 2 302 3 3511 3508 6412 706 705 3722
14193 6 2 302 3 374 373 1624 3539 3536 6413
14194 6 2 302 3 3539 3536 6413 3540 3537 6414
14195 6 2 302 3 3540 3537 6414 3541 3538 6415
14196 6 2 302 3 3541 3538 6415 716 715 3723
14197 6 2 302 3 365 364 1727 3512 3509 6722
14198 6 2 302 3 3512 3509 6722 3513 3510 6723
14199 6 2 302 3 3513 3510 6723 3514 3511 6724
14200 6 2 302 3 3514 3511 6724 707 706 3826
14201 6 2 302 3 373 372 1723 3536 3533 6710
14202 6 2 302 3 3536 3533 6710 3537 3534 6711
14203 6 2 302 3 3537 3534 6711 3538 3535 6712
14204 6 2 302 3 3538 3535 6712 715 714 3822
14205 6 2 302 3 366 365 1617 3515 3512 6392
14206 6 2 302 3 3515 3512 6392 3516 3513 6393
14207 6 2 302 3 3516 3513 6393 3517 3514 6394
14208 6 2 302 3 3517 3514 6394 708 707 3716
14209 6 2 302 3 372 371 1618 3533 3530 6395
14210 6 2 302 3 3533 3530 6395 3534 3531 6396
14211 6 2 302 3 3534 3531 6396 3535 3532 6397
14212 6 2 302 3 3535 3532 6397 714 713 3717
14213 6 2 302 3 1682 1683 1684 6587 6590 6593
14214 6 2 302 3 6587 6590 6593 6588 6591 6594
14215 6 2 302 3 6588 6591 6594 6589 6592 6595
14216 6 2 302 3 6589 6592 6595 3781 3782 3783
14217 6 2 302 3 110 1638 1729 2052 6455 6728
14218 6 2 302 3 2052 6455 6728 2053 6456 6729
14219 6 2 302 3 2053 6456 6729 2054 6457 6730
14220 6 2 302 3 2054 6457 6730 475 3737 3828
14221 6 2 302 3 362 361 1635 3503 3500 6446
14222 6 2 302 3 3503 3500 6446 3504 3501 6447
14223 6 2 302 3 3504 3501 6447 3505 3502 6448
14224 6 2 302 3 3505 3502 6448 704 703 3734
14225 6 2 302 3 376 375 1636 3545 3542 6449
14226 6 2 302 3 3545 3542 6449 3546 3543 6450
14227 6 2 302 3 3546 3543 6450 3547 3544 6451
14228 6 2 302 3 3547 3544 6451 718 717 3735
14229 6 2 302 3 256 255 1705 3668 3665 6656
14230 6 2 302 3 3668 3665 6656 3669 3666 6657
14231 6 2 302 3 3669 3666 6657 3670 3667 6658
14232 6 2 302 3 3670 3667 6658 759 758 3804
14233 6 2 302 3 241 240 1711 3623 3620 6674
14234 6 2 302 3 3623 3620 6674 3624 3621 6675
14235 6 2 302 3 3624 3621 6675 3625 3622 6676
14236 6 2 302 3 3625 3622 6676 744 743 3810
14237 6 2 302 3 242 241 1631 3626 3623 6434
14238 6 2 302 3 3626 3623 6434 3627 3624 6435
14239 6 2 302 3 3627 3624 6435 3628 3625 6436
14240 6 2 302 3 3628 3625 6436 745 744 3730
14241 6 2 302 3 255 254 1632 3665 3662 6437
14242 6 2 302 3 3665 3662 6437 3666 3663 6438
14243 6 2 302 3 3666 3663 6438 3667 3664 6439
14244 6 2 302 3 3667 3664 6439 758 757 3731
14245 6 2 302 3 1676 1675 1677 6569 6566 6572
14246 6 2 302 3 6569 6566 6572 6570 6567 6573
14247 6 2 302 3 6570 6567 6573 6571 6568 6574
14248 6 2 302 3 6571 6568 6574 3775 3774 3776
14249 6 2 302 3 240 239 1628 3620 3617 6425
14250 6 2 302 3 3620 3617 6425 3621 3618 6426
14251 6 2 302 3 3621 3618 6426 3622 3619 6427
14252 6 2 302 3 3622 3619 6427 743 742 3727
14253 6 2 302 3 257 256 1627 3671 3668 6422
14254 6 2 302 3 3671 3668 6422 3672 3669 6423
14255 6 2 302 3 3672 3669 6423 3673 3670 6424
14256 6 2 302 3 3673 3670 6424 760 759 3726
14257 6 2 302 3 1655 1656 1657 6506 6509 6512
14258 6 2 302 3 6506 6509 6512 6507 6510 6513
14259 6 2 302 3 6507 6510 6513 6508 6511 6514
14260 6 2 302 3 6508 6511 6514 3754 3755 3756
14261 6 2 302 3 364 1623 1727 3509 6410 6722
14262 6 2 302 3 3509 6410 6722 3510 6411 6723
14263 6 2 302 3 3510 6411 6723 3511 6412 6724
14264 6 2 302 3 3511 6412 6724 706 3722 3826
14265 6 2 302 3 1624 373 1723 6413 3536 6710
14266 6 2 302 3 6413 3536 6710 6414 3537 6711
14267 6 2 302 3 6414 3537 6711 6415 3538 6712
14268 6 2 302 3 6415 3538 6712 3723 715 3822
14269 6 2 302 3 1617 365 1727 6392 3512 6722
14270 6 2 302 3 6392 3512 6722 6393 3513 6723
14271 6 2 302 3 6393 3513 6723 6394 3514 6724
14272 6 2 302 3 6394 3514 6724 3716 707 3826
14273 6 2 302 3 372 1618 1723 3533 6395 6710
14274 6 2 302 3 3533 6395 6710 3534 6396 6711
14275 6 2 302 3 3534 6396 6711 3535 6397 6712
14276 6 2 302 3 3535 6397 6712 714 3717 3822
14277 6 2 302 3 1664 1666 1667 6533 6539 6542
14278 6 2 302 3 6533 6539 6542 6534 6540 6543
14279 6 2 302 3 6534 6540 6543 6535 6541 6544
14280 6 2 302 3 6535 6541 6544 3763 3765 3766
14281 6 2 302 3 1686 1684 1688 6599 6593 6605
14282 6 2 302 3 6599 6593 6605 6600 6594 6606
14283 6 2 302 3 6600 6594 6606 6601 6595 6607
14284 6 2 302 3 6601 6595 6607 3785 3783 3787
14285 6 2 302 3 254 253 1700 3662 3659 6641
14286 6 2 302 3 3662 3659 6641 3663 3660 6642
14287 6 2 302 3 3663 3660 6642 3664 3661 6643
14288 6 2 302 3 3664 3661 6643 757 756 3799
14289 6 2 302 3 367 366 1724 3518 3515 6713
14290 6 2 302 3 3518 3515 6713 3519 3516 6714
14291 6 2 302 3 3519 3516 6714 3520 3517 6715
14292 6 2 302 3 3520 3517 6715 709 708 3823
14293 6 2 302 3 371 370 1728 3530 3527 6725
14294 6 2 302 3 3530 3527 6725 3531 3528 6726
14295 6 2 302 3 3531 3528 6726 3532 3529 6727
14296 6 2 302 3 3532 3529 6727 713 712 3827
14297 6 2 302 3 1695 1631 1696 6626 6434 6629
14298 6 2 302 3 6626 6434 6629 6627 6435 6630
14299 6 2 302 3 6627 6435 6630 6628 6436 6631
14300 6 2 302 3 6628 6436 6631 3794 3730 3795
14301 6 2 302 3 1660 1661 1662 6521 6524 6527
14302 6 2 302 3 6521 6524 6527 6522 6525 6528
14303 6 2 302 3 6522 6525 6528 6523 6526 6529
14304 6 2 302 3 6523 6526 6529 3759 3760 3761
14305 6 2 302 3 1677 1675 1678 6572 6566 6575
14306 6 2 302 3 6572 6566 6575 6573 6567 6576
14307 6 2 302 3 6573 6567 6576 6574 6568 6577
14308 6 2 302 3 6574 6568 6577 3776 3774 3777
14309 6 2 302 3 1681 1680 1682 6584 6581 6587
14310 6 2 302 3 6584 6581 6587 6585 6582 6588
14311 6 2 302 3 6585 6582 6588 6586 6583 6589
14312 6 2 302 3 6586 6583 6589 3780 3779 3781
14313 6 2 302 3 1655 1657 1658 6506 6512 6515
14314 6 2 302 3 6506 6512 6515 6507 6513 6516
14315 6 2 302 3 6507 6513 6516 6508 6514 6517
14316 6 2 302 3 6508 6514 6517 3754 3756 3757
14317 6 2 302 3 1658 1659 1660 6515 6518 6521
14318 6 2 302 3 6515 6518 6521 6516 6519 6522
14319 6 2 302 3 6516 6519 6522 6517 6520 6523
14320 6 2 302 3 6517 6520 6523 3757 3758 3759
14321 6 2 302 3 245 244 1640 3635 3632 6461
14322 6 2 302 3 3635 3632 6461 3636 3633 6462
14323 6 2 302 3 3636 3633 6462 3637 3634 6463
14324 6 2 302 3 3637 3634 6463 748 747 3739
14325 6 2 302 3 252 251 1639 3656 3653 6458
14326 6 2 302 3 3656 3653 6458 3657 3654 6459
14327 6 2 302 3 3657 3654 6459 3658 3655 6460
14328 6 2 302 3 3658 3655 6460 755 754 3738
14329 6 2 302 3 242 1631 1694 3626 6434 6623
14330 6 2 302 3 3626 6434 6623 3627 6435 6624
14331 6 2 302 3 3627 6435 6624 3628 6436 6625
14332 6 2 302 3 3628 6436 6625 745 3730 3793
14333 6 2 302 3 1679 1678 1680 6578 6575 6581
14334 6 2 302 3 6578 6575 6581 6579 6576 6582
14335 6 2 302 3 6579 6576 6582 6580 6577 6583
14336 6 2 302 3 6580 6577 6583 3778 3777 3779
14337 6 2 302 3 251 250 1714 3653 3650 6683
14338 6 2 302 3 3653 3650 6683 3654 3651 6684
14339 6 2 302 3 3654 3651 6684 3655 3652 6685
14340 6 2 302 3 3655 3652 6685 754 753 3813
14341 6 2 302 3 246 245 1715 3638 3635 6686
14342 6 2 302 3 3638 3635 6686 3639 3636 6687
14343 6 2 302 3 3639 3636 6687 3640 3637 6688
14344 6 2 302 3 3640 3637 6688 749 748 3814
14345 6 2 302 3 247 246 1643 3641 3638 6470
14346 6 2 302 3 3641 3638 6470 3642 3639 6471
14347 6 2 302 3 3642 3639 6471 3643 3640 6472
14348 6 2 302 3 3643 3640 6472 750 749 3742
14349 6 2 302 3 250 249 1644 3650 3647 6473
14350 6 2 302 3 3650 3647 6473 3651 3648 6474
14351 6 2 302 3 3651 3648 6474 3652 3649 6475
14352 6 2 302 3 3652 3649 6475 753 752 3743
14353 6 2 302 3 1677 1678 1679 6572 6575 6578
14354 6 2 302 3 6572 6575 6578 6573 6576 6579
14355 6 2 302 3 6573 6576 6579 6574 6577 6580
14356 6 2 302 3 6574 6577 6580 3776 3777 3778
14357 6 2 302 3 1658 1657 1659 6515 6512 6518
14358 6 2 302 3 6515 6512 6518 6516 6513 6519
14359 6 2 302 3 6516 6513 6519 6517 6514 6520
14360 6 2 302 3 6517 6514 6520 3757 3756 3758
14361 6 2 302 3 1664 1662 1666 6533 6527 6539
14362 6 2 302 3 6533 6527 6539 6534 6528 6540
14363 6 2 302 3 6534 6528 6540 6535 6529 6541
14364 6 2 302 3 6535 6529 6541 3763 3761 3765
14365 6 2 302 3 366 1617 1724 3515 6392 6713
14366 6 2 302 3 3515 6392 6713 3516 6393 6714
14367 6 2 302 3 3516 6393 6714 3517 6394 6715
14368 6 2 302 3 3517 6394 6715 708 3716 3823
14369 6 2 302 3 1618 371 1728 6395 3530 6725
14370 6 2 302 3 6395 3530 6725 6396 3531 6726
14371 6 2 302 3 6396 3531 6726 6397 3532 6727
14372 6 2 302 3 6397 3532 6727 3717 713 3827
14373 6 2 302 3 1682 1684 1686 6587 6593 6599
14374 6 2 302 3 6587 6593 6599 6588 6594 6600
14375 6 2 302 3 6588 6594 6600 6589 6595 6601
14376 6 2 302 3 6589 6595 6601 3781 3783 3785
14377 6 2 302 3 252 1639 1702 3656 6458 6647
14378 6 2 302 3 3656 6458 6647 3657 6459 6648
14379 6 2 302 3 3657 6459 6648 3658 6460 6649
14380 6 2 302 3 3658 6460 6649 755 3738 3801
14381 6 2 302 3 1660 1659 1661 6521 6518 6524
14382 6 2 302 3 6521 6518 6524 6522 6519 6525
14383 6 2 302 3 6522 6519 6525 6523 6520 6526
14384 6 2 302 3 6523 6520 6526 3759 3758 3760
14385 6 2 302 3 1695 1696 1697 6626 6629 6632
14386 6 2 302 3 6626 6629 6632 6627 6630 6633
14387 6 2 302 3 6627 6630 6633 6628 6631 6634
14388 6 2 302 3 6628 6631 6634 3794 3795 3796
14389 6 2 302 3 368 367 1641 3521 3518 6464
14390 6 2 302 3 3521 3518 6464 3522 3519 6465
14391 6 2 302 3 3522 3519 6465 3523 3520 6466
14392 6 2 302 3 3523 3520 6466 710 709 3740
14393 6 2 302 3 370 369 1642 3527 3524 6467
14394 6 2 302 3 3527 3524 6467 3528 3525 6468
14395 6 2 302 3 3528 3525 6468 3529 3526 6469
14396 6 2 302 3 3529 3526 6469 712 711 3741
14397 6 2 302 3 1679 1680 1681 6578 6581 6584
14398 6 2 302 3 6578 6581 6584 6579 6582 6585
14399 6 2 302 3 6579 6582 6585 6580 6583 6586
14400 6 2 302 3 6580 6583 6586 3778 3779 3780
14401 6 2 302 3 247 1643 1704 3641 6470 6653
14402 6 2 302 3 3641 6470 6653 3642 6471 6654
14403 6 2 302 3 3642 6471 6654 3643 6472 6655
14404 6 2 302 3 3643 6472 6655 750 3742 3803
14405 6 2 302 3 1694 1631 1695 6623 6434 6626
14406 6 2 302 3 6623 6434 6626 6624 6435 6627
14407 6 2 302 3 6624 6435 6627 6625 6436 6628
14408 6 2 302 3 6625 6436 6628 3793 3730 3794
14409 6 2 302 3 95 94 1730 2007 2004 6731
14410 6 2 302 3 2007 2004 6731 2008 2005 6732
14411 6 2 302 3 2008 2005 6732 2009 2006 6733
14412 6 2 302 3 2009 2006 6733 460 459 3829
14413 6 2 302 3 1702 1639 1703 6647 6458 6650
14414 6 2 302 3 6647 6458 6650 6648 6459 6651
14415 6 2 302 3 6648 6459 6651 6649 6460 6652
14416 6 2 302 3 6649 6460 6652 3801 3738 3802
14417 6 2 302 3 1641 367 1724 6464 3518 6713
14418 6 2 302 3 6464 3518 6713 6465 3519 6714
14419 6 2 302 3 6465 3519 6714 6466 3520 6715
14420 6 2 302 3 6466 3520 6715 3740 709 3823
14421 6 2 302 3 370 1642 1728 3527 6467 6725
14422 6 2 302 3 3527 6467 6725 3528 6468 6726
14423 6 2 302 3 3528 6468 6726 3529 6469 6727
14424 6 2 302 3 3529 6469 6727 712 3741 3827
14425 6 2 302 3 108 107 1731 2046 2043 6734
14426 6 2 302 3 2046 2043 6734 2047 2044 6735
14427 6 2 302 3 2047 2044 6735 2048 2045 6736
14428 6 2 302 3 2048 2045 6736 473 472 3830
14429 6 2 302 3 1641 1724 1725 6464 6713 6716
14430 6 2 302 3 6464 6713 6716 6465 6714 6717
14431 6 2 302 3 6465 6714 6717 6466 6715 6718
14432 6 2 302 3 6466 6715 6718 3740 3823 3824
14433 6 2 302 3 1760 1665 1761 6821 6536 6824
14434 6 2 302 3 6821 6536 6824 6822 6537 6825
14435 6 2 302 3 6822 6537 6825 6823 6538 6826
14436 6 2 302 3 6823 6538 6826 3859 3764 3860
14437 6 2 302 3 1671 1672 1732 6554 6557 6737
14438 6 2 302 3 6554 6557 6737 6555 6558 6738
14439 6 2 302 3 6555 6558 6738 6556 6559 6739
14440 6 2 302 3 6556 6559 6739 3770 3771 3831
14441 6 2 302 3 1694 1695 1740 6623 6626 6761
14442 6 2 302 3 6623 6626 6761 6624 6627 6762
14443 6 2 302 3 6624 6627 6762 6625 6628 6763
14444 6 2 302 3 6625 6628 6763 3793 3794 3839
14445 6 2 302 3 1708 1628 1754 6665 6425 6803
14446 6 2 302 3 6665 6425 6803 6666 6426 6804
14447 6 2 302 3 6666 6426 6804 6667 6427 6805
14448 6 2 302 3 6667 6427 6805 3807 3727 3853
14449 6 2 302 3 1630 1719 1736 6431 6698 6749
14450 6 2 302 3 6431 6698 6749 6432 6699 6750
14451 6 2 302 3 6432 6699 6750 6433 6700 6751
14452 6 2 302 3 6433 6700 6751 3729 3818 3835
14453 6 2 302 3 1644 249 1744 6473 3647 6773
14454 6 2 302 3 6473 3647 6773 6474 3648 6774
14455 6 2 302 3 6474 3648 6774 6475 3649 6775
14456 6 2 302 3 6475 3649 6775 3743 752 3843
14457 6 2 302 3 1624 1668 1764 6413 6545 6833
14458 6 2 302 3 6413 6545 6833 6414 6546 6834
14459 6 2 302 3 6414 6546 6834 6415 6547 6835
14460 6 2 302 3 6415 6547 6835 3723 3767 3863
14461 6 2 302 3 107 1648 1731 2043 6485 6734
14462 6 2 302 3 2043 6485 6734 2044 6486 6735
14463 6 2 302 3 2044 6486 6735 2045 6487 6736
14464 6 2 302 3 2045 6487 6736 472 3747 3830
14465 6 2 302 3 1687 1623 1768 6602 6410 6845
14466 6 2 302 3 6602 6410 6845 6603 6411 6846
14467 6 2 302 3 6603 6411 6846 6604 6412 6847
14468 6 2 302 3 6604 6412 6847 3786 3722 3867
14469 6 2 302 3 1652 1651 1734 6497 6494 6743
14470 6 2 302 3 6497 6494 6743 6498 6495 6744
14471 6 2 302 3 6498 6495 6744 6499 6496 6745
14472 6 2 302 3 6499 6496 6745 3751 3750 3833
14473 6 2 302 3 1712 1645 1751 6677 6476 6794
14474 6 2 302 3 6677 6476 6794 6678 6477 6795
14475 6 2 302 3 6678 6477 6795 6679 6478 6796
14476 6 2 302 3 6679 6478 6796 3811 3744 3850
14477 6 2 302 3 101 100 1733 2025 2022 6740
14478 6 2 302 3 2025 2022 6740 2026 2023 6741
14479 6 2 302 3 2026 2023 6741 2027 2024 6742
14480 6 2 302 3 2027 2024 6742 466 465 3832
14481 6 2 302 3 91 90 1735 1995 1992 6746
14482 6 2 302 3 1995 1992 6746 1996 1993 6747
14483 6 2 302 3 1996 1993 6747 1997 1994 6748
14484 6 2 302 3 1997 1994 6748 456 455 3834
14485 6 2 302 3 118 117 1736 2076 2073 6749
14486 6 2 302 3 2076 2073 6749 2077 2074 6750
14487 6 2 302 3 2077 2074 6750 2078 2075 6751
14488 6 2 302 3 2078 2075 6751 483 482 3835
14489 6 2 302 3 1647 103 1737 6482 2031 6752
14490 6 2 302 3 6482 2031 6752 6483 2032 6753
14491 6 2 302 3 6483 2032 6753 6484 2033 6754
14492 6 2 302 3 6484 2033 6754 3746 468 3836
14493 6 2 302 3 102 1649 1737 2028 6488 6752
14494 6 2 302 3 2028 6488 6752 2029 6489 6753
14495 6 2 302 3 2029 6489 6753 2030 6490 6754
14496 6 2 302 3 2030 6490 6754 467 3748 3836
14497 6 2 302 3 1648 106 1738 6485 2040 6755
14498 6 2 302 3 6485 2040 6755 6486 2041 6756
14499 6 2 302 3 6486 2041 6756 6487 2042 6757
14500 6 2 302 3 6487 2042 6757 3747 471 3837
14501 6 2 302 3 1706 231 1757 6659 3593 6812
14502 6 2 302 3 6659 3593 6812 6660 3594 6813
14503 6 2 302 3 6660 3594 6813 6661 3595 6814
14504 6 2 302 3 6661 3595 6814 3805 734 3856
14505 6 2 302 3 265 1707 1756 3695 6662 6809
14506 6 2 302 3 3695 6662 6809 3696 6663 6810
14507 6 2 302 3 3696 6663 6810 3697 6664 6811
14508 6 2 302 3 3697 6664 6811 768 3806 3855
14509 6 2 302 3 1622 1693 1741 6407 6620 6764
14510 6 2 302 3 6407 6620 6764 6408 6621 6765
14511 6 2 302 3 6408 6621 6765 6409 6622 6766
14512 6 2 302 3 6409 6622 6766 3721 3792 3840
14513 6 2 302 3 1692 1621 1743 6617 6404 6770
14514 6 2 302 3 6617 6404 6770 6618 6405 6771
14515 6 2 302 3 6618 6405 6771 6619 6406 6772
14516 6 2 302 3 6619 6406 6772 3791 3720 3842
14517 6 2 302 3 1703 1639 1780 6650 6458 6881
14518 6 2 302 3 6650 6458 6881 6651 6459 6882
14519 6 2 302 3 6651 6459 6882 6652 6460 6883
14520 6 2 302 3 6652 6460 6883 3802 3738 3879
14521 6 2 302 3 359 1707 1752 3494 6662 6797
14522 6 2 302 3 3494 6662 6797 3495 6663 6798
14523 6 2 302 3 3495 6663 6798 3496 6664 6799
14524 6 2 302 3 3496 6664 6799 701 3806 3851
14525 6 2 302 3 1706 378 1751 6659 3551 6794
14526 6 2 302 3 6659 3551 6794 6660 3552 6795
14527 6 2 302 3 6660 3552 6795 6661 3553 6796
14528 6 2 302 3 6661 3553 6796 3805 720 3850
14529 6 2 302 3 1649 101 1733 6488 2025 6740
14530 6 2 302 3 6488 2025 6740 6489 2026 6741
14531 6 2 302 3 6489 2026 6741 6490 2027 6742
14532 6 2 302 3 6490 2027 6742 3748 466 3832
14533 6 2 302 3 104 1647 1748 2034 6482 6785
14534 6 2 302 3 2034 6482 6785 2035 6483 6786
14535 6 2 302 3 2035 6483 6786 2036 6484 6787
14536 6 2 302 3 2036 6484 6787 469 3746 3847
14537 6 2 302 3 1733 100 1762 6740 2022 6827
14538 6 2 302 3 6740 2022 6827 6741 2023 6828
14539 6 2 302 3 6741 2023 6828 6742 2024 6829
14540 6 2 302 3 6742 2024 6829 3832 465 3861
14541 6 2 302 3 1666 1662 1742 6539 6527 6767
14542 6 2 302 3 6539 6527 6767 6540 6528 6768
14543 6 2 302 3 6540 6528 6768 6541 6529 6769
14544 6 2 302 3 6541 6529 6769 3765 3761 3841
14545 6 2 302 3 1682 1686 1745 6587 6599 6776
14546 6 2 302 3 6587 6599 6776 6588 6600 6777
14547 6 2 302 3 6588 6600 6777 6589 6601 6778
14548 6 2 302 3 6589 6601 6778 3781 3785 3844
14549 6 2 302 3 1629 91 1735 6428 1995 6746
14550 6 2 302 3 6428 1995 6746 6429 1996 6747
14551 6 2 302 3 6429 1996 6747 6430 1997 6748
14552 6 2 302 3 6430 1997 6748 3728 456 3834
14553 6 2 302 3 117 1630 1736 2073 6431 6749
14554 6 2 302 3 2073 6431 6749 2074 6432 6750
14555 6 2 302 3 2074 6432 6750 2075 6433 6751
14556 6 2 302 3 2075 6433 6751 482 3729 3835
14557 6 2 302 3 1689 1684 1749 6608 6593 6788
14558 6 2 302 3 6608 6593 6788 6609 6594 6789
14559 6 2 302 3 6609 6594 6789 6610 6595 6790
14560 6 2 302 3 6610 6595 6790 3788 3783 3848
14561 6 2 302 3 1733 1703 1780 6740 6650 6881
14562 6 2 302 3 6740 6650 6881 6741 6651 6882
14563 6 2 302 3 6741 6651 6882 6742 6652 6883
14564 6 2 302 3 6742 6652 6883 3832 3802 3879
14565 6 2 302 3 1729 1697 1755 6728 6632 6806
14566 6 2 302 3 6728 6632 6806 6729 6633 6807
14567 6 2 302 3 6729 6633 6807 6730 6634 6808
14568 6 2 302 3 6730 6634 6808 3828 3796 3854
14569 6 2 302 3 111 1729 1755 2055 6728 6806
14570 6 2 302 3 2055 6728 6806 2056 6729 6807
14571 6 2 302 3 2056 6729 6807 2057 6730 6808
14572 6 2 302 3 2057 6730 6808 476 3828 3854
14573 6 2 302 3 1665 1657 1750 6536 6512 6791
14574 6 2 302 3 6536 6512 6791 6537 6513 6792
14575 6 2 302 3 6537 6513 6792 6538 6514 6793
14576 6 2 302 3 6538 6514 6793 3764 3756 3849
14577 6 2 302 3 1656 1723 1750 6509 6710 6791
14578 6 2 302 3 6509 6710 6791 6510 6711 6792
14579 6 2 302 3 6510 6711 6792 6511 6712 6793
14580 6 2 302 3 6511 6712 6793 3755 3822 3849
14581 6 2 302 3 1677 1685 1753 6572 6596 6800
14582 6 2 302 3 6572 6596 6800 6573 6597 6801
14583 6 2 302 3 6573 6597 6801 6574 6598 6802
14584 6 2 302 3 6574 6598 6802 3776 3784 3852
14585 6 2 302 3 1664 1708 1754 6533 6665 6803
14586 6 2 302 3 6533 6665 6803 6534 6666 6804
14587 6 2 302 3 6534 6666 6804 6535 6667 6805
14588 6 2 302 3 6535 6667 6805 3763 3807 3853
14589 6 2 302 3 1626 112 1755 6419 2058 6806
14590 6 2 302 3 6419 2058 6806 6420 2059 6807
14591 6 2 302 3 6420 2059 6807 6421 2060 6808
14592 6 2 302 3 6421 2060 6808 3725 477 3854
14593 6 2 302 3 1719 1718 1760 6698 6695 6821
14594 6 2 302 3 6698 6695 6821 6699 6696 6822
14595 6 2 302 3 6699 6696 6822 6700 6697 6823
14596 6 2 302 3 6700 6697 6823 3818 3817 3859
14597 6 2 302 3 355 268 1746 3482 3704 6779
14598 6 2 302 3 3482 3704 6779 3483 3705 6780
14599 6 2 302 3 3483 3705 6780 3484 3706 6781
14600 6 2 302 3 3484 3706 6781 697 771 3845
14601 6 2 302 3 228 382 1747 3584 3563 6782
14602 6 2 302 3 3584 3563 6782 3585 3564 6783
14603 6 2 302 3 3585 3564 6783 3586 3565 6784
14604 6 2 302 3 3586 3565 6784 731 724 3846
14605 6 2 302 3 108 1731 1766 2046 6734 6839
14606 6 2 302 3 2046 6734 6839 2047 6735 6840
14607 6 2 302 3 2047 6735 6840 2048 6736 6841
14608 6 2 302 3 2048 6736 6841 473 3830 3865
14609 6 2 302 3 1703 1733 1762 6650 6740 6827
14610 6 2 302 3 6650 6740 6827 6651 6741 6828
14611 6 2 302 3 6651 6741 6828 6652 6742 6829
14612 6 2 302 3 6652 6742 6829 3802 3832 3861
14613 6 2 302 3 103 102 1737 2031 2028 6752
14614 6 2 302 3 2031 2028 6752 2032 2029 6753
14615 6 2 302 3 2032 2029 6753 2033 2030 6754
14616 6 2 302 3 2033 2030 6754 468 467 3836
14617 6 2 302 3 106 105 1738 2040 2037 6755
14618 6 2 302 3 2040 2037 6755 2041 2038 6756
14619 6 2 302 3 2041 2038 6756 2042 2039 6757
14620 6 2 302 3 2042 2039 6757 471 470 3837
14621 6 2 302 3 1701 1739 1771 6644 6758 6854
14622 6 2 302 3 6644 6758 6854 6645 6759 6855
14623 6 2 302 3 6645 6759 6855 6646 6760 6856
14624 6 2 302 3 6646 6760 6856 3800 3838 3870
14625 6 2 302 3 1718 1661 1760 6695 6524 6821
14626 6 2 302 3 6695 6524 6821 6696 6525 6822
14627 6 2 302 3 6696 6525 6822 6697 6526 6823
14628 6 2 302 3 6697 6526 6823 3817 3760 3859
14629 6 2 302 3 230 229 1773 3590 3587 6860
14630 6 2 302 3 3590 3587 6860 3591 3588 6861
14631 6 2 302 3 3591 3588 6861 3592 3589 6862
14632 6 2 302 3 3592 3589 6862 733 732 3872
14633 6 2 302 3 267 266 1772 3701 3698 6857
14634 6 2 302 3 3701 3698 6857 3702 3699 6858
14635 6 2 302 3 3702 3699 6858 3703 3700 6859
14636 6 2 302 3 3703 3700 6859 770 769 3871
14637 6 2 302 3 1709 1622 1741 6668 6407 6764
14638 6 2 302 3 6668 6407 6764 6669 6408 6765
14639 6 2 302 3 6669 6408 6765 6670 6409 6766
14640 6 2 302 3 6670 6409 6766 3808 3721 3840
14641 6 2 302 3 1731 1699 1766 6734 6638 6839
14642 6 2 302 3 6734 6638 6839 6735 6639 6840
14643 6 2 302 3 6735 6639 6840 6736 6640 6841
14644 6 2 302 3 6736 6640 6841 3830 3798 3865
14645 6 2 302 3 381 380 1773 3560 3557 6860
14646 6 2 302 3 3560 3557 6860 3561 3558 6861
14647 6 2 302 3 3561 3558 6861 3562 3559 6862
14648 6 2 302 3 3562 3559 6862 723 722 3872
14649 6 2 302 3 357 356 1772 3488 3485 6857
14650 6 2 302 3 3488 3485 6857 3489 3486 6858
14651 6 2 302 3 3489 3486 6858 3490 3487 6859
14652 6 2 302 3 3490 3487 6859 699 698 3871
14653 6 2 302 3 1717 1620 1779 6692 6401 6878
14654 6 2 302 3 6692 6401 6878 6693 6402 6879
14655 6 2 302 3 6693 6402 6879 6694 6403 6880
14656 6 2 302 3 6694 6403 6880 3816 3719 3878
14657 6 2 302 3 99 1637 1762 2019 6452 6827
14658 6 2 302 3 2019 6452 6827 2020 6453 6828
14659 6 2 302 3 2020 6453 6828 2021 6454 6829
14660 6 2 302 3 2021 6454 6829 464 3736 3861
14661 6 2 302 3 1638 109 1766 6455 2049 6839
14662 6 2 302 3 6455 2049 6839 6456 2050 6840
14663 6 2 302 3 6456 2050 6840 6457 2051 6841
14664 6 2 302 3 6457 2051 6841 3737 474 3865
14665 6 2 302 3 1723 1618 1750 6710 6395 6791
14666 6 2 302 3 6710 6395 6791 6711 6396 6792
14667 6 2 302 3 6711 6396 6792 6712 6397 6793
14668 6 2 302 3 6712 6397 6793 3822 3717 3849
14669 6 2 302 3 1621 1710 1743 6404 6671 6770
14670 6 2 302 3 6404 6671 6770 6405 6672 6771
14671 6 2 302 3 6405 6672 6771 6406 6673 6772
14672 6 2 302 3 6406 6673 6772 3720 3809 3842
14673 6 2 302 3 1660 1663 1782 6521 6530 6887
14674 6 2 302 3 6521 6530 6887 6522 6531 6888
14675 6 2 302 3 6522 6531 6888 6523 6532 6889
14676 6 2 302 3 6523 6532 6889 3759 3762 3881
14677 6 2 302 3 1683 1680 1776 6590 6581 6869
14678 6 2 302 3 6590 6581 6869 6591 6582 6870
14679 6 2 302 3 6591 6582 6870 6592 6583 6871
14680 6 2 302 3 6592 6583 6871 3782 3779 3875
14681 6 2 302 3 374 1624 1764 3539 6413 6833
14682 6 2 302 3 3539 6413 6833 3540 6414 6834
14683 6 2 302 3 3540 6414 6834 3541 6415 6835
14684 6 2 302 3 3541 6415 6835 716 3723 3863
14685 6 2 302 3 1707 1646 1752 6662 6479 6797
14686 6 2 302 3 6662 6479 6797 6663 6480 6798
14687 6 2 302 3 6663 6480 6798 6664 6481 6799
14688 6 2 302 3 6664 6481 6799 3806 3745 3851
14689 6 2 302 3 1645 1706 1751 6476 6659 6794
14690 6 2 302 3 6476 6659 6794 6477 6660 6795
14691 6 2 302 3 6477 6660 6795 6478 6661 6796
14692 6 2 302 3 6478 6661 6796 3744 3805 3850
14693 6 2 302 3 380 379 1757 3557 3554 6812
14694 6 2 302 3 3557 3554 6812 3558 3555 6813
14695 6 2 302 3 3558 3555 6813 3559 3556 6814
14696 6 2 302 3 3559 3556 6814 722 721 3856
14697 6 2 302 3 358 357 1756 3491 3488 6809
14698 6 2 302 3 3491 3488 6809 3492 3489 6810
14699 6 2 302 3 3492 3489 6810 3493 3490 6811
14700 6 2 302 3 3493 3490 6811 700 699 3855
14701 6 2 302 3 1636 375 1764 6449 3542 6833
14702 6 2 302 3 6449 3542 6833 6450 3543 6834
14703 6 2 302 3 6450 3543 6834 6451 3544 6835
14704 6 2 302 3 6451 3544 6835 3735 717 3863
14705 6 2 302 3 1623 363 1768 6410 3506 6845
14706 6 2 302 3 6410 3506 6845 6411 3507 6846
14707 6 2 302 3 6411 3507 6846 6412 3508 6847
14708 6 2 302 3 6412 3508 6847 3722 705 3867
14709 6 2 302 3 1698 1694 1740 6635 6623 6761
14710 6 2 302 3 6635 6623 6761 6636 6624 6762
14711 6 2 302 3 6636 6624 6762 6637 6625 6763
14712 6 2 302 3 6637 6625 6763 3797 3793 3839
14713 6 2 302 3 362 1635 1768 3503 6446 6845
14714 6 2 302 3 3503 6446 6845 3504 6447 6846
14715 6 2 302 3 3504 6447 6846 3505 6448 6847
14716 6 2 302 3 3505 6448 6847 704 3734 3867
14717 6 2 302 3 1661 1659 1760 6524 6518 6821
14718 6 2 302 3 6524 6518 6821 6525 6519 6822
14719 6 2 302 3 6525 6519 6822 6526 6520 6823
14720 6 2 302 3 6526 6520 6823 3760 3758 3859
14721 6 2 302 3 1738 105 1748 6755 2037 6785
14722 6 2 302 3 6755 2037 6785 6756 2038 6786
14723 6 2 302 3 6756 2038 6786 6757 2039 6787
14724 6 2 302 3 6757 2039 6787 3837 470 3847
14725 6 2 302 3 90 5 1769 1992 593 6848
14726 6 2 302 3 1992 593 6848 1993 594 6849
14727 6 2 302 3 1993 594 6849 1994 595 6850
14728 6 2 302 3 1994 595 6850 455 12 3868
14729 6 2 302 3 2 118 1770 596 2076 6851
14730 6 2 302 3 596 2076 6851 597 2077 6852
14731 6 2 302 3 597 2077 6852 598 2078 6853
14732 6 2 302 3 598 2078 6853 13 483 3869
14733 6 2 302 3 5 368 1769 593 3521 6848
14734 6 2 302 3 593 3521 6848 594 3522 6849
14735 6 2 302 3 594 3522 6849 595 3523 6850
14736 6 2 302 3 595 3523 6850 12 710 3868
14737 6 2 302 3 369 2 1770 3524 596 6851
14738 6 2 302 3 3524 596 6851 3525 597 6852
14739 6 2 302 3 3525 597 6852 3526 598 6853
14740 6 2 302 3 3526 598 6853 711 13 3869
14741 6 2 302 3 1727 1676 1753 6722 6569 6800
14742 6 2 302 3 6722 6569 6800 6723 6570 6801
14743 6 2 302 3 6723 6570 6801 6724 6571 6802
14744 6 2 302 3 6724 6571 6802 3826 3775 3852
14745 6 2 302 3 1725 1724 1774 6716 6713 6863
14746 6 2 302 3 6716 6713 6863 6717 6714 6864
14747 6 2 302 3 6717 6714 6864 6718 6715 6865
14748 6 2 302 3 6718 6715 6865 3824 3823 3873
14749 6 2 302 3 1690 1758 1763 6611 6815 6830
14750 6 2 302 3 6611 6815 6830 6612 6816 6831
14751 6 2 302 3 6612 6816 6831 6613 6817 6832
14752 6 2 302 3 6613 6817 6832 3789 3857 3862
14753 6 2 302 3 249 248 1744 3647 3644 6773
14754 6 2 302 3 3647 3644 6773 3648 3645 6774
14755 6 2 302 3 3648 3645 6774 3649 3646 6775
14756 6 2 302 3 3649 3646 6775 752 751 3843
14757 6 2 302 3 1662 1661 1742 6527 6524 6767
14758 6 2 302 3 6527 6524 6767 6528 6525 6768
14759 6 2 302 3 6528 6525 6768 6529 6526 6769
14760 6 2 302 3 6529 6526 6769 3761 3760 3841
14761 6 2 302 3 1681 1682 1745 6584 6587 6776
14762 6 2 302 3 6584 6587 6776 6585 6588 6777
14763 6 2 302 3 6585 6588 6777 6586 6589 6778
14764 6 2 302 3 6586 6589 6778 3780 3781 3844
14765 6 2 302 3 1617 1727 1753 6392 6722 6800
14766 6 2 302 3 6392 6722 6800 6393 6723 6801
14767 6 2 302 3 6393 6723 6801 6394 6724 6802
14768 6 2 302 3 6394 6724 6802 3716 3826 3852
14769 6 2 302 3 381 229 1747 3560 3587 6782
14770 6 2 302 3 3560 3587 6782 3561 3588 6783
14771 6 2 302 3 3561 3588 6783 3562 3589 6784
14772 6 2 302 3 3562 3589 6784 723 732 3846
14773 6 2 302 3 267 356 1746 3701 3485 6779
14774 6 2 302 3 3701 3485 6779 3702 3486 6780
14775 6 2 302 3 3702 3486 6780 3703 3487 6781
14776 6 2 302 3 3703 3487 6781 770 698 3845
14777 6 2 302 3 105 104 1748 2037 2034 6785
14778 6 2 302 3 2037 2034 6785 2038 2035 6786
14779 6 2 302 3 2038 2035 6786 2039 2036 6787
14780 6 2 302 3 2039 2036 6787 470 469 3847
14781 6 2 302 3 1726 1681 1759 6719 6584 6818
14782 6 2 302 3 6719 6584 6818 6720 6585 6819
14783 6 2 302 3 6720 6585 6819 6721 6586 6820
14784 6 2 302 3 6721 6586 6820 3825 3780 3858
14785 6 2 302 3 1620 1742 1779 6401 6767 6878
14786 6 2 302 3 6401 6767 6878 6402 6768 6879
14787 6 2 302 3 6402 6768 6879 6403 6769 6880
14788 6 2 302 3 6403 6769 6880 3719 3841 3878
14789 6 2 302 3 1726 1759 1777 6719 6818 6872
14790 6 2 302 3 6719 6818 6872 6720 6819 6873
14791 6 2 302 3 6720 6819 6873 6721 6820 6874
14792 6 2 302 3 6721 6820 6874 3825 3858 3876
14793 6 2 302 3 1663 1743 1782 6530 6770 6887
14794 6 2 302 3 6530 6770 6887 6531 6771 6888
14795 6 2 302 3 6531 6771 6888 6532 6772 6889
14796 6 2 302 3 6532 6772 6889 3762 3842 3881
14797 6 2 302 3 1741 1683 1776 6764 6590 6869
14798 6 2 302 3 6764 6590 6869 6765 6591 6870
14799 6 2 302 3 6765 6591 6870 6766 6592 6871
14800 6 2 302 3 6766 6592 6871 3840 3782 3875
14801 6 2 302 3 1684 1683 1749 6593 6590 6788
14802 6 2 302 3 6593 6590 6788 6594 6591 6789
14803 6 2 302 3 6594 6591 6789 6595 6592 6790
14804 6 2 302 3 6595 6592 6790 3783 3782 3848
14805 6 2 302 3 1629 1735 1777 6428 6746 6872
14806 6 2 302 3 6428 6746 6872 6429 6747 6873
14807 6 2 302 3 6429 6747 6873 6430 6748 6874
14808 6 2 302 3 6430 6748 6874 3728 3834 3876
14809 6 2 302 3 1657 1656 1750 6512 6509 6791
14810 6 2 302 3 6512 6509 6791 6513 6510 6792
14811 6 2 302 3 6513 6510 6792 6514 6511 6793
14812 6 2 302 3 6514 6511 6793 3756 3755 3849
14813 6 2 302 3 378 377 1751 3551 3548 6794
14814 6 2 302 3 3551 3548 6794 3552 3549 6795
14815 6 2 302 3 3552 3549 6795 3553 3550 6796
14816 6 2 302 3 3553 3550 6796 720 719 3850
14817 6 2 302 3 360 359 1752 3497 3494 6797
14818 6 2 302 3 3497 3494 6797 3498 3495 6798
14819 6 2 302 3 3498 3495 6798 3499 3496 6799
14820 6 2 302 3 3499 3496 6799 702 701 3851
14821 6 2 302 3 1676 1677 1753 6569 6572 6800
14822 6 2 302 3 6569 6572 6800 6570 6573 6801
14823 6 2 302 3 6570 6573 6801 6571 6574 6802
14824 6 2 302 3 6571 6574 6802 3775 3776 3852
14825 6 2 302 3 1753 1685 1774 6800 6596 6863
14826 6 2 302 3 6800 6596 6863 6801 6597 6864
14827 6 2 302 3 6801 6597 6864 6802 6598 6865
14828 6 2 302 3 6802 6598 6865 3852 3784 3873
14829 6 2 302 3 1663 1664 1754 6530 6533 6803
14830 6 2 302 3 6530 6533 6803 6531 6534 6804
14831 6 2 302 3 6531 6534 6804 6532 6535 6805
14832 6 2 302 3 6532 6535 6805 3762 3763 3853
14833 6 2 302 3 1681 1745 1759 6584 6776 6818
14834 6 2 302 3 6584 6776 6818 6585 6777 6819
14835 6 2 302 3 6585 6777 6819 6586 6778 6820
14836 6 2 302 3 6586 6778 6820 3780 3844 3858
14837 6 2 302 3 112 111 1755 2058 2055 6806
14838 6 2 302 3 2058 2055 6806 2059 2056 6807
14839 6 2 302 3 2059 2056 6807 2060 2057 6808
14840 6 2 302 3 2060 2057 6808 477 476 3854
14841 6 2 302 3 1705 1632 1767 6656 6437 6842
14842 6 2 302 3 6656 6437 6842 6657 6438 6843
14843 6 2 302 3 6657 6438 6843 6658 6439 6844
14844 6 2 302 3 6658 6439 6844 3804 3731 3866
14845 6 2 302 3 1648 1715 1781 6485 6686 6884
14846 6 2 302 3 6485 6686 6884 6486 6687 6885
14847 6 2 302 3 6486 6687 6885 6487 6688 6886
14848 6 2 302 3 6487 6688 6886 3747 3814 3880
14849 6 2 302 3 1714 1649 1780 6683 6488 6881
14850 6 2 302 3 6683 6488 6881 6684 6489 6882
14851 6 2 302 3 6684 6489 6882 6685 6490 6883
14852 6 2 302 3 6685 6490 6883 3813 3748 3879
14853 6 2 302 3 1715 1640 1781 6686 6461 6884
14854 6 2 302 3 6686 6461 6884 6687 6462 6885
14855 6 2 302 3 6687 6462 6885 6688 6463 6886
14856 6 2 302 3 6688 6463 6886 3814 3739 3880
14857 6 2 302 3 1639 1714 1780 6458 6683 6881
14858 6 2 302 3 6458 6683 6881 6459 6684 6882
14859 6 2 302 3 6459 6684 6882 6460 6685 6883
14860 6 2 302 3 6460 6685 6883 3738 3813 3879
14861 6 2 302 3 1740 1695 1778 6761 6626 6875
14862 6 2 302 3 6761 6626 6875 6762 6627 6876
14863 6 2 302 3 6762 6627 6876 6763 6628 6877
14864 6 2 302 3 6763 6628 6877 3839 3794 3877
14865 6 2 302 3 1688 1690 1763 6605 6611 6830
14866 6 2 302 3 6605 6611 6830 6606 6612 6831
14867 6 2 302 3 6606 6612 6831 6607 6613 6832
14868 6 2 302 3 6607 6613 6832 3787 3789 3862
14869 6 2 302 3 1678 1709 1776 6575 6668 6869
14870 6 2 302 3 6575 6668 6869 6576 6669 6870
14871 6 2 302 3 6576 6669 6870 6577 6670 6871
14872 6 2 302 3 6577 6670 6871 3777 3808 3875
14873 6 2 302 3 1688 1763 1783 6605 6830 6890
14874 6 2 302 3 6605 6830 6890 6606 6831 6891
14875 6 2 302 3 6606 6831 6891 6607 6832 6892
14876 6 2 302 3 6607 6832 6892 3787 3862 3882
14877 6 2 302 3 266 265 1756 3698 3695 6809
14878 6 2 302 3 3698 3695 6809 3699 3696 6810
14879 6 2 302 3 3699 3696 6810 3700 3697 6811
14880 6 2 302 3 3700 3697 6811 769 768 3855
14881 6 2 302 3 231 230 1757 3593 3590 6812
14882 6 2 302 3 3593 3590 6812 3594 3591 6813
14883 6 2 302 3 3594 3591 6813 3595 3592 6814
14884 6 2 302 3 3595 3592 6814 734 733 3856
14885 6 2 302 3 1710 1658 1782 6671 6515 6887
14886 6 2 302 3 6671 6515 6887 6672 6516 6888
14887 6 2 302 3 6672 6516 6888 6673 6517 6889
14888 6 2 302 3 6673 6517 6889 3809 3757 3881
14889 6 2 302 3 1721 1722 1758 6704 6707 6815
14890 6 2 302 3 6704 6707 6815 6705 6708 6816
14891 6 2 302 3 6705 6708 6816 6706 6709 6817
14892 6 2 302 3 6706 6709 6817 3820 3821 3857
14893 6 2 302 3 1661 1718 1779 6524 6695 6878
14894 6 2 302 3 6524 6695 6878 6525 6696 6879
14895 6 2 302 3 6525 6696 6879 6526 6697 6880
14896 6 2 302 3 6526 6697 6880 3760 3817 3878
14897 6 2 302 3 1731 1648 1781 6734 6485 6884
14898 6 2 302 3 6734 6485 6884 6735 6486 6885
14899 6 2 302 3 6735 6486 6885 6736 6487 6886
14900 6 2 302 3 6736 6487 6886 3830 3747 3880
14901 6 2 302 3 1735 90 1769 6746 1992 6848
14902 6 2 302 3 6746 1992 6848 6747 1993 6849
14903 6 2 302 3 6747 1993 6849 6748 1994 6850
14904 6 2 302 3 6748 1994 6850 3834 455 3868
14905 6 2 302 3 118 1736 1770 2076 6749 6851
14906 6 2 302 3 2076 6749 6851 2077 6750 6852
14907 6 2 302 3 2077 6750 6852 2078 6751 6853
14908 6 2 302 3 2078 6751 6853 483 3835 3869
14909 6 2 302 3 1758 1722 1763 6815 6707 6830
14910 6 2 302 3 6815 6707 6830 6816 6708 6831
14911 6 2 302 3 6816 6708 6831 6817 6709 6832
14912 6 2 302 3 6817 6709 6832 3857 3821 3862
14913 6 2 302 3 1758 1701 1771 6815 6644 6854
14914 6 2 302 3 6815 6644 6854 6816 6645 6855
14915 6 2 302 3 6816 6645 6855 6817 6646 6856
14916 6 2 302 3 6817 6646 6856 3857 3800 3870
14917 6 2 302 3 1618 1728 1784 6395 6725 6893
14918 6 2 302 3 6395 6725 6893 6396 6726 6894
14919 6 2 302 3 6396 6726 6894 6397 6727 6895
14920 6 2 302 3 6397 6727 6895 3717 3827 3883
14921 6 2 302 3 1725 1726 1777 6716 6719 6872
14922 6 2 302 3 6716 6719 6872 6717 6720 6873
14923 6 2 302 3 6717 6720 6873 6718 6721 6874
14924 6 2 302 3 6718 6721 6874 3824 3825 3876
14925 6 2 302 3 1721 1758 1771 6704 6815 6854
14926 6 2 302 3 6704 6815 6854 6705 6816 6855
14927 6 2 302 3 6705 6816 6855 6706 6817 6856
14928 6 2 302 3 6706 6817 6856 3820 3857 3870
14929 6 2 302 3 1649 1733 1780 6488 6740 6881
14930 6 2 302 3 6488 6740 6881 6489 6741 6882
14931 6 2 302 3 6489 6741 6882 6490 6742 6883
14932 6 2 302 3 6490 6742 6883 3748 3832 3879
14933 6 2 302 3 1722 1625 1763 6707 6416 6830
14934 6 2 302 3 6707 6416 6830 6708 6417 6831
14935 6 2 302 3 6708 6417 6831 6709 6418 6832
14936 6 2 302 3 6709 6418 6832 3821 3724 3862
14937 6 2 302 3 1659 1665 1760 6518 6536 6821
14938 6 2 302 3 6518 6536 6821 6519 6537 6822
14939 6 2 302 3 6519 6537 6822 6520 6538 6823
14940 6 2 302 3 6520 6538 6823 3758 3764 3859
14941 6 2 302 3 1729 1638 1778 6728 6455 6875
14942 6 2 302 3 6728 6455 6875 6729 6456 6876
14943 6 2 302 3 6729 6456 6876 6730 6457 6877
14944 6 2 302 3 6730 6457 6877 3828 3737 3877
14945 6 2 302 3 1763 1625 1783 6830 6416 6890
14946 6 2 302 3 6830 6416 6890 6831 6417 6891
14947 6 2 302 3 6831 6417 6891 6832 6418 6892
14948 6 2 302 3 6832 6418 6892 3862 3724 3882
14949 6 2 302 3 100 99 1762 2022 2019 6827
14950 6 2 302 3 2022 2019 6827 2023 2020 6828
14951 6 2 302 3 2023 2020 6828 2024 2021 6829
14952 6 2 302 3 2024 2021 6829 465 464 3861
14953 6 2 302 3 375 374 1764 3542 3539 6833
14954 6 2 302 3 3542 3539 6833 3543 3540 6834
14955 6 2 302 3 3543 3540 6834 3544 3541 6835
14956 6 2 302 3 3544 3541 6835 717 716 3863
14957 6 2 302 3 1666 1720 1775 6539 6701 6866
14958 6 2 302 3 6539 6701 6866 6540 6702 6867
14959 6 2 302 3 6540 6702 6867 6541 6703 6868
14960 6 2 302 3 6541 6703 6868 3765 3819 3874
14961 6 2 302 3 109 108 1766 2049 2046 6839
14962 6 2 302 3 2049 2046 6839 2050 2047 6840
14963 6 2 302 3 2050 2047 6840 2051 2048 6841
14964 6 2 302 3 2051 2048 6841 474 473 3865
14965 6 2 302 3 1697 1696 1765 6632 6629 6836
14966 6 2 302 3 6632 6629 6836 6633 6630 6837
14967 6 2 302 3 6633 6630 6837 6634 6631 6838
14968 6 2 302 3 6634 6631 6838 3796 3795 3864
14969 6 2 302 3 363 362 1768 3506 3503 6845
14970 6 2 302 3 3506 3503 6845 3507 3504 6846
14971 6 2 302 3 3507 3504 6846 3508 3505 6847
14972 6 2 302 3 3508 3505 6847 705 704 3867
14973 6 2 302 3 1730 1686 1783 6731 6599 6890
14974 6 2 302 3 6731 6599 6890 6732 6600 6891
14975 6 2 302 3 6732 6600 6891 6733 6601 6892
14976 6 2 302 3 6733 6601 6892 3829 3785 3882
14977 6 2 302 3 1637 1721 1771 6452 6704 6854
14978 6 2 302 3 6452 6704 6854 6453 6705 6855
14979 6 2 302 3 6453 6705 6855 6454 6706 6856
14980 6 2 302 3 6454 6706 6856 3736 3820 3870
14981 6 2 302 3 1686 1688 1783 6599 6605 6890
14982 6 2 302 3 6599 6605 6890 6600 6606 6891
14983 6 2 302 3 6600 6606 6891 6601 6607 6892
14984 6 2 302 3 6601 6607 6892 3785 3787 3882
14985 6 2 302 3 1665 1750 1784 6536 6791 6893
14986 6 2 302 3 6536 6791 6893 6537 6792 6894
14987 6 2 302 3 6537 6792 6894 6538 6793 6895
14988 6 2 302 3 6538 6793 6895 3764 3849 3883
14989 6 2 302 3 1641 1735 1769 6464 6746 6848
14990 6 2 302 3 6464 6746 6848 6465 6747 6849
14991 6 2 302 3 6465 6747 6849 6466 6748 6850
14992 6 2 302 3 6466 6748 6850 3740 3834 3868
14993 6 2 302 3 1736 1642 1770 6749 6467 6851
14994 6 2 302 3 6749 6467 6851 6750 6468 6852
14995 6 2 302 3 6750 6468 6852 6751 6469 6853
14996 6 2 302 3 6751 6469 6853 3835 3741 3869
14997 6 2 302 3 368 1641 1769 3521 6464 6848
14998 6 2 302 3 3521 6464 6848 3522 6465 6849
14999 6 2 302 3 3522 6465 6849 3523 6466 6850
15000 6 2 302 3 3523 6466 6850 710 3740 3868
15001 6 2 302 3 1642 369 1770 6467 3524 6851
15002 6 2 302 3 6467 3524 6851 6468 3525 6852
15003 6 2 302 3 6468 3525 6852 6469 3526 6853
15004 6 2 302 3 6469 3526 6853 3741 711 3869
15005 6 2 302 3 1667 1666 1775 6542 6539 6866
15006 6 2 302 3 6542 6539 6866 6543 6540 6867
15007 6 2 302 3 6543 6540 6867 6544 6541 6868
15008 6 2 302 3 6544 6541 6868 3766 3765 3874
15009 6 2 302 3 1720 1626 1775 6701 6419 6866
15010 6 2 302 3 6701 6419 6866 6702 6420 6867
15011 6 2 302 3 6702 6420 6867 6703 6421 6868
15012 6 2 302 3 6703 6421 6868 3819 3725 3874
15013 6 2 302 3 1625 1730 1783 6416 6731 6890
15014 6 2 302 3 6416 6731 6890 6417 6732 6891
15015 6 2 302 3 6417 6732 6891 6418 6733 6892
15016 6 2 302 3 6418 6733 6892 3724 3829 3882
15017 6 2 302 3 1718 1717 1779 6695 6692 6878
15018 6 2 302 3 6695 6692 6878 6696 6693 6879
15019 6 2 302 3 6696 6693 6879 6697 6694 6880
15020 6 2 302 3 6697 6694 6880 3817 3816 3878
15021 6 2 302 3 1617 1753 1774 6392 6800 6863
15022 6 2 302 3 6392 6800 6863 6393 6801 6864
15023 6 2 302 3 6393 6801 6864 6394 6802 6865
15024 6 2 302 3 6394 6802 6865 3716 3852 3873
15025 6 2 302 3 1680 1678 1776 6581 6575 6869
15026 6 2 302 3 6581 6575 6869 6582 6576 6870
15027 6 2 302 3 6582 6576 6870 6583 6577 6871
15028 6 2 302 3 6583 6577 6871 3779 3777 3875
15029 6 2 302 3 1724 1617 1774 6713 6392 6863
15030 6 2 302 3 6713 6392 6863 6714 6393 6864
15031 6 2 302 3 6714 6393 6864 6715 6394 6865
15032 6 2 302 3 6715 6394 6865 3823 3716 3873
15033 6 2 302 3 1658 1660 1782 6515 6521 6887
15034 6 2 302 3 6515 6521 6887 6516 6522 6888
15035 6 2 302 3 6516 6522 6888 6517 6523 6889
15036 6 2 302 3 6517 6523 6889 3757 3759 3881
15037 6 2 302 3 356 267 1772 3485 3701 6857
15038 6 2 302 3 3485 3701 6857 3486 3702 6858
15039 6 2 302 3 3486 3702 6858 3487 3703 6859
15040 6 2 302 3 3487 3703 6859 698 770 3871
15041 6 2 302 3 229 381 1773 3587 3560 6860
15042 6 2 302 3 3587 3560 6860 3588 3561 6861
15043 6 2 302 3 3588 3561 6861 3589 3562 6862
15044 6 2 302 3 3589 3562 6862 732 723 3872
15045 6 2 302 3 1709 1741 1776 6668 6764 6869
15046 6 2 302 3 6668 6764 6869 6669 6765 6870
15047 6 2 302 3 6669 6765 6870 6670 6766 6871
15048 6 2 302 3 6670 6766 6871 3808 3840 3875
15049 6 2 302 3 1743 1710 1782 6770 6671 6887
15050 6 2 302 3 6770 6671 6887 6771 6672 6888
15051 6 2 302 3 6771 6672 6888 6772 6673 6889
15052 6 2 302 3 6772 6673 6889 3842 3809 3881
15053 6 2 302 3 1742 1661 1779 6767 6524 6878
15054 6 2 302 3 6767 6524 6878 6768 6525 6879
15055 6 2 302 3 6768 6525 6879 6769 6526 6880
15056 6 2 302 3 6769 6526 6880 3841 3760 3878
15057 6 2 302 3 1638 1740 1778 6455 6761 6875
15058 6 2 302 3 6455 6761 6875 6456 6762 6876
15059 6 2 302 3 6456 6762 6876 6457 6763 6877
15060 6 2 302 3 6457 6763 6877 3737 3839 3877
15061 6 2 302 3 1739 1637 1771 6758 6452 6854
15062 6 2 302 3 6758 6452 6854 6759 6453 6855
15063 6 2 302 3 6759 6453 6855 6760 6454 6856
15064 6 2 302 3 6760 6454 6856 3838 3736 3870
15065 6 2 302 3 1728 1761 1784 6725 6824 6893
15066 6 2 302 3 6725 6824 6893 6726 6825 6894
15067 6 2 302 3 6726 6825 6894 6727 6826 6895
15068 6 2 302 3 6727 6826 6895 3827 3860 3883
15069 6 2 302 3 1750 1618 1784 6791 6395 6893
15070 6 2 302 3 6791 6395 6893 6792 6396 6894
15071 6 2 302 3 6792 6396 6894 6793 6397 6895
15072 6 2 302 3 6793 6397 6895 3849 3717 3883
15073 6 2 302 3 1761 1665 1784 6824 6536 6893
15074 6 2 302 3 6824 6536 6893 6825 6537 6894
15075 6 2 302 3 6825 6537 6894 6826 6538 6895
15076 6 2 302 3 6826 6538 6895 3860 3764 3883
15077 6 2 302 3 7 385 225 778 3572 3575
15078 6 2 302 3 778 3572 3575 779 3573 3576
15079 6 2 302 3 779 3573 3576 780 3574 3577
15080 6 2 302 3 780 3574 3577 20 727 728
15081 6 2 302 3 8 271 352 775 3713 3473
15082 6 2 302 3 775 3713 3473 776 3714 3474
15083 6 2 302 3 776 3714 3474 777 3715 3475
15084 6 2 302 3 777 3715 3475 19 774 694
15085 6 2 302 3 385 384 225 3572 3569 3575
15086 6 2 302 3 3572 3569 3575 3573 3570 3576
15087 6 2 302 3 3573 3570 3576 3574 3571 3577
15088 6 2 302 3 3574 3571 3577 727 726 728
15089 6 2 302 3 229 228 1747 3587 3584 6782
15090 6 2 302 3 3587 3584 6782 3588 3585 6783
15091 6 2 302 3 3588 3585 6783 3589 3586 6784
15092 6 2 302 3 3589 3586 6784 732 731 3846
15093 6 2 302 3 268 267 1746 3704 3701 6779
15094 6 2 302 3 3704 3701 6779 3705 3702 6780
15095 6 2 302 3 3705 3702 6780 3706 3703 6781
15096 6 2 302 3 3706 3703 6781 771 770 3845
15097 6 2 302 3 352 271 353 3473 3713 3476
15098 6 2 302 3 3473 3713 3476 3474 3714 3477
15099 6 2 302 3 3474 3714 3477 3475 3715 3478
15100 6 2 302 3 3475 3715 3478 694 774 695
15101 6 2 302 3 356 355 1746 3485 3482 6779
15102 6 2 302 3 3485 3482 6779 3486 3483 6780
15103 6 2 302 3 3486 3483 6780 3487 3484 6781
15104 6 2 302 3 3487 3484 6781 698 697 3845
15105 6 2 302 3 382 381 1747 3563 3560 6782
15106 6 2 302 3 3563 3560 6782 3564 3561 6783
15107 6 2 302 3 3564 3561 6783 3565 3562 6784
15108 6 2 302 3 3565 3562 6784 724 723 3846
15109 6 2 302 3 225 384 226 3575 3569 3578
15110 6 2 302 3 3575 3569 3578 3576 3570 3579
15111 6 2 302 3 3576 3570 3579 3577 3571 3580
15112 6 2 302 3 3577 3571 3580 728 726 729
15113 6 2 302 3 226 383 227 3578 3566 3581
15114 6 2 302 3 3578 3566 3581 3579 3567 3582
15115 6 2 302 3 3579 3567 3582 3580 3568 3583
15116 6 2 302 3 3580 3568 3583 729 725 730
15117 6 2 302 3 384 383 226 3569 3566 3578
15118 6 2 302 3 3569 3566 3578 3570 3567 3579
15119 6 2 302 3 3570 3567 3579 3571 3568 3580
15120 6 2 302 3 3571 3568 3580 726 725 729
15121 6 2 302 3 227 382 228 3581 3563 3584
15122 6 2 302 3 3581 3563 3584 3582 3564 3585
15123 6 2 302 3 3582 3564 3585 3583 3565 3586
15124 6 2 302 3 3583 3565 3586 730 724 731
15125 6 2 302 3 383 382 227 3566 3563 3581
15126 6 2 302 3 3566 3563 3581 3567 3564 3582
15127 6 2 302 3 3567 3564 3582 3568 3565 3583
15128 6 2 302 3 3568 3565 3583 725 724 730
15129 6 2 302 3 269 268 355 3707 3704 3482
15130 6 2 302 3 3707 3704 3482 3708 3705 3483
15131 6 2 302 3 3708 3705 3483 3709 3706 3484
15132 6 2 302 3 3709 3706 3484 772 771 697
15133 6 2 302 3 270 269 354 3710 3707 3479
15134 6 2 302 3 3710 3707 3479 3711 3708 3480
15135 6 2 302 3 3711 3708 3480 3712 3709 3481
15136 6 2 302 3 3712 3709 3481 773 772 696
15137 6 2 302 3 354 269 355 3479 3707 3482
15138 6 2 302 3 3479 3707 3482 3480 3708 3483
15139 6 2 302 3 3480 3708 3483 3481 3709 3484
15140 6 2 302 3 3481 3709 3484 696 772 697
15141 6 2 302 3 271 270 353 3713 3710 3476
15142 6 2 302 3 3713 3710 3476 3714 3711 3477
15143 6 2 302 3 3714 3711 3477 3715 3712 3478
15144 6 2 302 3 3715 3712 3478 774 773 695
15145 6 2 302 3 353 270 354 3476 3710 3479
15146 6 2 302 3 3476 3710 3479 3477 3711 3480
15147 6 2 302 3 3477 3711 3480 3478 3712 3481
15148 6 2 302 3 3478 3712 3481 695 773 696
$EndElements
