$MeshFormat
2.2 0 8
$EndMeshFormat
$PhysicalNames
15
1 201 "LPOUB"
1 202 "LPOUI"
1 204 "LPOUD"
1 205 "LPOUH"
1 206 "LPOUV"
1 207 "LPOUG"
1 208 "LBOD1D"
1 209 "LBOD2H"
1 212 "LVOI1G"
1 213 "LVOI1D"
1 214 "LVOI2G"
1 215 "LVOI2D"
2 100 "POUTRE"
2 101 "VOID1"
2 102 "VOID2"
$EndPhysicalNames
$Nodes
1459
1 0 0.55 0
2 2 0.55 0
3 2 0.65 0
4 0 0.65 0
5 1.25 0.55 0
6 0.5 0.65 0
7 2 0.2 0
8 1.4 0.2 0
9 0 0.75 0
10 0.5 1.35 0
11 0.01984126984125544 0.55 0
12 0.03968253968250981 0.55 0
13 0.0595238095237563 0.55 0
14 0.07936507936500983 0.55 0
15 0.0992063492062658 0.55 0
16 0.1190476190475218 0.55 0
17 0.1388888888887778 0.55 0
18 0.1587301587300242 0.55 0
19 0.1785714285712402 0.55 0
20 0.1984126984124521 0.55 0
21 0.2182539682536641 0.55 0
22 0.238095238094876 0.55 0
23 0.257936507936088 0.55 0
24 0.2777777777772999 0.55 0
25 0.2976190476185118 0.55 0
26 0.3174603174597238 0.55 0
27 0.3373015873009356 0.55 0
28 0.3571428571421476 0.55 0
29 0.3769841269833595 0.55 0
30 0.3968253968245714 0.55 0
31 0.4166666666657833 0.55 0
32 0.4365079365069953 0.55 0
33 0.4563492063482072 0.55 0
34 0.4761904761894192 0.55 0
35 0.496031746030631 0.55 0
36 0.5158730158719004 0.55 0
37 0.5357142857132005 0.55 0
38 0.5555555555545004 0.55 0
39 0.5753968253958004 0.55 0
40 0.5952380952371004 0.55 0
41 0.6150793650784003 0.55 0
42 0.6349206349197003 0.55 0
43 0.6547619047610004 0.55 0
44 0.6746031746023005 0.55 0
45 0.6944444444436003 0.55 0
46 0.7142857142849003 0.55 0
47 0.7341269841262004 0.55 0
48 0.7539682539675003 0.55 0
49 0.7738095238088004 0.55 0
50 0.7936507936501003 0.55 0
51 0.8134920634914001 0.55 0
52 0.8333333333327002 0.55 0
53 0.8531746031740002 0.55 0
54 0.8730158730153003 0.55 0
55 0.8928571428566002 0.55 0
56 0.9126984126979001 0.55 0
57 0.9325396825392002 0.55 0
58 0.9523809523805002 0.55 0
59 0.9722222222218002 0.55 0
60 0.9920634920631002 0.55 0
61 1.0119047619044 0.55 0
62 1.0317460317457 0.55 0
63 1.051587301587 0.55 0
64 1.0714285714283 0.55 0
65 1.0912698412696 0.55 0
66 1.1111111111109 0.55 0
67 1.1309523809522 0.55 0
68 1.1507936507935 0.55 0
69 1.1706349206348 0.55 0
70 1.1904761904761 0.55 0
71 1.2103174603174 0.55 0
72 1.2301587301587 0.55 0
73 1.269736842105263 0.55 0
74 1.289473684210527 0.55 0
75 1.30921052631579 0.55 0
76 1.328947368421053 0.55 0
77 1.348684210526316 0.55 0
78 1.368421052631579 0.55 0
79 1.388157894736842 0.55 0
80 1.407894736842106 0.55 0
81 1.427631578947369 0.55 0
82 1.447368421052632 0.55 0
83 1.467105263157896 0.55 0
84 1.486842105263159 0.55 0
85 1.506578947368422 0.55 0
86 1.526315789473685 0.55 0
87 1.546052631578948 0.55 0
88 1.565789473684212 0.55 0
89 1.585526315789475 0.55 0
90 1.605263157894738 0.55 0
91 1.625000000000001 0.55 0
92 1.644736842105264 0.55 0
93 1.664473684210527 0.55 0
94 1.68421052631579 0.55 0
95 1.703947368421053 0.55 0
96 1.723684210526316 0.55 0
97 1.74342105263158 0.55 0
98 1.763157894736843 0.55 0
99 1.782894736842106 0.55 0
100 1.802631578947369 0.55 0
101 1.822368421052632 0.55 0
102 1.842105263157895 0.55 0
103 1.861842105263158 0.55 0
104 1.881578947368421 0.55 0
105 1.901315789473685 0.55 0
106 1.921052631578948 0.55 0
107 1.940789473684211 0.55 0
108 1.960526315789474 0.55 0
109 1.980263157894737 0.55 0
110 2 0.5699999999997962 0
111 2 0.5899999999995967 0
112 2 0.6099999999996227 0
113 2 0.6299999999997701 0
114 1.980000000000265 0.65 0
115 1.96000000000053 0.65 0
116 1.940000000000794 0.65 0
117 1.920000000001059 0.65 0
118 1.900000000001211 0.65 0
119 1.8800000000012 0.65 0
120 1.860000000001169 0.65 0
121 1.840000000001137 0.65 0
122 1.820000000001122 0.65 0
123 1.80000000000126 0.65 0
124 1.780000000001525 0.65 0
125 1.760000000001789 0.65 0
126 1.740000000001935 0.65 0
127 1.720000000001904 0.65 0
128 1.700000000001872 0.65 0
129 1.680000000001841 0.65 0
130 1.66000000000181 0.65 0
131 1.640000000001779 0.65 0
132 1.620000000001747 0.65 0
133 1.600000000001716 0.65 0
134 1.580000000001685 0.65 0
135 1.560000000001653 0.65 0
136 1.540000000001622 0.65 0
137 1.520000000001591 0.65 0
138 1.50000000000156 0.65 0
139 1.480000000001528 0.65 0
140 1.460000000001497 0.65 0
141 1.440000000001466 0.65 0
142 1.420000000001434 0.65 0
143 1.400000000001403 0.65 0
144 1.380000000001372 0.65 0
145 1.360000000001341 0.65 0
146 1.340000000001309 0.65 0
147 1.320000000001278 0.65 0
148 1.300000000001247 0.65 0
149 1.280000000001216 0.65 0
150 1.260000000001185 0.65 0
151 1.240000000001154 0.65 0
152 1.220000000001122 0.65 0
153 1.200000000001091 0.65 0
154 1.18000000000106 0.65 0
155 1.160000000001029 0.65 0
156 1.140000000000998 0.65 0
157 1.120000000000966 0.65 0
158 1.100000000000935 0.65 0
159 1.080000000000904 0.65 0
160 1.060000000000873 0.65 0
161 1.040000000000842 0.65 0
162 1.02000000000081 0.65 0
163 1.000000000000779 0.65 0
164 0.9800000000007483 0.65 0
165 0.9600000000007172 0.65 0
166 0.9400000000006861 0.65 0
167 0.9200000000006547 0.65 0
168 0.9000000000006236 0.65 0
169 0.8800000000005925 0.65 0
170 0.8600000000005612 0.65 0
171 0.8400000000005301 0.65 0
172 0.8200000000004988 0.65 0
173 0.8000000000004677 0.65 0
174 0.7800000000004363 0.65 0
175 0.7600000000004052 0.65 0
176 0.7400000000003741 0.65 0
177 0.720000000000343 0.65 0
178 0.7000000000003117 0.65 0
179 0.6800000000002806 0.65 0
180 0.6600000000002493 0.65 0
181 0.6400000000002182 0.65 0
182 0.6200000000001871 0.65 0
183 0.600000000000156 0.65 0
184 0.5800000000001249 0.65 0
185 0.5600000000000935 0.65 0
186 0.5400000000000624 0.65 0
187 0.5200000000000311 0.65 0
188 0.4799999999999167 0.65 0
189 0.4599999999998334 0.65 0
190 0.439999999999754 0.65 0
191 0.4199999999998611 0.65 0
192 0.3999999999999999 0.65 0
193 0.3800000000001386 0.65 0
194 0.3600000000002774 0.65 0
195 0.3400000000004162 0.65 0
196 0.3200000000005549 0.65 0
197 0.3000000000006936 0.65 0
198 0.2800000000008322 0.65 0
199 0.260000000000971 0.65 0
200 0.2400000000009987 0.65 0
201 0.2200000000009155 0.65 0
202 0.2000000000008322 0.65 0
203 0.180000000000749 0.65 0
204 0.1600000000006658 0.65 0
205 0.1400000000005825 0.65 0
206 0.1200000000004994 0.65 0
207 0.1000000000004161 0.65 0
208 0.08000000000033292 0.65 0
209 0.06000000000024969 0.65 0
210 0.04000000000016646 0.65 0
211 0.02000000000008323 0.65 0
212 0 0.6300000000000737 0
213 0 0.6099999999999697 0
214 0 0.5899999999998569 0
215 0 0.5699999999998829 0
216 1.999357676968028 0.2196209388232522 0
217 1.997433458398939 0.239157857766311 0
218 1.994235584091173 0.2585270967546346 0
219 1.989777747833456 0.2776457137295436 0
220 1.984079038760652 0.2964318398498339 0
221 1.977163859628997 0.3148050300098296 0
222 1.969061822282749 0.3326866074247373 0
223 1.959807620904265 0.3500000004002188 0
224 1.949440883409316 0.3666710703270968 0
225 1.938006001753655 0.3826284291375224 0
226 1.9255519418559 0.3978037449722147 0
227 1.912132033901297 0.4121320348106317 0
228 1.897803743975925 0.4255519427296225 0
229 1.882628428102947 0.438006002547513 0
230 1.866671069257025 0.4494408841243149 0
231 1.849999999269041 0.4598076215573511 0
232 1.832686606240029 0.4690618228669828 0
233 1.814805028762877 0.4771638601455012 0
234 1.796431838565128 0.4840790391967509 0
235 1.777645712384923 0.4897777481937456 0
236 1.758527095426731 0.4942355843553093 0
237 1.739157856498563 0.4974334585658413 0
238 1.719620937533366 0.4993576770525717 0
239 1.699999998728813 0.5 0
240 1.680379060009824 0.4993576768915438 0
241 1.660842141188153 0.4974334582612916 0
242 1.641472902285425 0.4942355839002289 0
243 1.622354285464796 0.4897777476175796 0
244 1.603568159500574 0.4840790385401452 0
245 1.58519496944234 0.4771638594020778 0
246 1.567313392218225 0.4690618221066775 0
247 1.549999999285039 0.4598076207225486 0
248 1.533328929464736 0.4494408832702234 0
249 1.517371570695399 0.4380060016254511 0
250 1.502196254926103 0.425551941766727 0
251 1.487867965186364 0.4121320338982924 0
252 1.474448057409929 0.3978037441350524 0
253 1.461993997624023 0.3826284283264972 0
254 1.450559116072271 0.3666710695512374 0
255 1.440192378678187 0.3499999996770046 0
256 1.430938177408772 0.3326866067992044 0
257 1.422836140146248 0.3148050294672234 0
258 1.415920961082502 0.2964318393877809 0
259 1.410222252069348 0.2776457133668027 0
260 1.405764415849253 0.2585270964551353 0
261 1.40256654157175 0.2391578575436732 0
262 1.400642323024329 0.2196209387066365 0
263 0.01932724751974743 0.7538670760233369 0
264 0.03851946892376168 0.7583565538682915 0
265 0.05755662624557117 0.7634637462175062 0
266 0.07641884351534309 0.7691833208469284 0
267 0.09508642728937028 0.7755093061313509 0
268 0.1135398873974006 0.7824350973303956 0
269 0.1317599572091195 0.7899534634601829 0
270 0.1497276138111135 0.7980565548681776 0
271 0.1674240977734074 0.8067359113887511 0
272 0.1848309327907169 0.8159824711961641 0
273 0.2019299450116717 0.8257865802890817 0
274 0.2187032818938218 0.8361380025023929 0
275 0.2351334310470161 0.8470259303167661 0
276 0.2512032382893052 0.85843899600424 0
277 0.2668959256794823 0.8703652835686242 0
278 0.2821951090526114 0.8827923412065998 0
279 0.297084815060258 0.8957071942597422 0
280 0.3115494978754815 0.9090963587801417 0
281 0.3255740553720859 0.9229458555560957 0
282 0.3391438450097414 0.9372412248178539 0
283 0.3522446991038668 0.9519675413356647 0
284 0.3648629394050026 0.9671094297587874 0
285 0.3769853916314111 0.9826510809358475 0
286 0.3885993992290893 0.9985762684615747 0
287 0.3996928363927146 1.014868365369741 0
288 0.410254120812802 1.031510361585658 0
289 0.4202722258447679 1.048484881809161 0
290 0.4297366920461438 1.065774203740959 0
291 0.4386376377729698 1.083360275992313 0
292 0.446965769841059 1.10122473751324 0
293 0.4547123931566764 1.119348936670001 0
294 0.4618694197786676 1.137713950712699 0
295 0.4684293772680304 1.156300605284067 0
296 0.4743854165945922 1.175089494679236 0
297 0.4797313192789501 1.19406100211458 0
298 0.4844615038522733 1.213195320117717 0
299 0.4885710316374196 1.232472470950354 0
300 0.4920556121043271 1.251872328399762 0
301 0.4949116070740476 1.271374637507398 0
302 0.497136034718901 1.290959036713401 0
303 0.4987265725735415 1.310605078463474 0
304 0.4996815600244396 1.330292251113694 0
305 0 0.6699999999999263 0
306 0 0.6900000000000304 0
307 0 0.7100000000001432 0
308 0 0.7300000000001171 0
309 0.5 1.330000000000024 0
310 0.5 1.31000000000009 0
311 0.5 1.290000000000156 0
312 0.5 1.270000000000165 0
313 0.5 1.250000000000204 0
314 0.5 1.230000000000271 0
315 0.5 1.210000000000321 0
316 0.5 1.190000000000329 0
317 0.5 1.170000000000385 0
318 0.5 1.150000000000452 0
319 0.5 1.130000000000486 0
320 0.5 1.110000000000499 0
321 0.5 1.090000000000566 0
322 0.5 1.070000000000633 0
323 0.5 1.05000000000065 0
324 0.5 1.03000000000068 0
325 0.5 1.010000000000747 0
326 0.5 0.9900000000006874 0
327 0.5 0.9700000000006535 0
328 0.5 0.9500000000006008 0
329 0.5 0.930000000000581 0
330 0.5 0.9100000000005611 0
331 0.5 0.8900000000005414 0
332 0.5 0.8700000000005215 0
333 0.5 0.8500000000005017 0
334 0.5 0.8300000000004585 0
335 0.5 0.8100000000004188 0
336 0.5 0.7900000000003556 0
337 0.5 0.7700000000002926 0
338 0.5 0.7500000000002573 0
339 0.5 0.7300000000002096 0
340 0.5 0.7100000000001465 0
341 0.5 0.69000000000009 0
342 0.5 0.6700000000000559 0
343 1.392500000000008 0.2174999999999811 0
344 1.385000000000018 0.2349999999999577 0
345 1.377500000000043 0.2524999999998983 0
346 1.370000000000065 0.2699999999998489 0
347 1.36250000000009 0.2874999999997911 0
348 1.355000000000121 0.3049999999997169 0
349 1.347500000000147 0.3224999999996566 0
350 1.340000000000165 0.3399999999996148 0
351 1.332500000000183 0.3574999999995729 0
352 1.325000000000205 0.374999999999522 0
353 1.31750000000019 0.3924999999995571 0
354 1.310000000000164 0.4099999999996179 0
355 1.302500000000131 0.4274999999996933 0
356 1.295000000000101 0.4449999999997633 0
357 1.287500000000075 0.4624999999998258 0
358 1.280000000000069 0.4799999999998388 0
359 1.272500000000063 0.4974999999998516 0
360 1.265000000000041 0.5149999999999053 0
361 1.257500000000019 0.5324999999999549 0
362 2 0.5305555555555953 0
363 2 0.5111111111111737 0
364 2 0.4916666666667461 0
365 2 0.4722222222223534 0
366 2 0.4527777777779716 0
367 2 0.4333333333336187 0
368 2 0.4138888888892405 0
369 2 0.394444444444837 0
370 2 0.3750000000004227 0
371 2 0.3555555555559096 0
372 2 0.3361111111114399 0
373 2 0.3166666666669702 0
374 2 0.2972222222225004 0
375 2 0.2777777777780031 0
376 2 0.2583333333334961 0
377 2 0.2388888888890046 0
378 2 0.2194444444444926 0
379 1.930921052631577 0.5670926066536401 0
380 1.891447368421054 0.5670926066536401 0
381 1.851973684210526 0.5670926066536401 0
382 1.812100312501491 0.5665548785628531 0
383 0.06944444444438307 0.5671830437258646 0
384 1.773026315789475 0.5670926066536401 0
385 0.1091269841268938 0.5671830437258698 0
386 0.148809523809401 0.5671830437258483 0
387 1.733552631578948 0.5670926066536401 0
388 0.1889192514673129 0.5664376939912881 0
389 1.694078947368423 0.5670926066536401 0
390 0.22817460317427 0.5671830437258316 0
391 1.653086385268758 0.5660307838434377 0
392 0.267857142856694 0.5671830437258316 0
393 1.613487101473068 0.5655520918493728 0
394 0.3075396825391178 0.5671830437258316 0
395 1.573735334512985 0.5655389117357282 0
396 0.3472222222215418 0.5671830437258316 0
397 1.534096807950579 0.5655285098884972 0
398 0.3869047619039655 0.5671830437258316 0
399 1.49452806291642 0.5655220895479542 0
400 0.4265873015863892 0.5671830437258316 0
401 1.454833592081433 0.56553008584172 0
402 1.418767449800589 0.5677133367174028 0
403 0.4662698412688132 0.5671830437258316 0
404 1.378490811899328 0.5672555025473184 0
405 1.338959781572304 0.5672518593899939 0
406 1.299428021971201 0.5672532451993102 0
407 0.5059523809512656 0.5671830437258565 0
408 1.259868421052632 0.5670926066536404 0
409 0.5470847422451443 0.5669845386390598 0
410 0.586845473001965 0.5660159324672961 0
411 0.6267587222920576 0.5653355878682367 0
412 0.6666649708954411 0.5652698520136938 0
413 0.7064070249657222 0.5653366402745532 0
414 0.7461492326301922 0.565403592859328 0
415 0.7858855649978743 0.5654637843979828 0
416 0.8256241276094216 0.565491251776377 0
417 0.8653640057305113 0.5654876802834193 0
418 0.905175313687209 0.5654924443681171 0
419 0.9414013137589305 0.5676826048425681 0
420 0.9811879458475841 0.5676689786150946 0
421 1.021012453893204 0.56767206674966 0
422 1.061330198349096 0.5673080620653606 0
423 1.101049689677437 0.567309077706568 0
424 1.14087301587285 0.5671830437259078 0
425 1.18055555555545 0.5671830437259079 0
426 1.220238095238052 0.5671830437259079 0
427 1.949963544541712 0.6326827489490876 0
428 0.05023429857891201 0.6321301533905916 0
429 0.09030166464722908 0.6321432443823356 0
430 1.909975842862051 0.6326975497978853 0
431 0.1302678618660989 0.6322052707535007 0
432 1.870014201017182 0.6326983892004128 0
433 0.1702341851365314 0.6322671670698975 0
434 0.2102006344601013 0.6323289084593786 0
435 1.830038553101846 0.6326919477123526 0
436 0.2501672098383191 0.632390493568215 0
437 0.2901339112725955 0.6324519209811942 0
438 1.789968566667395 0.6326862175776446 0
439 0.330141034271101 0.6324466681413738 0
440 1.749975844896445 0.6326975486237437 0
441 0.3700947694299491 0.6325322199023001 0
442 0.410048062710923 0.6326072250923698 0
443 1.710014201017891 0.6326983892004031 0
444 0.4499999999997936 0.6326794919243233 0
445 1.670038553902035 0.6326935666847362 0
446 0.4899914240574346 0.6326908943978479 0
447 0.5299818842041635 0.6326879885430194 0
448 1.630024159551587 0.6326959256108904 0
449 0.5699914240575918 0.6326908943978664 0
450 0.6099723141510602 0.6326274733630556 0
451 1.590000000001699 0.6326794919242841 0
452 0.650095650908733 0.6324643287569972 0
453 1.54998252446716 0.6326889913055155 0
454 0.6901410342709765 0.6324466681418939 0
455 0.7300947694301416 0.6325322199026602 0
456 1.510014201017567 0.6326983892003938 0
457 0.7700480627114513 0.6326072250925352 0
458 1.470030010029374 0.6326935732868577 0
459 0.8100000000004832 0.6326794919242843 0
460 0.8499914240580295 0.6326908943978653 0
461 1.430014201017441 0.632698389200395 0
462 0.8899767301765837 0.6326879861431487 0
463 0.929987226245042 0.6326883615222859 0
464 1.390030010029247 0.6326935732868624 0
465 0.9699854144116473 0.6326894075848203 0
466 1.350014201017317 0.6326983892003947 0
467 1.009975874264552 0.6326852646326904 0
468 1.049985414411773 0.6326894075848206 0
469 1.310038553902056 0.6326935678851646 0
470 1.089975874264677 0.6326852646326948 0
471 1.270032921349805 0.6326808711759688 0
472 1.129985414411897 0.6326894075848201 0
473 1.169985516331521 0.6326853838442458 0
474 1.210070376925292 0.6326613094910964 0
475 1.983699900226964 0.5990391492556888 0
476 0.01571924079884738 0.599825026033833 0
477 1.968908135546732 0.5690746168857485 0
478 0.03126880879277758 0.569101946861462 0
479 1.889991898619937 0.6326984431530234 0
480 1.880003412937044 0.6154212650642377 0
481 1.860069132319834 0.6154139422334413 0
482 1.870595064933975 0.598578900699102 0
483 1.850840370595378 0.5986161029640141 0
484 1.890567292870937 0.5986677833409606 0
485 1.840172733758502 0.6153555028744232 0
486 1.83047856831057 0.5987907147444155 0
487 1.900064694685918 0.6155044073326796 0
488 1.919928467085682 0.6154190481516281 0
489 1.910458378309601 0.5987084949847045 0
490 1.930293020474621 0.5986844614899298 0
491 1.939977854023561 0.6154913905002211 0
492 1.951721683388849 0.5981380117747083 0
493 1.729991898862759 0.6326984430132385 0
494 1.720003412978112 0.6154212650409254 0
495 1.700069132327263 0.6154139422295369 0
496 1.711296819328261 0.5984157752720641 0
497 1.691659084048523 0.5984292883262964 0
498 1.731386006329706 0.5984727768328925 0
499 1.680344365243056 0.6154616719816918 0
500 1.671040218344989 0.5988151578554862 0
501 1.740201147315674 0.6154719060251277 0
502 1.75995053857856 0.6154132438236943 0
503 1.751323005625924 0.5984969923749431 0
504 1.7711407100087 0.5984722405055907 0
505 1.78012532255681 0.6154585236688317 0
506 1.79105865671698 0.5984721389949235 0
507 1.650013299381663 0.6327009952223122 0
508 1.640022518719193 0.6154193157676949 0
509 1.620083900352483 0.6154049101710743 0
510 1.63006571026128 0.5986487823238373 0
511 1.610169509238849 0.5986979388840514 0
512 1.650204287214078 0.5988419720020757 0
513 1.641404379367955 0.5825770271433826 0
514 1.60006438944191 0.6154657351416175 0
515 1.590015932584624 0.5987229018462266 0
516 1.601538593898214 0.5825030989469697 0
517 1.529992694049451 0.6326974242848614 0
518 1.520003545508918 0.6154210952528282 0
519 1.500069154415436 0.6154139139315207 0
520 1.510040130081681 0.5986898762678281 0
521 1.49014436910508 0.5987561029830537 0
522 1.529951323672291 0.5987663390586724 0
523 1.521747390917465 0.5825202310500083 0
524 1.480087646118106 0.6155161440772943 0
525 1.470072723087108 0.5988222795940363 0
526 1.481979622194634 0.5825574873201196 0
527 1.539948254475989 0.615512766360178 0
528 1.54986189954442 0.5987691083599942 0
529 1.559894183096395 0.6154847264432903 0
530 1.569894482926379 0.598844672554192 0
531 1.561549285122809 0.5825384979093539 0
532 1.579932245394508 0.6155219820788956 0
533 1.569968158827183 0.6327291986253308 0
534 1.450004522971519 0.6327014135242279 0
535 1.440005516995822 0.6154217601260539 0
536 1.420069482996478 0.6154140247437294 0
537 1.430040505968897 0.5987061670439409 0
538 1.410144479059015 0.5987749980763217 0
539 1.450025978179394 0.5989124359158375 0
540 1.438760910733534 0.5804498242809374 0
541 1.400087719207181 0.6155193117282132 0
542 1.390072785306821 0.5988389379892587 0
543 1.399380125890759 0.5807013190472343 0
544 1.460010895048778 0.6155482372608648 0
545 1.370004522971394 0.6327014135242305 0
546 1.360005516995702 0.6154217601260554 0
547 1.340069482996358 0.6154140247437232 0
548 1.350040501255217 0.5987163822456805 0
549 1.330144473559743 0.5987869158116735 0
550 1.370026019476282 0.5989298961198533 0
551 1.35946125098295 0.5806446693789616 0
552 1.32009198860674 0.6155212917154557 0
553 1.310083123922598 0.5988481066928358 0
554 1.319695072318827 0.5806441183107215 0
555 1.380010910066171 0.6155514078603728 0
556 1.290014759681589 0.6326984875503179 0
557 1.280024699955377 0.6154146957080174 0
558 1.260088857759149 0.6153864262503623 0
559 1.270065674763314 0.5987091994195165 0
560 1.250155288916421 0.5987645904307273 0
561 1.240164696487296 0.6154556078380813 0
562 1.230240525643049 0.5987731975713668 0
563 1.240243861390457 0.5808620201307585 0
564 1.29004699364522 0.5989341788297107 0
565 1.280035214701046 0.5809521978105744 0
566 1.22016058086007 0.6154824542799047 0
567 1.210247373238487 0.5987439326841166 0
568 1.810004032967666 0.6326974884156945 0
569 1.800017065854088 0.6154033825985752 0
570 1.810692696345143 0.5988689461688952 0
571 1.820233941722969 0.6156346637523926 0
572 1.660277207134169 0.6156554465856661 0
573 1.30002552870105 0.6155518541974914 0
574 0.4700002878029033 0.6326913048911178 0
575 0.4799971741459713 0.615396628335135 0
576 0.499958143345886 0.6153921508373544 0
577 0.4886885318296426 0.5983878030984767 0
578 0.5083819225599397 0.5984162228536034 0
579 0.468555647096452 0.59843454385205 0
580 0.5196919204213435 0.6154446057556162 0
581 0.5289936647140983 0.5987943054556197 0
582 0.4597830510241193 0.615443816025389 0
583 0.4400232473369006 0.6153568798321047 0
584 0.4485615847595199 0.5984406485218556 0
585 0.4286815936001611 0.598397517577931 0
586 0.4198579635019325 0.6153547567086709 0
587 0.408749915782485 0.5983539596086356 0
588 0.4000198090402307 0.6152556357109494 0
589 0.3888642390266802 0.5982940480348209 0
590 0.3799423778687721 0.6152482510009396 0
591 0.3689463968983406 0.5982467945408489 0
592 0.3601390151912927 0.6151133511022708 0
593 0.3490689162726937 0.5981805061361416 0
594 0.3401469223343312 0.615070141229491 0
595 0.3291667516672943 0.5981264361841339 0
596 0.3201959547387774 0.6150041381598208 0
597 0.3092673713968692 0.5980707136024707 0
598 0.3002494358335954 0.6149465765111184 0
599 0.2893692407510436 0.5980162328325027 0
600 0.2803045126072619 0.614878736327483 0
601 0.2694716284425095 0.5979603568104874 0
602 0.2603638744959208 0.6148130001302542 0
603 0.2495748608291238 0.5979047103075383 0
604 0.2404199522923258 0.6147439690972873 0
605 0.2296777307690401 0.5978486648497643 0
606 0.2204796444291672 0.6146780527353947 0
607 0.2102083747859275 0.5980412482792214 0
608 0.2005867825384829 0.6146384732488688 0
609 0.1903910782878661 0.5980317085605591 0
610 0.180802327959769 0.6144318082446879 0
611 0.1701067157325101 0.5977126838435338 0
612 0.1605598751346929 0.614573026929448 0
613 0.1500954078870663 0.5976482368396789 0
614 0.1409482999097108 0.6142231346226679 0
615 0.1302347995447319 0.5975444823269549 0
616 0.1208018572009304 0.6143135212839954 0
617 0.1103102073234525 0.5975076716701749 0
618 0.101086825649906 0.6140611234408411 0
619 0.09044689709954021 0.5974250034336928 0
620 0.08103061644903362 0.6140840381917021 0
621 0.07053596893288133 0.5973805090539306 0
622 0.06137160006824487 0.6137764095790478 0
623 0.05147781109170656 0.5964724451086845 0
624 0.04238763203384613 0.612067818412771 0
625 0.03022557916308263 0.6296017614516812 0
626 0.07024984521646938 0.6319325238738074 0
627 0.1102090314088194 0.6320286046561665 0
628 0.1501709372493093 0.6321207358268605 0
629 0.1901550960970255 0.6321999906464904 0
630 0.2302112401703046 0.6323569039767125 0
631 0.4299939760423293 0.6326163685483043 0
632 0.2701615847026501 0.632422358501191 0
633 0.3101200560195529 0.6324748839655844 0
634 0.3500869568712279 0.6325270633959059 0
635 0.3900175031750022 0.632607221951093 0
636 1.029991218907621 0.6326901389492608 0
637 1.039986282098249 0.6153950010910666 0
638 1.059949335973665 0.6153866180875405 0
639 1.049960353299627 0.598677598165153 0
640 1.069897740001431 0.5987524324503328 0
641 1.029953447211674 0.5987711891734597 0
642 1.040543663217906 0.5806787874319291 0
643 1.07993845197683 0.6154959317158945 0
644 1.089943989737172 0.5988089539709567 0
645 1.080493323937765 0.5806437774966106 0
646 1.109991218907746 0.6326901389492634 0
647 1.11998628209837 0.6153950010910687 0
648 1.139949335973787 0.6153866180875364 0
649 1.129960356054148 0.5986819447082173 0
650 1.149897743230463 0.5987575151657192 0
651 1.109972607912484 0.5989007160205032 0
652 1.120395696503612 0.5806324439528218 0
653 1.159946264984197 0.6154969179152675 0
654 1.170000228927522 0.5987742415090272 0
655 1.16027385361935 0.5806062692952495 0
656 0.5499972685037993 0.6326927209942464 0
657 0.5599966709296061 0.6153968643523418 0
658 0.579958059476627 0.6153921901735786 0
659 0.569976827285945 0.5981100585103357 0
660 0.5899129969650869 0.5985958198613395 0
661 0.5498862410941343 0.5988942369278458 0
662 0.5998589666441847 0.6154230631660966 0
663 0.6099400774331502 0.5985341905201879 0
664 0.5986014561166959 0.5825030507774551 0
665 0.5397579416445241 0.6156517870047815 0
666 0.8300002878035501 0.6326913048911238 0
667 0.839997174146595 0.6153966283351546 0
668 0.8599581433464902 0.6153921508373781 0
669 0.8499756487018441 0.5986605669452139 0
670 0.8699128287226069 0.5987386533776506 0
671 0.8300292148205869 0.5987451173945693 0
672 0.8381522959608676 0.5825112914614328 0
673 0.879944495024847 0.6154983413764451 0
674 0.8899504215003342 0.5987922739339487 0
675 0.8780103768903382 0.5825417905728998 0
676 0.8200286456453412 0.6154955782824759 0
677 0.8000641797743022 0.6153655068749944 0
678 0.8100857484193199 0.5987589556807691 0
679 0.7901454682659781 0.5987017443603158 0
680 0.7983364667050301 0.5825019823188292 0
681 0.7801087646861748 0.6154068990129791 0
682 0.770214587358753 0.598648303060733 0
683 0.7601514009680841 0.6153728000016951 0
684 0.7502795155750911 0.5985899429658965 0
685 0.7585255069939716 0.5824192510125861 0
686 0.7402001892816328 0.6153170942048527 0
687 0.730344656206707 0.5985154145758922 0
688 0.7202422987945896 0.6152526884613128 0
689 0.7104087380736763 0.5984481653682842 0
690 0.7187109114638479 0.5823184916715785 0
691 0.7002908736905564 0.615188691050543 0
692 0.6904738561511501 0.5983707557398008 0
693 0.6803330321691222 0.6151223106538561 0
694 0.6705381186437775 0.5983025063179606 0
695 0.6788961240011787 0.5822148122076789 0
696 0.6603664588742763 0.6150750198365993 0
697 0.6506009185217991 0.5982277150428313 0
698 0.6402097784521379 0.6149975832737291 0
699 0.6301323772246337 0.5984822323020862 0
700 0.6388002328057207 0.5822185684587901 0
701 0.6299614831161513 0.6325387809131167 0
702 0.7900368345288858 0.632676520484132 0
703 0.6701114495505085 0.6324824188551006 0
704 0.7101281626978198 0.6325700445927349 0
705 0.7500824037320148 0.6326382232002905 0
706 0.9499861029630328 0.632689508271725 0
707 0.9599778100062665 0.6153918712947313 0
708 0.9799479239582283 0.6153860964548143 0
709 0.9699587018166508 0.5986704697116273 0
710 0.9898972252866212 0.5987446375539375 0
711 0.9499728244120913 0.5987638503764096 0
712 0.9606777907181391 0.5807222976341183 0
713 0.9999381308550365 0.6154945456277022 0
714 1.009931871607908 0.5989109036900927 0
715 1.000556588847772 0.580755891077121 0
716 0.9099922750249263 0.6326922960481935 0
717 0.9199867600898863 0.6153951862638005 0
718 0.9399786853595937 0.6155059173033064 0
719 0.9299914064444899 0.5988040053444471 0
720 0.9099782254772875 0.5989011827645461 0
721 0.9213035045793072 0.5804525236027921 0
722 1.190010309827312 0.6326854443052352 0
723 1.200000004431241 0.615385766238489 0
724 1.190113846886199 0.5988810676174692 0
725 1.200395270441703 0.580683383309804 0
726 1.180037226563033 0.6153923776561453 0
727 1.019986440732786 0.6154886660823534 0
728 0.8999896041406423 0.6154898944209022 0
729 1.099988360069133 0.6154904252670119 0
730 1.969913038361915 0.6330666478343424 0
731 1.960629283571311 0.617096189469075 0
732 1.770003378783754 0.6327092556156524 0
733 1.929974284752476 0.6327151228998036 0
734 1.610035024787325 0.6326997134936715 0
735 1.149977755283905 0.6327097212386449 0
736 0.9899745572484984 0.6327092190500044 0
737 1.069974846104787 0.6327095370034916 0
738 1.230123588213377 0.6326477325873965 0
739 1.850041480062183 0.6327034404486904 0
740 1.690077708748993 0.632711261682728 0
741 1.330035704420843 0.6327212122574563 0
742 1.490033501930595 0.6327203367493444 0
743 1.41003356887553 0.6327208831598665 0
744 0.5099372286714764 0.6327026065889729 0
745 0.8699784654345173 0.6327115621258061 0
746 0.5899749364370216 0.6326939623791996 0
747 0.5267435596677117 0.5665942112903475 0
748 0.2480158730154821 0.5671830437258316 0
749 0.406746031745177 0.5671830437258312 0
750 0.3273809523803297 0.5671830437258316 0
751 0.2876984126979057 0.5671830437258313 0
752 0.3670634920627533 0.5671830437258313 0
753 0.1289682539681498 0.5671830437258639 0
754 0.567471374738866 0.5667591629363257 0
755 0.05073597188634203 0.5664197313736673 0
756 0.08928571428563783 0.5671830437258688 0
757 0.1686767404421441 0.5667731419516707 0
758 0.4861111111100253 0.5671830437258316 0
759 0.4464285714276012 0.5671830437258313 0
760 0.2088317193044362 0.5663207144187111 0
761 1.911184210526319 0.5670926066536348 0
762 1.871710526315789 0.5670926066536401 0
763 1.75328947368421 0.5670926066536393 0
764 1.792763157894742 0.5670926066536269 0
765 1.67335491394954 0.5664231851389724 0
766 1.831790557358417 0.5665137672097179 0
767 1.71381578947368 0.5670926066536262 0
768 1.250068343968661 0.6326951063086348 0
769 1.949541164925357 0.566563788405108 0
770 0.620012499503553 0.6154338872563787 0
771 1.9812221502752 0.6183914386110291 0
772 1.984155051519942 0.5804323280775305 0
773 0.01583898568252867 0.5805775367466712 0
774 0.03277227425957174 0.5926787967812253 0
775 1.968791859135954 0.5886302775360772 0
776 1.92105263157895 0.5822803045555222 0
777 1.939807015202547 0.5822796053719598 0
778 1.90131578947369 0.5822510714802761 0
779 0.0147687079688574 0.619037760881847 0
780 1.881457741286549 0.5823498511195796 0
781 1.861698155975083 0.5823203363362479 0
782 1.841145289420007 0.5827792903286388 0
783 1.821453149812415 0.5825515735034308 0
784 1.782733770449336 0.5819410748052029 0
785 1.762983790187006 0.58194314064571 0
786 1.743159439545008 0.582003360764682 0
787 1.802252296980102 0.582085502573396 0
788 1.723263529533009 0.5820807484508184 0
789 1.703621839117205 0.5819462708141637 0
790 1.682304069507774 0.5827504928655305 0
791 1.661899042275516 0.5825731031414808 0
792 0.436507936506995 0.5816793971941655 0
793 0.4563492063482068 0.5816747158711727 0
794 0.4764014658181874 0.5818646773771738 0
795 0.4166666666657833 0.5816557774922846 0
796 0.4960317460306272 0.5816481205121549 0
797 0.3968253968245713 0.5816306855254151 0
798 0.5176778652127532 0.5827344679105257 0
799 0.5391652287813775 0.5833581977775243 0
800 1.632974461068012 0.5663279103901586 0
801 0.3769841269833595 0.5816058049589251 0
802 1.621606625884563 0.582384474922962 0
803 0.3571428571421473 0.5815812425485923 0
804 1.582021394314518 0.5820682715379062 0
805 0.3373015873009358 0.5815570063822394 0
806 0.5594518001219697 0.5833679461994854 0
807 1.593595316313833 0.5659437290116629 0
808 0.317460317459724 0.5815330983908941 0
809 0.5794922525107873 0.5833376170802046 0
810 0.2976190476185117 0.5815095201376378 0
811 0.6070556287025404 0.5662767176097333 0
812 0.2777777777772998 0.581486273180055 0
813 0.618548082429133 0.5822250579227481 0
814 0.257936507936088 0.5814633590931559 0
815 0.2380952380948761 0.5814407794710565 0
816 0.2185333519684279 0.5816444942107029 0
817 1.542187959973191 0.5820380507140309 0
818 0.1992425340642019 0.5819751538481214 0
819 1.461522935400792 0.5824165048934975 0
820 1.513894166323648 0.5662669032111461 0
821 1.553901915470453 0.565940661707935 0
822 0.1789658084434022 0.5817180771168093 0
823 1.502055623589821 0.5823854483966849 0
824 0.1588673469165097 0.5815380110176813 0
825 1.475184336085668 0.5654493892896202 0
826 0.1390055771541214 0.5815243471928428 0
827 1.379486198711228 0.5852740650165251 0
828 0.1190476190475263 0.5813124172563642 0
829 0.09920634920626452 0.5812922251926359 0
830 1.437472390523112 0.5627386493680121 0
831 1.419418694290559 0.5852691290331674 0
832 1.299857685311778 0.5853263693686305 0
833 0.07936507936500717 0.5812723810706606 0
834 1.398538203833925 0.5631340316623911 0
835 0.06064152832478611 0.5815137375837142 0
836 0.8176332136809958 0.5820020708703324 0
837 0.8994200193454773 0.5835183257372385 0
838 0.8459315416197916 0.5662635035458414 0
839 1.339660215937808 0.5852087890274061 0
840 0.8051421022267404 0.5653652706166147 0
841 0.8578911162709932 0.582367247697743 0
842 1.358803421522496 0.5630304062632548 0
843 0.7778327472016262 0.5819467239615903 0
844 0.8856404552542393 0.5661733734936124 0
845 1.319248154119835 0.5630298445800052 0
846 0.9406693679825916 0.585285056360067 0
847 1.279708436808134 0.563059609932705 0
848 1.260073692164774 0.5852761228890433 0
849 0.9226236454525094 0.5627255145626954 0
850 0.765417162253753 0.5653216691568232 0
851 1.020399604955693 0.5853577676244525 0
852 0.961574044985391 0.5632147762183563 0
853 0.7380360286792265 0.5818537698824731 0
854 0.9804556505033535 0.5853124549183798 0
855 1.100371061553694 0.585258993829492 0
856 1.001345048511212 0.5632193872883752 0
857 1.180267751086045 0.5852256010914915 0
858 1.240101821567968 0.5630275341020614 0
859 1.041243929758581 0.56313178324939 0
860 1.060445055761165 0.5852121315218771 0
861 0.7256918016956436 0.565263656856056 0
862 1.08111432493244 0.5630521834537078 0
863 1.1208763788234 0.5630249130770596 0
864 1.140280133056085 0.5851722433695832 0
865 0.6982367440297541 0.5817494222951898 0
866 1.16062619929519 0.5629944713494131 0
867 1.220273025190349 0.5852491154843907 0
868 0.6859654316420329 0.5652034680015833 0
869 0.6583902724513778 0.5816623358072733 0
870 1.200396514405741 0.5630098941523239 0
871 0.6467161230208829 0.5657477240246656 0
872 0.01422394647050856 0.6353120454730754 0
873 1.985358983848903 0.6353589838487675 0
874 0.01449753102237294 0.5645405715294733 0
875 1.985597221940176 0.5644746944149356 0
876 1.955312538215932 0.5809184593528509 0
877 0.04537927887103681 0.5812373315417506 0
878 1.969212975319656 0.6042590133293158 0
879 0.02717468684484106 0.6106422327122716 0
880 0.4826843424452169 0.7800033775761741 0
881 0.2851635856775747 0.8632091349427423 0
882 0.3497324424813659 0.6680137581207403 0
883 0.3308949650545921 0.9018125608758227 0
884 0.2899439451886992 0.6664263179037836 0
885 0.4826203409803089 0.8392407506517969 0
886 0.2377180691825588 0.8273070711600728 0
887 0.2305343069340474 0.6670079100000008 0
888 0.4099999999999304 0.6673205080755686 0
889 0.485522605695043 0.8976932498873766 0
890 0.1862744754084765 0.7978051748425882 0
891 0.1717427957883861 0.6673848253071746 0
892 0.3702322668198093 0.9464622142058627 0
893 0.1106240925016993 0.763359855980677 0
894 0.4800861714677195 0.9599066940846496 0
895 0.4826794919242661 0.7200000000001782 0
896 0.09092147976354839 0.6672587099419538 0
897 0.1477612685144364 0.7784445621096711 0
898 0.3965840123755121 0.9805556490881641 0
899 0.0552167925047927 0.7450095378476154 0
900 0.130000000000541 0.6673205080757608 0
901 0.4186733013262699 1.014293921617335 0
902 0.0492697139302778 0.6656272221414515 0
903 0.4517391174382043 0.6679362281950352 0
904 0.4834542115143488 1.001193941298255 0
905 0.439874923728773 1.048595850672641 0
906 0.01639288865150289 0.7001626760556496 0
907 0.4826794919243531 1.06000000000064 0
908 0.4677607395907059 1.10563063235402 0
909 0.4830645760211734 0.680084768375812 0
910 0.4836781999253268 1.119099140817081 0
911 0.3005320974293932 0.8761075967562642 0
912 0.3037335651303092 0.8562759396506469 0
913 0.2883452070845001 0.8436074772098969 0
914 0.3068654743472197 0.8367610381081364 0
915 0.3222115634658048 0.8492365189574742 0
916 0.3253319698438276 0.8296972850165718 0
917 0.3100157101175613 0.8172300107858207 0
918 0.3284673082117889 0.8101455945106044 0
919 0.3406807979043355 0.8421889841089195 0
920 0.3130731746985897 0.7976626279407398 0
921 0.331594942025801 0.7905708831911809 0
922 0.3161773976347476 0.7780653589455679 0
923 0.3347223000348349 0.7709718068742526 0
924 0.3501424900564654 0.7835038803439591 0
925 0.3532772907895292 0.763873749934973 0
926 0.3687120877167287 0.7764233342755593 0
927 0.3718534176840356 0.7567766799889362 0
928 0.3872947723262826 0.7693134127059214 0
929 0.3841510304148203 0.7889817239095505 0
930 0.3193017463076253 0.7584584813220936 0
931 0.3007492335740269 0.7655583028046974 0
932 0.3904369402400936 0.749653132282354 0
933 0.3038728311682744 0.7459457917463527 0
934 0.2853229689948126 0.7530565087809871 0
935 0.4027373547750515 0.7818616975497827 0
936 0.3995917964954448 0.8015282996552774 0
937 0.3564348110930221 0.7442491292595803 0
938 0.2821928410311741 0.7726576737813172 0
939 0.2667810869777411 0.7601634187278634 0
940 0.2699106008451743 0.7406052195582113 0
941 0.2513610301133161 0.7476828591725304 0
942 0.4178143370992842 0.7948845683431927 0
943 0.4149680624640045 0.8141569266719819 0
944 0.4208827375756511 0.775218523705833 0
945 0.248252330574198 0.7672718225662998 0
946 0.2328363557225969 0.7547965182273397 0
947 0.2359323648253351 0.7351879896282434 0
948 0.2173994717659349 0.742311637046199 0
949 0.3964308910672752 0.8211959912607295 0
950 0.4118575980089241 0.8337465233017243 0
951 0.3932487774118767 0.8407913906874379 0
952 0.4087228423336589 0.8533750478302218 0
953 0.3900742013970594 0.8603475986063908 0
954 0.4055584232575167 0.8729912470484744 0
955 0.4241453386592032 0.865915043027398 0
956 0.4209893376307515 0.8855587709562488 0
957 0.3870060113775263 0.8800773687131112 0
958 0.4330354435526014 0.8074367833895753 0
959 0.2204954208255825 0.7226980336095408 0
960 0.2019448595284379 0.7298240385784152 0
961 0.2393845077850128 0.7153334094302106 0
962 0.2050510907695708 0.7101944548883239 0
963 0.1865029059383854 0.7173329090896039 0
964 0.1834008031163143 0.7369511429528189 0
965 0.167962658942677 0.7244709597157751 0
966 0.2297474372320547 0.7743819195347121 0
967 0.4395799717996006 0.8784693606348328 0
968 0.4364116188944927 0.8981092496367895 0
969 0.4178356169271502 0.9051947770720874 0
970 0.4332455478112535 0.9177404249525056 0
971 0.4149819523318666 0.924435890094892 0
972 0.4301332521463803 0.9373075676082303 0
973 0.4486694874093373 0.9302791405745016 0
974 0.4455011705784616 0.9499228658337141 0
975 0.4427411431379344 0.8588164627544704 0
976 0.3375641770587454 0.8617255120817906 0
977 0.2451410075045364 0.786841572690415 0
978 0.3999084392796475 0.9116541533255278 0
979 0.2945418605205233 0.8046890779628328 0
980 0.3777867079779381 0.8282093387784235 0
981 0.3224263477226766 0.7388287319205233 0
982 0.3069857353721783 0.7263008081734049 0
983 0.3255635539807534 0.7191761424953127 0
984 0.3103285631431646 0.706670472582649 0
985 0.2931462567526955 0.7139608477630059 0
986 0.4581423980132461 0.8712518107823271 0
987 0.2260596628271198 0.7944592539807905 0
988 0.4115804172101302 0.9434279799480791 0
989 0.1648803763769278 0.7440759320160084 0
990 0.1498467779463564 0.7311067733836968 0
991 0.152594035580786 0.7119099947611622 0
992 0.1344761322328947 0.7185402291315361 0
993 0.1809437179385488 0.7563967682874244 0
994 0.3287060025748005 0.6995084666632198 0
995 0.3441821012128548 0.7120633412373545 0
996 0.1896473145461713 0.6978205727608717 0
997 0.3560463268795774 0.8546700448059583 0
998 0.3528788979896084 0.8741089712996384 0
999 0.1371399155679473 0.6997484262715716 0
1000 0.1190036035398014 0.7075751007861231 0
1001 0.1168954008676871 0.7293379998570392 0
1002 0.1007064021927712 0.7154534061561855 0
1003 0.09639192661719921 0.7346965735243046 0
1004 0.08155195957779066 0.7214258167371281 0
1005 0.08689500161517971 0.7004657984709656 0
1006 0.06645809928674908 0.7084214032416343 0
1007 0.2119653448828399 0.7807168801548291 0
1008 0.207365518175426 0.6898695652964282 0
1009 0.3132243165328694 0.6869531484248731 0
1010 0.0690998162248026 0.6888921557875357 0
1011 0.04899410655604155 0.6960284824256852 0
1012 0.04749916217070456 0.715729137560688 0
1013 0.1558637009388888 0.6937870207433395 0
1014 0.1462990728004084 0.7483500313190785 0
1015 0.07743503543092969 0.7402312176783166 0
1016 0.20646624759569 0.7978280557115784 0
1017 0.1911477609323146 0.6783263118159786 0
1018 0.464133266705451 0.9432257499888621 0
1019 0.4667596282664453 0.9241428364011581 0
1020 0.3472494176154218 0.6913077530780086 0
1021 0.3627969859738098 0.704756229176615 0
1022 0.3659020766277347 0.6846535108429944 0
1023 0.3814385488493121 0.6976838463213526 0
1024 0.3786292009656378 0.7174989775179357 0
1025 0.3973408825393663 0.7098382124764947 0
1026 0.3842930844845732 0.6797839125660596 0
1027 0.4654135935382199 0.8509228937762217 0
1028 0.4466557384862263 0.8387618245112545 0
1029 0.4785942058051669 0.8681827429097797 0
1030 0.3343541082993565 0.8816757765351292 0
1031 0.3500555263656538 0.8938098559323487 0
1032 0.3472626545935996 0.9175299521013813 0
1033 0.366038699341495 0.9067297066559564 0
1034 0.3653139744702454 0.9255804888400878 0
1035 0.4609084073355958 0.9624960289459491 0
1036 0.442322747679735 0.9695677320723536 0
1037 0.4572153266463108 0.9820433869013451 0
1038 0.4402839826181364 0.9902588217431889 0
1039 0.4539178684524362 1.001931912748922 0
1040 0.4256067155150643 0.9770059915454727 0
1041 0.2411352843967662 0.8072318459807144 0
1042 0.2603466229349704 0.7993995953648774 0
1043 0.2568938942589616 0.8191698233282676 0
1044 0.3298186965342612 0.6792311008699479 0
1045 0.1203441512787741 0.6871306616244605 0
1046 0.1659802889397932 0.7868591499077853 0
1047 0.1286001923945023 0.7716156961105276 0
1048 0.1267251913838706 0.7513264479187397 0
1049 0.4073893937312014 0.9976901329521769 0
1050 0.4296541184358027 1.031301259057821 0
1051 0.4484275242870276 1.031876466262865 0
1052 0.4630493473607519 1.049869985475532 0
1053 0.4673123275757517 1.02986234978749 0
1054 0.03438281385390295 0.7416538012871594 0
1055 0.384720917554478 0.9644241643594071 0
1056 0.4494651301327388 1.066236511898285 0
1057 0.4581793540022513 1.084949328920424 0
1058 0.4772262192194926 1.087762348510286 0
1059 0.4811631173603551 1.139662022842133 0
1060 0.09078674346116104 0.7547387819585049 0
1061 0.2530523394847776 0.8388156018601051 0
1062 0.3155864133861385 0.8888642439864891 0
1063 0.3913373402024648 0.945762641935851 0
1064 0.2696741107172789 0.8508728513814502 0
1065 0.1828892611767577 0.7764513471830671 0
1066 0.2731755717125618 0.830951809933169 0
1067 0.4269118954398621 0.957046749011542 0
1068 0.407228975524902 0.9643230013818544 0
1069 0.1992651721895558 0.7490543119570227 0
1070 0.4026378904979893 0.8925552813384835 0
1071 0.1615888821301016 0.7650911927434243 0
1072 0.4835541912857455 0.9814951422953191 0
1073 0.06992994238737166 0.6694816429435636 0
1074 0.3809979773552814 0.8086427131335663 0
1075 0.3623802876756783 0.8156451742451662 0
1076 0.3655618536060757 0.7960455060372673 0
1077 0.1100131060031205 0.6673129413215949 0
1078 0.1000394721486998 0.6846936033416755 0
1079 0.1502885208427802 0.6658208923109821 0
1080 0.3714216243611029 0.8671534219224926 0
1081 0.214795381922493 0.7613606156440503 0
1082 0.03011371222883465 0.6648000110925687 0
1083 0.01631639319094706 0.7190430447057259 0
1084 0.4826785825692215 0.8198772771660081 0
1085 0.4652359914690606 0.8297896980106919 0
1086 0.4658268419864289 0.8099325870776453 0
1087 0.2500771828779873 0.6672649611285983 0
1088 0.2420109397536453 0.6835827900258261 0
1089 0.2605114185333112 0.6843253112689001 0
1090 0.2700767760298406 0.6671092546554287 0
1091 0.2799281095772428 0.6846389376312905 0
1092 0.2680909262853859 0.7011674323496657 0
1093 0.2092113135624167 0.6682477111486789 0
1094 0.4827600654206229 0.7999688734956298 0
1095 0.4658402365572301 0.7899926759086635 0
1096 0.4654505491512938 0.7700167911972751 0
1097 0.4485884162271103 0.7800165066027489 0
1098 0.4490623236166411 0.7600395451890544 0
1099 0.4655466694106346 0.7500348245229582 0
1100 0.448254417591894 0.7400678876115407 0
1101 0.4330038235019663 0.7500895810704861 0
1102 0.4312012619339768 0.7301645921464064 0
1103 0.4481515366534561 0.7201079591158474 0
1104 0.4310070284509238 0.7105502860834233 0
1105 0.4477715025050606 0.7007400932227525 0
1106 0.4307210668591984 0.6901406761244219 0
1107 0.4129264743393564 0.7433208995041939 0
1108 0.2636214809165774 0.7797666864833999 0
1109 0.2790081307755744 0.7921883522933295 0
1110 0.297623773039106 0.7851368989547473 0
1111 0.4305507657624847 0.6707735506494947 0
1112 0.4827395326070566 0.7000306591310675 0
1113 0.4636748838325769 0.6870267827075601 0
1114 0.4826794919242753 0.7400000000002332 0
1115 0.4827268421552367 0.7600091655495317 0
1116 0.3985845712008017 0.6920673105698607 0
1117 0.3189969874616245 0.8689809313279656 0
1118 0.4654409287508076 0.7300516141451454 0
1119 0.3469872484174804 0.8030762103158023 0
1120 0.2887243695440622 0.7335177767648691 0
1121 0.4058865173337914 0.7622059961295858 0
1122 0.3959474202694054 0.7303973358221361 0
1123 0.465076312712204 0.7096595180537584 0
1124 0.3378565230761088 0.7513495118223623 0
1125 0.4510876577340937 0.9107105608216557 0
1126 0.4541666089265216 0.8907834135329439 0
1127 0.2549167552249366 0.7289710149660842 0
1128 0.3438289732055937 0.8226562655169253 0
1129 0.4274268154043366 0.8462086169617915 0
1130 0.3596704356233146 0.7245756870292752 0
1131 0.2221045350640289 0.7032471280512312 0
1132 0.3113019970158964 0.6676124972420329 0
1133 0.171051523590691 0.7048614545478874 0
1134 0.3409766425089648 0.7317151716227511 0
1135 0.4304341164044035 0.8267030369076065 0
1136 0.3754953709792515 0.7371918236500361 0
1137 0.3592003454659012 0.8351765832735447 0
1138 0.3746296639155758 0.8477247296790412 0
1139 0.2186591913646252 0.814361264678814 0
1140 0.06226362594887352 0.7269469726841409 0
1141 0.2914450842081716 0.8241172708167666 0
1142 0.4388726941269983 1.013348687657524 0
1143 0.2740899256451495 0.7191156959491872 0
1144 0.2757722820675753 0.8115392952533914 0
1145 0.4136899909519963 0.7205191153681232 0
1146 0.448586762157797 0.8187749862967417 0
1147 0.4831475871685967 0.9394479418508994 0
1148 0.3842314502819062 0.8992052209173864 0
1149 0.3686053682862154 0.8868474242401554 0
1150 0.4722917259286109 0.8845887218447173 0
1151 0.1735741171051088 0.6865189428462344 0
1152 0.3716546005990264 0.6658735600247095 0
1153 0.0191636741021603 0.6795970678298445 0
1154 0.4701766347699411 0.6666546465432143 0
1155 0.2511570704309399 0.7005769387005105 0
1156 0.4835381392243555 1.02131383157829 0
1157 0.2959843274336968 0.694311925071968 0
1158 0.3821781518980294 0.9178577378586487 0
1159 0.03168907798004905 0.6919100139636523 0
1160 0.4142447514099543 0.7022499855008404 0
1161 0.4494004325426264 0.799376807906407 0
1162 0.4840305591113991 0.918124693145323 0
1163 0.4682626183816925 1.069499305057827 0
1164 0.1416218125351871 0.6820030163060654 0
1165 0.4827632176808686 1.040174361140547 0
1166 0.1975762840745123 0.7672562237752654 0
1167 0.4854819059752334 1.161315728905671 0
1168 0.3975885369849381 0.9296245103436871 0
1169 0.4681513760329742 1.010954211952961 0
1170 0.4927425248021524 1.221516927073025 0
1171 0.1086071546621897 0.7462580345043407 0
1172 0.01583126488861437 0.7370762409975021 0
1173 0.03190318069529573 0.7085261456692842 0
1174 0.4857330317471051 1.10249842433649 0
1175 0.4246375962462872 0.9976272560834469 0
1176 0.4343732487720277 0.7884782385160564 0
1177 0.2242895114306657 0.6844348929456507 0
1178 0.1348485150462435 0.7357322963220181 0
1179 0.444891467279505 0.6833234661798528 0
1180 0.08428447615584221 0.6827830585216391 0
1181 0.4682487480978177 0.9039470978455013 0
1182 0.380847628630849 0.9334229067653981 0
1183 0.3905713005160569 0.664291348256699 0
1184 0.07060780369486867 0.7543851414431076 0
1185 0.1961966578918617 0.7851787533746042 0
1186 0.1900000000007906 0.6623486763195692 0
1187 0.3300000000004852 0.6623393018600018 0
1188 0.4142578338205666 0.6841029671717753 0
1189 0.4687586478110649 0.9928904724889367 0
1190 0.3546674817880223 0.9363620292199484 0
1191 0.01464962591334619 0.6646496259133039 0
1192 0.4853589838485868 0.6646410161514058 0
1193 0.4356901699733436 0.7697618314344912 0
1194 0.2997726124964737 0.6793129081093536 0
1195 0.04626875940850015 0.7308176250652703 0
1196 0.05553552332566922 0.6805321893860539 0
1197 0.4875894204862954 0.8814949592348564 0
1198 0.2592116467526102 0.7135848778667215 0
1199 0.48847767997574 1.179503656065457 0
1200 0.4904066881175939 1.201677615819525 0
1201 0.4690399971056181 1.124436816432303 0
1202 0.031981402564227 0.7247486759467475 0
1203 0.1053618186907675 0.6995386989778161 0
1204 0.4858724594443399 1.074469618029042 0
1205 0.1599893239806951 0.6782215865816164 0
1206 0.4210125183894471 0.760166963434068 0
1207 0.1423050449513117 0.7642970844958605 0
1208 0.1991275169046909 0.8110508320130765 0
1209 0.4107967081470564 0.9829311210042535 0
1210 0.4696074622967112 0.9739830034957739 0
1211 0.4545283720665296 1.017577953033657 0
1212 0.3995413580043858 0.6775132093279926 0
1213 0.03977548788358455 0.6781235324649777 0
1214 0.2367843538037785 0.6982922772499877 0
1215 0.4858038465590861 0.8547172956169998 0
1216 0.2833845967786023 0.7021111186007438 0
1217 1.322624427922083 0.4254320324969805 0
1218 1.417249690569137 0.5337194400651663 0
1219 1.456242355556447 0.4009172878608433 0
1220 1.358889408347852 0.5324023894851703 0
1221 1.341170183261672 0.3742686972891543 0
1222 1.984196609786824 0.4817441127711839 0
1223 1.498998380604033 0.4449211806491142 0
1224 1.911184210526317 0.5329073933463599 0
1225 1.901717327183993 0.4445065271386984 0
1226 1.429449186586434 0.369410421493637 0
1227 1.474898778496791 0.5336662810824349 0
1228 1.298905444566311 0.4777451905282202 0
1229 1.533016611773486 0.4681291804420887 0
1230 1.981964087891836 0.4424367471641427 0
1231 1.361784163451088 0.338992412712547 0
1232 1.871342019340985 0.5299577586836851 0
1233 1.866916586578637 0.4689044761242365 0
1234 1.515399951654417 0.5295455678120359 0
1235 1.950480318780767 0.533023248687847 0
1236 1.555921052631583 0.5329073933463598 0
1237 1.830887678171489 0.4884257095815475 0
1238 1.318442545345181 0.53310146804752 0
1239 1.932246398045123 0.4162353904187086 0
1240 1.411614906773295 0.3310631351053903 0
1241 1.98360696893707 0.4061188811983306 0
1242 1.588859954757599 0.4968090479113728 0
1243 1.813201923099859 0.5335152916036561 0
1244 1.374238991199721 0.3017032995993809 0
1245 1.616172953540598 0.5319293746787424 0
1246 1.772114105487185 0.5075946935668324 0
1247 1.284542941607826 0.5120495188142373 0
1248 1.648388081309832 0.512608773975032 0
1249 1.734565927605519 0.5327516558633177 0
1250 1.980913690244146 0.5186202980569331 0
1251 1.676215292611902 0.5333236702303584 0
1252 1.968604933981343 0.3666428221439983 0
1253 1.708200989055916 0.5167657201193381 0
1254 1.394503769268724 0.2944896676297074 0
1255 1.773744803632735 0.534147344299758 0
1256 1.403944571000602 0.3131093668474936 0
1257 1.39249442363868 0.329139368507689 0
1258 1.400248186487234 0.3469999320827957 0
1259 1.380668586506412 0.3445638861720611 0
1260 1.388609104608567 0.362318062217783 0
1261 1.369813173101476 0.3596515762695203 0
1262 1.377637164272227 0.3781068117427885 0
1263 1.396542780927261 0.3799354690052271 0
1264 1.385165956181188 0.395631624578817 0
1265 1.404488553811439 0.3975438998798445 0
1266 1.393105468098327 0.4132738987647326 0
1267 1.412444667946668 0.4152366459552138 0
1268 1.401035453236571 0.4310092579204826 0
1269 1.420420474951759 0.4329873974890082 0
1270 1.409002007657546 0.4487667789855453 0
1271 1.389614048839495 0.4467836386460872 0
1272 1.428411045184597 0.4507725176521741 0
1273 1.397570980727884 0.4645545239987861 0
1274 1.378185239042029 0.4625426343107566 0
1275 1.386137605943157 0.4803205349027853 0
1276 1.366778773389349 0.4782953313635133 0
1277 1.405547322995372 0.4821180951176494 0
1278 1.373604615852752 0.4114277245594744 0
1279 1.358856887848269 0.4605703020294264 0
1280 1.347452367006369 0.4762931755205376 0
1281 1.393715789270394 0.4997177204363322 0
1282 1.439683847446053 0.4350215244637886 0
1283 1.446946538367684 0.4531937201056735 0
1284 1.436256721192843 0.4686970567717362 0
1285 1.454818593359535 0.4711302536641755 0
1286 1.444202609440663 0.4866274188797396 0
1287 1.463706736421074 0.4886491141221674 0
1288 1.452418284548295 0.5037076581506901 0
1289 1.339550420048484 0.458672731365327 0
1290 1.350901794546595 0.442972582099283 0
1291 1.35536844458983 0.4940224288854479 0
1292 1.33603678049113 0.4920004814513391 0
1293 1.460905193304032 0.4376179057754797 0
1294 1.474849775928101 0.4702196321512854 0
1295 1.483330031159542 0.490172096967756 0
1296 1.433434267123937 0.5017912760082259 0
1297 1.496900473939926 0.4746586105757787 0
1298 1.503306538742918 0.4926511300463718 0
1299 1.423197044769992 0.3997477973406485 0
1300 1.491566221435947 0.5079268056564872 0
1301 1.343447141396918 0.5126455192358508 0
1302 1.444343588012402 0.5182713205609475 0
1303 1.323127392693731 0.5070030132810995 0
1304 1.511078064253283 0.5105095797189794 0
1305 1.522534751869668 0.4956441448263417 0
1306 1.53010431305016 0.5127651482973803 0
1307 1.541204412384076 0.4973839308696604 0
1308 1.363289132323798 0.5117804211756141 0
1309 1.377768419052656 0.5237029128969157 0
1310 1.444396166467064 0.3848913987993829 0
1311 1.957709389104976 0.3846463736187736 0
1312 1.944927981710443 0.4014501427513797 0
1313 1.951481279539163 0.4203436772491377 0
1314 1.93743342870256 0.4354922113829006 0
1315 1.958710458211868 0.4389415650373131 0
1316 1.943724539362206 0.4540525834333858 0
1317 1.964391037607375 0.4573587951761227 0
1318 1.950478665104023 0.4718948473269929 0
1319 1.931680321228719 0.4683223166352916 0
1320 1.938056471562927 0.4860629957328051 0
1321 1.919614447239502 0.4836738693004717 0
1322 1.926907065854168 0.5025613016846633 0
1323 1.906299587241928 0.4977896259592279 0
1324 1.899752268646085 0.4787189926400378 0
1325 1.887009715406858 0.4942030917719139 0
1326 1.956846624365893 0.4882382306729856 0
1327 1.893786839365529 0.5136530386321101 0
1328 1.874996933237968 0.5094176245222698 0
1329 1.971448427772999 0.4230930372319661 0
1330 1.916868861850778 0.4309833168673017 0
1331 1.468863662413147 0.4165339782219009 0
1332 1.482650642595761 0.4312348541973854 0
1333 1.47524963191648 0.4506141732054258 0
1334 1.886480060218225 0.4598773883203938 0
1335 1.511973843993484 0.4587804693417272 0
1336 1.81240637057213 0.4960801694524615 0
1337 1.827744534818851 0.5067492306210434 0
1338 1.846341392966449 0.4992237825680308 0
1339 1.839669916110434 0.5179049293934115 0
1340 1.792225469040882 0.5017135556368146 0
1341 1.57053928627553 0.4885776870028292 0
1342 1.574817665603218 0.5083750882991789 0
1343 1.591915493488835 0.5155008882423453 0
1344 1.752211837194273 0.5133693542539727 0
1345 1.625760925912191 0.5116547230599761 0
1346 1.635841949504632 0.530471477523778 0
1347 1.687980985778731 0.5165094653026352 0
1348 1.390068352295146 0.270046227272355 0
1349 1.314511168074134 0.4895065847969822 0
1350 1.303823630156511 0.5077306803288371 0
1351 1.981224911567026 0.347922120420909 0
1352 1.866431390636665 0.491353956632901 0
1353 1.57613844202616 0.5301756369612681 0
1354 1.606484043270566 0.5029970952895608 0
1355 1.419986562603397 0.3490849534154798 0
1356 1.277378691370184 0.5316281568456447 0
1357 1.296469807246426 0.5276574109739403 0
1358 1.849112573864482 0.4794460779942529 0
1359 1.921426572467878 0.4520624513622205 0
1360 1.338368977285135 0.5306539042854477 0
1361 1.980083997034114 0.3856052201165673 0
1362 1.328523812878324 0.4744721403036265 0
1363 1.321819944014975 0.4584456965930517 0
1364 1.536184210526317 0.5315043299577986 0
1365 1.370229390847906 0.444850789807634 0
1366 1.362250499082377 0.4272098073220776 0
1367 1.342765476314149 0.425722767696011 0
1368 1.354202062766433 0.4096805407556011 0
1369 1.332158675277429 0.4062530124422726 0
1370 1.366182929442828 0.3940860055156886 0
1371 1.381639912659571 0.4290925195034148 0
1372 1.931794159132651 0.5334610896145099 0
1373 1.940580978123458 0.5164419910135721 0
1374 1.959034530717124 0.5174174067200822 0
1375 1.753825151135634 0.5330816284161521 0
1376 1.794537971626333 0.5334020532190852 0
1377 1.890040176490819 0.5329963502277284 0
1378 1.494096353959523 0.5335219987620434 0
1379 1.455356235003811 0.5343731832424491 0
1380 1.395423775781055 0.5326231077267268 0
1381 1.406451401028967 0.5160305210185164 0
1382 1.347633032865016 0.3916785446563257 0
1383 1.983953739130561 0.4989767291909626 0
1384 1.983118242318474 0.4629784989830968 0
1385 1.471999039988975 0.5057362632417165 0
1386 1.415831556505882 0.3817977907953299 0
1387 1.43089306100025 0.4176065161626061 0
1388 1.416958925060363 0.4665648427987177 0
1389 1.367104681325041 0.3185795695294862 0
1390 1.424998789446794 0.4840688342414401 0
1391 1.373782408491135 0.4956936594517397 0
1392 1.656444579439944 0.5318390235136701 0
1393 1.331887140461187 0.4419899351082053 0
1394 1.548213534565522 0.5154184028655814 0
1395 1.35101021191276 0.357181490286867 0
1396 1.550579808911357 0.4805141032146506 0
1397 1.408444562953129 0.3649244381683754 0
1398 1.668556910106238 0.5150219755501638 0
1399 1.831842196428969 0.5343420593643211 0
1400 1.516880106425058 0.4790011682324983 0
1401 1.964876340683128 0.4035428886943592 0
1402 1.730169182981126 0.5146815684407451 0
1403 1.292380530734152 0.4940886624113278 0
1404 1.449315362754019 0.4184767828792193 0
1405 1.969492395266453 0.5341462361537116 0
1406 1.596910300539867 0.5329611710413836 0
1407 1.807999960700127 0.5153256757007506 0
1408 1.715774437659726 0.5331964082741867 0
1409 1.912436773864297 0.5147493147633141 0
1410 1.414200118729297 0.4993762758756186 0
1411 1.696054933307186 0.5332992106544198 0
1412 1.905400049096385 0.4608373103310784 0
1413 1.994100059582366 0.2873823410179653 0
1414 1.378262222552749 0.2847478389002167 0
1415 1.313025403377317 0.4433620612326794 0
1416 1.3944187692116 0.2282476860235492 0
1417 1.851134318523789 0.5331660705221098 0
1418 1.359578263896843 0.376651439270803 0
1419 1.304624978922495 0.4609503865015018 0
1420 1.968125725179844 0.4746222661665788 0
1421 1.390711478740317 0.5150513399318809 0
1422 1.985991531620585 0.3652777777781663 0
1423 1.881318004297294 0.4786115810978966 0
1424 1.386319750372782 0.3134607064159484 0
1425 1.425529844243957 0.5176400558044356 0
1426 1.491594421276405 0.4598388131846662 0
1427 1.785229755912011 0.5182124211948547 0
1428 1.436246559638218 0.5340006666121664 0
1429 1.986497973767834 0.3258559966797702 0
1430 1.558159843980566 0.5017552372220224 0
1431 1.438812046117799 0.4013662473026809 0
1432 1.392649306759906 0.2507438046780163 0
1433 1.946282652554685 0.5012895798279452 0
1434 1.858157992007544 0.5122874434723612 0
1435 1.462596341597055 0.5186481454989753 0
1436 1.310084033681632 0.5203358269349642 0
1437 1.967667349931515 0.5021187806193664 0
1438 1.607448743350411 0.5190086504624015 0
1439 1.987819596288308 0.4236943082808328 0
1440 1.332130081993922 0.3881527517839561 0
1441 1.985736358172475 0.5358164634574079 0
1442 1.313250530864906 0.4737285064814377 0
1443 1.533548418230868 0.4841434741626815 0
1444 1.37729626838163 0.3301997014745234 0
1445 1.822409029403398 0.5215678892365829 0
1446 1.461988584005507 0.4571731549242272 0
1447 1.991537249128235 0.3069444444447352 0
1448 1.481597430458401 0.5191854698554059 0
1449 1.563355957460261 0.5196021060871712 0
1450 1.882541492108825 0.5215061930164483 0
1451 1.926468829387883 0.5189689823558408 0
1452 1.765471128754005 0.5211302497027652 0
1453 1.379153805534124 0.5094281562551393 0
1454 1.917090571206157 0.4689435672096026 0
1455 1.327127746932501 0.5214607803285773 0
1456 1.97138692215982 0.4887964241287706 0
1457 1.378005104513695 0.5388745300906415 0
1458 1.428828286159024 0.3865577007733857 0
1459 1.500276259936927 0.5193904193962514 0
$EndNodes
$Elements
2979
1 1 2 201 1 1 11
2 1 2 201 1 11 12
3 1 2 201 1 12 13
4 1 2 201 1 13 14
5 1 2 201 1 14 15
6 1 2 201 1 15 16
7 1 2 201 1 16 17
8 1 2 201 1 17 18
9 1 2 201 1 18 19
10 1 2 201 1 19 20
11 1 2 201 1 20 21
12 1 2 201 1 21 22
13 1 2 201 1 22 23
14 1 2 201 1 23 24
15 1 2 201 1 24 25
16 1 2 201 1 25 26
17 1 2 201 1 26 27
18 1 2 201 1 27 28
19 1 2 201 1 28 29
20 1 2 201 1 29 30
21 1 2 201 1 30 31
22 1 2 201 1 31 32
23 1 2 201 1 32 33
24 1 2 201 1 33 34
25 1 2 201 1 34 35
26 1 2 201 1 35 36
27 1 2 201 1 36 37
28 1 2 201 1 37 38
29 1 2 201 1 38 39
30 1 2 201 1 39 40
31 1 2 201 1 40 41
32 1 2 201 1 41 42
33 1 2 201 1 42 43
34 1 2 201 1 43 44
35 1 2 201 1 44 45
36 1 2 201 1 45 46
37 1 2 201 1 46 47
38 1 2 201 1 47 48
39 1 2 201 1 48 49
40 1 2 201 1 49 50
41 1 2 201 1 50 51
42 1 2 201 1 51 52
43 1 2 201 1 52 53
44 1 2 201 1 53 54
45 1 2 201 1 54 55
46 1 2 201 1 55 56
47 1 2 201 1 56 57
48 1 2 201 1 57 58
49 1 2 201 1 58 59
50 1 2 201 1 59 60
51 1 2 201 1 60 61
52 1 2 201 1 61 62
53 1 2 201 1 62 63
54 1 2 201 1 63 64
55 1 2 201 1 64 65
56 1 2 201 1 65 66
57 1 2 201 1 66 67
58 1 2 201 1 67 68
59 1 2 201 1 68 69
60 1 2 201 1 69 70
61 1 2 201 1 70 71
62 1 2 201 1 71 72
63 1 2 201 1 72 5
64 1 2 202 2 5 73
65 1 2 202 2 73 74
66 1 2 202 2 74 75
67 1 2 202 2 75 76
68 1 2 202 2 76 77
69 1 2 202 2 77 78
70 1 2 202 2 78 79
71 1 2 202 2 79 80
72 1 2 202 2 80 81
73 1 2 202 2 81 82
74 1 2 202 2 82 83
75 1 2 202 2 83 84
76 1 2 202 2 84 85
77 1 2 202 2 85 86
78 1 2 202 2 86 87
79 1 2 202 2 87 88
80 1 2 202 2 88 89
81 1 2 202 2 89 90
82 1 2 202 2 90 91
83 1 2 202 2 91 92
84 1 2 202 2 92 93
85 1 2 202 2 93 94
86 1 2 202 2 94 95
87 1 2 202 2 95 96
88 1 2 202 2 96 97
89 1 2 202 2 97 98
90 1 2 202 2 98 99
91 1 2 202 2 99 100
92 1 2 202 2 100 101
93 1 2 202 2 101 102
94 1 2 202 2 102 103
95 1 2 202 2 103 104
96 1 2 202 2 104 105
97 1 2 202 2 105 106
98 1 2 202 2 106 107
99 1 2 202 2 107 108
100 1 2 202 2 108 109
101 1 2 202 2 109 2
102 1 2 204 3 2 110
103 1 2 204 3 110 111
104 1 2 204 3 111 112
105 1 2 204 3 112 113
106 1 2 204 3 113 3
107 1 2 205 4 3 114
108 1 2 205 4 114 115
109 1 2 205 4 115 116
110 1 2 205 4 116 117
111 1 2 205 4 117 118
112 1 2 205 4 118 119
113 1 2 205 4 119 120
114 1 2 205 4 120 121
115 1 2 205 4 121 122
116 1 2 205 4 122 123
117 1 2 205 4 123 124
118 1 2 205 4 124 125
119 1 2 205 4 125 126
120 1 2 205 4 126 127
121 1 2 205 4 127 128
122 1 2 205 4 128 129
123 1 2 205 4 129 130
124 1 2 205 4 130 131
125 1 2 205 4 131 132
126 1 2 205 4 132 133
127 1 2 205 4 133 134
128 1 2 205 4 134 135
129 1 2 205 4 135 136
130 1 2 205 4 136 137
131 1 2 205 4 137 138
132 1 2 205 4 138 139
133 1 2 205 4 139 140
134 1 2 205 4 140 141
135 1 2 205 4 141 142
136 1 2 205 4 142 143
137 1 2 205 4 143 144
138 1 2 205 4 144 145
139 1 2 205 4 145 146
140 1 2 205 4 146 147
141 1 2 205 4 147 148
142 1 2 205 4 148 149
143 1 2 205 4 149 150
144 1 2 205 4 150 151
145 1 2 205 4 151 152
146 1 2 205 4 152 153
147 1 2 205 4 153 154
148 1 2 205 4 154 155
149 1 2 205 4 155 156
150 1 2 205 4 156 157
151 1 2 205 4 157 158
152 1 2 205 4 158 159
153 1 2 205 4 159 160
154 1 2 205 4 160 161
155 1 2 205 4 161 162
156 1 2 205 4 162 163
157 1 2 205 4 163 164
158 1 2 205 4 164 165
159 1 2 205 4 165 166
160 1 2 205 4 166 167
161 1 2 205 4 167 168
162 1 2 205 4 168 169
163 1 2 205 4 169 170
164 1 2 205 4 170 171
165 1 2 205 4 171 172
166 1 2 205 4 172 173
167 1 2 205 4 173 174
168 1 2 205 4 174 175
169 1 2 205 4 175 176
170 1 2 205 4 176 177
171 1 2 205 4 177 178
172 1 2 205 4 178 179
173 1 2 205 4 179 180
174 1 2 205 4 180 181
175 1 2 205 4 181 182
176 1 2 205 4 182 183
177 1 2 205 4 183 184
178 1 2 205 4 184 185
179 1 2 205 4 185 186
180 1 2 205 4 186 187
181 1 2 205 4 187 6
182 1 2 206 5 6 188
183 1 2 206 5 188 189
184 1 2 206 5 189 190
185 1 2 206 5 190 191
186 1 2 206 5 191 192
187 1 2 206 5 192 193
188 1 2 206 5 193 194
189 1 2 206 5 194 195
190 1 2 206 5 195 196
191 1 2 206 5 196 197
192 1 2 206 5 197 198
193 1 2 206 5 198 199
194 1 2 206 5 199 200
195 1 2 206 5 200 201
196 1 2 206 5 201 202
197 1 2 206 5 202 203
198 1 2 206 5 203 204
199 1 2 206 5 204 205
200 1 2 206 5 205 206
201 1 2 206 5 206 207
202 1 2 206 5 207 208
203 1 2 206 5 208 209
204 1 2 206 5 209 210
205 1 2 206 5 210 211
206 1 2 206 5 211 4
207 1 2 207 6 4 212
208 1 2 207 6 212 213
209 1 2 207 6 213 214
210 1 2 207 6 214 215
211 1 2 207 6 215 1
212 1 2 209 10 7 216
213 1 2 209 10 216 217
214 1 2 209 10 217 218
215 1 2 209 10 218 219
216 1 2 209 10 219 220
217 1 2 209 10 220 221
218 1 2 209 10 221 222
219 1 2 209 10 222 223
220 1 2 209 10 223 224
221 1 2 209 10 224 225
222 1 2 209 10 225 226
223 1 2 209 10 226 227
224 1 2 209 10 227 228
225 1 2 209 10 228 229
226 1 2 209 10 229 230
227 1 2 209 10 230 231
228 1 2 209 10 231 232
229 1 2 209 10 232 233
230 1 2 209 10 233 234
231 1 2 209 10 234 235
232 1 2 209 10 235 236
233 1 2 209 10 236 237
234 1 2 209 10 237 238
235 1 2 209 10 238 239
236 1 2 209 10 239 240
237 1 2 209 10 240 241
238 1 2 209 10 241 242
239 1 2 209 10 242 243
240 1 2 209 10 243 244
241 1 2 209 10 244 245
242 1 2 209 10 245 246
243 1 2 209 10 246 247
244 1 2 209 10 247 248
245 1 2 209 10 248 249
246 1 2 209 10 249 250
247 1 2 209 10 250 251
248 1 2 209 10 251 252
249 1 2 209 10 252 253
250 1 2 209 10 253 254
251 1 2 209 10 254 255
252 1 2 209 10 255 256
253 1 2 209 10 256 257
254 1 2 209 10 257 258
255 1 2 209 10 258 259
256 1 2 209 10 259 260
257 1 2 209 10 260 261
258 1 2 209 10 261 262
259 1 2 209 10 262 8
260 1 2 208 11 9 263
261 1 2 208 11 263 264
262 1 2 208 11 264 265
263 1 2 208 11 265 266
264 1 2 208 11 266 267
265 1 2 208 11 267 268
266 1 2 208 11 268 269
267 1 2 208 11 269 270
268 1 2 208 11 270 271
269 1 2 208 11 271 272
270 1 2 208 11 272 273
271 1 2 208 11 273 274
272 1 2 208 11 274 275
273 1 2 208 11 275 276
274 1 2 208 11 276 277
275 1 2 208 11 277 278
276 1 2 208 11 278 279
277 1 2 208 11 279 280
278 1 2 208 11 280 281
279 1 2 208 11 281 282
280 1 2 208 11 282 283
281 1 2 208 11 283 284
282 1 2 208 11 284 285
283 1 2 208 11 285 286
284 1 2 208 11 286 287
285 1 2 208 11 287 288
286 1 2 208 11 288 289
287 1 2 208 11 289 290
288 1 2 208 11 290 291
289 1 2 208 11 291 292
290 1 2 208 11 292 293
291 1 2 208 11 293 294
292 1 2 208 11 294 295
293 1 2 208 11 295 296
294 1 2 208 11 296 297
295 1 2 208 11 297 298
296 1 2 208 11 298 299
297 1 2 208 11 299 300
298 1 2 208 11 300 301
299 1 2 208 11 301 302
300 1 2 208 11 302 303
301 1 2 208 11 303 304
302 1 2 208 11 304 10
303 1 2 212 12 4 305
304 1 2 212 12 305 306
305 1 2 212 12 306 307
306 1 2 212 12 307 308
307 1 2 212 12 308 9
308 1 2 213 13 10 309
309 1 2 213 13 309 310
310 1 2 213 13 310 311
311 1 2 213 13 311 312
312 1 2 213 13 312 313
313 1 2 213 13 313 314
314 1 2 213 13 314 315
315 1 2 213 13 315 316
316 1 2 213 13 316 317
317 1 2 213 13 317 318
318 1 2 213 13 318 319
319 1 2 213 13 319 320
320 1 2 213 13 320 321
321 1 2 213 13 321 322
322 1 2 213 13 322 323
323 1 2 213 13 323 324
324 1 2 213 13 324 325
325 1 2 213 13 325 326
326 1 2 213 13 326 327
327 1 2 213 13 327 328
328 1 2 213 13 328 329
329 1 2 213 13 329 330
330 1 2 213 13 330 331
331 1 2 213 13 331 332
332 1 2 213 13 332 333
333 1 2 213 13 333 334
334 1 2 213 13 334 335
335 1 2 213 13 335 336
336 1 2 213 13 336 337
337 1 2 213 13 337 338
338 1 2 213 13 338 339
339 1 2 213 13 339 340
340 1 2 213 13 340 341
341 1 2 213 13 341 342
342 1 2 213 13 342 6
343 1 2 214 14 8 343
344 1 2 214 14 343 344
345 1 2 214 14 344 345
346 1 2 214 14 345 346
347 1 2 214 14 346 347
348 1 2 214 14 347 348
349 1 2 214 14 348 349
350 1 2 214 14 349 350
351 1 2 214 14 350 351
352 1 2 214 14 351 352
353 1 2 214 14 352 353
354 1 2 214 14 353 354
355 1 2 214 14 354 355
356 1 2 214 14 355 356
357 1 2 214 14 356 357
358 1 2 214 14 357 358
359 1 2 214 14 358 359
360 1 2 214 14 359 360
361 1 2 214 14 360 361
362 1 2 214 14 361 5
363 1 2 215 15 2 362
364 1 2 215 15 362 363
365 1 2 215 15 363 364
366 1 2 215 15 364 365
367 1 2 215 15 365 366
368 1 2 215 15 366 367
369 1 2 215 15 367 368
370 1 2 215 15 368 369
371 1 2 215 15 369 370
372 1 2 215 15 370 371
373 1 2 215 15 371 372
374 1 2 215 15 372 373
375 1 2 215 15 373 374
376 1 2 215 15 374 375
377 1 2 215 15 375 376
378 1 2 215 15 376 377
379 1 2 215 15 377 378
380 1 2 215 15 378 7
381 2 2 100 1 418 837 844
382 2 2 100 1 837 675 844
383 2 2 100 1 819 401 825
384 2 2 100 1 526 819 825
385 2 2 100 1 419 721 849
386 2 2 100 1 540 402 830
387 2 2 100 1 721 419 846
388 2 2 100 1 402 540 831
389 2 2 100 1 838 417 841
390 2 2 100 1 672 838 841
391 2 2 100 1 404 543 827
392 2 2 100 1 543 404 834
393 2 2 100 1 420 712 852
394 2 2 100 1 712 420 854
395 2 2 100 1 416 836 840
396 2 2 100 1 836 680 840
397 2 2 100 1 715 421 851
398 2 2 100 1 415 843 850
399 2 2 100 1 399 820 823
400 2 2 100 1 843 685 850
401 2 2 100 1 820 523 823
402 2 2 100 1 421 715 856
403 2 2 100 1 414 853 861
404 2 2 100 1 853 690 861
405 2 2 100 1 817 397 821
406 2 2 100 1 531 817 821
407 2 2 100 1 413 865 868
408 2 2 100 1 865 695 868
409 2 2 100 1 422 642 859
410 2 2 100 1 642 422 860
411 2 2 100 1 412 869 871
412 2 2 100 1 869 700 871
413 2 2 100 1 405 551 839
414 2 2 100 1 551 405 842
415 2 2 100 1 645 423 855
416 2 2 100 1 423 645 862
417 2 2 100 1 406 554 832
418 2 2 100 1 516 804 807
419 2 2 100 1 623 624 774
420 2 2 100 1 554 406 845
421 2 2 100 1 804 395 807
422 2 2 100 1 765 790 791
423 2 2 100 1 652 424 864
424 2 2 100 1 424 652 863
425 2 2 100 1 790 500 791
426 2 2 100 1 798 747 799
427 2 2 100 1 655 425 857
428 2 2 100 1 425 655 866
429 2 2 100 1 581 798 799
430 2 2 100 1 774 624 879
431 2 2 100 1 800 513 802
432 2 2 100 1 408 565 848
433 2 2 100 1 393 800 802
434 2 2 100 1 565 408 847
435 2 2 100 1 664 811 813
436 2 2 100 1 811 411 813
437 2 2 100 1 210 211 625
438 2 2 100 1 563 426 858
439 2 2 100 1 425 725 857
440 2 2 100 1 426 563 867
441 2 2 100 1 563 408 848
442 2 2 100 1 408 563 858
443 2 2 100 1 725 425 870
444 2 2 100 1 565 406 832
445 2 2 100 1 725 426 867
446 2 2 100 1 426 725 870
447 2 2 100 1 730 731 771
448 2 2 100 1 406 565 847
449 2 2 100 1 622 428 624
450 2 2 100 1 618 429 620
451 2 2 100 1 424 655 864
452 2 2 100 1 655 424 866
453 2 2 100 1 477 772 775
454 2 2 100 1 428 210 625
455 2 2 100 1 554 405 839
456 2 2 100 1 423 652 855
457 2 2 100 1 773 478 774
458 2 2 100 1 614 431 616
459 2 2 100 1 405 554 845
460 2 2 100 1 428 622 626
461 2 2 100 1 551 404 827
462 2 2 100 1 652 423 863
463 2 2 100 1 699 698 770
464 2 2 100 1 429 618 627
465 2 2 100 1 620 429 626
466 2 2 100 1 610 433 612
467 2 2 100 1 404 551 842
468 2 2 100 1 616 431 627
469 2 2 100 1 431 614 628
470 2 2 100 1 422 645 860
471 2 2 100 1 181 182 701
472 2 2 100 1 606 434 608
473 2 2 100 1 771 731 878
474 2 2 100 1 663 699 770
475 2 2 100 1 645 422 862
476 2 2 100 1 421 642 851
477 2 2 100 1 612 433 628
478 2 2 100 1 433 610 629
479 2 2 100 1 642 421 859
480 2 2 100 1 208 209 626
481 2 2 100 1 766 782 783
482 2 2 100 1 602 436 604
483 2 2 100 1 477 775 876
484 2 2 100 1 608 434 629
485 2 2 100 1 622 620 626
486 2 2 100 1 434 606 630
487 2 2 100 1 570 486 571
488 2 2 100 1 206 207 627
489 2 2 100 1 624 428 625
490 2 2 100 1 618 616 627
491 2 2 100 1 543 402 831
492 2 2 100 1 388 818 822
493 2 2 100 1 604 436 630
494 2 2 100 1 540 401 819
495 2 2 100 1 204 205 628
496 2 2 100 1 774 478 877
497 2 2 100 1 598 437 600
498 2 2 100 1 696 452 698
499 2 2 100 1 436 602 632
500 2 2 100 1 654 724 726
501 2 2 100 1 818 609 822
502 2 2 100 1 402 543 834
503 2 2 100 1 614 612 628
504 2 2 100 1 782 486 783
505 2 2 100 1 420 715 854
506 2 2 100 1 202 203 629
507 2 2 100 1 182 450 701
508 2 2 100 1 452 181 701
509 2 2 100 1 715 420 856
510 2 2 100 1 600 437 632
511 2 2 100 1 698 701 770
512 2 2 100 1 419 712 846
513 2 2 100 1 610 608 629
514 2 2 100 1 514 451 532
515 2 2 100 1 437 598 633
516 2 2 100 1 452 696 703
517 2 2 100 1 530 515 532
518 2 2 100 1 594 439 596
519 2 2 100 1 691 454 693
520 2 2 100 1 200 201 630
521 2 2 100 1 209 428 626
522 2 2 100 1 429 208 626
523 2 2 100 1 401 540 830
524 2 2 100 1 712 419 852
525 2 2 100 1 606 604 630
526 2 2 100 1 539 525 544
527 2 2 100 1 550 542 555
528 2 2 100 1 596 439 633
529 2 2 100 1 693 454 703
530 2 2 100 1 431 206 627
531 2 2 100 1 207 429 627
532 2 2 100 1 512 500 572
533 2 2 100 1 564 553 573
534 2 2 100 1 198 199 632
535 2 2 100 1 439 594 634
536 2 2 100 1 454 691 704
537 2 2 100 1 391 765 791
538 2 2 100 1 515 514 532
539 2 2 100 1 418 721 837
540 2 2 100 1 433 204 628
541 2 2 100 1 205 431 628
542 2 2 100 1 602 600 632
543 2 2 100 1 799 409 806
544 2 2 100 1 505 506 569
545 2 2 100 1 567 566 723
546 2 2 100 1 806 754 809
547 2 2 100 1 569 570 571
548 2 2 100 1 434 202 629
549 2 2 100 1 203 433 629
550 2 2 100 1 590 441 592
551 2 2 100 1 686 455 688
552 2 2 100 1 566 474 723
553 2 2 100 1 438 505 569
554 2 2 100 1 196 197 633
555 2 2 100 1 179 180 703
556 2 2 100 1 592 441 634
557 2 2 100 1 688 455 704
558 2 2 100 1 525 524 544
559 2 2 100 1 542 541 555
560 2 2 100 1 754 410 809
561 2 2 100 1 696 693 703
562 2 2 100 1 598 596 633
563 2 2 100 1 500 499 572
564 2 2 100 1 553 552 573
565 2 2 100 1 486 485 571
566 2 2 100 1 714 641 727
567 2 2 100 1 644 651 729
568 2 2 100 1 436 200 630
569 2 2 100 1 201 434 630
570 2 2 100 1 524 458 544
571 2 2 100 1 541 464 555
572 2 2 100 1 427 491 731
573 2 2 100 1 581 661 665
574 2 2 100 1 721 418 849
575 2 2 100 1 724 723 726
576 2 2 100 1 698 452 701
577 2 2 100 1 491 492 731
578 2 2 100 1 441 590 635
579 2 2 100 1 455 686 705
580 2 2 100 1 485 435 571
581 2 2 100 1 499 445 572
582 2 2 100 1 552 469 573
583 2 2 100 1 674 720 728
584 2 2 100 1 569 506 570
585 2 2 100 1 567 723 724
586 2 2 100 1 409 754 806
587 2 2 100 1 437 198 632
588 2 2 100 1 199 436 632
589 2 2 100 1 474 566 738
590 2 2 100 1 152 474 738
591 2 2 100 1 653 654 726
592 2 2 100 1 532 451 533
593 2 2 100 1 194 195 634
594 2 2 100 1 177 178 704
595 2 2 100 1 691 688 704
596 2 2 100 1 594 592 634
597 2 2 100 1 473 653 726
598 2 2 100 1 643 644 729
599 2 2 100 1 713 714 727
600 2 2 100 1 580 581 665
601 2 2 100 1 197 437 633
602 2 2 100 1 439 196 633
603 2 2 100 1 454 179 703
604 2 2 100 1 180 452 703
605 2 2 100 1 505 438 732
606 2 2 100 1 588 442 635
607 2 2 100 1 683 457 705
608 2 2 100 1 451 514 734
609 2 2 100 1 673 674 728
610 2 2 100 1 491 427 733
611 2 2 100 1 467 713 727
612 2 2 100 1 470 643 729
613 2 2 100 1 447 580 665
614 2 2 100 1 435 485 739
615 2 2 100 1 445 499 740
616 2 2 100 1 469 552 741
617 2 2 100 1 458 524 742
618 2 2 100 1 464 541 743
619 2 2 100 1 747 409 799
620 2 2 100 1 462 673 728
621 2 2 100 1 586 442 588
622 2 2 100 1 681 457 683
623 2 2 100 1 501 498 503
624 2 2 100 1 487 484 489
625 2 2 100 1 195 439 634
626 2 2 100 1 441 194 634
627 2 2 100 1 455 177 704
628 2 2 100 1 178 454 704
629 2 2 100 1 711 718 719
630 2 2 100 1 686 683 705
631 2 2 100 1 590 588 635
632 2 2 100 1 192 193 635
633 2 2 100 1 175 176 705
634 2 2 100 1 529 528 530
635 2 2 100 1 151 152 738
636 2 2 100 1 653 473 735
637 2 2 100 1 713 467 736
638 2 2 100 1 643 470 737
639 2 2 100 1 442 586 631
640 2 2 100 1 457 681 702
641 2 2 100 1 190 191 631
642 2 2 100 1 173 174 702
643 2 2 100 1 707 706 718
644 2 2 100 1 580 447 744
645 2 2 100 1 673 462 745
646 2 2 100 1 662 450 746
647 2 2 100 1 150 151 768
648 2 2 100 1 527 528 529
649 2 2 100 1 494 498 501
650 2 2 100 1 480 484 487
651 2 2 100 1 535 539 544
652 2 2 100 1 546 550 555
653 2 2 100 1 518 522 527
654 2 2 100 1 557 564 573
655 2 2 100 1 508 512 572
656 2 2 100 1 442 192 635
657 2 2 100 1 193 441 635
658 2 2 100 1 176 455 705
659 2 2 100 1 457 175 705
660 2 2 100 1 567 724 725
661 2 2 100 1 711 707 718
662 2 2 100 1 526 399 823
663 2 2 100 1 568 569 571
664 2 2 100 1 507 448 508
665 2 2 100 1 556 471 557
666 2 2 100 1 568 438 569
667 2 2 100 1 527 522 528
668 2 2 100 1 507 508 572
669 2 2 100 1 493 494 501
670 2 2 100 1 479 480 487
671 2 2 100 1 534 535 544
672 2 2 100 1 545 546 555
673 2 2 100 1 517 518 527
674 2 2 100 1 556 557 573
675 2 2 100 1 129 445 740
676 2 2 100 1 121 435 739
677 2 2 100 1 139 458 742
678 2 2 100 1 143 464 743
679 2 2 100 1 147 469 741
680 2 2 100 1 444 190 631
681 2 2 100 1 459 173 702
682 2 2 100 1 497 500 790
683 2 2 100 1 135 453 533
684 2 2 100 1 133 451 734
685 2 2 100 1 438 124 732
686 2 2 100 1 430 479 487
687 2 2 100 1 440 493 501
688 2 2 100 1 458 534 544
689 2 2 100 1 464 545 555
690 2 2 100 1 453 517 527
691 2 2 100 1 453 529 533
692 2 2 100 1 427 116 733
693 2 2 100 1 530 528 531
694 2 2 100 1 174 457 702
695 2 2 100 1 191 442 631
696 2 2 100 1 584 583 585
697 2 2 100 1 678 677 679
698 2 2 100 1 451 134 533
699 2 2 100 1 430 118 479
700 2 2 100 1 440 126 493
701 2 2 100 1 123 438 568
702 2 2 100 1 453 136 517
703 2 2 100 1 458 140 534
704 2 2 100 1 131 448 507
705 2 2 100 1 149 471 556
706 2 2 100 1 464 144 545
707 2 2 100 1 529 532 533
708 2 2 100 1 440 502 732
709 2 2 100 1 509 448 734
710 2 2 100 1 430 488 733
711 2 2 100 1 134 135 533
712 2 2 100 1 502 505 732
713 2 2 100 1 514 509 734
714 2 2 100 1 488 491 733
715 2 2 100 1 582 583 584
716 2 2 100 1 676 677 678
717 2 2 100 1 579 575 582
718 2 2 100 1 661 657 665
719 2 2 100 1 671 667 676
720 2 2 100 1 508 509 510
721 2 2 100 1 564 559 565
722 2 2 100 1 512 510 513
723 2 2 100 1 522 520 523
724 2 2 100 1 539 537 540
725 2 2 100 1 550 548 551
726 2 2 100 1 502 501 503
727 2 2 100 1 488 487 489
728 2 2 100 1 535 536 537
729 2 2 100 1 546 547 548
730 2 2 100 1 494 495 496
731 2 2 100 1 518 519 520
732 2 2 100 1 480 481 482
733 2 2 100 1 531 395 804
734 2 2 100 1 641 637 727
735 2 2 100 1 720 717 728
736 2 2 100 1 651 647 729
737 2 2 100 1 493 443 494
738 2 2 100 1 479 432 480
739 2 2 100 1 545 466 546
740 2 2 100 1 534 461 535
741 2 2 100 1 517 456 518
742 2 2 100 1 435 568 571
743 2 2 100 1 557 558 559
744 2 2 100 1 151 738 768
745 2 2 100 1 468 636 637
746 2 2 100 1 472 646 647
747 2 2 100 1 465 706 707
748 2 2 100 1 463 716 717
749 2 2 100 1 579 582 584
750 2 2 100 1 671 676 678
751 2 2 100 1 637 636 727
752 2 2 100 1 717 716 728
753 2 2 100 1 647 646 729
754 2 2 100 1 575 574 582
755 2 2 100 1 657 656 665
756 2 2 100 1 667 666 676
757 2 2 100 1 508 448 509
758 2 2 100 1 511 515 516
759 2 2 100 1 538 542 543
760 2 2 100 1 549 553 554
761 2 2 100 1 521 525 526
762 2 2 100 1 481 432 739
763 2 2 100 1 547 466 741
764 2 2 100 1 495 443 740
765 2 2 100 1 519 456 742
766 2 2 100 1 536 461 743
767 2 2 100 1 447 187 744
768 2 2 100 1 462 169 745
769 2 2 100 1 450 183 746
770 2 2 100 1 557 559 564
771 2 2 100 1 417 675 841
772 2 2 100 1 730 427 731
773 2 2 100 1 467 163 736
774 2 2 100 1 470 159 737
775 2 2 100 1 473 155 735
776 2 2 100 1 485 481 739
777 2 2 100 1 499 495 740
778 2 2 100 1 552 547 741
779 2 2 100 1 524 519 742
780 2 2 100 1 541 536 743
781 2 2 100 1 706 463 718
782 2 2 100 1 574 444 582
783 2 2 100 1 656 447 665
784 2 2 100 1 666 459 676
785 2 2 100 1 722 473 726
786 2 2 100 1 678 679 680
787 2 2 100 1 115 427 730
788 2 2 100 1 445 507 572
789 2 2 100 1 469 556 573
790 2 2 100 1 510 509 511
791 2 2 100 1 508 510 512
792 2 2 100 1 502 503 504
793 2 2 100 1 520 519 521
794 2 2 100 1 548 547 549
795 2 2 100 1 537 536 538
796 2 2 100 1 482 481 483
797 2 2 100 1 496 495 497
798 2 2 100 1 494 496 498
799 2 2 100 1 480 482 484
800 2 2 100 1 535 537 539
801 2 2 100 1 546 548 550
802 2 2 100 1 518 520 522
803 2 2 100 1 430 487 488
804 2 2 100 1 440 501 502
805 2 2 100 1 453 527 529
806 2 2 100 1 546 466 547
807 2 2 100 1 518 456 519
808 2 2 100 1 535 461 536
809 2 2 100 1 480 432 481
810 2 2 100 1 494 443 495
811 2 2 100 1 560 562 563
812 2 2 100 1 189 444 574
813 2 2 100 1 468 161 636
814 2 2 100 1 172 459 666
815 2 2 100 1 472 157 646
816 2 2 100 1 154 473 722
817 2 2 100 1 463 167 716
818 2 2 100 1 186 447 656
819 2 2 100 1 465 165 706
820 2 2 100 1 472 648 735
821 2 2 100 1 465 708 736
822 2 2 100 1 468 638 737
823 2 2 100 1 557 471 558
824 2 2 100 1 648 653 735
825 2 2 100 1 708 713 736
826 2 2 100 1 638 643 737
827 2 2 100 1 488 489 490
828 2 2 100 1 119 432 479
829 2 2 100 1 127 443 493
830 2 2 100 1 435 122 568
831 2 2 100 1 445 130 507
832 2 2 100 1 141 461 534
833 2 2 100 1 137 456 517
834 2 2 100 1 145 466 545
835 2 2 100 1 469 148 556
836 2 2 100 1 718 717 719
837 2 2 100 1 708 707 709
838 2 2 100 1 638 637 639
839 2 2 100 1 648 647 649
840 2 2 100 1 649 651 652
841 2 2 100 1 639 641 642
842 2 2 100 1 719 720 721
843 2 2 100 1 709 711 712
844 2 2 100 1 669 671 672
845 2 2 100 1 576 575 577
846 2 2 100 1 658 657 659
847 2 2 100 1 668 667 669
848 2 2 100 1 474 722 723
849 2 2 100 1 446 574 575
850 2 2 100 1 449 656 657
851 2 2 100 1 460 666 667
852 2 2 100 1 654 650 655
853 2 2 100 1 472 647 648
854 2 2 100 1 468 637 638
855 2 2 100 1 465 707 708
856 2 2 100 1 463 717 718
857 2 2 100 1 714 710 715
858 2 2 100 1 644 640 645
859 2 2 100 1 674 670 675
860 2 2 100 1 663 660 664
861 2 2 100 1 682 684 685
862 2 2 100 1 446 576 744
863 2 2 100 1 460 668 745
864 2 2 100 1 449 658 746
865 2 2 100 1 687 689 690
866 2 2 100 1 692 694 695
867 2 2 100 1 697 699 700
868 2 2 100 1 121 122 435
869 2 2 100 1 125 126 440
870 2 2 100 1 117 118 430
871 2 2 100 1 119 120 432
872 2 2 100 1 129 130 445
873 2 2 100 1 131 132 448
874 2 2 100 1 143 144 464
875 2 2 100 1 147 148 469
876 2 2 100 1 133 134 451
877 2 2 100 1 135 136 453
878 2 2 100 1 137 138 456
879 2 2 100 1 145 146 466
880 2 2 100 1 149 150 471
881 2 2 100 1 127 128 443
882 2 2 100 1 139 140 458
883 2 2 100 1 141 142 461
884 2 2 100 1 115 116 427
885 2 2 100 1 123 124 438
886 2 2 100 1 576 580 744
887 2 2 100 1 668 673 745
888 2 2 100 1 658 662 746
889 2 2 100 1 636 467 727
890 2 2 100 1 716 462 728
891 2 2 100 1 646 470 729
892 2 2 100 1 708 709 710
893 2 2 100 1 648 649 650
894 2 2 100 1 638 639 640
895 2 2 100 1 639 637 641
896 2 2 100 1 719 717 720
897 2 2 100 1 709 707 711
898 2 2 100 1 649 647 651
899 2 2 100 1 723 722 726
900 2 2 100 1 576 577 578
901 2 2 100 1 668 669 670
902 2 2 100 1 658 659 660
903 2 2 100 1 577 575 579
904 2 2 100 1 659 657 661
905 2 2 100 1 669 667 671
906 2 2 100 1 582 444 583
907 2 2 100 1 676 459 677
908 2 2 100 1 446 575 576
909 2 2 100 1 449 657 658
910 2 2 100 1 460 667 668
911 2 2 100 1 559 558 560
912 2 2 100 1 446 188 574
913 2 2 100 1 158 470 646
914 2 2 100 1 474 153 722
915 2 2 100 1 162 467 636
916 2 2 100 1 460 171 666
917 2 2 100 1 449 185 656
918 2 2 100 1 168 462 716
919 2 2 100 1 166 463 706
920 2 2 100 1 126 127 493
921 2 2 100 1 118 119 479
922 2 2 100 1 122 123 568
923 2 2 100 1 136 137 517
924 2 2 100 1 140 141 534
925 2 2 100 1 148 149 556
926 2 2 100 1 130 131 507
927 2 2 100 1 144 145 545
928 2 2 100 1 189 190 444
929 2 2 100 1 199 200 436
930 2 2 100 1 6 188 446
931 2 2 100 1 201 202 434
932 2 2 100 1 203 204 433
933 2 2 100 1 205 206 431
934 2 2 100 1 209 210 428
935 2 2 100 1 207 208 429
936 2 2 100 1 152 153 474
937 2 2 100 1 166 167 463
938 2 2 100 1 184 185 449
939 2 2 100 1 186 187 447
940 2 2 100 1 156 157 472
941 2 2 100 1 158 159 470
942 2 2 100 1 168 169 462
943 2 2 100 1 172 173 459
944 2 2 100 1 174 175 457
945 2 2 100 1 178 179 454
946 2 2 100 1 160 161 468
947 2 2 100 1 162 163 467
948 2 2 100 1 164 165 465
949 2 2 100 1 170 171 460
950 2 2 100 1 176 177 455
951 2 2 100 1 180 181 452
952 2 2 100 1 182 183 450
953 2 2 100 1 154 155 473
954 2 2 100 1 197 198 437
955 2 2 100 1 191 192 442
956 2 2 100 1 193 194 441
957 2 2 100 1 195 196 439
958 2 2 100 1 114 115 730
959 2 2 100 1 511 514 515
960 2 2 100 1 505 504 506
961 2 2 100 1 483 485 486
962 2 2 100 1 538 541 542
963 2 2 100 1 521 524 525
964 2 2 100 1 549 552 553
965 2 2 100 1 497 499 500
966 2 2 100 1 125 440 732
967 2 2 100 1 111 112 475
968 2 2 100 1 496 497 789
969 2 2 100 1 117 430 733
970 2 2 100 1 448 132 734
971 2 2 100 1 583 444 631
972 2 2 100 1 677 459 702
973 2 2 100 1 585 586 587
974 2 2 100 1 679 681 682
975 2 2 100 1 529 530 532
976 2 2 100 1 188 189 574
977 2 2 100 1 161 162 636
978 2 2 100 1 171 172 666
979 2 2 100 1 153 154 722
980 2 2 100 1 157 158 646
981 2 2 100 1 167 168 716
982 2 2 100 1 165 166 706
983 2 2 100 1 185 186 656
984 2 2 100 1 653 650 654
985 2 2 100 1 643 640 644
986 2 2 100 1 713 710 714
987 2 2 100 1 662 660 663
988 2 2 100 1 673 670 674
989 2 2 100 1 580 578 581
990 2 2 100 1 213 214 476
991 2 2 100 1 587 588 589
992 2 2 100 1 682 683 684
993 2 2 100 1 684 686 687
994 2 2 100 1 589 590 591
995 2 2 100 1 687 688 689
996 2 2 100 1 591 592 593
997 2 2 100 1 689 691 692
998 2 2 100 1 593 594 595
999 2 2 100 1 692 693 694
1000 2 2 100 1 595 596 597
1001 2 2 100 1 617 618 619
1002 2 2 100 1 615 616 617
1003 2 2 100 1 613 614 615
1004 2 2 100 1 611 612 613
1005 2 2 100 1 609 610 611
1006 2 2 100 1 607 608 609
1007 2 2 100 1 694 696 697
1008 2 2 100 1 597 598 599
1009 2 2 100 1 605 606 607
1010 2 2 100 1 603 604 605
1011 2 2 100 1 601 602 603
1012 2 2 100 1 697 698 699
1013 2 2 100 1 599 600 601
1014 2 2 100 1 471 150 768
1015 2 2 100 1 124 125 732
1016 2 2 100 1 156 472 735
1017 2 2 100 1 164 465 736
1018 2 2 100 1 160 468 737
1019 2 2 100 1 585 583 586
1020 2 2 100 1 679 677 681
1021 2 2 100 1 132 133 734
1022 2 2 100 1 116 117 733
1023 2 2 100 1 432 120 739
1024 2 2 100 1 443 128 740
1025 2 2 100 1 466 146 741
1026 2 2 100 1 456 138 742
1027 2 2 100 1 461 142 743
1028 2 2 100 1 619 620 621
1029 2 2 100 1 163 164 736
1030 2 2 100 1 155 156 735
1031 2 2 100 1 159 160 737
1032 2 2 100 1 6 446 744
1033 2 2 100 1 170 460 745
1034 2 2 100 1 184 449 746
1035 2 2 100 1 120 121 739
1036 2 2 100 1 128 129 740
1037 2 2 100 1 146 147 741
1038 2 2 100 1 138 139 742
1039 2 2 100 1 142 143 743
1040 2 2 100 1 562 566 567
1041 2 2 100 1 187 6 744
1042 2 2 100 1 169 170 745
1043 2 2 100 1 183 184 746
1044 2 2 100 1 560 561 562
1045 2 2 100 1 399 526 825
1046 2 2 100 1 708 710 713
1047 2 2 100 1 648 650 653
1048 2 2 100 1 638 640 643
1049 2 2 100 1 668 670 673
1050 2 2 100 1 658 660 662
1051 2 2 100 1 576 578 580
1052 2 2 100 1 675 417 844
1053 2 2 100 1 511 509 514
1054 2 2 100 1 502 504 505
1055 2 2 100 1 621 622 623
1056 2 2 100 1 483 481 485
1057 2 2 100 1 549 547 552
1058 2 2 100 1 521 519 524
1059 2 2 100 1 538 536 541
1060 2 2 100 1 497 495 499
1061 2 2 100 1 587 586 588
1062 2 2 100 1 682 681 683
1063 2 2 100 1 589 588 590
1064 2 2 100 1 684 683 686
1065 2 2 100 1 591 590 592
1066 2 2 100 1 687 686 688
1067 2 2 100 1 593 592 594
1068 2 2 100 1 689 688 691
1069 2 2 100 1 595 594 596
1070 2 2 100 1 692 691 693
1071 2 2 100 1 597 596 598
1072 2 2 100 1 694 693 696
1073 2 2 100 1 619 618 620
1074 2 2 100 1 617 616 618
1075 2 2 100 1 615 614 616
1076 2 2 100 1 613 612 614
1077 2 2 100 1 611 610 612
1078 2 2 100 1 609 608 610
1079 2 2 100 1 607 606 608
1080 2 2 100 1 605 604 606
1081 2 2 100 1 603 602 604
1082 2 2 100 1 697 696 698
1083 2 2 100 1 599 598 600
1084 2 2 100 1 601 600 602
1085 2 2 100 1 621 620 622
1086 2 2 100 1 491 490 492
1087 2 2 100 1 488 490 491
1088 2 2 100 1 35 36 407
1089 2 2 100 1 36 37 747
1090 2 2 100 1 25 26 394
1091 2 2 100 1 27 28 396
1092 2 2 100 1 23 24 392
1093 2 2 100 1 31 32 400
1094 2 2 100 1 29 30 398
1095 2 2 100 1 26 27 750
1096 2 2 100 1 28 29 752
1097 2 2 100 1 24 25 751
1098 2 2 100 1 30 31 749
1099 2 2 100 1 17 18 386
1100 2 2 100 1 63 64 422
1101 2 2 100 1 38 39 754
1102 2 2 100 1 51 52 416
1103 2 2 100 1 43 44 412
1104 2 2 100 1 57 58 419
1105 2 2 100 1 65 66 423
1106 2 2 100 1 67 68 424
1107 2 2 100 1 37 38 409
1108 2 2 100 1 39 40 410
1109 2 2 100 1 41 42 411
1110 2 2 100 1 47 48 414
1111 2 2 100 1 61 62 421
1112 2 2 100 1 69 70 425
1113 2 2 100 1 59 60 420
1114 2 2 100 1 71 72 426
1115 2 2 100 1 45 46 413
1116 2 2 100 1 53 54 417
1117 2 2 100 1 49 50 415
1118 2 2 100 1 55 56 418
1119 2 2 100 1 22 23 748
1120 2 2 100 1 32 33 759
1121 2 2 100 1 16 17 753
1122 2 2 100 1 13 14 383
1123 2 2 100 1 14 15 756
1124 2 2 100 1 15 16 385
1125 2 2 100 1 33 34 403
1126 2 2 100 1 20 21 760
1127 2 2 100 1 21 22 390
1128 2 2 100 1 19 20 388
1129 2 2 100 1 18 19 757
1130 2 2 100 1 34 35 758
1131 2 2 100 1 562 561 566
1132 2 2 100 1 560 558 561
1133 2 2 100 1 12 13 755
1134 2 2 100 1 411 700 813
1135 2 2 100 1 623 622 624
1136 2 2 100 1 586 583 631
1137 2 2 100 1 681 677 702
1138 2 2 100 1 98 99 384
1139 2 2 100 1 106 107 379
1140 2 2 100 1 97 98 763
1141 2 2 100 1 105 106 761
1142 2 2 100 1 104 105 380
1143 2 2 100 1 96 97 387
1144 2 2 100 1 100 101 382
1145 2 2 100 1 99 100 764
1146 2 2 100 1 103 104 762
1147 2 2 100 1 5 73 408
1148 2 2 100 1 84 85 399
1149 2 2 100 1 76 77 405
1150 2 2 100 1 80 81 402
1151 2 2 100 1 82 83 401
1152 2 2 100 1 88 89 395
1153 2 2 100 1 74 75 406
1154 2 2 100 1 78 79 404
1155 2 2 100 1 86 87 397
1156 2 2 100 1 92 93 391
1157 2 2 100 1 94 95 389
1158 2 2 100 1 90 91 393
1159 2 2 100 1 102 103 381
1160 2 2 100 1 101 102 766
1161 2 2 100 1 93 94 765
1162 2 2 100 1 95 96 767
1163 2 2 100 1 11 12 478
1164 2 2 100 1 29 398 752
1165 2 2 100 1 27 396 750
1166 2 2 100 1 394 26 750
1167 2 2 100 1 25 394 751
1168 2 2 100 1 31 400 749
1169 2 2 100 1 392 24 751
1170 2 2 100 1 396 28 752
1171 2 2 100 1 398 30 749
1172 2 2 100 1 407 36 747
1173 2 2 100 1 400 32 759
1174 2 2 100 1 23 392 748
1175 2 2 100 1 37 409 747
1176 2 2 100 1 39 410 754
1177 2 2 100 1 409 38 754
1178 2 2 100 1 35 407 758
1179 2 2 100 1 17 386 753
1180 2 2 100 1 385 16 753
1181 2 2 100 1 386 18 757
1182 2 2 100 1 33 403 759
1183 2 2 100 1 390 22 748
1184 2 2 100 1 383 14 756
1185 2 2 100 1 15 385 756
1186 2 2 100 1 388 20 760
1187 2 2 100 1 21 390 760
1188 2 2 100 1 19 388 757
1189 2 2 100 1 403 34 758
1190 2 2 100 1 566 561 738
1191 2 2 100 1 581 578 798
1192 2 2 100 1 107 108 769
1193 2 2 100 1 13 383 755
1194 2 2 100 1 558 471 768
1195 2 2 100 1 108 109 477
1196 2 2 100 1 561 558 768
1197 2 2 100 1 478 12 755
1198 2 2 100 1 98 384 763
1199 2 2 100 1 384 99 764
1200 2 2 100 1 106 379 761
1201 2 2 100 1 380 105 761
1202 2 2 100 1 387 97 763
1203 2 2 100 1 382 101 766
1204 2 2 100 1 104 380 762
1205 2 2 100 1 100 382 764
1206 2 2 100 1 96 387 767
1207 2 2 100 1 381 103 762
1208 2 2 100 1 391 93 765
1209 2 2 100 1 94 389 765
1210 2 2 100 1 389 95 767
1211 2 2 100 1 102 381 766
1212 2 2 100 1 416 672 836
1213 2 2 100 1 789 497 790
1214 2 2 100 1 738 561 768
1215 2 2 100 1 379 107 769
1216 2 2 100 1 498 496 788
1217 2 2 100 1 578 577 796
1218 2 2 100 1 523 397 817
1219 2 2 100 1 108 477 769
1220 2 2 100 1 503 498 786
1221 2 2 100 1 672 416 838
1222 2 2 100 1 578 796 798
1223 2 2 100 1 577 579 794
1224 2 2 100 1 788 496 789
1225 2 2 100 1 397 523 820
1226 2 2 100 1 450 662 770
1227 2 2 100 1 579 584 793
1228 2 2 100 1 577 794 796
1229 2 2 100 1 701 450 770
1230 2 2 100 1 415 680 843
1231 2 2 100 1 579 793 794
1232 2 2 100 1 680 415 840
1233 2 2 100 1 584 585 792
1234 2 2 100 1 786 498 788
1235 2 2 100 1 584 792 793
1236 2 2 100 1 504 503 785
1237 2 2 100 1 585 587 795
1238 2 2 100 1 792 585 795
1239 2 2 100 1 414 685 853
1240 2 2 100 1 700 699 813
1241 2 2 100 1 395 531 821
1242 2 2 100 1 785 503 786
1243 2 2 100 1 506 504 784
1244 2 2 100 1 587 589 797
1245 2 2 100 1 685 414 850
1246 2 2 100 1 662 663 770
1247 2 2 100 1 795 587 797
1248 2 2 100 1 784 504 785
1249 2 2 100 1 589 591 801
1250 2 2 100 1 110 111 772
1251 2 2 100 1 797 589 801
1252 2 2 100 1 214 215 773
1253 2 2 100 1 112 113 771
1254 2 2 100 1 570 506 787
1255 2 2 100 1 413 690 865
1256 2 2 100 1 591 593 803
1257 2 2 100 1 801 591 803
1258 2 2 100 1 690 413 861
1259 2 2 100 1 593 595 805
1260 2 2 100 1 803 593 805
1261 2 2 100 1 506 784 787
1262 2 2 100 1 513 391 791
1263 2 2 100 1 382 766 783
1264 2 2 100 1 595 597 808
1265 2 2 100 1 412 695 869
1266 2 2 100 1 805 595 808
1267 2 2 100 1 516 393 802
1268 2 2 100 1 530 531 804
1269 2 2 100 1 695 412 868
1270 2 2 100 1 725 724 857
1271 2 2 100 1 597 599 810
1272 2 2 100 1 516 515 804
1273 2 2 100 1 808 597 810
1274 2 2 100 1 393 516 807
1275 2 2 100 1 212 213 779
1276 2 2 100 1 599 601 812
1277 2 2 100 1 512 513 791
1278 2 2 100 1 526 525 819
1279 2 2 100 1 810 599 812
1280 2 2 100 1 543 542 827
1281 2 2 100 1 483 486 782
1282 2 2 100 1 554 553 832
1283 2 2 100 1 391 513 800
1284 2 2 100 1 700 411 871
1285 2 2 100 1 601 603 814
1286 2 2 100 1 539 540 819
1287 2 2 100 1 482 483 781
1288 2 2 100 1 812 601 814
1289 2 2 100 1 550 551 827
1290 2 2 100 1 564 565 832
1291 2 2 100 1 489 484 778
1292 2 2 100 1 603 605 815
1293 2 2 100 1 484 482 780
1294 2 2 100 1 513 510 802
1295 2 2 100 1 410 664 809
1296 2 2 100 1 714 715 851
1297 2 2 100 1 674 675 837
1298 2 2 100 1 814 603 815
1299 2 2 100 1 644 645 855
1300 2 2 100 1 511 516 802
1301 2 2 100 1 781 483 782
1302 2 2 100 1 654 655 857
1303 2 2 100 1 475 112 771
1304 2 2 100 1 531 528 817
1305 2 2 100 1 111 475 772
1306 2 2 100 1 476 214 773
1307 2 2 100 1 663 664 813
1308 2 2 100 1 664 660 809
1309 2 2 100 1 721 720 837
1310 2 2 100 1 605 607 816
1311 2 2 100 1 523 520 823
1312 2 2 100 1 664 410 811
1313 2 2 100 1 521 526 823
1314 2 2 100 1 719 721 846
1315 2 2 100 1 642 641 851
1316 2 2 100 1 522 523 817
1317 2 2 100 1 780 482 781
1318 2 2 100 1 652 651 855
1319 2 2 100 1 540 537 831
1320 2 2 100 1 815 605 816
1321 2 2 100 1 92 391 800
1322 2 2 100 1 393 91 800
1323 2 2 100 1 538 543 831
1324 2 2 100 1 712 711 846
1325 2 2 100 1 551 548 839
1326 2 2 100 1 565 559 848
1327 2 2 100 1 410 40 811
1328 2 2 100 1 41 411 811
1329 2 2 100 1 549 554 839
1330 2 2 100 1 678 680 836
1331 2 2 100 1 90 393 807
1332 2 2 100 1 395 89 807
1333 2 2 100 1 669 672 841
1334 2 2 100 1 560 563 848
1335 2 2 100 1 682 685 843
1336 2 2 100 1 675 670 841
1337 2 2 100 1 672 671 836
1338 2 2 100 1 778 484 780
1339 2 2 100 1 709 712 854
1340 2 2 100 1 490 489 776
1341 2 2 100 1 680 679 843
1342 2 2 100 1 687 690 853
1343 2 2 100 1 685 684 853
1344 2 2 100 1 211 4 872
1345 2 2 100 1 4 212 872
1346 2 2 100 1 715 710 854
1347 2 2 100 1 639 642 860
1348 2 2 100 1 86 397 820
1349 2 2 100 1 399 85 820
1350 2 2 100 1 397 87 821
1351 2 2 100 1 88 395 821
1352 2 2 100 1 649 652 864
1353 2 2 100 1 388 760 818
1354 2 2 100 1 645 640 860
1355 2 2 100 1 690 689 865
1356 2 2 100 1 692 695 865
1357 2 2 100 1 563 562 867
1358 2 2 100 1 655 650 864
1359 2 2 100 1 401 83 825
1360 2 2 100 1 84 399 825
1361 2 2 100 1 695 694 869
1362 2 2 100 1 697 700 869
1363 2 2 100 1 82 401 830
1364 2 2 100 1 402 81 830
1365 2 2 100 1 53 417 838
1366 2 2 100 1 416 52 838
1367 2 2 100 1 51 416 840
1368 2 2 100 1 415 50 840
1369 2 2 100 1 567 725 867
1370 2 2 100 1 55 418 844
1371 2 2 100 1 417 54 844
1372 2 2 100 1 404 79 834
1373 2 2 100 1 80 402 834
1374 2 2 100 1 418 56 849
1375 2 2 100 1 57 419 849
1376 2 2 100 1 49 415 850
1377 2 2 100 1 414 48 850
1378 2 2 100 1 78 404 842
1379 2 2 100 1 405 77 842
1380 2 2 100 1 426 72 858
1381 2 2 100 1 5 408 858
1382 2 2 100 1 419 58 852
1383 2 2 100 1 59 420 852
1384 2 2 100 1 609 611 822
1385 2 2 100 1 76 405 845
1386 2 2 100 1 406 75 845
1387 2 2 100 1 74 406 847
1388 2 2 100 1 408 73 847
1389 2 2 100 1 61 421 856
1390 2 2 100 1 420 60 856
1391 2 2 100 1 63 422 859
1392 2 2 100 1 421 62 859
1393 2 2 100 1 47 414 861
1394 2 2 100 1 413 46 861
1395 2 2 100 1 65 423 862
1396 2 2 100 1 422 64 862
1397 2 2 100 1 67 424 863
1398 2 2 100 1 423 66 863
1399 2 2 100 1 69 425 866
1400 2 2 100 1 424 68 866
1401 2 2 100 1 776 489 778
1402 2 2 100 1 45 413 868
1403 2 2 100 1 412 44 868
1404 2 2 100 1 71 426 870
1405 2 2 100 1 425 70 870
1406 2 2 100 1 492 490 777
1407 2 2 100 1 43 412 871
1408 2 2 100 1 411 42 871
1409 2 2 100 1 611 613 824
1410 2 2 100 1 490 776 777
1411 2 2 100 1 822 611 824
1412 2 2 100 1 613 615 826
1413 2 2 100 1 824 613 826
1414 2 2 100 1 615 617 828
1415 2 2 100 1 826 615 828
1416 2 2 100 1 625 211 872
1417 2 2 100 1 486 570 783
1418 2 2 100 1 617 619 829
1419 2 2 100 1 113 3 873
1420 2 2 100 1 3 114 873
1421 2 2 100 1 828 617 829
1422 2 2 100 1 476 773 774
1423 2 2 100 1 215 1 874
1424 2 2 100 1 1 11 874
1425 2 2 100 1 619 621 833
1426 2 2 100 1 2 110 875
1427 2 2 100 1 109 2 875
1428 2 2 100 1 829 619 833
1429 2 2 100 1 621 623 835
1430 2 2 100 1 833 621 835
1431 2 2 100 1 772 475 775
1432 2 2 100 1 699 663 813
1433 2 2 100 1 624 625 879
1434 2 2 100 1 213 476 779
1435 2 2 100 1 761 379 776
1436 2 2 100 1 379 769 777
1437 2 2 100 1 380 761 778
1438 2 2 100 1 776 379 777
1439 2 2 100 1 761 776 778
1440 2 2 100 1 769 477 876
1441 2 2 100 1 478 755 877
1442 2 2 100 1 380 778 780
1443 2 2 100 1 762 380 780
1444 2 2 100 1 381 762 781
1445 2 2 100 1 762 780 781
1446 2 2 100 1 515 530 804
1447 2 2 100 1 766 381 782
1448 2 2 100 1 381 781 782
1449 2 2 100 1 500 512 791
1450 2 2 100 1 731 492 878
1451 2 2 100 1 764 382 787
1452 2 2 100 1 661 581 799
1453 2 2 100 1 525 539 819
1454 2 2 100 1 384 764 784
1455 2 2 100 1 763 384 785
1456 2 2 100 1 387 763 786
1457 2 2 100 1 384 784 785
1458 2 2 100 1 763 785 786
1459 2 2 100 1 542 550 827
1460 2 2 100 1 767 387 788
1461 2 2 100 1 387 786 788
1462 2 2 100 1 389 767 789
1463 2 2 100 1 767 788 789
1464 2 2 100 1 724 654 857
1465 2 2 100 1 553 564 832
1466 2 2 100 1 765 389 790
1467 2 2 100 1 661 799 806
1468 2 2 100 1 389 789 790
1469 2 2 100 1 784 764 787
1470 2 2 100 1 400 759 792
1471 2 2 100 1 759 403 793
1472 2 2 100 1 403 758 794
1473 2 2 100 1 792 759 793
1474 2 2 100 1 793 403 794
1475 2 2 100 1 749 400 795
1476 2 2 100 1 400 792 795
1477 2 2 100 1 758 407 796
1478 2 2 100 1 794 758 796
1479 2 2 100 1 91 92 800
1480 2 2 100 1 510 511 802
1481 2 2 100 1 398 749 797
1482 2 2 100 1 749 795 797
1483 2 2 100 1 407 747 798
1484 2 2 100 1 796 407 798
1485 2 2 100 1 475 771 878
1486 2 2 100 1 752 398 801
1487 2 2 100 1 398 797 801
1488 2 2 100 1 659 806 809
1489 2 2 100 1 659 661 806
1490 2 2 100 1 396 752 803
1491 2 2 100 1 752 801 803
1492 2 2 100 1 89 90 807
1493 2 2 100 1 660 659 809
1494 2 2 100 1 476 774 879
1495 2 2 100 1 750 396 805
1496 2 2 100 1 396 803 805
1497 2 2 100 1 394 750 808
1498 2 2 100 1 720 674 837
1499 2 2 100 1 750 805 808
1500 2 2 100 1 40 41 811
1501 2 2 100 1 751 394 810
1502 2 2 100 1 394 808 810
1503 2 2 100 1 392 751 812
1504 2 2 100 1 751 810 812
1505 2 2 100 1 641 714 851
1506 2 2 100 1 528 522 817
1507 2 2 100 1 748 392 814
1508 2 2 100 1 392 812 814
1509 2 2 100 1 651 644 855
1510 2 2 100 1 607 609 818
1511 2 2 100 1 390 748 815
1512 2 2 100 1 748 814 815
1513 2 2 100 1 520 521 823
1514 2 2 100 1 760 390 816
1515 2 2 100 1 85 86 820
1516 2 2 100 1 390 815 816
1517 2 2 100 1 87 88 821
1518 2 2 100 1 757 388 822
1519 2 2 100 1 83 84 825
1520 2 2 100 1 711 719 846
1521 2 2 100 1 386 757 824
1522 2 2 100 1 757 822 824
1523 2 2 100 1 537 538 831
1524 2 2 100 1 753 386 826
1525 2 2 100 1 386 824 826
1526 2 2 100 1 385 753 828
1527 2 2 100 1 81 82 830
1528 2 2 100 1 753 826 828
1529 2 2 100 1 756 385 829
1530 2 2 100 1 385 828 829
1531 2 2 100 1 671 678 836
1532 2 2 100 1 548 549 839
1533 2 2 100 1 79 80 834
1534 2 2 100 1 383 756 833
1535 2 2 100 1 756 829 833
1536 2 2 100 1 670 669 841
1537 2 2 100 1 52 53 838
1538 2 2 100 1 50 51 840
1539 2 2 100 1 77 78 842
1540 2 2 100 1 679 682 843
1541 2 2 100 1 755 383 835
1542 2 2 100 1 383 833 835
1543 2 2 100 1 54 55 844
1544 2 2 100 1 559 560 848
1545 2 2 100 1 75 76 845
1546 2 2 100 1 73 74 847
1547 2 2 100 1 625 779 879
1548 2 2 100 1 56 57 849
1549 2 2 100 1 48 49 850
1550 2 2 100 1 72 5 858
1551 2 2 100 1 710 709 854
1552 2 2 100 1 684 687 853
1553 2 2 100 1 58 59 852
1554 2 2 100 1 640 639 860
1555 2 2 100 1 60 61 856
1556 2 2 100 1 62 63 859
1557 2 2 100 1 46 47 861
1558 2 2 100 1 492 775 878
1559 2 2 100 1 650 649 864
1560 2 2 100 1 689 692 865
1561 2 2 100 1 64 65 862
1562 2 2 100 1 66 67 863
1563 2 2 100 1 68 69 866
1564 2 2 100 1 562 567 867
1565 2 2 100 1 44 45 868
1566 2 2 100 1 694 697 869
1567 2 2 100 1 70 71 870
1568 2 2 100 1 42 43 871
1569 2 2 100 1 212 779 872
1570 2 2 100 1 382 783 787
1571 2 2 100 1 783 570 787
1572 2 2 100 1 110 772 875
1573 2 2 100 1 773 215 874
1574 2 2 100 1 771 113 873
1575 2 2 100 1 114 730 873
1576 2 2 100 1 11 478 874
1577 2 2 100 1 477 109 875
1578 2 2 100 1 775 492 876
1579 2 2 100 1 760 816 818
1580 2 2 100 1 816 607 818
1581 2 2 100 1 772 477 875
1582 2 2 100 1 478 773 874
1583 2 2 100 1 730 771 873
1584 2 2 100 1 492 777 876
1585 2 2 100 1 623 774 877
1586 2 2 100 1 779 625 872
1587 2 2 100 1 775 475 878
1588 2 2 100 1 835 623 877
1589 2 2 100 1 777 769 876
1590 2 2 100 1 779 476 879
1591 2 2 100 1 755 835 877
1592 2 2 101 2 903 1113 1154
1593 2 2 101 2 1113 903 1179
1594 2 2 101 2 281 282 1032
1595 2 2 101 2 1052 907 1165
1596 2 2 101 2 1063 1055 1068
1597 2 2 101 2 882 1020 1022
1598 2 2 101 2 1046 1065 1071
1599 2 2 101 2 899 1015 1140
1600 2 2 101 2 1107 932 1121
1601 2 2 101 2 1041 987 1139
1602 2 2 101 2 1015 899 1184
1603 2 2 101 2 1048 1001 1171
1604 2 2 101 2 1001 1048 1178
1605 2 2 101 2 894 1018 1035
1606 2 2 101 2 1020 882 1044
1607 2 2 101 2 1032 282 1190
1608 2 2 101 2 886 1041 1139
1609 2 2 101 2 1027 885 1085
1610 2 2 101 2 988 1063 1068
1611 2 2 101 2 907 1052 1163
1612 2 2 101 2 885 1027 1215
1613 2 2 101 2 1018 894 1147
1614 2 2 101 2 932 1107 1122
1615 2 2 101 2 1065 993 1071
1616 2 2 101 2 1009 1044 1132
1617 2 2 101 2 1017 891 1151
1618 2 2 101 2 883 281 1032
1619 2 2 101 2 1019 1162 1181
1620 2 2 101 2 1055 898 1068
1621 2 2 101 2 897 1046 1071
1622 2 2 101 2 1053 1052 1165
1623 2 2 101 2 1162 889 1181
1624 2 2 101 2 1030 883 1031
1625 2 2 101 2 891 1017 1186
1626 2 2 101 2 1039 1038 1142
1627 2 2 101 2 1041 886 1043
1628 2 2 101 2 892 1034 1190
1629 2 2 101 2 1027 1029 1215
1630 2 2 101 2 1111 888 1188
1631 2 2 101 2 1034 892 1182
1632 2 2 101 2 1106 1111 1188
1633 2 2 101 2 883 1030 1062
1634 2 2 101 2 1016 890 1208
1635 2 2 101 2 1003 1015 1060
1636 2 2 101 2 1045 1077 1078
1637 2 2 101 2 987 1016 1139
1638 2 2 101 2 1045 900 1077
1639 2 2 101 2 324 1156 1165
1640 2 2 101 2 890 1016 1185
1641 2 2 101 2 1043 886 1061
1642 2 2 101 2 1132 1044 1187
1643 2 2 101 2 1142 1038 1175
1644 2 2 101 2 1017 1008 1093
1645 2 2 101 2 1122 1024 1136
1646 2 2 101 2 882 1022 1152
1647 2 2 101 2 1011 1159 1173
1648 2 2 101 2 1028 1027 1085
1649 2 2 101 2 1111 1106 1179
1650 2 2 101 2 319 910 1059
1651 2 2 101 2 1113 909 1154
1652 2 2 101 2 1019 1018 1147
1653 2 2 101 2 1043 1061 1066
1654 2 2 101 2 1012 1011 1173
1655 2 2 101 2 1031 883 1032
1656 2 2 101 2 318 319 1059
1657 2 2 101 2 911 1062 1117
1658 2 2 101 2 994 1020 1044
1659 2 2 101 2 1009 994 1044
1660 2 2 101 2 1029 332 1215
1661 2 2 101 2 1019 1147 1162
1662 2 2 101 2 1034 1032 1190
1663 2 2 101 2 1003 1060 1171
1664 2 2 101 2 1077 896 1078
1665 2 2 101 2 292 908 1057
1666 2 2 101 2 1061 1064 1066
1667 2 2 101 2 1062 1030 1117
1668 2 2 101 2 1156 1053 1165
1669 2 2 101 2 932 1122 1136
1670 2 2 101 2 1093 1008 1177
1671 2 2 101 2 332 1029 1197
1672 2 2 101 2 1025 1024 1122
1673 2 2 101 2 1057 908 1058
1674 2 2 101 2 1107 1121 1206
1675 2 2 101 2 1148 957 1149
1676 2 2 101 2 910 908 1201
1677 2 2 101 2 881 913 1064
1678 2 2 101 2 277 881 1064
1679 2 2 101 2 911 279 1062
1680 2 2 101 2 269 897 1047
1681 2 2 101 2 1050 1051 1142
1682 2 2 101 2 289 905 1050
1683 2 2 101 2 1050 905 1051
1684 2 2 101 2 291 292 1057
1685 2 2 101 2 1153 1159 1213
1686 2 2 101 2 1082 1153 1213
1687 2 2 101 2 1141 979 1144
1688 2 2 101 2 1057 1058 1163
1689 2 2 101 2 903 1111 1179
1690 2 2 101 2 1028 1085 1146
1691 2 2 101 2 1033 1148 1149
1692 2 2 101 2 1064 913 1066
1693 2 2 101 2 1073 1010 1180
1694 2 2 101 2 1046 890 1065
1695 2 2 101 2 892 1055 1063
1696 2 2 101 2 1031 1032 1033
1697 2 2 101 2 1056 291 1057
1698 2 2 101 2 908 910 1174
1699 2 2 101 2 276 277 1064
1700 2 2 101 2 278 279 911
1701 2 2 101 2 268 269 1047
1702 2 2 101 2 953 951 1138
1703 2 2 101 2 266 267 1060
1704 2 2 101 2 288 289 1050
1705 2 2 101 2 290 291 1056
1706 2 2 101 2 886 275 1061
1707 2 2 101 2 280 883 1062
1708 2 2 101 2 271 890 1046
1709 2 2 101 2 897 270 1046
1710 2 2 101 2 892 284 1055
1711 2 2 101 2 285 898 1055
1712 2 2 101 2 287 901 1049
1713 2 2 101 2 957 953 1080
1714 2 2 101 2 898 286 1049
1715 2 2 101 2 1078 1005 1203
1716 2 2 101 2 1052 905 1056
1717 2 2 101 2 264 899 1054
1718 2 2 101 2 273 274 1139
1719 2 2 101 2 1014 1048 1207
1720 2 2 101 2 1066 1141 1144
1721 2 2 101 2 1051 905 1052
1722 2 2 101 2 1080 953 1138
1723 2 2 101 2 1109 979 1110
1724 2 2 101 2 948 1069 1081
1725 2 2 101 2 972 988 1067
1726 2 2 101 2 1033 1032 1034
1727 2 2 101 2 1040 1067 1068
1728 2 2 101 2 1112 1113 1123
1729 2 2 101 2 1067 988 1068
1730 2 2 101 2 1113 1105 1123
1731 2 2 101 2 926 924 1076
1732 2 2 101 2 954 957 1070
1733 2 2 101 2 974 972 1067
1734 2 2 101 2 884 1090 1091
1735 2 2 101 2 938 1109 1110
1736 2 2 101 2 884 198 1090
1737 2 2 101 2 1075 1119 1128
1738 2 2 101 2 1075 1076 1119
1739 2 2 101 2 327 894 1072
1740 2 2 101 2 929 926 1076
1741 2 2 101 2 948 960 1069
1742 2 2 101 2 956 954 1070
1743 2 2 101 2 319 320 910
1744 2 2 101 2 896 208 1073
1745 2 2 101 2 989 1014 1071
1746 2 2 101 2 321 1058 1174
1747 2 2 101 2 1086 1094 1095
1748 2 2 101 2 207 896 1077
1749 2 2 101 2 906 307 1083
1750 2 2 101 2 1038 1036 1040
1751 2 2 101 2 915 912 1117
1752 2 2 101 2 891 204 1079
1753 2 2 101 2 936 929 1074
1754 2 2 101 2 307 308 1083
1755 2 2 101 2 920 922 1110
1756 2 2 101 2 1122 1107 1145
1757 2 2 101 2 993 989 1071
1758 2 2 101 2 322 323 907
1759 2 2 101 2 1087 887 1088
1760 2 2 101 2 1003 1004 1015
1761 2 2 101 2 1037 1036 1038
1762 2 2 101 2 1001 1002 1003
1763 2 2 101 2 198 199 1090
1764 2 2 101 2 904 326 1072
1765 2 2 101 2 1114 1099 1115
1766 2 2 101 2 979 920 1110
1767 2 2 101 2 1074 929 1076
1768 2 2 101 2 971 969 978
1769 2 2 101 2 1025 1122 1145
1770 2 2 101 2 964 989 993
1771 2 2 101 2 1036 974 1067
1772 2 2 101 2 989 990 1014
1773 2 2 101 2 977 966 987
1774 2 2 101 2 972 971 988
1775 2 2 101 2 964 965 989
1776 2 2 101 2 209 902 1073
1777 2 2 101 2 325 326 904
1778 2 2 101 2 1086 1084 1094
1779 2 2 101 2 912 911 1117
1780 2 2 101 2 1084 335 1094
1781 2 2 101 2 200 887 1087
1782 2 2 101 2 895 1112 1123
1783 2 2 101 2 987 1007 1016
1784 2 2 101 2 1035 974 1036
1785 2 2 101 2 954 953 957
1786 2 2 101 2 945 977 1108
1787 2 2 101 2 977 1042 1108
1788 2 2 101 2 945 946 966
1789 2 2 101 2 970 969 971
1790 2 2 101 2 977 987 1041
1791 2 2 101 2 946 948 1081
1792 2 2 101 2 900 206 1077
1793 2 2 101 2 209 210 902
1794 2 2 101 2 992 1000 1001
1795 2 2 101 2 945 966 977
1796 2 2 101 2 327 328 894
1797 2 2 101 2 951 949 980
1798 2 2 101 2 1114 895 1118
1799 2 2 101 2 998 976 1030
1800 2 2 101 2 205 900 1079
1801 2 2 101 2 960 964 1069
1802 2 2 101 2 938 1108 1109
1803 2 2 101 2 952 951 953
1804 2 2 101 2 1087 1088 1089
1805 2 2 101 2 1091 1089 1092
1806 2 2 101 2 207 208 896
1807 2 2 101 2 931 934 938
1808 2 2 101 2 968 956 969
1809 2 2 101 2 1076 924 1119
1810 2 2 101 2 960 963 964
1811 2 2 101 2 969 956 1070
1812 2 2 101 2 885 1084 1085
1813 2 2 101 2 939 941 945
1814 2 2 101 2 205 206 900
1815 2 2 101 2 950 949 951
1816 2 2 101 2 887 201 1093
1817 2 2 101 2 330 331 889
1818 2 2 101 2 902 210 1082
1819 2 2 101 2 987 966 1007
1820 2 2 101 2 203 204 891
1821 2 2 101 2 951 980 1138
1822 2 2 101 2 1095 1096 1097
1823 2 2 101 2 1003 1002 1004
1824 2 2 101 2 326 327 1072
1825 2 2 101 2 998 1030 1031
1826 2 2 101 2 989 965 990
1827 2 2 101 2 979 1109 1144
1828 2 2 101 2 306 307 906
1829 2 2 101 2 938 934 939
1830 2 2 101 2 980 1074 1075
1831 2 2 101 2 338 1114 1115
1832 2 2 101 2 885 334 1084
1833 2 2 101 2 333 334 885
1834 2 2 101 2 200 201 887
1835 2 2 101 2 949 936 1074
1836 2 2 101 2 938 939 1108
1837 2 2 101 2 199 200 1087
1838 2 2 101 2 922 931 1110
1839 2 2 101 2 943 936 949
1840 2 2 101 2 197 198 884
1841 2 2 101 2 1094 880 1095
1842 2 2 101 2 208 209 1073
1843 2 2 101 2 952 953 954
1844 2 2 101 2 1001 1000 1002
1845 2 2 101 2 1040 1036 1067
1846 2 2 101 2 206 207 1077
1847 2 2 101 2 945 941 946
1848 2 2 101 2 1130 995 1134
1849 2 2 101 2 1108 1042 1109
1850 2 2 101 2 1042 1041 1043
1851 2 2 101 2 1037 1038 1039
1852 2 2 101 2 194 195 882
1853 2 2 101 2 964 963 965
1854 2 2 101 2 976 915 1117
1855 2 2 101 2 1097 1096 1098
1856 2 2 101 2 204 205 1079
1857 2 2 101 2 1085 1084 1086
1858 2 2 101 2 1006 1011 1012
1859 2 2 101 2 201 202 1093
1860 2 2 101 2 1101 1102 1107
1861 2 2 101 2 964 993 1069
1862 2 2 101 2 970 971 972
1863 2 2 101 2 1035 1036 1037
1864 2 2 101 2 978 969 1070
1865 2 2 101 2 1095 880 1096
1866 2 2 101 2 950 951 952
1867 2 2 101 2 1098 1100 1101
1868 2 2 101 2 939 945 1108
1869 2 2 101 2 1118 895 1123
1870 2 2 101 2 199 1087 1090
1871 2 2 101 2 968 969 970
1872 2 2 101 2 1096 880 1115
1873 2 2 101 2 336 880 1094
1874 2 2 101 2 1099 1096 1115
1875 2 2 101 2 980 949 1074
1876 2 2 101 2 335 336 1094
1877 2 2 101 2 1090 1089 1091
1878 2 2 101 2 943 949 950
1879 2 2 101 2 1099 1114 1118
1880 2 2 101 2 334 335 1084
1881 2 2 101 2 1023 1021 1024
1882 2 2 101 2 339 895 1114
1883 2 2 101 2 338 339 1114
1884 2 2 101 2 336 337 880
1885 2 2 101 2 931 938 1110
1886 2 2 101 2 1112 909 1113
1887 2 2 101 2 210 211 1082
1888 2 2 101 2 1075 1074 1076
1889 2 2 101 2 931 933 934
1890 2 2 101 2 980 1075 1137
1891 2 2 101 2 977 1041 1042
1892 2 2 101 2 191 888 1111
1893 2 2 101 2 191 192 888
1894 2 2 101 2 1101 1100 1102
1895 2 2 101 2 903 190 1111
1896 2 2 101 2 190 191 1111
1897 2 2 101 2 341 909 1112
1898 2 2 101 2 339 340 895
1899 2 2 101 2 895 340 1112
1900 2 2 101 2 189 190 903
1901 2 2 101 2 340 341 1112
1902 2 2 101 2 341 342 909
1903 2 2 101 2 337 338 1115
1904 2 2 101 2 937 1130 1134
1905 2 2 101 2 997 976 998
1906 2 2 101 2 917 920 979
1907 2 2 101 2 966 946 1081
1908 2 2 101 2 1023 1024 1025
1909 2 2 101 2 197 884 1132
1910 2 2 101 2 919 915 976
1911 2 2 101 2 880 337 1115
1912 2 2 101 2 935 929 936
1913 2 2 101 2 922 930 931
1914 2 2 101 2 928 926 929
1915 2 2 101 2 1030 976 1117
1916 2 2 101 2 946 947 948
1917 2 2 101 2 1098 1099 1100
1918 2 2 101 2 939 940 941
1919 2 2 101 2 955 954 956
1920 2 2 101 2 1087 1089 1090
1921 2 2 101 2 1098 1096 1099
1922 2 2 101 2 942 936 943
1923 2 2 101 2 975 1027 1028
1924 2 2 101 2 1102 1103 1104
1925 2 2 101 2 982 984 985
1926 2 2 101 2 948 959 960
1927 2 2 101 2 1104 1105 1106
1928 2 2 101 2 967 956 968
1929 2 2 101 2 1023 1025 1116
1930 2 2 101 2 994 983 995
1931 2 2 101 2 1104 1103 1105
1932 2 2 101 2 990 991 992
1933 2 2 101 2 1102 1100 1103
1934 2 2 101 2 1024 1021 1130
1935 2 2 101 2 1022 1021 1023
1936 2 2 101 2 973 972 974
1937 2 2 101 2 928 929 935
1938 2 2 101 2 1020 995 1021
1939 2 2 101 2 1007 966 1081
1940 2 2 101 2 931 930 933
1941 2 2 101 2 960 962 963
1942 2 2 101 2 982 985 1120
1943 2 2 101 2 277 278 881
1944 2 2 101 2 935 936 942
1945 2 2 101 2 939 934 940
1946 2 2 101 2 992 999 1000
1947 2 2 101 2 921 918 1119
1948 2 2 101 2 946 941 947
1949 2 2 101 2 274 275 886
1950 2 2 101 2 919 976 997
1951 2 2 101 2 275 276 1061
1952 2 2 101 2 942 943 958
1953 2 2 101 2 279 280 1062
1954 2 2 101 2 1051 1052 1053
1955 2 2 101 2 997 998 1080
1956 2 2 101 2 952 954 955
1957 2 2 101 2 1018 974 1035
1958 2 2 101 2 923 921 924
1959 2 2 101 2 1022 1023 1026
1960 2 2 101 2 925 927 937
1961 2 2 101 2 1100 1099 1118
1962 2 2 101 2 280 281 883
1963 2 2 101 2 1026 1023 1116
1964 2 2 101 2 271 272 890
1965 2 2 101 2 1103 1100 1118
1966 2 2 101 2 994 995 1020
1967 2 2 101 2 935 942 944
1968 2 2 101 2 881 278 911
1969 2 2 101 2 1020 1021 1022
1970 2 2 101 2 1061 276 1064
1971 2 2 101 2 934 933 1120
1972 2 2 101 2 283 284 892
1973 2 2 101 2 270 271 1046
1974 2 2 101 2 925 924 926
1975 2 2 101 2 927 926 928
1976 2 2 101 2 948 947 959
1977 2 2 101 2 267 268 893
1978 2 2 101 2 269 270 897
1979 2 2 101 2 881 912 913
1980 2 2 101 2 914 916 917
1981 2 2 101 2 914 912 915
1982 2 2 101 2 990 965 991
1983 2 2 101 2 955 956 967
1984 2 2 101 2 917 918 920
1985 2 2 101 2 933 981 982
1986 2 2 101 2 984 983 994
1987 2 2 101 2 920 921 922
1988 2 2 101 2 922 923 930
1989 2 2 101 2 284 285 1055
1990 2 2 101 2 924 921 1119
1991 2 2 101 2 933 930 981
1992 2 2 101 2 923 924 925
1993 2 2 101 2 975 986 1027
1994 2 2 101 2 982 983 984
1995 2 2 101 2 925 926 927
1996 2 2 101 2 984 994 1009
1997 2 2 101 2 927 928 932
1998 2 2 101 2 982 981 983
1999 2 2 101 2 1105 1103 1123
2000 2 2 101 2 922 921 923
2001 2 2 101 2 287 288 901
2002 2 2 101 2 264 265 899
2003 2 2 101 2 285 286 898
2004 2 2 101 2 916 915 919
2005 2 2 101 2 920 918 921
2006 2 2 101 2 286 287 1049
2007 2 2 101 2 975 1028 1129
2008 2 2 101 2 1103 1118 1123
2009 2 2 101 2 970 972 973
2010 2 2 101 2 960 959 962
2011 2 2 101 2 893 268 1047
2012 2 2 101 2 1004 1002 1005
2013 2 2 101 2 975 967 986
2014 2 2 101 2 955 967 975
2015 2 2 101 2 881 911 912
2016 2 2 101 2 917 916 918
2017 2 2 101 2 913 912 914
2018 2 2 101 2 928 935 1121
2019 2 2 101 2 1027 986 1029
2020 2 2 101 2 963 962 996
2021 2 2 101 2 940 934 1120
2022 2 2 101 2 933 982 1120
2023 2 2 101 2 967 968 1126
2024 2 2 101 2 914 915 916
2025 2 2 101 2 267 893 1060
2026 2 2 101 2 1004 1005 1006
2027 2 2 101 2 947 941 1127
2028 2 2 101 2 950 952 1129
2029 2 2 101 2 935 944 1121
2030 2 2 101 2 992 991 999
2031 2 2 101 2 973 974 1018
2032 2 2 101 2 932 928 1121
2033 2 2 101 2 941 940 1127
2034 2 2 101 2 1000 999 1045
2035 2 2 101 2 957 1080 1149
2036 2 2 101 2 996 962 1008
2037 2 2 101 2 959 947 961
2038 2 2 101 2 263 264 1054
2039 2 2 101 2 925 937 1124
2040 2 2 101 2 973 1018 1019
2041 2 2 101 2 996 1008 1017
2042 2 2 101 2 952 955 1129
2043 2 2 101 2 930 923 1124
2044 2 2 101 2 289 290 905
2045 2 2 101 2 923 925 1124
2046 2 2 101 2 981 930 1124
2047 2 2 101 2 1021 995 1130
2048 2 2 101 2 901 288 1050
2049 2 2 101 2 995 983 1134
2050 2 2 101 2 1119 918 1128
2051 2 2 101 2 999 991 1013
2052 2 2 101 2 1006 1010 1011
2053 2 2 101 2 968 970 1125
2054 2 2 101 2 986 967 1126
2055 2 2 101 2 955 975 1129
2056 2 2 101 2 893 1047 1048
2057 2 2 101 2 965 963 1133
2058 2 2 101 2 961 947 1127
2059 2 2 101 2 958 943 1135
2060 2 2 101 2 963 996 1133
2061 2 2 101 2 1006 1005 1010
2062 2 2 101 2 980 1137 1138
2063 2 2 101 2 196 197 1132
2064 2 2 101 2 981 1124 1134
2065 2 2 101 2 968 1125 1126
2066 2 2 101 2 916 919 1128
2067 2 2 101 2 1124 937 1134
2068 2 2 101 2 918 916 1128
2069 2 2 101 2 1024 1130 1136
2070 2 2 101 2 991 965 1133
2071 2 2 101 2 970 973 1125
2072 2 2 101 2 905 290 1056
2073 2 2 101 2 1129 1028 1135
2074 2 2 101 2 950 1129 1135
2075 2 2 101 2 973 1019 1125
2076 2 2 101 2 1043 1066 1144
2077 2 2 101 2 937 927 1136
2078 2 2 101 2 943 950 1135
2079 2 2 101 2 1013 991 1133
2080 2 2 101 2 962 959 1131
2081 2 2 101 2 292 293 908
2082 2 2 101 2 983 981 1134
2083 2 2 101 2 959 961 1131
2084 2 2 101 2 1008 962 1131
2085 2 2 101 2 1130 937 1136
2086 2 2 101 2 1066 913 1141
2087 2 2 101 2 1015 1004 1140
2088 2 2 101 2 1075 1128 1137
2089 2 2 101 2 294 295 1059
2090 2 2 101 2 1006 1012 1140
2091 2 2 101 2 927 932 1136
2092 2 2 101 2 1128 919 1137
2093 2 2 101 2 1052 1056 1163
2094 2 2 101 2 919 997 1137
2095 2 2 101 2 1169 904 1189
2096 2 2 101 2 917 979 1141
2097 2 2 101 2 1137 997 1138
2098 2 2 101 2 997 1080 1138
2099 2 2 101 2 1038 1040 1175
2100 2 2 101 2 913 914 1141
2101 2 2 101 2 1042 1043 1144
2102 2 2 101 2 1005 1078 1180
2103 2 2 101 2 274 886 1139
2104 2 2 101 2 1120 985 1143
2105 2 2 101 2 1070 957 1148
2106 2 2 101 2 1127 940 1143
2107 2 2 101 2 1102 1104 1145
2108 2 2 101 2 1004 1006 1140
2109 2 2 101 2 1031 1033 1149
2110 2 2 101 2 894 328 1147
2111 2 2 101 2 1048 1047 1207
2112 2 2 101 2 1060 1015 1184
2113 2 2 101 2 998 1031 1149
2114 2 2 101 2 1058 321 1204
2115 2 2 101 2 914 917 1141
2116 2 2 101 2 273 1139 1208
2117 2 2 101 2 1033 1034 1158
2118 2 2 101 2 901 1050 1142
2119 2 2 101 2 1051 1053 1211
2120 2 2 101 2 1109 1042 1144
2121 2 2 101 2 940 1120 1143
2122 2 2 101 2 1175 1040 1209
2123 2 2 101 2 958 1135 1146
2124 2 2 101 2 266 1060 1184
2125 2 2 101 2 996 1017 1151
2126 2 2 101 2 1059 910 1201
2127 2 2 101 2 986 1126 1150
2128 2 2 101 2 1107 1102 1145
2129 2 2 101 2 1156 904 1169
2130 2 2 101 2 1013 1133 1151
2131 2 2 101 2 305 306 1153
2132 2 2 101 2 188 189 1154
2133 2 2 101 2 896 1073 1180
2134 2 2 101 2 1085 1086 1146
2135 2 2 101 2 1143 985 1216
2136 2 2 101 2 900 1045 1164
2137 2 2 101 2 1089 1088 1155
2138 2 2 101 2 328 329 1147
2139 2 2 101 2 1104 1106 1160
2140 2 2 101 2 324 325 1156
2141 2 2 101 2 1048 1014 1178
2142 2 2 101 2 978 1070 1148
2143 2 2 101 2 1135 1028 1146
2144 2 2 101 2 985 984 1157
2145 2 2 101 2 1080 998 1149
2146 2 2 101 2 1092 1143 1216
2147 2 2 101 2 1139 1016 1208
2148 2 2 101 2 1163 1058 1204
2149 2 2 101 2 1148 1033 1158
2150 2 2 101 2 1010 1073 1196
2151 2 2 101 2 193 194 1152
2152 2 2 101 2 1001 1003 1171
2153 2 2 101 2 1063 988 1168
2154 2 2 101 2 993 1065 1166
2155 2 2 101 2 308 9 1172
2156 2 2 101 2 194 882 1152
2157 2 2 101 2 1029 986 1150
2158 2 2 101 2 1133 996 1151
2159 2 2 101 2 1095 1097 1161
2160 2 2 101 2 9 263 1172
2161 2 2 101 2 1053 1169 1211
2162 2 2 101 2 330 889 1162
2163 2 2 101 2 1044 882 1187
2164 2 2 101 2 297 298 1200
2165 2 2 101 2 1150 1126 1181
2166 2 2 101 2 1069 993 1166
2167 2 2 101 2 323 324 1165
2168 2 2 101 2 1007 1081 1166
2169 2 2 101 2 306 906 1153
2170 2 2 101 2 988 971 1168
2171 2 2 101 2 1022 1026 1152
2172 2 2 101 2 958 1146 1161
2173 2 2 101 2 189 903 1154
2174 2 2 101 2 1045 1078 1203
2175 2 2 101 2 315 316 1200
2176 2 2 101 2 318 1059 1167
2177 2 2 101 2 894 1035 1210
2178 2 2 101 2 901 1142 1175
2179 2 2 101 2 899 265 1184
2180 2 2 101 2 1060 893 1171
2181 2 2 101 2 283 892 1190
2182 2 2 101 2 1017 1093 1186
2183 2 2 101 2 320 321 1174
2184 2 2 101 2 887 1093 1177
2185 2 2 101 2 890 272 1208
2186 2 2 101 2 1092 1089 1155
2187 2 2 101 2 1147 329 1162
2188 2 2 101 2 1008 1131 1177
2189 2 2 101 2 992 1001 1178
2190 2 2 101 2 1146 1086 1161
2191 2 2 101 2 1014 990 1178
2192 2 2 101 2 325 904 1156
2193 2 2 101 2 944 942 1176
2194 2 2 101 2 1105 1113 1179
2195 2 2 101 2 984 1009 1157
2196 2 2 101 2 908 293 1201
2197 2 2 101 2 294 1059 1201
2198 2 2 101 2 889 1150 1181
2199 2 2 101 2 1116 1025 1160
2200 2 2 101 2 1101 1107 1206
2201 2 2 101 2 193 1152 1183
2202 2 2 101 2 1177 1131 1214
2203 2 2 101 2 888 192 1183
2204 2 2 101 2 1093 202 1186
2205 2 2 101 2 203 891 1186
2206 2 2 101 2 961 1127 1198
2207 2 2 101 2 1125 1019 1181
2208 2 2 101 2 882 195 1187
2209 2 2 101 2 196 1132 1187
2210 2 2 101 2 1098 1101 1193
2211 2 2 101 2 211 4 1191
2212 2 2 101 2 4 305 1191
2213 2 2 101 2 889 331 1197
2214 2 2 101 2 332 333 1215
2215 2 2 101 2 342 6 1192
2216 2 2 101 2 6 188 1192
2217 2 2 101 2 321 322 1204
2218 2 2 101 2 1000 1045 1203
2219 2 2 101 2 884 1091 1194
2220 2 2 101 2 1059 295 1167
2221 2 2 101 2 1025 1145 1160
2222 2 2 101 2 1005 1002 1203
2223 2 2 101 2 1045 999 1164
2224 2 2 101 2 1152 1026 1183
2225 2 2 101 2 944 1176 1193
2226 2 2 101 2 1078 896 1180
2227 2 2 101 2 295 296 1167
2228 2 2 101 2 999 1013 1164
2229 2 2 101 2 978 1148 1158
2230 2 2 101 2 1145 1104 1160
2231 2 2 101 2 904 1072 1189
2232 2 2 101 2 1016 1007 1185
2233 2 2 101 2 1073 902 1196
2234 2 2 101 2 1150 889 1197
2235 2 2 101 2 978 1158 1168
2236 2 2 101 2 1086 1095 1161
2237 2 2 101 2 1159 1011 1213
2238 2 2 101 2 1155 961 1198
2239 2 2 101 2 1142 1051 1211
2240 2 2 101 2 329 330 1162
2241 2 2 101 2 897 1071 1207
2242 2 2 101 2 1159 906 1173
2243 2 2 101 2 1153 906 1159
2244 2 2 101 2 1161 1097 1176
2245 2 2 101 2 1168 1158 1182
2246 2 2 101 2 1056 1057 1163
2247 2 2 101 2 316 297 1200
2248 2 2 101 2 1007 1166 1185
2249 2 2 101 2 1058 908 1174
2250 2 2 101 2 1079 900 1164
2251 2 2 101 2 1189 1072 1210
2252 2 2 101 2 1091 1157 1194
2253 2 2 101 2 907 323 1165
2254 2 2 101 2 315 298 1170
2255 2 2 101 2 1081 1069 1166
2256 2 2 101 2 299 314 1170
2257 2 2 101 2 1068 898 1209
2258 2 2 101 2 1011 1196 1213
2259 2 2 101 2 1167 296 1199
2260 2 2 101 2 317 318 1167
2261 2 2 101 2 971 978 1168
2262 2 2 101 2 1010 1005 1180
2263 2 2 101 2 1071 1014 1207
2264 2 2 101 2 1039 1169 1189
2265 2 2 101 2 1193 1101 1206
2266 2 2 101 2 1049 901 1175
2267 2 2 101 2 1164 1013 1205
2268 2 2 101 2 893 1048 1171
2269 2 2 101 2 1083 308 1172
2270 2 2 101 2 1049 1175 1209
2271 2 2 101 2 1040 1068 1209
2272 2 2 101 2 1088 1177 1214
2273 2 2 101 2 263 1054 1172
2274 2 2 101 2 906 1083 1173
2275 2 2 101 2 1072 894 1210
2276 2 2 101 2 1029 1150 1197
2277 2 2 101 2 1188 888 1212
2278 2 2 101 2 1047 897 1207
2279 2 2 101 2 297 316 1199
2280 2 2 101 2 910 320 1174
2281 2 2 101 2 1088 887 1177
2282 2 2 101 2 1083 1172 1202
2283 2 2 101 2 942 958 1176
2284 2 2 101 2 1140 1012 1195
2285 2 2 101 2 1079 1164 1205
2286 2 2 101 2 317 1167 1199
2287 2 2 101 2 1172 1054 1202
2288 2 2 101 2 990 992 1178
2289 2 2 101 2 899 1140 1195
2290 2 2 101 2 1106 1105 1179
2291 2 2 101 2 892 1063 1182
2292 2 2 101 2 1053 1156 1169
2293 2 2 101 2 1126 1125 1181
2294 2 2 101 2 1176 1097 1193
2295 2 2 101 2 958 1161 1176
2296 2 2 101 2 1160 1106 1188
2297 2 2 101 2 1054 899 1195
2298 2 2 101 2 907 1163 1204
2299 2 2 101 2 888 1183 1212
2300 2 2 101 2 1065 890 1185
2301 2 2 101 2 192 193 1183
2302 2 2 101 2 1063 1168 1182
2303 2 2 101 2 265 266 1184
2304 2 2 101 2 1091 1092 1216
2305 2 2 101 2 305 1153 1191
2306 2 2 101 2 188 1154 1192
2307 2 2 101 2 1158 1034 1182
2308 2 2 101 2 296 297 1199
2309 2 2 101 2 898 1049 1209
2310 2 2 101 2 202 203 1186
2311 2 2 101 2 195 196 1187
2312 2 2 101 2 1166 1065 1185
2313 2 2 101 2 1037 1039 1189
2314 2 2 101 2 1131 961 1214
2315 2 2 101 2 1132 884 1194
2316 2 2 101 2 282 283 1190
2317 2 2 101 2 1009 1132 1194
2318 2 2 101 2 1082 211 1191
2319 2 2 101 2 1097 1098 1193
2320 2 2 101 2 909 342 1192
2321 2 2 101 2 1013 1151 1205
2322 2 2 101 2 331 332 1197
2323 2 2 101 2 1011 1010 1196
2324 2 2 101 2 1037 1189 1210
2325 2 2 101 2 316 317 1199
2326 2 2 101 2 1127 1143 1198
2327 2 2 101 2 891 1079 1205
2328 2 2 101 2 322 907 1204
2329 2 2 101 2 293 294 1201
2330 2 2 101 2 1002 1000 1203
2331 2 2 101 2 1155 1088 1214
2332 2 2 101 2 1143 1092 1198
2333 2 2 101 2 985 1157 1216
2334 2 2 101 2 272 273 1208
2335 2 2 101 2 902 1082 1213
2336 2 2 101 2 333 885 1215
2337 2 2 101 2 1121 944 1206
2338 2 2 101 2 1035 1037 1210
2339 2 2 101 2 1026 1116 1212
2340 2 2 101 2 1039 1142 1211
2341 2 2 101 2 1153 1082 1191
2342 2 2 101 2 1154 909 1192
2343 2 2 101 2 1157 1091 1216
2344 2 2 101 2 1151 891 1205
2345 2 2 101 2 298 315 1200
2346 2 2 101 2 961 1155 1214
2347 2 2 101 2 1116 1188 1212
2348 2 2 101 2 1092 1155 1198
2349 2 2 101 2 1012 1173 1202
2350 2 2 101 2 1157 1009 1194
2351 2 2 101 2 1116 1160 1188
2352 2 2 101 2 944 1193 1206
2353 2 2 101 2 1195 1012 1202
2354 2 2 101 2 1169 1039 1211
2355 2 2 101 2 1173 1083 1202
2356 2 2 101 2 1183 1026 1212
2357 2 2 101 2 1196 902 1213
2358 2 2 101 2 1054 1195 1202
2359 2 2 101 2 304 10 309
2360 2 2 101 2 298 299 1170
2361 2 2 101 2 302 303 310
2362 2 2 101 2 303 304 309
2363 2 2 101 2 303 309 310
2364 2 2 101 2 314 315 1170
2365 2 2 101 2 299 300 313
2366 2 2 101 2 299 313 314
2367 2 2 101 2 300 301 312
2368 2 2 101 2 300 312 313
2369 2 2 101 2 301 302 311
2370 2 2 101 2 301 311 312
2371 2 2 101 2 302 310 311
2372 2 2 102 3 1297 1335 1426
2373 2 2 102 3 1249 1344 1402
2374 2 2 102 3 1301 1220 1308
2375 2 2 102 3 1417 1232 1434
2376 2 2 102 3 1344 1249 1375
2377 2 2 102 3 1220 1301 1360
2378 2 2 102 3 1245 1345 1438
2379 2 2 102 3 1361 1311 1401
2380 2 2 102 3 1349 1228 1403
2381 2 2 102 3 1230 1315 1317
2382 2 2 102 3 1345 1245 1346
2383 2 2 102 3 1224 1327 1377
2384 2 2 102 3 1327 1224 1409
2385 2 2 102 3 353 354 1369
2386 2 2 102 3 1350 1349 1403
2387 2 2 102 3 1316 1314 1359
2388 2 2 102 3 1315 1230 1329
2389 2 2 102 3 74 75 1357
2390 2 2 102 3 75 1238 1357
2391 2 2 102 3 354 1217 1369
2392 2 2 102 3 1259 1231 1261
2393 2 2 102 3 1402 1253 1408
2394 2 2 102 3 1241 1361 1401
2395 2 2 102 3 1249 1402 1408
2396 2 2 102 3 91 92 1346
2397 2 2 102 3 1335 1297 1400
2398 2 2 102 3 1254 1244 1424
2399 2 2 102 3 1232 1328 1434
2400 2 2 102 3 1331 1293 1332
2401 2 2 102 3 1335 1223 1426
2402 2 2 102 3 369 370 1361
2403 2 2 102 3 345 346 1348
2404 2 2 102 3 1304 1234 1306
2405 2 2 102 3 1332 1293 1333
2406 2 2 102 3 88 89 1353
2407 2 2 102 3 1350 1247 1357
2408 2 2 102 3 345 1348 1432
2409 2 2 102 3 1334 1324 1412
2410 2 2 102 3 1324 1334 1423
2411 2 2 102 3 371 372 1351
2412 2 2 102 3 1328 1232 1450
2413 2 2 102 3 1223 1332 1333
2414 2 2 102 3 1244 1254 1414
2415 2 2 102 3 1261 1231 1395
2416 2 2 102 3 1245 91 1346
2417 2 2 102 3 1376 1407 1427
2418 2 2 102 3 1314 1330 1359
2419 2 2 102 3 1339 1417 1434
2420 2 2 102 3 1319 1316 1359
2421 2 2 102 3 76 77 1360
2422 2 2 102 3 1306 1234 1364
2423 2 2 102 3 1374 1250 1437
2424 2 2 102 3 1356 74 1357
2425 2 2 102 3 1261 1395 1418
2426 2 2 102 3 1248 1392 1398
2427 2 2 102 3 1230 1317 1384
2428 2 2 102 3 1236 88 1353
2429 2 2 102 3 1386 1226 1397
2430 2 2 102 3 1241 369 1361
2431 2 2 102 3 226 1239 1312
2432 2 2 102 3 1345 1354 1438
2433 2 2 102 3 1351 372 1429
2434 2 2 102 3 1217 1367 1369
2435 2 2 102 3 235 1246 1340
2436 2 2 102 3 244 1242 1354
2437 2 2 102 3 1395 1221 1418
2438 2 2 102 3 1338 1352 1358
2439 2 2 102 3 1408 1253 1411
2440 2 2 102 3 1376 1243 1407
2441 2 2 102 3 1312 1239 1313
2442 2 2 102 3 1253 1347 1411
2443 2 2 102 3 1415 356 1419
2444 2 2 102 3 228 1225 1330
2445 2 2 102 3 1311 1312 1401
2446 2 2 102 3 1256 1254 1424
2447 2 2 102 3 1346 92 1392
2448 2 2 102 3 1226 1355 1397
2449 2 2 102 3 1251 1347 1398
2450 2 2 102 3 1361 370 1422
2451 2 2 102 3 1242 1343 1354
2452 2 2 102 3 1223 1333 1426
2453 2 2 102 3 1250 1383 1437
2454 2 2 102 3 1313 1315 1329
2455 2 2 102 3 1350 1357 1436
2456 2 2 102 3 1238 76 1360
2457 2 2 102 3 77 1220 1360
2458 2 2 102 3 1240 1258 1355
2459 2 2 102 3 1352 1338 1434
2460 2 2 102 3 1250 1374 1405
2461 2 2 102 3 258 1254 1256
2462 2 2 102 3 1330 1225 1359
2463 2 2 102 3 1353 89 1406
2464 2 2 102 3 227 228 1330
2465 2 2 102 3 256 1240 1355
2466 2 2 102 3 254 1226 1310
2467 2 2 102 3 1392 1251 1398
2468 2 2 102 3 353 1369 1440
2469 2 2 102 3 1352 1233 1358
2470 2 2 102 3 1425 1218 1428
2471 2 2 102 3 230 1233 1334
2472 2 2 102 3 249 1223 1335
2473 2 2 102 3 1429 373 1447
2474 2 2 102 3 1247 1350 1403
2475 2 2 102 3 1341 246 1396
2476 2 2 102 3 221 1429 1447
2477 2 2 102 3 1308 1220 1309
2478 2 2 102 3 361 73 1356
2479 2 2 102 3 1407 1340 1427
2480 2 2 102 3 1347 240 1398
2481 2 2 102 3 1367 1217 1393
2482 2 2 102 3 73 74 1356
2483 2 2 102 3 1363 1415 1419
2484 2 2 102 3 1344 237 1402
2485 2 2 102 3 225 226 1312
2486 2 2 102 3 1329 1241 1401
2487 2 2 102 3 234 235 1340
2488 2 2 102 3 243 244 1354
2489 2 2 102 3 1341 1396 1430
2490 2 2 102 3 1293 1331 1404
2491 2 2 102 3 5 73 361
2492 2 2 102 3 86 87 1364
2493 2 2 102 3 1306 1364 1394
2494 2 2 102 3 1364 1236 1394
2495 2 2 102 3 1348 260 1432
2496 2 2 102 3 1433 1374 1437
2497 2 2 102 3 1231 1259 1444
2498 2 2 102 3 1357 1238 1436
2499 2 2 102 3 1347 1251 1411
2500 2 2 102 3 360 361 1356
2501 2 2 102 3 1237 1338 1358
2502 2 2 102 3 1302 1425 1428
2503 2 2 102 3 1247 360 1356
2504 2 2 102 3 1281 1381 1410
2505 2 2 102 3 1313 1329 1401
2506 2 2 102 3 1234 1304 1459
2507 2 2 102 3 1311 225 1312
2508 2 2 102 3 1248 1346 1392
2509 2 2 102 3 1336 234 1340
2510 2 2 102 3 1345 243 1354
2511 2 2 102 3 1241 1329 1439
2512 2 2 102 3 87 1236 1364
2513 2 2 102 3 259 260 1348
2514 2 2 102 3 1234 86 1364
2515 2 2 102 3 1313 1239 1314
2516 2 2 102 3 1239 227 1330
2517 2 2 102 3 1328 1352 1434
2518 2 2 102 3 223 1252 1351
2519 2 2 102 3 257 258 1256
2520 2 2 102 3 1264 1262 1370
2521 2 2 102 3 252 1219 1331
2522 2 2 102 3 255 256 1355
2523 2 2 102 3 253 254 1310
2524 2 2 102 3 251 1331 1332
2525 2 2 102 3 224 225 1311
2526 2 2 102 3 1334 1233 1423
2527 2 2 102 3 1355 1258 1397
2528 2 2 102 3 229 230 1334
2529 2 2 102 3 1223 250 1332
2530 2 2 102 3 248 249 1335
2531 2 2 102 3 245 246 1341
2532 2 2 102 3 233 234 1336
2533 2 2 102 3 242 243 1345
2534 2 2 102 3 236 237 1344
2535 2 2 102 3 239 240 1347
2536 2 2 102 3 232 1237 1358
2537 2 2 102 3 1233 231 1358
2538 2 2 102 3 1348 346 1414
2539 2 2 102 3 1366 1278 1368
2540 2 2 102 3 247 1229 1396
2541 2 2 102 3 1247 1356 1357
2542 2 2 102 3 1333 1294 1426
2543 2 2 102 3 1278 1264 1370
2544 2 2 102 3 1278 1366 1371
2545 2 2 102 3 1368 1278 1370
2546 2 2 102 3 1244 1389 1424
2547 2 2 102 3 1290 1367 1393
2548 2 2 102 3 241 1248 1398
2549 2 2 102 3 1313 1314 1315
2550 2 2 102 3 1340 1246 1427
2551 2 2 102 3 1362 1289 1363
2552 2 2 102 3 1396 1307 1430
2553 2 2 102 3 1254 259 1348
2554 2 2 102 3 1314 1239 1330
2555 2 2 102 3 1339 1337 1445
2556 2 2 102 3 238 1253 1402
2557 2 2 102 3 1280 1289 1362
2558 2 2 102 3 1366 1365 1371
2559 2 2 102 3 1240 1256 1257
2560 2 2 102 3 1266 1278 1371
2561 2 2 102 3 1294 1333 1446
2562 2 2 102 3 1290 1279 1365
2563 2 2 102 3 1268 1266 1371
2564 2 2 102 3 1258 1257 1259
2565 2 2 102 3 1279 1274 1365
2566 2 2 102 3 1290 1365 1366
2567 2 2 102 3 1240 257 1256
2568 2 2 102 3 1290 1366 1367
2569 2 2 102 3 1349 1292 1362
2570 2 2 102 3 258 259 1254
2571 2 2 102 3 1280 1279 1289
2572 2 2 102 3 1292 1280 1362
2573 2 2 102 3 1367 1368 1369
2574 2 2 102 3 1303 1292 1349
2575 2 2 102 3 1260 1259 1261
2576 2 2 102 3 1276 1274 1279
2577 2 2 102 3 1240 1257 1258
2578 2 2 102 3 1303 1349 1350
2579 2 2 102 3 75 76 1238
2580 2 2 102 3 1226 255 1355
2581 2 2 102 3 1368 1370 1382
2582 2 2 102 3 1274 1271 1365
2583 2 2 102 3 1276 1279 1280
2584 2 2 102 3 256 257 1240
2585 2 2 102 3 1373 1235 1374
2586 2 2 102 3 1271 1268 1371
2587 2 2 102 3 1367 1366 1368
2588 2 2 102 3 1252 1311 1361
2589 2 2 102 3 1258 1259 1260
2590 2 2 102 3 1289 1279 1290
2591 2 2 102 3 1219 253 1310
2592 2 2 102 3 1369 1368 1382
2593 2 2 102 3 254 255 1226
2594 2 2 102 3 1315 1314 1316
2595 2 2 102 3 1380 1218 1381
2596 2 2 102 3 222 223 1351
2597 2 2 102 3 77 78 1220
2598 2 2 102 3 1224 106 1372
2599 2 2 102 3 1249 97 1375
2600 2 2 102 3 1365 1271 1371
2601 2 2 102 3 1372 1235 1373
2602 2 2 102 3 1252 224 1311
2603 2 2 102 3 223 224 1252
2604 2 2 102 3 1273 1271 1274
2605 2 2 102 3 107 108 1235
2606 2 2 102 3 252 253 1219
2607 2 2 102 3 100 1243 1376
2608 2 2 102 3 107 1235 1372
2609 2 2 102 3 1379 1227 1435
2610 2 2 102 3 80 1218 1380
2611 2 2 102 3 1315 1316 1317
2612 2 2 102 3 1260 1261 1262
2613 2 2 102 3 105 1224 1377
2614 2 2 102 3 85 1234 1378
2615 2 2 102 3 79 80 1380
2616 2 2 102 3 98 1255 1375
2617 2 2 102 3 1266 1264 1278
2618 2 2 102 3 93 94 1251
2619 2 2 102 3 226 227 1239
2620 2 2 102 3 1255 99 1376
2621 2 2 102 3 96 97 1249
2622 2 2 102 3 83 1227 1379
2623 2 2 102 3 1270 1268 1271
2624 2 2 102 3 1337 1336 1407
2625 2 2 102 3 98 99 1255
2626 2 2 102 3 251 252 1331
2627 2 2 102 3 90 91 1245
2628 2 2 102 3 1381 1281 1421
2629 2 2 102 3 228 229 1225
2630 2 2 102 3 1275 1274 1276
2631 2 2 102 3 100 101 1243
2632 2 2 102 3 1232 104 1377
2633 2 2 102 3 87 88 1236
2634 2 2 102 3 97 98 1375
2635 2 2 102 3 1227 84 1378
2636 2 2 102 3 103 104 1232
2637 2 2 102 3 85 86 1234
2638 2 2 102 3 82 83 1379
2639 2 2 102 3 1291 1280 1292
2640 2 2 102 3 106 107 1372
2641 2 2 102 3 105 106 1224
2642 2 2 102 3 99 100 1376
2643 2 2 102 3 83 84 1227
2644 2 2 102 3 1305 1306 1307
2645 2 2 102 3 80 81 1218
2646 2 2 102 3 84 85 1378
2647 2 2 102 3 1225 229 1334
2648 2 2 102 3 104 105 1377
2649 2 2 102 3 1318 1320 1326
2650 2 2 102 3 250 251 1332
2651 2 2 102 3 1328 1325 1352
2652 2 2 102 3 1298 1304 1305
2653 2 2 102 3 1323 1321 1324
2654 2 2 102 3 1270 1271 1273
2655 2 2 102 3 1309 1380 1421
2656 2 2 102 3 1305 1304 1306
2657 2 2 102 3 249 250 1223
2658 2 2 102 3 247 248 1229
2659 2 2 102 3 231 232 1358
2660 2 2 102 3 1294 1295 1297
2661 2 2 102 3 232 233 1237
2662 2 2 102 3 1229 248 1335
2663 2 2 102 3 230 231 1233
2664 2 2 102 3 1301 1292 1303
2665 2 2 102 3 1317 1316 1318
2666 2 2 102 3 244 245 1242
2667 2 2 102 3 1237 1337 1338
2668 2 2 102 3 1297 1295 1298
2669 2 2 102 3 1323 1324 1325
2670 2 2 102 3 1242 245 1341
2671 2 2 102 3 1285 1287 1294
2672 2 2 102 3 235 236 1246
2673 2 2 102 3 1237 233 1336
2674 2 2 102 3 1284 1388 1390
2675 2 2 102 3 241 242 1248
2676 2 2 102 3 364 365 1222
2677 2 2 102 3 365 366 1384
2678 2 2 102 3 1298 1300 1304
2679 2 2 102 3 238 239 1253
2680 2 2 102 3 1288 1286 1296
2681 2 2 102 3 366 367 1230
2682 2 2 102 3 1327 1325 1328
2683 2 2 102 3 1298 1295 1300
2684 2 2 102 3 1248 242 1345
2685 2 2 102 3 1338 1337 1339
2686 2 2 102 3 1294 1287 1295
2687 2 2 102 3 1242 1342 1343
2688 2 2 102 3 1246 236 1344
2689 2 2 102 3 1242 1341 1342
2690 2 2 102 3 1276 1280 1291
2691 2 2 102 3 1263 1262 1264
2692 2 2 102 3 1331 1219 1404
2693 2 2 102 3 1253 239 1347
2694 2 2 102 3 1237 1336 1337
2695 2 2 102 3 1322 1321 1323
2696 2 2 102 3 1273 1274 1275
2697 2 2 102 3 1283 1272 1284
2698 2 2 102 3 368 369 1241
2699 2 2 102 3 1323 1325 1327
2700 2 2 102 3 1288 1296 1302
2701 2 2 102 3 1343 1342 1353
2702 2 2 102 3 1282 1283 1293
2703 2 2 102 3 363 364 1383
2704 2 2 102 3 1399 1339 1445
2705 2 2 102 3 1424 1389 1444
2706 2 2 102 3 1320 1319 1321
2707 2 2 102 3 1295 1287 1385
2708 2 2 102 3 1287 1286 1288
2709 2 2 102 3 1318 1319 1320
2710 2 2 102 3 1318 1316 1319
2711 2 2 102 3 1248 1345 1346
2712 2 2 102 3 1283 1284 1285
2713 2 2 102 3 1289 1290 1393
2714 2 2 102 3 1285 1286 1287
2715 2 2 102 3 1320 1321 1322
2716 2 2 102 3 1269 1272 1282
2717 2 2 102 3 1222 365 1384
2718 2 2 102 3 1287 1288 1385
2719 2 2 102 3 1285 1284 1286
2720 2 2 102 3 1300 1295 1385
2721 2 2 102 3 366 1230 1384
2722 2 2 102 3 1282 1272 1283
2723 2 2 102 3 1284 1272 1388
2724 2 2 102 3 1265 1264 1266
2725 2 2 102 3 362 363 1250
2726 2 2 102 3 1269 1268 1270
2727 2 2 102 3 1265 1267 1299
2728 2 2 102 3 1260 1262 1263
2729 2 2 102 3 1269 1270 1272
2730 2 2 102 3 1267 1266 1268
2731 2 2 102 3 364 1222 1383
2732 2 2 102 3 354 355 1217
2733 2 2 102 3 1267 1268 1269
2734 2 2 102 3 1263 1264 1265
2735 2 2 102 3 1388 1277 1390
2736 2 2 102 3 351 352 1221
2737 2 2 102 3 1291 1292 1301
2738 2 2 102 3 1277 1275 1281
2739 2 2 102 3 1265 1266 1267
2740 2 2 102 3 357 358 1228
2741 2 2 102 3 1296 1286 1390
2742 2 2 102 3 349 350 1231
2743 2 2 102 3 1273 1275 1277
2744 2 2 102 3 1263 1265 1386
2745 2 2 102 3 1276 1291 1391
2746 2 2 102 3 1250 363 1383
2747 2 2 102 3 1269 1282 1387
2748 2 2 102 3 92 93 1392
2749 2 2 102 3 1299 1267 1387
2750 2 2 102 3 1272 1270 1388
2751 2 2 102 3 1265 1299 1386
2752 2 2 102 3 1267 1269 1387
2753 2 2 102 3 1270 1273 1388
2754 2 2 102 3 348 349 1389
2755 2 2 102 3 359 360 1247
2756 2 2 102 3 1286 1284 1390
2757 2 2 102 3 1275 1276 1391
2758 2 2 102 3 1273 1277 1388
2759 2 2 102 3 1291 1301 1308
2760 2 2 102 3 347 348 1244
2761 2 2 102 3 1326 1433 1437
2762 2 2 102 3 1291 1308 1391
2763 2 2 102 3 1221 1382 1418
2764 2 2 102 3 1281 1275 1391
2765 2 2 102 3 1229 1335 1400
2766 2 2 102 3 349 1231 1389
2767 2 2 102 3 93 1251 1392
2768 2 2 102 3 1363 1289 1393
2769 2 2 102 3 1233 1352 1423
2770 2 2 102 3 1244 348 1389
2771 2 2 102 3 1380 1309 1457
2772 2 2 102 3 351 1221 1395
2773 2 2 102 3 1231 350 1395
2774 2 2 102 3 1435 1227 1448
2775 2 2 102 3 1307 1306 1394
2776 2 2 102 3 350 351 1395
2777 2 2 102 3 1329 1230 1439
2778 2 2 102 3 1296 1410 1425
2779 2 2 102 3 246 247 1396
2780 2 2 102 3 1258 1260 1397
2781 2 2 102 3 1263 1386 1397
2782 2 2 102 3 1312 1313 1401
2783 2 2 102 3 101 102 1399
2784 2 2 102 3 1252 1361 1422
2785 2 2 102 3 1374 1235 1405
2786 2 2 102 3 1382 1370 1418
2787 2 2 102 3 1322 1373 1433
2788 2 2 102 3 1297 1298 1400
2789 2 2 102 3 108 109 1405
2790 2 2 102 3 1373 1374 1433
2791 2 2 102 3 1282 1293 1404
2792 2 2 102 3 1343 1353 1406
2793 2 2 102 3 1310 1226 1458
2794 2 2 102 3 1260 1263 1397
2795 2 2 102 3 90 1245 1406
2796 2 2 102 3 222 1351 1429
2797 2 2 102 3 1228 358 1403
2798 2 2 102 3 1399 102 1417
2799 2 2 102 3 359 1247 1403
2800 2 2 102 3 1225 1334 1412
2801 2 2 102 3 1333 1293 1446
2802 2 2 102 3 240 241 1398
2803 2 2 102 3 96 1249 1408
2804 2 2 102 3 1379 1302 1428
2805 2 2 102 3 1243 101 1399
2806 2 2 102 3 1227 1378 1448
2807 2 2 102 3 1323 1327 1409
2808 2 2 102 3 371 1351 1422
2809 2 2 102 3 1296 1390 1410
2810 2 2 102 3 1251 94 1411
2811 2 2 102 3 1228 1349 1442
2812 2 2 102 3 1277 1281 1410
2813 2 2 102 3 1298 1305 1400
2814 2 2 102 3 355 356 1415
2815 2 2 102 3 1302 1379 1435
2816 2 2 102 3 1339 1399 1417
2817 2 2 102 3 1448 1378 1459
2818 2 2 102 3 346 347 1414
2819 2 2 102 3 1262 1261 1418
2820 2 2 102 3 1410 1381 1425
2821 2 2 102 3 358 359 1403
2822 2 2 102 3 237 238 1402
2823 2 2 102 3 103 1232 1417
2824 2 2 102 3 1235 108 1405
2825 2 2 102 3 1387 1282 1404
2826 2 2 102 3 1384 1317 1420
2827 2 2 102 3 1318 1326 1420
2828 2 2 102 3 356 357 1419
2829 2 2 102 3 1352 1325 1423
2830 2 2 102 3 1336 1340 1407
2831 2 2 102 3 375 219 1413
2832 2 2 102 3 1309 1220 1457
2833 2 2 102 3 89 90 1406
2834 2 2 102 3 220 221 1447
2835 2 2 102 3 1294 1297 1426
2836 2 2 102 3 82 1379 1428
2837 2 2 102 3 1218 81 1428
2838 2 2 102 3 1382 1221 1440
2839 2 2 102 3 373 374 1447
2840 2 2 102 3 1229 1400 1443
2841 2 2 102 3 1360 1301 1455
2842 2 2 102 3 1255 1427 1452
2843 2 2 102 3 1378 1234 1459
2844 2 2 102 3 1226 1386 1458
2845 2 2 102 3 1380 1381 1421
2846 2 2 102 3 1222 1384 1420
2847 2 2 102 3 1220 78 1457
2848 2 2 102 3 1359 1225 1412
2849 2 2 102 3 79 1380 1457
2850 2 2 102 3 1224 1372 1451
2851 2 2 102 3 1320 1322 1433
2852 2 2 102 3 1288 1302 1435
2853 2 2 102 3 1369 1382 1440
2854 2 2 102 3 1324 1321 1454
2855 2 2 102 3 1230 367 1439
2856 2 2 102 3 1351 1252 1422
2857 2 2 102 3 372 373 1429
2858 2 2 102 3 368 1241 1439
2859 2 2 102 3 95 96 1408
2860 2 2 102 3 1285 1294 1446
2861 2 2 102 3 109 2 1441
2862 2 2 102 3 1293 1283 1446
2863 2 2 102 3 1221 352 1440
2864 2 2 102 3 2 362 1441
2865 2 2 102 3 1322 1323 1409
2866 2 2 102 3 1255 1376 1427
2867 2 2 102 3 1390 1277 1410
2868 2 2 102 3 1301 1303 1455
2869 2 2 102 3 95 1408 1411
2870 2 2 102 3 1389 1231 1444
2871 2 2 102 3 1254 1348 1414
2872 2 2 102 3 1393 1217 1415
2873 2 2 102 3 1281 1391 1453
2874 2 2 102 3 1363 1393 1415
2875 2 2 102 3 94 95 1411
2876 2 2 102 3 1370 1262 1418
2877 2 2 102 3 1373 1322 1451
2878 2 2 102 3 1404 1219 1431
2879 2 2 102 3 1303 1350 1436
2880 2 2 102 3 220 374 1413
2881 2 2 102 3 1217 355 1415
2882 2 2 102 3 347 1244 1414
2883 2 2 102 3 1396 1229 1443
2884 2 2 102 3 1400 1305 1443
2885 2 2 102 3 1387 1404 1431
2886 2 2 102 3 344 345 1432
2887 2 2 102 3 1409 1224 1451
2888 2 2 102 3 1342 1430 1449
2889 2 2 102 3 1412 1324 1454
2890 2 2 102 3 344 261 1416
2891 2 2 102 3 102 103 1417
2892 2 2 102 3 261 344 1432
2893 2 2 102 3 1427 1246 1452
2894 2 2 102 3 1362 1363 1442
2895 2 2 102 3 1354 1343 1438
2896 2 2 102 3 357 1228 1419
2897 2 2 102 3 262 343 1416
2898 2 2 102 3 1317 1318 1420
2899 2 2 102 3 370 371 1422
2900 2 2 102 3 1325 1324 1423
2901 2 2 102 3 1236 1353 1449
2902 2 2 102 3 1430 1394 1449
2903 2 2 102 3 1381 1218 1425
2904 2 2 102 3 1219 1310 1431
2905 2 2 102 3 1421 1281 1453
2906 2 2 102 3 1342 1341 1430
2907 2 2 102 3 1257 1256 1424
2908 2 2 102 3 260 261 1432
2909 2 2 102 3 1337 1407 1445
2910 2 2 102 3 1406 1245 1438
2911 2 2 102 3 1302 1296 1425
2912 2 2 102 3 81 82 1428
2913 2 2 102 3 1319 1359 1454
2914 2 2 102 3 221 222 1429
2915 2 2 102 3 1307 1396 1443
2916 2 2 102 3 1377 1327 1450
2917 2 2 102 3 1257 1424 1444
2918 2 2 102 3 1349 1362 1442
2919 2 2 102 3 1431 1310 1458
2920 2 2 102 3 1308 1309 1453
2921 2 2 102 3 1383 1222 1456
2922 2 2 102 3 1405 109 1441
2923 2 2 102 3 1299 1387 1431
2924 2 2 102 3 1307 1394 1430
2925 2 2 102 3 1238 1360 1455
2926 2 2 102 3 1344 1375 1452
2927 2 2 102 3 1326 1320 1433
2928 2 2 102 3 1338 1339 1434
2929 2 2 102 3 1343 1406 1438
2930 2 2 102 3 1385 1288 1435
2931 2 2 102 3 1363 1419 1442
2932 2 2 102 3 1375 1255 1452
2933 2 2 102 3 1303 1436 1455
2934 2 2 102 3 367 368 1439
2935 2 2 102 3 352 353 1440
2936 2 2 102 3 1299 1431 1458
2937 2 2 102 3 1259 1257 1444
2938 2 2 102 3 1385 1435 1448
2939 2 2 102 3 362 1250 1441
2940 2 2 102 3 1420 1326 1456
2941 2 2 102 3 1305 1307 1443
2942 2 2 102 3 1232 1377 1450
2943 2 2 102 3 1353 1342 1449
2944 2 2 102 3 1283 1285 1446
2945 2 2 102 3 1372 1373 1451
2946 2 2 102 3 1300 1385 1448
2947 2 2 102 3 1327 1328 1450
2948 2 2 102 3 1250 1405 1441
2949 2 2 102 3 1300 1448 1459
2950 2 2 102 3 1246 1344 1452
2951 2 2 102 3 78 79 1457
2952 2 2 102 3 1321 1319 1454
2953 2 2 102 3 1304 1300 1459
2954 2 2 102 3 1394 1236 1449
2955 2 2 102 3 1391 1308 1453
2956 2 2 102 3 1386 1299 1458
2957 2 2 102 3 1322 1409 1451
2958 2 2 102 3 374 220 1447
2959 2 2 102 3 1243 1399 1445
2960 2 2 102 3 1359 1412 1454
2961 2 2 102 3 1407 1243 1445
2962 2 2 102 3 1437 1383 1456
2963 2 2 102 3 1419 1228 1442
2964 2 2 102 3 1309 1421 1453
2965 2 2 102 3 1436 1238 1455
2966 2 2 102 3 1222 1420 1456
2967 2 2 102 3 1326 1437 1456
2968 2 2 102 3 378 7 216
2969 2 2 102 3 377 378 216
2970 2 2 102 3 219 220 1413
2971 2 2 102 3 261 262 1416
2972 2 2 102 3 343 344 1416
2973 2 2 102 3 374 375 1413
2974 2 2 102 3 262 8 343
2975 2 2 102 3 377 216 217
2976 2 2 102 3 376 217 218
2977 2 2 102 3 376 377 217
2978 2 2 102 3 375 218 219
2979 2 2 102 3 375 376 218
$EndElements
