$MeshFormat
4.1 0 8
$EndMeshFormat
$PhysicalNames
15
1 201 "LPOUB"
1 202 "LPOUI"
1 204 "LPOUD"
1 205 "LPOUH"
1 206 "LPOUV"
1 207 "LPOUG"
1 208 "LBOD1D"
1 209 "LBOD2H"
1 212 "LVOI1G"
1 213 "LVOI1D"
1 214 "LVOI2G"
1 215 "LVOI2D"
2 100 "POUTRE"
2 101 "VOID1"
2 102 "VOID2"
$EndPhysicalNames
$Entities
15 14 3 0
1 0 0.55 0 0 
2 2 0.55 0 0 
3 2 0.65 0 0 
4 0 0.65 0 0 
5 1.4 0.55 0 0 
6 0.5 0.65 0 0 
101 1.4 0 0 0 
102 2 0 0 0 
103 2 0.2 0 0 
104 1.4 0.2 0 0 
105 1.7 0.2 0 0 
201 0 0.75 0 0 
202 0.5 1.35 0 0 
203 0 1.35 0 0 
204 -0.1100000000000001 1.35 0 0 
1 0 0.55 0 1.4 0.55 0 1 201 2 1 -5 
2 1.4 0.55 0 2 0.55 0 1 202 2 5 -2 
3 2 0.55 0 2 0.65 0 1 204 2 2 -3 
4 0.5 0.65 0 2 0.65 0 1 205 2 3 -6 
5 0 0.65 0 0.5 0.65 0 1 206 2 6 -4 
6 0 0.55 0 0 0.65 0 1 207 2 4 -1 
10 1.4 0.2 0 2 0.4954423259036624 0 1 209 2 103 -104 
11 2.775557561562891e-17 0.7499999999999999 0 0.5 1.35 0 1 208 2 201 -202 
12 0 0.65 0 0 0.75 0 1 212 2 4 -201 
13 0.5 0.65 0 0.5 1.35 0 1 213 2 202 -6 
14 1.4 0.2 0 1.4 0.55 0 1 214 2 104 -5 
15 2 0.2 0 2 0.55 0 1 215 2 2 -103 
30 2 0 0 2 0.2 0 0 2 103 -102 
31 1.4 0 0 2 0 0 0 2 102 -101 
1 0 0.55 0 2 0.65 0 1 100 6 1 2 3 4 5 6 
2 0 0.65 0 0.5 1.35 0 1 101 4 12 11 13 5 
3 1.4 0.2 0 2 0.55 0 1 102 4 14 2 15 10 
$EndEntities
$Nodes
25 1379 1 1379
0 1 0 1
1
0 0.55 0
0 2 0 1
2
2 0.55 0
0 3 0 1
3
2 0.65 0
0 4 0 1
4
0 0.65 0
0 5 0 1
5
1.4 0.55 0
0 6 0 1
6
0.5 0.65 0
0 103 0 1
7
2 0.2 0
0 104 0 1
8
1.4 0.2 0
0 201 0 1
9
0 0.75 0
0 202 0 1
10
0.5 1.35 0
1 1 0 69
11
12
13
14
15
16
17
18
19
20
21
22
23
24
25
26
27
28
29
30
31
32
33
34
35
36
37
38
39
40
41
42
43
44
45
46
47
48
49
50
51
52
53
54
55
56
57
58
59
60
61
62
63
64
65
66
67
68
69
70
71
72
73
74
75
76
77
78
79
0.0199999999999609 0.55 0
0.03999999999992312 0.55 0
0.05999999999987928 0.55 0
0.07999999999983178 0.55 0
0.09999999999979425 0.55 0
0.119999999999765 0.55 0
0.1399999999997331 0.55 0
0.1599999999997004 0.55 0
0.1799999999996588 0.55 0
0.1999999999996028 0.55 0
0.2199999999995499 0.55 0
0.2399999999994957 0.55 0
0.2599999999994451 0.55 0
0.2799999999993995 0.55 0
0.2999999999993405 0.55 0
0.3199999999992815 0.55 0
0.3399999999992225 0.55 0
0.3599999999991635 0.55 0
0.3799999999991045 0.55 0
0.3999999999990456 0.55 0
0.4199999999989866 0.55 0
0.4399999999989409 0.55 0
0.4599999999988904 0.55 0
0.4799999999988314 0.55 0
0.4999999999987725 0.55 0
0.5199999999987134 0.55 0
0.5399999999986544 0.55 0
0.5599999999985955 0.55 0
0.5799999999985366 0.55 0
0.5999999999984775 0.55 0
0.6199999999984185 0.55 0
0.6399999999983595 0.55 0
0.6599999999983005 0.55 0
0.6799999999982417 0.55 0
0.6999999999982044 0.55 0
0.7199999999982645 0.55 0
0.7399999999983027 0.55 0
0.7599999999983628 0.55 0
0.779999999998416 0.55 0
0.7999999999984612 0.55 0
0.8199999999985212 0.55 0
0.8399999999985638 0.55 0
0.8599999999986194 0.55 0
0.8799999999986795 0.55 0
0.8999999999987396 0.55 0
0.9199999999987779 0.55 0
0.9399999999988379 0.55 0
0.959999999998898 0.55 0
0.9799999999989363 0.55 0
0.999999999998987 0.55 0
1.019999999999007 0.55 0
1.039999999999031 0.55 0
1.059999999999131 0.55 0
1.079999999999155 0.55 0
1.0999999999992 0.55 0
1.119999999999282 0.55 0
1.139999999999302 0.55 0
1.159999999999368 0.55 0
1.17999999999943 0.55 0
1.19999999999945 0.55 0
1.219999999999537 0.55 0
1.239999999999577 0.55 0
1.259999999999606 0.55 0
1.279999999999704 0.55 0
1.299999999999724 0.55 0
1.319999999999774 0.55 0
1.339999999999852 0.55 0
1.359999999999872 0.55 0
1.379999999999943 0.55 0
1 2 0 29
80
81
82
83
84
85
86
87
88
89
90
91
92
93
94
95
96
97
98
99
100
101
102
103
104
105
106
107
108
1.419999999999971 0.55 0
1.439999999999962 0.55 0
1.459999999999974 0.55 0
1.479999999999922 0.55 0
1.49999999999987 0.55 0
1.519999999999801 0.55 0
1.539999999999711 0.55 0
1.559999999999682 0.55 0
1.579999999999653 0.55 0
1.599999999999639 0.55 0
1.619999999999645 0.55 0
1.639999999999679 0.55 0
1.659999999999691 0.55 0
1.679999999999682 0.55 0
1.699999999999653 0.55 0
1.719999999999624 0.55 0
1.739999999999616 0.55 0
1.759999999999627 0.55 0
1.779999999999662 0.55 0
1.799999999999668 0.55 0
1.819999999999653 0.55 0
1.839999999999711 0.55 0
1.859999999999769 0.55 0
1.879999999999853 0.55 0
1.899999999999942 0.55 0
1.920000000000029 0.55 0
1.94 0.55 0
1.959999999999994 0.55 0
1.979999999999997 0.55 0
1 3 0 4
109
110
111
112
2 0.5699999999997962 0
2 0.5899999999995967 0
2 0.6099999999996227 0
2 0.6299999999997701 0
1 4 0 74
113
114
115
116
117
118
119
120
121
122
123
124
125
126
127
128
129
130
131
132
133
134
135
136
137
138
139
140
141
142
143
144
145
146
147
148
149
150
151
152
153
154
155
156
157
158
159
160
161
162
163
164
165
166
167
168
169
170
171
172
173
174
175
176
177
178
179
180
181
182
183
184
185
186
1.980000000000265 0.65 0
1.96000000000053 0.65 0
1.940000000000794 0.65 0
1.920000000001059 0.65 0
1.900000000001211 0.65 0
1.8800000000012 0.65 0
1.860000000001169 0.65 0
1.840000000001137 0.65 0
1.820000000001122 0.65 0
1.80000000000126 0.65 0
1.780000000001525 0.65 0
1.760000000001789 0.65 0
1.740000000001935 0.65 0
1.720000000001904 0.65 0
1.700000000001872 0.65 0
1.680000000001841 0.65 0
1.66000000000181 0.65 0
1.640000000001779 0.65 0
1.620000000001747 0.65 0
1.600000000001716 0.65 0
1.580000000001685 0.65 0
1.560000000001653 0.65 0
1.540000000001622 0.65 0
1.520000000001591 0.65 0
1.50000000000156 0.65 0
1.480000000001528 0.65 0
1.460000000001497 0.65 0
1.440000000001466 0.65 0
1.420000000001434 0.65 0
1.400000000001403 0.65 0
1.380000000001372 0.65 0
1.360000000001341 0.65 0
1.340000000001309 0.65 0
1.320000000001278 0.65 0
1.300000000001247 0.65 0
1.280000000001216 0.65 0
1.260000000001185 0.65 0
1.240000000001154 0.65 0
1.220000000001122 0.65 0
1.200000000001091 0.65 0
1.18000000000106 0.65 0
1.160000000001029 0.65 0
1.140000000000998 0.65 0
1.120000000000966 0.65 0
1.100000000000935 0.65 0
1.080000000000904 0.65 0
1.060000000000873 0.65 0
1.040000000000842 0.65 0
1.02000000000081 0.65 0
1.000000000000779 0.65 0
0.9800000000007483 0.65 0
0.9600000000007172 0.65 0
0.9400000000006861 0.65 0
0.9200000000006547 0.65 0
0.9000000000006236 0.65 0
0.8800000000005925 0.65 0
0.8600000000005612 0.65 0
0.8400000000005301 0.65 0
0.8200000000004988 0.65 0
0.8000000000004677 0.65 0
0.7800000000004363 0.65 0
0.7600000000004052 0.65 0
0.7400000000003741 0.65 0
0.720000000000343 0.65 0
0.7000000000003117 0.65 0
0.6800000000002806 0.65 0
0.6600000000002493 0.65 0
0.6400000000002182 0.65 0
0.6200000000001871 0.65 0
0.600000000000156 0.65 0
0.5800000000001249 0.65 0
0.5600000000000935 0.65 0
0.5400000000000624 0.65 0
0.5200000000000311 0.65 0
1 5 0 24
187
188
189
190
191
192
193
194
195
196
197
198
199
200
201
202
203
204
205
206
207
208
209
210
0.4799999999999167 0.65 0
0.4599999999998334 0.65 0
0.439999999999754 0.65 0
0.4199999999998611 0.65 0
0.3999999999999999 0.65 0
0.3800000000001386 0.65 0
0.3600000000002774 0.65 0
0.3400000000004162 0.65 0
0.3200000000005549 0.65 0
0.3000000000006936 0.65 0
0.2800000000008322 0.65 0
0.260000000000971 0.65 0
0.2400000000009987 0.65 0
0.2200000000009155 0.65 0
0.2000000000008322 0.65 0
0.180000000000749 0.65 0
0.1600000000006658 0.65 0
0.1400000000005825 0.65 0
0.1200000000004994 0.65 0
0.1000000000004161 0.65 0
0.08000000000033292 0.65 0
0.06000000000024969 0.65 0
0.04000000000016646 0.65 0
0.02000000000008323 0.65 0
1 6 0 4
211
212
213
214
0 0.6300000000000737 0
0 0.6099999999999697 0
0 0.5899999999998569 0
0 0.5699999999998829 0
1 10 0 47
215
216
217
218
219
220
221
222
223
224
225
226
227
228
229
230
231
232
233
234
235
236
237
238
239
240
241
242
243
244
245
246
247
248
249
250
251
252
253
254
255
256
257
258
259
260
261
1.999357676968028 0.2196209388232522 0
1.997433458398939 0.239157857766311 0
1.994235584091173 0.2585270967546346 0
1.989777747833456 0.2776457137295436 0
1.984079038760652 0.2964318398498339 0
1.977163859628997 0.3148050300098296 0
1.969061822282749 0.3326866074247373 0
1.959807620904265 0.3500000004002188 0
1.949440883409316 0.3666710703270968 0
1.938006001753655 0.3826284291375224 0
1.9255519418559 0.3978037449722147 0
1.912132033901297 0.4121320348106317 0
1.897803743975925 0.4255519427296225 0
1.882628428102947 0.438006002547513 0
1.866671069257025 0.4494408841243149 0
1.849999999269041 0.4598076215573511 0
1.832686606240029 0.4690618228669828 0
1.814805028762877 0.4771638601455012 0
1.796431838565128 0.4840790391967509 0
1.777645712384923 0.4897777481937456 0
1.758527095426731 0.4942355843553093 0
1.739157856498563 0.4974334585658413 0
1.719620937533366 0.4993576770525717 0
1.699999998728813 0.5 0
1.680379060009824 0.4993576768915438 0
1.660842141188153 0.4974334582612916 0
1.641472902285425 0.4942355839002289 0
1.622354285464796 0.4897777476175796 0
1.603568159500574 0.4840790385401452 0
1.58519496944234 0.4771638594020778 0
1.567313392218225 0.4690618221066775 0
1.549999999285039 0.4598076207225486 0
1.533328929464736 0.4494408832702234 0
1.517371570695399 0.4380060016254511 0
1.502196254926103 0.425551941766727 0
1.487867965186364 0.4121320338982924 0
1.474448057409929 0.3978037441350524 0
1.461993997624023 0.3826284283264972 0
1.450559116072271 0.3666710695512374 0
1.440192378678187 0.3499999996770046 0
1.430938177408772 0.3326866067992044 0
1.422836140146248 0.3148050294672234 0
1.415920961082502 0.2964318393877809 0
1.410222252069348 0.2776457133668027 0
1.405764415849253 0.2585270964551353 0
1.40256654157175 0.2391578575436732 0
1.400642323024329 0.2196209387066365 0
1 11 0 42
262
263
264
265
266
267
268
269
270
271
272
273
274
275
276
277
278
279
280
281
282
283
284
285
286
287
288
289
290
291
292
293
294
295
296
297
298
299
300
301
302
303
0.01932724751974743 0.7538670760233369 0
0.03851946892376168 0.7583565538682915 0
0.05755662624557117 0.7634637462175062 0
0.07641884351534309 0.7691833208469284 0
0.09508642728937028 0.7755093061313509 0
0.1135398873974006 0.7824350973303956 0
0.1317599572091195 0.7899534634601829 0
0.1497276138111135 0.7980565548681776 0
0.1674240977734074 0.8067359113887511 0
0.1848309327907169 0.8159824711961641 0
0.2019299450116717 0.8257865802890817 0
0.2187032818938218 0.8361380025023929 0
0.2351334310470161 0.8470259303167661 0
0.2512032382893052 0.85843899600424 0
0.2668959256794823 0.8703652835686242 0
0.2821951090526114 0.8827923412065998 0
0.297084815060258 0.8957071942597422 0
0.3115494978754815 0.9090963587801417 0
0.3255740553720859 0.9229458555560957 0
0.3391438450097414 0.9372412248178539 0
0.3522446991038668 0.9519675413356647 0
0.3648629394050026 0.9671094297587874 0
0.3769853916314111 0.9826510809358475 0
0.3885993992290893 0.9985762684615747 0
0.3996928363927146 1.014868365369741 0
0.410254120812802 1.031510361585658 0
0.4202722258447679 1.048484881809161 0
0.4297366920461438 1.065774203740959 0
0.4386376377729698 1.083360275992313 0
0.446965769841059 1.10122473751324 0
0.4547123931566764 1.119348936670001 0
0.4618694197786676 1.137713950712699 0
0.4684293772680304 1.156300605284067 0
0.4743854165945922 1.175089494679236 0
0.4797313192789501 1.19406100211458 0
0.4844615038522733 1.213195320117717 0
0.4885710316374196 1.232472470950354 0
0.4920556121043271 1.251872328399762 0
0.4949116070740476 1.271374637507398 0
0.497136034718901 1.290959036713401 0
0.4987265725735415 1.310605078463474 0
0.4996815600244396 1.330292251113694 0
1 12 0 4
304
305
306
307
0 0.6699999999999263 0
0 0.6900000000000304 0
0 0.7100000000001432 0
0 0.7300000000001171 0
1 13 0 34
308
309
310
311
312
313
314
315
316
317
318
319
320
321
322
323
324
325
326
327
328
329
330
331
332
333
334
335
336
337
338
339
340
341
0.5 1.330000000000024 0
0.5 1.31000000000009 0
0.5 1.290000000000156 0
0.5 1.270000000000165 0
0.5 1.250000000000204 0
0.5 1.230000000000271 0
0.5 1.210000000000321 0
0.5 1.190000000000329 0
0.5 1.170000000000385 0
0.5 1.150000000000452 0
0.5 1.130000000000486 0
0.5 1.110000000000499 0
0.5 1.090000000000566 0
0.5 1.070000000000633 0
0.5 1.05000000000065 0
0.5 1.03000000000068 0
0.5 1.010000000000747 0
0.5 0.9900000000006874 0
0.5 0.9700000000006535 0
0.5 0.9500000000006008 0
0.5 0.930000000000581 0
0.5 0.9100000000005611 0
0.5 0.8900000000005414 0
0.5 0.8700000000005215 0
0.5 0.8500000000005017 0
0.5 0.8300000000004585 0
0.5 0.8100000000004188 0
0.5 0.7900000000003556 0
0.5 0.7700000000002926 0
0.5 0.7500000000002573 0
0.5 0.7300000000002096 0
0.5 0.7100000000001465 0
0.5 0.69000000000009 0
0.5 0.6700000000000559 0
1 14 0 17
342
343
344
345
346
347
348
349
350
351
352
353
354
355
356
357
358
1.4 0.2194444444443951 0
1.4 0.238888888888786 0
1.4 0.2583333333331835 0
1.4 0.2777777777775756 0
1.4 0.2972222222219652 0
1.4 0.3166666666663705 0
1.4 0.3361111111107277 0
1.4 0.3555555555550957 0
1.4 0.3749999999994528 0
1.4 0.3944444444439195 0
1.4 0.413888888888432 0
1.4 0.4333333333329432 0
1.4 0.4527777777774605 0
1.4 0.472222222221944 0
1.4 0.4916666666664372 0
1.4 0.5111111111109414 0
1.4 0.5305555555554959 0
1 15 0 17
359
360
361
362
363
364
365
366
367
368
369
370
371
372
373
374
375
2 0.5305555555555953 0
2 0.5111111111111737 0
2 0.4916666666667461 0
2 0.4722222222223534 0
2 0.4527777777779716 0
2 0.4333333333336187 0
2 0.4138888888892405 0
2 0.394444444444837 0
2 0.3750000000004227 0
2 0.3555555555559096 0
2 0.3361111111114399 0
2 0.3166666666669702 0
2 0.2972222222225004 0
2 0.2777777777780031 0
2 0.2583333333334961 0
2 0.2388888888890046 0
2 0.2194444444444926 0
2 1 0 499
376
377
378
379
380
381
382
383
384
385
386
387
388
389
390
391
392
393
394
395
396
397
398
399
400
401
402
403
404
405
406
407
408
409
410
411
412
413
414
415
416
417
418
419
420
421
422
423
424
425
426
427
428
429
430
431
432
433
434
435
436
437
438
439
440
441
442
443
444
445
446
447
448
449
450
451
452
453
454
455
456
457
458
459
460
461
462
463
464
465
466
467
468
469
470
471
472
473
474
475
476
477
478
479
480
481
482
483
484
485
486
487
488
489
490
491
492
493
494
495
496
497
498
499
500
501
502
503
504
505
506
507
508
509
510
511
512
513
514
515
516
517
518
519
520
521
522
523
524
525
526
527
528
529
530
531
532
533
534
535
536
537
538
539
540
541
542
543
544
545
546
547
548
549
550
551
552
553
554
555
556
557
558
559
560
561
562
563
564
565
566
567
568
569
570
571
572
573
574
575
576
577
578
579
580
581
582
583
584
585
586
587
588
589
590
591
592
593
594
595
596
597
598
599
600
601
602
603
604
605
606
607
608
609
610
611
612
613
614
615
616
617
618
619
620
621
622
623
624
625
626
627
628
629
630
631
632
633
634
635
636
637
638
639
640
641
642
643
644
645
646
647
648
649
650
651
652
653
654
655
656
657
658
659
660
661
662
663
664
665
666
667
668
669
670
671
672
673
674
675
676
677
678
679
680
681
682
683
684
685
686
687
688
689
690
691
692
693
694
695
696
697
698
699
700
701
702
703
704
705
706
707
708
709
710
711
712
713
714
715
716
717
718
719
720
721
722
723
724
725
726
727
728
729
730
731
732
733
734
735
736
737
738
739
740
741
742
743
744
745
746
747
748
749
750
751
752
753
754
755
756
757
758
759
760
761
762
763
764
765
766
767
768
769
770
771
772
773
774
775
776
777
778
779
780
781
782
783
784
785
786
787
788
789
790
791
792
793
794
795
796
797
798
799
800
801
802
803
804
805
806
807
808
809
810
811
812
813
814
815
816
817
818
819
820
821
822
823
824
825
826
827
828
829
830
831
832
833
834
835
836
837
838
839
840
841
842
843
844
845
846
847
848
849
850
851
852
853
854
855
856
857
858
859
860
861
862
863
864
865
866
867
868
869
870
871
872
873
874
1.930000000000717 0.6326794919234934 0
1.790000000001105 0.6326794919235037 0
0.4099999999999165 0.6326794919244048 0
0.3702661277986128 0.633160061585032 0
0.3300000000004855 0.6326794919244314 0
0.2897338722022098 0.6331600615850852 0
1.750000000001491 0.6326794919231047 0
0.4505322555962101 0.5660128252574885 0
0.2500000000009848 0.6326794919243723 0
0.06969229955829055 0.5681318816885432 0
0.509999999998743 0.5673205080756376 0
1.829999999999681 0.5673205080757076 0
1.529999999999755 0.5673205080756112 0
0.5499999999986249 0.5673205080756378 0
0.1075572637864994 0.5689255392199736 0
1.890000000000932 0.6326794919231045 0
1.489999999999895 0.5673205080756363 0
0.1702359323939977 0.5679321440298591 0
0.5899999999985071 0.5673205080756377 0
0.2097338722014187 0.5668399384151777 0
0.6299999999983887 0.5673205080756377 0
1.409999999999985 0.5673205080756638 0
1.449999999999968 0.5673205080756626 0
0.6699999999982709 0.5673205080756378 0
1.569999999999669 0.5673205080756638 0
1.68999999999967 0.5673205080756638 0
1.350532255597458 0.5660128252568135 0
1.290190091284655 0.5664957897801642 0
1.190532255597052 0.5660128252569301 0
1.609999999999643 0.5673205080756851 0
1.130190091284248 0.5664957897802578 0
1.249999999999593 0.5673205080757139 0
0.710190091283051 0.5664957897803258 0
1.649999999999685 0.5673205080756901 0
1.009999999998996 0.5673205080757063 0
1.049999999999081 0.5673205080757096 0
1.089999999999177 0.5673205080757188 0
0.9700000000006277 0.632679491923981 0
0.9100000000005195 0.6326794919240941 0
0.8300000000004734 0.6326794919242265 0
0.7900000000004104 0.6326794919242336 0
0.8700000000005375 0.6326794919242191 0
0.7500000000001501 0.6326794919240343 0
1.729999999999622 0.5673205080756726 0
1.150000000000949 0.6326794919239412 0
0.9505322555964766 0.5660128252571065 0
1.210000000000984 0.6326794919237673 0
1.850000000000793 0.6326794919227519 0
1.310000000001195 0.6326794919238339 0
1.370000000001224 0.6326794919236122 0
0.4699999999998596 0.6326794919242483 0
0.1291762098195922 0.6332766549758899 0
1.94896860819404 0.566354992391807 0
0.3899999999991787 0.5663391742110024 0
0.3499999999992001 0.5673205080756328 0
0.309999999999319 0.5673205080756388 0
0.04826548690602984 0.6320740775008622 0
0.2699999999994218 0.5673205080756396 0
0.09063194187470019 0.6330443437354983 0
1.909999999999982 0.5673205080757139 0
0.5299999999999956 0.6326794919242239 0
1.770190091284629 0.5664957897800318 0
0.1873581183558017 0.6323852909367222 0
1.430000000001271 0.6326794919233186 0
0.5700000000000522 0.6326794919242098 0
1.470000000001412 0.6326794919235443 0
1.510000000001413 0.6326794919232238 0
0.6100000000000959 0.6326794919241883 0
1.270000000001049 0.6326794919235232 0
1.869999999999808 0.5673205080757501 0
0.6500000000001396 0.6326794919241678 0
1.110000000000852 0.6326794919237023 0
1.550000000001455 0.632679491923209 0
1.030000000000641 0.632679491923793 0
1.07000000000075 0.6326794919236973 0
1.670000000001612 0.6326794919231801 0
1.590000000001504 0.6326794919231928 0
1.710000000001655 0.6326794919231735 0
1.630000000001558 0.6326794919231834 0
0.6900000000001043 0.6326794919240259 0
0.8901900912836849 0.5664957897803881 0
0.8499999999985913 0.5673205080757313 0
0.8099999999984909 0.5673205080757268 0
0.7699999999983891 0.5673205080757314 0
0.01722613419733453 0.6001634603522163 0
1.983629338795418 0.5988665085736173 0
1.969915252614744 0.6330645590988699 0
0.03183651238112927 0.5681139449487999 0
0.01692970876566909 0.6199251809642636 0
0.03628225364738328 0.6131325274140401 0
0.03464101615146264 0.5899999999999711 0
0.0519615242271327 0.6000000000000241 0
0.05123556410346093 0.5799405477098323 0
0.06922941682479747 0.5896787382331152 0
0.06928203230279995 0.6100000000000757 0
0.08630810780425142 0.6001121848882365 0
0.08778502273798308 0.5800623427046738 0
0.1039230484542467 0.5900000000001471 0
0.1234904706129253 0.5835655635371995 0
0.1194833865325872 0.6029356647401358 0
0.1386835589299565 0.5965207268982533 0
0.1404546062559366 0.5803055122661437 0
0.1584214799405999 0.5869348540338596 0
0.1538491718976493 0.6097584360183245 0
0.1722930250830324 0.6035241092584245 0
0.169474333341126 0.6222489054433636 0
0.4499999999998295 0.632679491924273 0
0.4599999999998403 0.61535898384854 0
0.4799999999998584 0.615358983848513 0
0.4399999999998393 0.6153589838486029 0
0.4702661277983025 0.5981921247289119 0
0.490044354632921 0.5983915763878374 0
0.5000073924387216 0.6154178339509837 0
0.5100022450310363 0.598226697246389 0
0.4805840026684534 0.5821101087769077 0
0.5200016062449 0.6154001624444803 0
0.5300001670862183 0.5982186285095779 0
0.5400002955551521 0.6153958724039248 0
0.5500000200713122 0.5982180923276883 0
0.5600000526043833 0.6153950680335035 0
0.5700000031527575 0.5982180341681965 0
0.5800000092928372 0.6153949242785026 0
0.5900000005396809 0.5982180254081655 0
0.6000000016387381 0.6153948988593159 0
0.6100000000942314 0.59821802392528 0
0.6200000002888212 0.6153948943756227 0
0.6300000000163283 0.5982180236663911 0
0.6400000000508557 0.6153948935851781 0
0.6500000000026129 0.598218023620836 0
0.6600000000089178 0.6153948934458314 0
0.6700000000001874 0.5982180236127848 0
0.6800000000015196 0.6153948934212307 0
0.6899999999997611 0.5982180236113366 0
0.7000000000001931 0.6153948934168049 0
0.7102661277980853 0.5985549550009008 0
0.7200443546329997 0.6154510486476127 0
0.7303178748702105 0.5982935487331296 0
0.7400603715838404 0.6154168401414941 0
0.75006304107559 0.5984181231037564 0
0.7405957415874466 0.5821314372300466 0
0.7600205687766428 0.6154319011189794 0
0.7700036273883358 0.5982284592672269 0
0.7800040326942899 0.6154028006424916 0
0.7900003323303367 0.5982188194114263 0
0.8000007275042533 0.61539634392043 0
0.8100000459805835 0.598218121066175 0
0.8200001289143115 0.6153951514091965 0
0.830000000000011 0.5980384757721804 0
0.8400000214859161 0.6153650117749774 0
0.8500000000000495 0.5980384757721388 0
0.8600000035812135 0.6153599885025851 0
0.8700000000000883 0.5980384757720949 0
0.880000000597126 0.6153591512904983 0
0.890266127898129 0.5985190733399428 0
0.9000443547494609 0.6154391113497568 0
0.9103178749065481 0.598285578906431 0
0.920060371609588 0.6154135222873787 0
0.9300630410861599 0.598416241823406 0
0.9400205687828779 0.6154310345964016 0
0.9502800627768522 0.5985945866504871 0
0.920595741595583 0.5821297953787719 0
0.9600501052602355 0.6154636774523398 0
0.9703211558048841 0.5983022588085334 0
0.9800618768445079 0.6154203966212368 0
0.9900638387751078 0.5984201675293181 0
1.000020952603581 0.6154328346027693 0
1.010003678648852 0.5982285884624383 0
0.9805964213602328 0.5821332296467314 0
1.020004105209063 0.6154029777552892 0
1.030000337700574 0.5982188326999647 0
1.040000740485331 0.6153963756537277 0
1.050000046777025 0.5982181230188803 0
1.060000131210813 0.6153951570232541 0
1.070000000000428 0.5980384757716217 0
1.080000021868982 0.6153650127101057 0
1.09000000000046 0.5980384757715729 0
1.100000003645376 0.61535998865789 0
1.110000000000491 0.5980384757715241 0
1.120000000608132 0.6153591513158108 0
1.13026612790033 0.5985190733437381 0
1.140044354751923 0.6154391113541886 0
1.150317874907619 0.5982855789074335 0
1.160060371610424 0.6154135222877752 0
1.17006304108672 0.598416241823296 0
1.180020568783325 0.6154310345958698 0
1.190280062777304 0.5985945866500553 0
1.160595741596239 0.582129795378754 0
1.200050105260603 0.6154636774518423 0
1.2103211558053 0.59830225880799 0
1.220061876844866 0.6154203966207018 0
1.230063838775463 0.5984201675287846 0
1.240020952603913 0.6154328346021678 0
1.250003678649247 0.598228588461872 0
1.220596421360745 0.5821332296463787 0
1.26000410520941 0.6154029777547404 0
1.270000337701024 0.5982188326994189 0
1.280000740485708 0.6153963756530196 0
1.290266307496867 0.5985553368876735 0
1.300044507997764 0.6154513593341413 0
1.310317930381532 0.5982936641611393 0
1.320060406397203 0.6154169111598105 0
1.330063056130313 0.5984181541773345 0
1.340020577088535 0.615431918133256 0
1.350280066668953 0.598595052631729 0
1.320595753349424 0.5821314616465922 0
1.360050107293561 0.6154639023714392 0
1.370321156792912 0.5983023739579244 0
1.380061877348439 0.6154204532986931 0
1.390063839024126 0.5984201961665133 0
1.400020952729415 0.6154328488211501 0
1.410003678665616 0.5982285903207761 0
1.380596421567049 0.582133253610867 0
1.42000410523318 0.6154029804341369 0
1.430000337702849 0.5982188328958713 0
1.440000740490099 0.6153963761320788 0
1.450000046777808 0.5982181230471999 0
1.460000131212101 0.615395157106978 0
1.470000000000883 0.5980384757705416 0
1.480000021869621 0.615365012723329 0
1.490000000000879 0.5980384757705005 0
1.500000003645869 0.6153599886593173 0
1.510000000000871 0.5980384757704692 0
1.520000000608581 0.6153591513153034 0
1.530000000000858 0.5980384757704479 0
1.540000000102369 0.6153590117579513 0
1.550000000000845 0.5980384757704139 0
1.560000000018009 0.6153589884983723 0
1.570000000000843 0.5980384757703762 0
1.58000000000396 0.6153589846217571 0
1.590000000000851 0.5980384757703427 0
1.600000000001634 0.6153589839756419 0
1.610000000000867 0.5980384757703175 0
1.620000000001264 0.6153589838679446 0
1.630000000000884 0.5980384757703023 0
1.640000000001221 0.615358983849988 0
1.650000000000903 0.5980384757702885 0
1.66000000000123 0.6153589838469913 0
1.670000000000919 0.5980384757702851 0
1.680000000001246 0.6153589838464923 0
1.690000000000927 0.5980384757702873 0
1.700000000000931 0.6153589838459763 0
1.710000000000928 0.5980384757702866 0
1.720000000001197 0.6153589838463143 0
1.730000000000906 0.5980384757703016 0
1.740000000000887 0.615358983845957 0
1.750000000000844 0.5980384757703187 0
1.760000000001053 0.615358983846696 0
1.77026612779939 0.5985190454313991 0
1.780044354634064 0.6154390787903972 0
1.790317874871231 0.5982855688274148 0
1.800060371584715 0.6154135151803675 0
1.810063041076302 0.5984162389581351 0
1.820020568777209 0.6154310329336421 0
1.830003627388834 0.598228339856402 0
1.800595741588655 0.5821297932209165 0
1.840004032694685 0.6154026360419179 0
1.850000332330768 0.5982188070879121 0
1.860000727504708 0.6153963144318302 0
1.870000045981023 0.5982181192504605 0
1.880000128914778 0.6153951461906328 0
1.890000000000419 0.5980384757702869 0
1.900000021486343 0.6153650109041359 0
1.910000000000391 0.5980384757703068 0
1.920000003581531 0.6153599883564547 0
1.930000000000308 0.5980384757703343 0
1.940000000597255 0.6153591512651846 0
1.951520459647005 0.5981416579868287 0
1.960608524196373 0.6170739852864409 0
1.83000410024598 0.6326987754704941 0
1.410004176327977 0.6326991355167714 0
1.350000000000917 0.6326794919227621 0
1.250004176302943 0.6326991327004927 0
1.190000000000696 0.6326794919231724 0
1.010004176302582 0.6326991327008458 0
0.9500000000004417 0.6326794919237277 0
0.7300174543696342 0.632704478772808 0
1.730000000001616 0.6326794919228342 0
1.983061785652496 0.5800113576601764 0
1.889999999999882 0.5673205080757588 0
1.270016164224755 0.5669167864132123 0
1.929999999999977 0.5673205080757194 0
1.75001616422476 0.566916786413139 0
0.5100014997805915 0.6326961633739806 0
0.2300000000010116 0.6326794919243446 0
0.2397338722024573 0.6155126328048556 0
0.2199556453679675 0.6153845920080294 0
0.2594233897704802 0.6160182388737238 0
0.2299172545640835 0.5982563003252973 0
0.2097094672195733 0.5991883928519393 0
1.870000000001176 0.632679491922138 0
1.490000004253567 0.6326806642049023 0
1.110016164224345 0.5669167864132811 0
1.849999999999709 0.5673205080757258 0
1.530000000119505 0.6326795244866145 0
0.6300000000002033 0.6326794919241615 0
0.5500000000000782 0.6326794919242058 0
0.5900000000001403 0.6326794919241815 0
1.06999999999911 0.5673205080757343 0
1.450000000001479 0.6326794919222981 0
1.690000000001621 0.6326794919228791 0
1.02999999999905 0.5673205080757325 0
0.429999999999868 0.632679491924318 0
0.4199999999998583 0.6153589838487133 0
0.4002661277983362 0.6155126328049011 0
0.4103104824312849 0.5982177328885565 0
0.3903622295030125 0.5995552918924357 0
0.4503104824313862 0.5985452253439822 0
0.4301034941436198 0.5984803026764314 0
0.4206012516923575 0.5821291645184612 0
1.629999999999679 0.5673205080756986 0
0.06942032221439476 0.6298836791198378 0
0.1099044273726607 0.6335070719795739 0
0.1019515679750102 0.6137871156253074 0
0.6700000000002645 0.6326794919241422 0
1.650000000001534 0.6326794919238905 0
1.570000000004711 0.6326794928277553 0
0.3697338722007157 0.5670033034754615 0
0.3596895175676618 0.5844344997618311 0
0.3399482529273287 0.5846065967530236 0
0.3499999999992104 0.6019615242268797 0
0.3299999999993007 0.6019615242268848 0
0.3700061603651307 0.6009499383454536 0
0.319991375487322 0.584635279584892 0
0.3099999999993934 0.6019615242268962 0
1.709999999999653 0.567320508075663 0
0.8700161642238058 0.5669167864133583 0
1.610000000001571 0.6326794919483271 0
1.429999999999981 0.5673205080756756 0
0.289999999999367 0.5673205080756387 0
0.2799999999994116 0.584313523695657 0
0.2597338722011376 0.5834312567112543 0
0.2999985625807134 0.5845854779809472 0
0.2898097375937981 0.6010912070479821 0
0.7899999999984468 0.567320508075732 0
0.1504132945357664 0.6321612769973405 0
0.8299999999985337 0.5673205080757323 0
0.2000582643045739 0.6159892768010681 0
0.6900161642231439 0.5669167864131904 0
1.910000004178632 0.632680663851198 0
1.54999999999967 0.5673205080756225 0
1.469999999999931 0.567320508075662 0
0.3299899380686123 0.5673138154148645 0
1.669999999999683 0.5673205080756726 0
1.290000000001232 0.6326794919226899 0
1.090000004252967 0.6326806642025657 0
1.130007392560637 0.6326928744196071 0
0.2499884541245614 0.5671827740510247 0
1.050000000000856 0.6326794919242837 0
0.2695934158641696 0.6330231116614685 0
0.7700041002453891 0.6326989476016232 0
0.8900073925581433 0.6326928744147614 0
0.810000000000483 0.6326794919242866 0
0.8500000041782052 0.6326806640210013 0
1.589999999999639 0.5673205080756534 0
1.509999999999834 0.56732050807562 0
0.3500161642252257 0.6329469614406429 0
0.3099838357757364 0.6329469614406513 0
0.6099999999984475 0.5673205080756373 0
0.5699999999985665 0.5673205080756376 0
0.5299999999986835 0.5673205080756359 0
0.6499999999983307 0.5673205080756377 0
0.4900014820364913 0.6326920788496209 0
0.2299763882927638 0.5669340469663466 0
0.1897288396339036 0.5671887035018806 0
0.1798438634057863 0.5848384666381382 0
1.770007392440171 0.632692841080617 0
1.950087296235069 0.6330295312623314 0
0.3903548370645952 0.6329388439832709 0
0.2095620046718504 0.6327397752783607 0
0.9300134900657946 0.6327005901219336 0
0.9900145009588043 0.6327053093081387 0
1.170013490066247 0.632700590121793 0
1.230014500959164 0.632705309307855 0
1.330013497248406 0.6327013021899437 0
1.390014501068305 0.632705321593371 0
0.7100103015005975 0.6327049854602085 0
1.810014173435232 0.6327038025846679 0
1.981211685225641 0.6183634071948781 0
0.02981813030280754 0.6333667302612683 0
1.968437556786047 0.5689118651070574 0
0.01649463266837219 0.5806276488719584 0
1.968401874880436 0.5885811487385639 0
0.1352711030423843 0.6154604286906924 0
0.1994243419449648 0.5834991373473453 0
0.3806056812889674 0.6164894503442608 0
0.3802314244043311 0.5833203448533846 0
0.4002508980048634 0.5824862102842041 0
0.4602821447488417 0.58214979331327 0
0.7202283059225545 0.5822517960014314 0
0.9002283059471303 0.5822442137783929 0
0.9602883159229243 0.5821802293556748 0
0.4301889178808913 0.5660300775914424 0
1.140228305948039 0.5822442137790668 0
0.2797600692384634 0.6167682827895787 0
1.200288315923405 0.5821802293553394 0
0.4900973337772472 0.5662448487707985 0
0.2498013981228472 0.5993151766042941 0
1.300228347085486 0.5822518829565555 0
1.360288316771172 0.5821803302046149 0
1.780228305924063 0.5822442070871522 0
0.7500992902634397 0.5662484035128859 0
0.9301879995314365 0.566030182734521 0
0.9900994035593935 0.5662487022489265 0
1.170187999531994 0.5660301827344077 0
1.230099403559928 0.5662487022487858 0
1.33018800149117 0.5660304604456387 0
1.390099403594617 0.5662487062428014 0
1.810099290264626 0.5662481295110827 0
0.360149022279594 0.6171380740030492 0
0.3400275310840617 0.6173346806496552 0
0.3200000000005539 0.6173205080760438 0
0.2998812524683591 0.6172080908610394 0
0.5199999999987153 0.5826794919238402 0
0.2197935540370502 0.5828989795539321 0
0.5399999999986534 0.5826794919238036 0
0.5599999999985957 0.5826794919237696 0
0.5799999999985369 0.5826794919237361 0
0.5999999999984764 0.5826794919237015 0
0.6199999999984194 0.5826794919236693 0
0.6399999999983592 0.5826794919236348 0
0.6599999999983012 0.5826794919236016 0
0.6799999999982159 0.5826794919235689 0
0.7001167815374686 0.5825194737884589 0
0.7799999999998884 0.5826794919244841 0
0.7999999999999212 0.5826794919244552 0
0.8199999999999622 0.5826794919244377 0
0.8399999999999997 0.5826794919244102 0
0.8600000000000338 0.582679491924382 0
0.880116781558812 0.582482305168093 0
1.019999999999003 0.5826794919233037 0
1.039999999999081 0.5826794919233023 0
1.059999999999075 0.5826794919232634 0
1.079999999999782 0.5826794919236589 0
1.120116781559649 0.5824823051686516 0
1.100000000000442 0.5826794919240427 0
1.260003363429321 0.5826745216673983 0
1.280117435203685 0.582518858400737 0
1.939213579853218 0.5823184692824119 0
1.419999999999976 0.5826794919228858 0
1.920000000000377 0.5826794919231379 0
1.439999999999979 0.5826794919228631 0
1.459999999999954 0.5826794919228317 0
1.900000000000294 0.5826794919230879 0
1.479999999999929 0.5826794919227888 0
1.499999999999884 0.5826794919227467 0
1.519999999999892 0.5826794919227605 0
1.539999999999848 0.5826794919227601 0
1.880000000000418 0.5826794919231975 0
1.839999999999685 0.5826794919227614 0
1.860000000000416 0.5826794919232161 0
1.559999999999801 0.5826794919227383 0
1.760116781539095 0.5824822994009061 0
1.579999999999813 0.5826794919227332 0
1.740000000000887 0.5826794919233963 0
1.599999999999788 0.5826794919227061 0
1.720000000000277 0.5826794919229814 0
1.699999999999933 0.5826794919227425 0
1.619999999999808 0.5826794919227015 0
1.680000000000339 0.5826794919230051 0
1.660000000000203 0.5826794919229243 0
1.639999999999946 0.5826794919227731 0
0.2698248174910435 0.6001106491078625 0
0.2399999999994968 0.5826760614174865 0
0.4403364244155511 0.5822245647835126 0
0.4999999999998228 0.5826829224312373 0
0.4101735112625538 0.5661641044341851 0
0.7599999999998546 0.5826829224309249 0
0.9403245694182387 0.5822273101999945 0
1.000000000000292 0.5826829224307091 0
0.4702492894647457 0.5660862626864107 0
1.180324569418785 0.582227310199797 0
1.240000000000624 0.5826829224304715 0
0.7301855715088431 0.5661879044207815 0
1.340324575001415 0.5822280473937871 0
0.9102003563925585 0.5661499969453456 0
1.400000000000819 0.5826829224302864 0
0.9702527327394768 0.5660958310847399 0
1.820000000000439 0.5826829224300952 0
1.150200356393198 0.5661499969454142 0
1.210252732740019 0.5660958310845723 0
1.310200365535039 0.5661515991381584 0
1.370252732921685 0.5660958525525162 0
1.790185571510217 0.5661863199331971 0
0.1907791077778119 0.6006009015654117 0
0.1286834073714659 0.5658099309430585 0
0.08974149240315192 0.5634992233716563 0
0.05055287520853663 0.5632372748694351 0
0.1839925697724692 0.6149496968009981 0
0.05397114317036473 0.6165192378864255 0
0.1194503828056846 0.6195194966516544 0
0.08351879443423131 0.6173654646737912 0
0.1516932395957066 0.5659846318450055 0
0.01464101615136229 0.5646410161513409 0
0.01464101615139668 0.6353589838486455 0
1.985358983848902 0.635358983848767 0
1.985358983848752 0.564641016151197 0
0.1697992526414196 0.6381351132486969 0
1.955308415872149 0.5808616267013339 0
1.969074376548975 0.6042053415560659 0
2 2 0 337
875
876
877
878
879
880
881
882
883
884
885
886
887
888
889
890
891
892
893
894
895
896
897
898
899
900
901
902
903
904
905
906
907
908
909
910
911
912
913
914
915
916
917
918
919
920
921
922
923
924
925
926
927
928
929
930
931
932
933
934
935
936
937
938
939
940
941
942
943
944
945
946
947
948
949
950
951
952
953
954
955
956
957
958
959
960
961
962
963
964
965
966
967
968
969
970
971
972
973
974
975
976
977
978
979
980
981
982
983
984
985
986
987
988
989
990
991
992
993
994
995
996
997
998
999
1000
1001
1002
1003
1004
1005
1006
1007
1008
1009
1010
1011
1012
1013
1014
1015
1016
1017
1018
1019
1020
1021
1022
1023
1024
1025
1026
1027
1028
1029
1030
1031
1032
1033
1034
1035
1036
1037
1038
1039
1040
1041
1042
1043
1044
1045
1046
1047
1048
1049
1050
1051
1052
1053
1054
1055
1056
1057
1058
1059
1060
1061
1062
1063
1064
1065
1066
1067
1068
1069
1070
1071
1072
1073
1074
1075
1076
1077
1078
1079
1080
1081
1082
1083
1084
1085
1086
1087
1088
1089
1090
1091
1092
1093
1094
1095
1096
1097
1098
1099
1100
1101
1102
1103
1104
1105
1106
1107
1108
1109
1110
1111
1112
1113
1114
1115
1116
1117
1118
1119
1120
1121
1122
1123
1124
1125
1126
1127
1128
1129
1130
1131
1132
1133
1134
1135
1136
1137
1138
1139
1140
1141
1142
1143
1144
1145
1146
1147
1148
1149
1150
1151
1152
1153
1154
1155
1156
1157
1158
1159
1160
1161
1162
1163
1164
1165
1166
1167
1168
1169
1170
1171
1172
1173
1174
1175
1176
1177
1178
1179
1180
1181
1182
1183
1184
1185
1186
1187
1188
1189
1190
1191
1192
1193
1194
1195
1196
1197
1198
1199
1200
1201
1202
1203
1204
1205
1206
1207
1208
1209
1210
1211
0.4826843424452169 0.7800033775761741 0
0.2851635856775747 0.8632091349427423 0
0.3497324424813669 0.6680137581207415 0
0.3308949650545955 0.9018125608758218 0
0.2899439451886995 0.6664263179037834 0
0.4826203409803078 0.8392407506517996 0
0.2377180691825577 0.8273070711600723 0
0.2305343069340475 0.6670079100000008 0
0.4099999999999304 0.6673205080755686 0
0.4855226056950405 0.8976932498873783 0
0.1862744754084756 0.7978051748425883 0
0.1717427957883862 0.6673848253071739 0
0.3702322668198095 0.9464622142058629 0
0.1106240925016996 0.7633598559806775 0
0.480086171467715 0.959906694084653 0
0.4826794919242661 0.7200000000001782 0
0.09092147976354745 0.6672587099419542 0
0.1477612685144364 0.7784445621096711 0
0.3965840123755121 0.9805556490881641 0
0.05521679250479447 0.7450095378476194 0
0.130000000000541 0.6673205080757608 0
0.4186733013262678 1.014293921617336 0
0.04926971393027615 0.6656272221414529 0
0.4517391174382059 0.6679362281950354 0
0.4834542115143473 1.001193941298256 0
0.439874923728773 1.048595850672641 0
0.01639288865150307 0.7001626760556496 0
0.4826794919243531 1.06000000000064 0
0.4677607395907059 1.10563063235402 0
0.4830645760211734 0.680084768375812 0
0.4836781999253268 1.119099140817081 0
0.3005320974293936 0.8761075967562647 0
0.3037335651303094 0.8562759396506472 0
0.2883452070845006 0.843607477209897 0
0.3068654743472198 0.8367610381081365 0
0.3222115634658057 0.8492365189574743 0
0.3253319698438281 0.8296972850165714 0
0.3100157101175611 0.8172300107858207 0
0.3284673082117899 0.8101455945106046 0
0.3406807979043357 0.8421889841089187 0
0.313073174698589 0.7976626279407395 0
0.3315949420258012 0.7905708831911811 0
0.3161773976347463 0.7780653589455682 0
0.3347223000348343 0.7709718068742515 0
0.3501424900564644 0.7835038803439607 0
0.3532772907895292 0.7638737499349721 0
0.3687120877167269 0.7764233342755613 0
0.371853417684035 0.7567766799889371 0
0.3872947723262817 0.7693134127059233 0
0.3841510304148165 0.788981723909554 0
0.319301746307624 0.7584584813220927 0
0.3007492335740248 0.7655583028046982 0
0.3904369402400938 0.7496531322823552 0
0.303872831168272 0.7459457917463533 0
0.2853229689948106 0.7530565087809884 0
0.4027373547750503 0.7818616975497856 0
0.3995917964954411 0.8015282996552809 0
0.3564348110930201 0.7442491292595804 0
0.2821928410311708 0.7726576737813184 0
0.2667810869777386 0.7601634187278647 0
0.2699106008451724 0.7406052195582126 0
0.2513610301133149 0.7476828591725307 0
0.4178143370992822 0.794884568343196 0
0.4149680624640017 0.8141569266719857 0
0.4208827375756503 0.7752185237058367 0
0.2482523305741949 0.7672718225663 0
0.2328363557225949 0.7547965182273391 0
0.2359323648253351 0.7351879896282425 0
0.2173994717659342 0.7423116370461961 0
0.396430891067271 0.8211959912607332 0
0.4118575980089213 0.8337465233017275 0
0.3932487774118725 0.8407913906874397 0
0.408722842333655 0.8533750478302249 0
0.3900742013970562 0.8603475986063903 0
0.4055584232575121 0.872991247048478 0
0.424145338659199 0.8659150430274024 0
0.4209893376307457 0.885558770956254 0
0.3870060113775219 0.880077368713114 0
0.4330354435525998 0.8074367833895791 0
0.2204954208255828 0.7226980336095379 0
0.2019448595284379 0.7298240385784128 0
0.2393845077850141 0.7153334094302097 0
0.2050510907695709 0.7101944548883206 0
0.1865029059383853 0.7173329090896018 0
0.1834008031163147 0.7369511429528168 0
0.167962658942677 0.7244709597157738 0
0.2297474372320513 0.7743819195347117 0
0.4395799717995943 0.8784693606348386 0
0.4364116188944859 0.8981092496367946 0
0.4178356169271437 0.9051947770720925 0
0.4332455478112468 0.9177404249525111 0
0.41498195233186 0.9244358900948966 0
0.4301332521463722 0.9373075676082361 0
0.4486694874093304 0.9302791405745077 0
0.445501170578452 0.9499228658337204 0
0.4427411431379309 0.8588164627544761 0
0.3375641770587482 0.8617255120817893 0
0.2451410075045325 0.7868415726904147 0
0.3999084392796431 0.9116541533255313 0
0.2945418605205209 0.8046890779628334 0
0.3777867079779319 0.8282093387784261 0
0.3224263477226754 0.7388287319205229 0
0.3069857353721769 0.7263008081734054 0
0.3255635539807528 0.7191761424953139 0
0.3103285631431646 0.7066704725826491 0
0.2931462567526942 0.7139608477630067 0
0.4581423980132405 0.8712518107823337 0
0.2260596628271164 0.7944592539807896 0
0.4115804172101226 0.9434279799480831 0
0.1648803763769283 0.7440759320160069 0
0.1498467779463565 0.731106773383695 0
0.1525940355807859 0.7119099947611607 0
0.1344761322328948 0.718540229131535 0
0.1809437179385493 0.7563967682874225 0
0.3287060025748011 0.6995084666632213 0
0.3441821012128543 0.7120633412373575 0
0.1896473145461715 0.6978205727608697 0
0.3560463268795786 0.8546700448059543 0
0.3528788979896139 0.8741089712996352 0
0.1371399155679472 0.6997484262715705 0
0.1190036035398018 0.7075751007861228 0
0.116895400867688 0.7293379998570397 0
0.1007064021927718 0.7154534061561885 0
0.09639192661720115 0.7346965735243082 0
0.08155195957779243 0.7214258167371357 0
0.08689500161517803 0.7004657984709708 0
0.06645809928674802 0.7084214032416446 0
0.2119653448828365 0.7807168801548278 0
0.2073655181754264 0.6898695652964255 0
0.313224316532871 0.6869531484248734 0
0.06909981622479559 0.6888921557875467 0
0.04899410655603879 0.6960284824256914 0
0.04749916217070217 0.7157291375607022 0
0.1558637009388888 0.6937870207433382 0
0.1462990728004086 0.7483500313190772 0
0.07743503543093409 0.7402312176783229 0
0.2064662475956883 0.797828055711578 0
0.191147760932315 0.6783263118159771 0
0.4641332667054434 0.9432257499888692 0
0.46675962826644 0.9241428364011626 0
0.3472494176154234 0.6913077530780128 0
0.3627969859738095 0.7047562291766218 0
0.3659020766277381 0.6846535108430012 0
0.3814385488493138 0.6976838463213637 0
0.3786292009656366 0.717498977517943 0
0.3973408825393695 0.7098382124765019 0
0.3842930844845773 0.6797839125660682 0
0.4654135935382173 0.850922893776227 0
0.4466557384862253 0.8387618245112585 0
0.4785942058051636 0.8681827429097837 0
0.3343541082993605 0.8816757765351282 0
0.3500555263656593 0.8938098559323475 0
0.3472626545936019 0.9175299521013818 0
0.366038699341498 0.906729706655957 0
0.3653139744702468 0.9255804888400889 0
0.4609084073355855 0.9624960289459569 0
0.4423227476797232 0.9695677320723599 0
0.4572153266462988 0.9820433869013521 0
0.440283982618126 0.9902588217431947 0
0.4539178684524299 1.001931912748926 0
0.4256067155150543 0.9770059915454776 0
0.2411352843967638 0.8072318459807134 0
0.2603466229349662 0.7993995953648771 0
0.2568938942589595 0.8191698233282672 0
0.3298186965342619 0.6792311008699495 0
0.1203441512787742 0.6871306616244599 0
0.1659802889397932 0.786859149907785 0
0.1286001923945025 0.7716156961105274 0
0.1267251913838711 0.7513264479187394 0
0.4073893937312003 0.9976901329521778 0
0.4296541184358012 1.031301259057822 0
0.4484275242870264 1.031876466262866 0
0.4630493473607517 1.049869985475532 0
0.4673123275757515 1.02986234978749 0
0.03438281385390277 0.7416538012871615 0
0.384720917554476 0.9644241643594077 0
0.4494651301327388 1.066236511898285 0
0.4581793540022513 1.084949328920424 0
0.4772262192194926 1.087762348510286 0
0.4811631173603551 1.139662022842133 0
0.09078674346116219 0.7547387819585066 0
0.2530523394847776 0.8388156018601051 0
0.3155864133861401 0.8888642439864892 0
0.3913373402024649 0.9457626419358511 0
0.2696741107172793 0.8508728513814501 0
0.1828892611767577 0.7764513471830671 0
0.2731755717125631 0.8309518099331684 0
0.426911895439849 0.9570467490115478 0
0.4072289755248944 0.9643230013818573 0
0.1992651721895546 0.7490543119570201 0
0.4026378904979852 0.8925552813384878 0
0.1615888821301019 0.7650911927434234 0
0.483554191285742 0.9814951422953225 0
0.06992994238736808 0.6694816429435669 0
0.3809979773552743 0.8086427131335712 0
0.3623802876756746 0.8156451742451694 0
0.3655618536060734 0.7960455060372703 0
0.1100131060031205 0.6673129413215949 0
0.1000394721486988 0.6846936033416762 0
0.1502885208427802 0.6658208923109816 0
0.371421624361107 0.8671534219224846 0
0.2147953819224905 0.7613606156440484 0
0.03011371222883438 0.6648000110925688 0
0.01631639319094711 0.7190430447057259 0
0.4826785825692212 0.8198772771660084 0
0.4652359914690603 0.8297896980106951 0
0.4658268419864287 0.809932587077647 0
0.2500771828779874 0.6672649611285983 0
0.242010939753646 0.683582790025826 0
0.2605114185333114 0.6843253112689001 0
0.2700767760298407 0.6671092546554287 0
0.2799281095772428 0.6846389376312905 0
0.2680909262853852 0.7011674323496663 0
0.2092113135624168 0.6682477111486783 0
0.4827600654206228 0.7999688734956301 0
0.4658402365572296 0.7899926759086637 0
0.4654505491512937 0.7700167911972754 0
0.4485884162271102 0.7800165066027491 0
0.4490623236166414 0.7600395451890548 0
0.4655466694106352 0.7500348245229588 0
0.4482544175918958 0.7400678876115405 0
0.4330038235019676 0.7500895810704857 0
0.4312012619339801 0.7301645921464048 0
0.4481515366534602 0.7201079591158478 0
0.43100702845093 0.7105502860834233 0
0.447771502505066 0.7007400932227528 0
0.4307210668592087 0.6901406761244187 0
0.4129264743393584 0.7433208995041951 0
0.2636214809165738 0.7797666864834004 0
0.2790081307755704 0.7921883522933297 0
0.2976237730391036 0.7851368989547478 0
0.4305507657624888 0.6707735506494947 0
0.482739532607057 0.7000306591310681 0
0.4636748838325798 0.6870267827075609 0
0.4826794919242753 0.7400000000002332 0
0.4827268421552369 0.7600091655495318 0
0.3985845712008065 0.6920673105698683 0
0.3189969874616262 0.8689809313279655 0
0.4654409287508091 0.7300516141451463 0
0.3469872484174838 0.8030762103158056 0
0.2887243695440599 0.7335177767648702 0
0.4058865173337916 0.7622059961295898 0
0.3959474202694082 0.7303973358221432 0
0.4650763127122064 0.7096595180537589 0
0.3378565230761077 0.7513495118223621 0
0.4510876577340871 0.9107105608216606 0
0.4541666089265158 0.8907834135329489 0
0.2549167552249354 0.7289710149660846 0
0.3438289732055927 0.8226562655169266 0
0.4274268154043339 0.8462086169617957 0
0.3596704356233131 0.724575687029279 0
0.2221045350640297 0.7032471280512295 0
0.3113019970158969 0.6676124972420332 0
0.1710515235906904 0.7048614545478863 0
0.3409766425089637 0.731715171622754 0
0.4304341164044023 0.8267030369076107 0
0.3754953709792511 0.7371918236500395 0
0.3592003454658986 0.8351765832735443 0
0.3746296639155741 0.8477247296790399 0
0.2186591913646239 0.8143612646788139 0
0.06226362594887393 0.7269469726841495 0
0.2914450842081703 0.8241172708167667 0
0.4388726941269913 1.013348687657529 0
0.2740899256451483 0.7191156959491881 0
0.2757722820675695 0.8115392952533911 0
0.4136899909520006 0.7205191153681219 0
0.4485867621577957 0.8187749862967444 0
0.4831475871685924 0.9394479418509001 0
0.3842314502819056 0.8992052209173879 0
0.3686053682862176 0.8868474242401543 0
0.4722917259286065 0.8845887218447211 0
0.1735741171051091 0.6865189428462332 0
0.3716546005990279 0.6658735600247133 0
0.01916367410216029 0.6795970678298445 0
0.4701766347699418 0.6666546465432145 0
0.2511570704309407 0.7005769387005101 0
0.483538139224355 1.02131383157829 0
0.2959843274336975 0.6943119250719668 0
0.3821781518980285 0.9178577378586497 0
0.03168907798004882 0.691910013963653 0
0.4142447514099612 0.7022499855008454 0
0.4494004325426258 0.7993768079064087 0
0.4840305591113962 0.9181246931453242 0
0.4682626183816925 1.069499305057827 0
0.1416218125351871 0.6820030163060645 0
0.4827632176808685 1.040174361140547 0
0.1975762840745089 0.7672562237752623 0
0.4854819059752334 1.161315728905671 0
0.3975885369849333 0.9296245103436886 0
0.4681513760329716 1.010954211952964 0
0.4927425248021524 1.221516927073025 0
0.108607154662191 0.7462580345043426 0
0.01583126488861437 0.7370762409975021 0
0.03190318069529532 0.7085261456692866 0
0.4857330317471051 1.10249842433649 0
0.4246375962462811 0.9976272560834509 0
0.4343732487720271 0.788478238516059 0
0.2242895114306662 0.6844348929456497 0
0.1348485150462438 0.7357322963220172 0
0.4448914672795098 0.6833234661798524 0
0.08428447615583741 0.6827830585216424 0
0.4682487480978136 0.9039470978455046 0
0.3808476286308484 0.9334229067653983 0
0.3905713005160584 0.6642913482567036 0
0.07060780369486855 0.754385141443108 0
0.1961966578918603 0.785178753374604 0
0.1900000000007906 0.6623486763195678 0
0.3300000000004853 0.6623393018600046 0
0.4142578338205722 0.6841029671717784 0
0.4687586478110585 0.992890472488942 0
0.3546674817880219 0.936362029219949 0
0.01464962591334619 0.6646496259133039 0
0.4853589838485868 0.6646410161514058 0
0.4356901699733436 0.7697618314344944 0
0.2997726124964759 0.6793129081093516 0
0.04626875940849992 0.730817625065276 0
0.05553552332566283 0.6805321893860603 0
0.4875894204862929 0.8814949592348578 0
0.2592116467526091 0.7135848778667216 0
0.48847767997574 1.179503656065457 0
0.4904066881175939 1.201677615819525 0
0.4690399971056181 1.124436816432303 0
0.03198140256422626 0.7247486759467474 0
0.1053618186907676 0.6995386989778163 0
0.4858724594443399 1.074469618029042 0
0.1599893239806952 0.6782215865816149 0
0.4210125183894483 0.7601669634340696 0
0.1423050449513124 0.7642970844958592 0
0.1991275169046902 0.8110508320130769 0
0.4107967081470509 0.9829311210042572 0
0.4696074622967032 0.9739830034957834 0
0.4545283720665271 1.017577953033658 0
0.3995413580043889 0.6775132093279974 0
0.03977548788358406 0.6781235324649784 0
0.2367843538037806 0.6982922772499869 0
0.4858038465590837 0.8547172956170042 0
0.2833845967786024 0.7021111186007452 0
2 3 0 168
1212
1213
1214
1215
1216
1217
1218
1219
1220
1221
1222
1223
1224
1225
1226
1227
1228
1229
1230
1231
1232
1233
1234
1235
1236
1237
1238
1239
1240
1241
1242
1243
1244
1245
1246
1247
1248
1249
1250
1251
1252
1253
1254
1255
1256
1257
1258
1259
1260
1261
1262
1263
1264
1265
1266
1267
1268
1269
1270
1271
1272
1273
1274
1275
1276
1277
1278
1279
1280
1281
1282
1283
1284
1285
1286
1287
1288
1289
1290
1291
1292
1293
1294
1295
1296
1297
1298
1299
1300
1301
1302
1303
1304
1305
1306
1307
1308
1309
1310
1311
1312
1313
1314
1315
1316
1317
1318
1319
1320
1321
1322
1323
1324
1325
1326
1327
1328
1329
1330
1331
1332
1333
1334
1335
1336
1337
1338
1339
1340
1341
1342
1343
1344
1345
1346
1347
1348
1349
1350
1351
1352
1353
1354
1355
1356
1357
1358
1359
1360
1361
1362
1363
1364
1365
1366
1367
1368
1369
1370
1371
1372
1373
1374
1375
1376
1377
1378
1379
1.41634280707381 0.4820216383725527 0
1.984198112323404 0.481746459382202 0
1.491084676968087 0.5324871078901459 0
1.910047686051893 0.5317962096207978 0
1.901714203273889 0.4445121831544614 0
1.498273455032093 0.4445561542229615 0
1.417973613919261 0.442368236436564 0
1.981964776436264 0.4424373621599544 0
1.529999123657 0.5332373504724889 0
1.870128256566411 0.530087081975413 0
1.53299429177047 0.469137538996767 0
1.86682790094242 0.4689253792943759 0
1.452295637643746 0.5335978981869901 0
1.949786070982298 0.5328140936956836 0
1.830903666902711 0.4884383320212201 0
1.569793869361514 0.4874471175356409 0
1.932246362758339 0.4162354037674943 0
1.467970196561621 0.4162252640702754 0
1.416125183447438 0.4079408730228112 0
1.983606973083361 0.4061188744750592 0
1.592575041927115 0.5327687517178177 0
1.808210815482236 0.5327318050995412 0
1.628674471337057 0.5073030370299886 0
1.772049236080181 0.5072575665112199 0
1.416839382851416 0.5208333333332181 0
1.980763471103965 0.5185387317396161 0
1.731729696509615 0.515381917672613 0
1.669292848826633 0.5161664373264031 0
1.968604933981343 0.3666428221439983 0
1.431748190106332 0.3668574443084991 0
1.689999999999674 0.5326794919243363 0
1.74987520943536 0.5321682910467289 0
1.650354050759852 0.5317577739528163 0
1.957709389104976 0.3846463736187738 0
1.944927975829312 0.4014501449761774 0
1.95148128640322 0.420343681002266 0
1.937432768437114 0.4354914716404524 0
1.958711993184473 0.4389429959217027 0
1.943718354753694 0.4540591368509986 0
1.964389017545026 0.4573655525898815 0
1.950470649027438 0.4719249776003703 0
1.931641032510738 0.4683361824276509 0
1.938029314256228 0.4861056526949392 0
1.919523058625801 0.4837358889777102 0
1.92667966292551 0.5025145407208262 0
1.906108284111374 0.4978355968825263 0
1.899696735255246 0.4785530208280131 0
1.886770613440759 0.4942611177340213 0
1.956862035558044 0.4882654053573702 0
1.893325000346002 0.5136998177471142 0
1.87411514215068 0.5093621656726872 0
1.971448803345688 0.4230933777169759 0
1.916867590726864 0.430983287769816 0
1.44277418134248 0.3846954080581401 0
1.455298575552679 0.4012732797515893 0
1.448463376500852 0.4201910055130799 0
1.46251216694679 0.4353996904684515 0
1.441109386479099 0.4387623273279194 0
1.455997846234242 0.4539161163585562 0
1.435355112686765 0.457153988083277 0
1.449018154400069 0.4716883322310004 0
1.467860332553825 0.468335263097359 0
1.461300990168486 0.4868354301177563 0
1.479812948549936 0.4840046963699489 0
1.473623300437824 0.5012808670693853 0
1.493470632380865 0.49828052079281 0
1.49984343287199 0.4791428028172949 0
1.512537609950383 0.4948721850351044 0
1.44282911155784 0.4903002521379527 0
1.506305894406502 0.5133186944998805 0
1.428502473653002 0.4231860250985485 0
1.526064213133124 0.5081113169182346 0
1.534270129296523 0.489931936210191 0
1.543060346202836 0.5064819135073489 0
1.483143280404041 0.4309965917449999 0
1.886437175979146 0.4598790484111871 0
1.51344075064487 0.4600687776101282 0
1.812383676004194 0.496050743182709 0
1.827675399776958 0.5065922129076884 0
1.846249698718955 0.4992225937522644 0
1.838925583041897 0.5177438823102134 0
1.792357014519828 0.5024407636850698 0
1.786471559835658 0.5216639668293418 0
1.588859464858857 0.4959272427761488 0
1.574501521926388 0.5054587783774007 0
1.608582068646782 0.5024162350161727 0
1.614609849134105 0.5229921144148928 0
1.711131350173731 0.5176584756425057 0
1.551551378197767 0.4782575891910451 0
1.981224911567026 0.347922120420909 0
1.418825534544672 0.3479527804512215 0
1.866196376867181 0.4913751662587833 0
1.478452440055538 0.452104679836161 0
1.921415727803544 0.4520729856734969 0
1.848810708156722 0.4794718192918295 0
1.980083997626441 0.3856052191561001 0
1.420058487572991 0.3857797921129038 0
1.648242270899317 0.5122325550329314 0
1.751843127423259 0.5122128152404049 0
1.472806923101464 0.5329404552616408 0
1.930978472032887 0.533162019625685 0
1.939921766911827 0.5159304045338879 0
1.958720603340428 0.517242737395754 0
1.888915991507421 0.5329136793443952 0
1.570433348801554 0.5343778854058063 0
1.550055078463058 0.5336872802586097 0
1.983117912950638 0.4629802135438923 0
1.415752764048253 0.5014017545434218 0
1.43336147725286 0.5090689223843659 0
1.453895521481604 0.504747383520881 0
1.416850765237862 0.4627185289959574 0
1.98393918732502 0.4989644884207147 0
1.829847783681507 0.5345582149911344 0
1.509999999999834 0.5328364261827534 0
1.771668082931257 0.5353334112996121 0
1.435203713011573 0.403844397259512 0
1.628549183619434 0.5354647495398223 0
1.964876404232166 0.4035429451575587 0
1.431591163979367 0.531794301045832 0
1.969163171067394 0.5340766030309809 0
1.669929379917106 0.5361207406407112 0
1.728531994567638 0.5337292304913455 0
1.593186201544173 0.5134834327750071 0
1.808174794864111 0.5133771237319131 0
1.494429135442632 0.4609873741857764 0
1.91244380236178 0.5129491681376337 0
1.905371482319381 0.4608183826794247 0
1.690160651547735 0.5131724163569578 0
1.486498797367938 0.5149516756791791 0
1.405899940533088 0.2873823409124034 0
1.994100059582366 0.2873823410179653 0
1.709932668948064 0.5368134396116374 0
1.517771110621928 0.4779873596794508 0
1.968125411589001 0.4746334836555098 0
1.985991531620585 0.3652777777781663 0
1.414008468096912 0.3652777777772743 0
1.431411408428181 0.4752301130747082 0
1.881185760496951 0.4785987465052762 0
1.849718192070702 0.5341244619852228 0
1.413510433867119 0.3258611064898191 0
1.986497973767834 0.3258559966797702 0
1.559000454432018 0.5166066485704024 0
1.464953507174807 0.5174217747832796 0
1.946631086934605 0.5014024263674348 0
1.967715696097992 0.5021209202524357 0
1.609999999999645 0.5379539516196009 0
1.540027035603671 0.5207437085215955 0
1.987819714556209 0.4236944050928277 0
1.857667594088957 0.5123700321390026 0
1.789999999999662 0.5381190823332933 0
1.555091967228595 0.4953273194204948 0
1.412254436303839 0.4239913684286677 0
1.414291119022381 0.5358640553547328 0
1.985708880977685 0.5358640553548324 0
1.578943370401616 0.5209301401749962 0
1.408462751103025 0.3069444444441677 0
1.991537249128235 0.3069444444447352 0
1.427554784919734 0.491666666666435 0
1.881621097642629 0.5215156861849024 0
1.482135598608669 0.4690644564423364 0
1.446514152846607 0.5191517145596485 0
1.821950303565796 0.5207832506871293 0
1.925526282289847 0.5189961961278947 0
1.634727461342446 0.5214170777819571 0
1.765604381762979 0.5212477580148465 0
1.917056303046499 0.46897800123253 0
1.520586743987947 0.5223949265778483 0
1.971272880907978 0.4887444173720972 0
$EndNodes
$Elements
15 2811 1 2811
1 1 1 70
1 1 11 
2 11 12 
3 12 13 
4 13 14 
5 14 15 
6 15 16 
7 16 17 
8 17 18 
9 18 19 
10 19 20 
11 20 21 
12 21 22 
13 22 23 
14 23 24 
15 24 25 
16 25 26 
17 26 27 
18 27 28 
19 28 29 
20 29 30 
21 30 31 
22 31 32 
23 32 33 
24 33 34 
25 34 35 
26 35 36 
27 36 37 
28 37 38 
29 38 39 
30 39 40 
31 40 41 
32 41 42 
33 42 43 
34 43 44 
35 44 45 
36 45 46 
37 46 47 
38 47 48 
39 48 49 
40 49 50 
41 50 51 
42 51 52 
43 52 53 
44 53 54 
45 54 55 
46 55 56 
47 56 57 
48 57 58 
49 58 59 
50 59 60 
51 60 61 
52 61 62 
53 62 63 
54 63 64 
55 64 65 
56 65 66 
57 66 67 
58 67 68 
59 68 69 
60 69 70 
61 70 71 
62 71 72 
63 72 73 
64 73 74 
65 74 75 
66 75 76 
67 76 77 
68 77 78 
69 78 79 
70 79 5 
1 2 1 30
71 5 80 
72 80 81 
73 81 82 
74 82 83 
75 83 84 
76 84 85 
77 85 86 
78 86 87 
79 87 88 
80 88 89 
81 89 90 
82 90 91 
83 91 92 
84 92 93 
85 93 94 
86 94 95 
87 95 96 
88 96 97 
89 97 98 
90 98 99 
91 99 100 
92 100 101 
93 101 102 
94 102 103 
95 103 104 
96 104 105 
97 105 106 
98 106 107 
99 107 108 
100 108 2 
1 3 1 5
101 2 109 
102 109 110 
103 110 111 
104 111 112 
105 112 3 
1 4 1 75
106 3 113 
107 113 114 
108 114 115 
109 115 116 
110 116 117 
111 117 118 
112 118 119 
113 119 120 
114 120 121 
115 121 122 
116 122 123 
117 123 124 
118 124 125 
119 125 126 
120 126 127 
121 127 128 
122 128 129 
123 129 130 
124 130 131 
125 131 132 
126 132 133 
127 133 134 
128 134 135 
129 135 136 
130 136 137 
131 137 138 
132 138 139 
133 139 140 
134 140 141 
135 141 142 
136 142 143 
137 143 144 
138 144 145 
139 145 146 
140 146 147 
141 147 148 
142 148 149 
143 149 150 
144 150 151 
145 151 152 
146 152 153 
147 153 154 
148 154 155 
149 155 156 
150 156 157 
151 157 158 
152 158 159 
153 159 160 
154 160 161 
155 161 162 
156 162 163 
157 163 164 
158 164 165 
159 165 166 
160 166 167 
161 167 168 
162 168 169 
163 169 170 
164 170 171 
165 171 172 
166 172 173 
167 173 174 
168 174 175 
169 175 176 
170 176 177 
171 177 178 
172 178 179 
173 179 180 
174 180 181 
175 181 182 
176 182 183 
177 183 184 
178 184 185 
179 185 186 
180 186 6 
1 5 1 25
181 6 187 
182 187 188 
183 188 189 
184 189 190 
185 190 191 
186 191 192 
187 192 193 
188 193 194 
189 194 195 
190 195 196 
191 196 197 
192 197 198 
193 198 199 
194 199 200 
195 200 201 
196 201 202 
197 202 203 
198 203 204 
199 204 205 
200 205 206 
201 206 207 
202 207 208 
203 208 209 
204 209 210 
205 210 4 
1 6 1 5
206 4 211 
207 211 212 
208 212 213 
209 213 214 
210 214 1 
1 10 1 48
211 7 215 
212 215 216 
213 216 217 
214 217 218 
215 218 219 
216 219 220 
217 220 221 
218 221 222 
219 222 223 
220 223 224 
221 224 225 
222 225 226 
223 226 227 
224 227 228 
225 228 229 
226 229 230 
227 230 231 
228 231 232 
229 232 233 
230 233 234 
231 234 235 
232 235 236 
233 236 237 
234 237 238 
235 238 239 
236 239 240 
237 240 241 
238 241 242 
239 242 243 
240 243 244 
241 244 245 
242 245 246 
243 246 247 
244 247 248 
245 248 249 
246 249 250 
247 250 251 
248 251 252 
249 252 253 
250 253 254 
251 254 255 
252 255 256 
253 256 257 
254 257 258 
255 258 259 
256 259 260 
257 260 261 
258 261 8 
1 11 1 43
259 9 262 
260 262 263 
261 263 264 
262 264 265 
263 265 266 
264 266 267 
265 267 268 
266 268 269 
267 269 270 
268 270 271 
269 271 272 
270 272 273 
271 273 274 
272 274 275 
273 275 276 
274 276 277 
275 277 278 
276 278 279 
277 279 280 
278 280 281 
279 281 282 
280 282 283 
281 283 284 
282 284 285 
283 285 286 
284 286 287 
285 287 288 
286 288 289 
287 289 290 
288 290 291 
289 291 292 
290 292 293 
291 293 294 
292 294 295 
293 295 296 
294 296 297 
295 297 298 
296 298 299 
297 299 300 
298 300 301 
299 301 302 
300 302 303 
301 303 10 
1 12 1 5
302 4 304 
303 304 305 
304 305 306 
305 306 307 
306 307 9 
1 13 1 35
307 10 308 
308 308 309 
309 309 310 
310 310 311 
311 311 312 
312 312 313 
313 313 314 
314 314 315 
315 315 316 
316 316 317 
317 317 318 
318 318 319 
319 319 320 
320 320 321 
321 321 322 
322 322 323 
323 323 324 
324 324 325 
325 325 326 
326 326 327 
327 327 328 
328 328 329 
329 329 330 
330 330 331 
331 331 332 
332 332 333 
333 333 334 
334 334 335 
335 335 336 
336 336 337 
337 337 338 
338 338 339 
339 339 340 
340 340 341 
341 341 6 
1 14 1 18
342 8 342 
343 342 343 
344 343 344 
345 344 345 
346 345 346 
347 346 347 
348 347 348 
349 348 349 
350 349 350 
351 350 351 
352 351 352 
353 352 353 
354 353 354 
355 354 355 
356 355 356 
357 356 357 
358 357 358 
359 358 5 
1 15 1 18
360 2 359 
361 359 360 
362 360 361 
363 361 362 
364 362 363 
365 363 364 
366 364 365 
367 365 366 
368 366 367 
369 367 368 
370 368 369 
371 369 370 
372 370 371 
373 371 372 
374 372 373 
375 373 374 
376 374 375 
377 375 7 
2 1 2 1206
378 465 432 754 
379 472 390 473 
380 432 465 864 
381 393 478 867 
382 478 393 740 
383 473 475 688 
384 466 463 468 
385 390 472 861 
386 471 473 688 
387 860 17 867 
388 478 477 867 
389 468 463 862 
390 473 390 474 
391 477 860 867 
392 479 710 758 
393 468 385 469 
394 480 478 740 
395 469 385 472 
396 479 481 710 
397 462 643 753 
398 464 465 754 
399 470 686 864 
400 463 466 756 
401 761 429 762 
402 681 761 762 
403 481 438 872 
404 755 653 757 
405 710 427 758 
406 753 643 874 
407 438 481 863 
408 473 474 475 
409 688 475 865 
410 755 757 873 
411 686 470 866 
412 686 432 864 
413 662 772 837 
414 764 510 798 
415 759 395 789 
416 381 769 787 
417 773 573 812 
418 775 623 827 
419 768 555 809 
420 765 529 804 
421 760 379 784 
422 99 783 858 
423 76 781 856 
424 79 782 857 
425 71 780 855 
426 68 779 854 
427 56 777 850 
428 59 778 852 
429 47 776 848 
430 774 579 849 
431 34 771 845 
432 31 767 841 
433 770 561 846 
434 766 535 843 
435 763 682 839 
436 475 474 476 
437 385 468 862 
438 476 474 477 
439 476 477 478 
440 476 478 479 
441 479 478 480 
442 479 480 481 
443 626 628 752 
444 377 624 626 
445 376 639 641 
446 641 643 742 
447 622 624 741 
448 376 641 742 
449 624 377 741 
450 637 639 714 
451 382 620 622 
452 382 622 741 
453 643 462 742 
454 639 376 714 
455 391 637 714 
456 377 626 752 
457 391 635 637 
458 453 616 618 
459 423 631 633 
460 451 612 614 
461 454 608 610 
462 452 604 606 
463 448 600 602 
464 442 596 598 
465 631 423 644 
466 441 592 594 
467 142 143 750 
468 125 126 652 
469 439 588 590 
470 118 119 665 
471 129 130 690 
472 425 581 583 
473 131 132 702 
474 127 128 675 
475 133 134 691 
476 145 146 749 
477 137 138 666 
478 135 136 669 
479 139 140 674 
480 120 121 644 
481 424 574 576 
482 620 382 652 
483 588 439 645 
484 645 142 750 
485 444 570 572 
486 150 151 748 
487 628 644 752 
488 141 142 645 
489 635 391 665 
490 581 425 646 
491 453 618 652 
492 646 145 749 
493 153 154 747 
494 422 563 565 
495 616 453 675 
496 147 148 719 
497 451 614 675 
498 612 451 690 
499 454 610 690 
500 423 633 665 
501 608 454 702 
502 423 120 644 
503 452 606 702 
504 144 145 646 
505 604 452 691 
506 448 602 691 
507 600 448 669 
508 442 598 669 
509 570 444 647 
510 420 556 558 
511 596 442 666 
512 441 594 666 
513 563 422 648 
514 592 441 674 
515 647 150 748 
516 447 552 554 
517 439 590 674 
518 149 150 647 
519 439 141 645 
520 450 548 550 
521 548 450 723 
522 648 153 747 
523 546 548 723 
524 382 125 652 
525 155 156 721 
526 449 546 723 
527 449 544 546 
528 425 144 646 
529 152 153 648 
530 391 118 665 
531 119 423 665 
532 126 453 652 
533 574 424 719 
534 157 158 720 
535 162 163 746 
536 453 127 675 
537 130 454 690 
538 442 137 666 
539 451 129 690 
540 138 441 666 
541 134 448 691 
542 128 451 675 
543 132 452 702 
544 454 131 702 
545 136 442 669 
546 448 135 669 
547 452 133 691 
548 441 139 674 
549 140 439 674 
550 444 572 719 
551 544 449 649 
552 413 537 539 
553 444 149 647 
554 532 534 745 
555 143 425 750 
556 537 413 650 
557 422 152 648 
558 628 631 644 
559 146 424 749 
560 414 530 532 
561 556 420 721 
562 530 414 726 
563 148 444 719 
564 424 147 719 
565 528 530 726 
566 414 532 745 
567 552 447 720 
568 447 554 721 
569 425 583 750 
570 417 528 726 
571 649 162 746 
572 417 526 528 
573 450 550 720 
574 526 417 728 
575 151 422 748 
576 424 576 749 
577 524 526 728 
578 161 162 649 
579 415 524 728 
580 415 522 524 
581 513 418 651 
582 522 415 727 
583 154 420 747 
584 418 175 651 
585 618 620 652 
586 520 522 727 
587 416 520 727 
588 449 161 649 
589 422 565 748 
590 420 155 721 
591 416 518 520 
592 156 447 721 
593 176 177 751 
594 518 416 725 
595 164 165 650 
596 644 121 752 
597 614 616 675 
598 516 518 725 
599 534 650 745 
600 158 450 720 
601 447 157 720 
602 585 588 645 
603 418 516 725 
604 610 612 690 
605 418 513 516 
606 420 558 747 
607 413 164 650 
608 606 608 702 
609 633 635 665 
610 175 176 651 
611 578 581 646 
612 567 570 647 
613 602 604 691 
614 560 563 648 
615 598 600 669 
616 455 507 509 
617 163 413 746 
618 541 544 649 
619 534 537 650 
620 446 503 505 
621 594 596 666 
622 507 455 689 
623 413 539 746 
624 446 505 689 
625 651 176 751 
626 503 446 670 
627 590 592 674 
628 443 499 501 
629 443 501 670 
630 678 680 683 
631 499 443 672 
632 505 507 689 
633 485 678 683 
634 572 574 719 
635 440 495 497 
636 440 497 672 
637 550 552 720 
638 554 556 721 
639 501 503 670 
640 495 440 671 
641 491 436 658 
642 436 186 658 
643 436 493 671 
644 497 499 672 
645 201 438 744 
646 436 491 493 
647 683 680 684 
648 188 189 482 
649 178 179 689 
650 186 6 658 
651 180 181 670 
652 650 165 745 
653 493 495 671 
654 485 677 678 
655 182 183 672 
656 6 187 737 
657 658 6 737 
658 431 698 707 
659 177 455 751 
660 106 428 656 
661 698 699 707 
662 212 213 460 
663 184 185 671 
664 179 446 689 
665 189 190 677 
666 181 443 670 
667 419 96 657 
668 464 460 465 
669 455 178 689 
670 446 180 670 
671 482 189 677 
672 485 482 677 
673 705 707 708 
674 637 638 639 
675 190 378 677 
676 211 212 464 
677 104 435 654 
678 438 712 744 
679 104 105 435 
680 443 182 672 
681 183 440 672 
682 62 63 411 
683 435 105 656 
684 407 73 655 
685 73 74 655 
686 483 482 485 
687 185 436 671 
688 440 184 671 
689 105 106 656 
690 426 188 482 
691 707 699 708 
692 483 485 682 
693 65 66 667 
694 110 111 461 
695 66 406 667 
696 698 431 717 
697 426 482 483 
698 618 619 620 
699 639 640 641 
700 541 649 746 
701 682 485 683 
702 117 118 391 
703 635 636 637 
704 620 621 622 
705 212 460 464 
706 45 46 408 
707 102 445 668 
708 639 638 640 
709 96 97 657 
710 622 623 624 
711 100 101 387 
712 64 412 673 
713 97 98 437 
714 44 45 713 
715 410 61 676 
716 198 199 384 
717 97 437 657 
718 637 636 638 
719 486 483 682 
720 103 104 654 
721 81 82 398 
722 106 107 428 
723 399 44 713 
724 618 617 619 
725 465 460 466 
726 208 432 686 
727 620 619 621 
728 704 431 707 
729 95 96 419 
730 90 91 685 
731 427 205 687 
732 445 103 654 
733 405 90 685 
734 616 617 618 
735 61 62 676 
736 484 483 486 
737 487 486 490 
738 430 692 693 
739 687 434 688 
740 124 125 382 
741 204 427 710 
742 431 26 717 
743 197 198 724 
744 677 378 678 
745 622 621 623 
746 63 64 673 
747 430 28 692 
748 187 188 426 
749 95 419 700 
750 25 431 704 
751 187 426 737 
752 430 694 717 
753 457 53 701 
754 397 80 703 
755 62 411 676 
756 694 693 695 
757 459 49 709 
758 50 51 458 
759 694 698 717 
760 434 207 686 
761 199 200 659 
762 381 197 724 
763 206 434 687 
764 585 645 750 
765 52 457 711 
766 467 466 468 
767 102 103 445 
768 54 55 456 
769 484 486 487 
770 201 202 438 
771 596 595 597 
772 430 693 694 
773 80 81 703 
774 488 487 489 
775 208 209 432 
776 411 63 673 
777 594 593 595 
778 614 613 615 
779 694 695 696 
780 117 391 714 
781 705 704 707 
782 136 137 442 
783 384 660 662 
784 491 489 492 
785 204 205 427 
786 206 207 434 
787 45 408 713 
788 203 204 710 
789 583 582 584 
790 471 469 472 
791 616 615 617 
792 23 24 433 
793 678 378 679 
794 29 429 692 
795 126 127 453 
796 695 693 697 
797 590 589 591 
798 578 646 749 
799 433 24 704 
800 635 634 636 
801 32 33 383 
802 612 611 613 
803 138 139 441 
804 183 184 440 
805 185 186 436 
806 57 58 421 
807 181 182 443 
808 179 180 446 
809 588 586 589 
810 64 65 412 
811 633 634 635 
812 82 83 716 
813 24 25 704 
814 29 30 429 
815 27 28 430 
816 25 26 431 
817 119 120 423 
818 592 591 593 
819 585 584 586 
820 493 492 494 
821 598 597 599 
822 433 704 705 
823 207 208 686 
824 401 94 700 
825 91 92 409 
826 198 384 724 
827 205 206 687 
828 426 483 484 
829 140 141 439 
830 128 129 451 
831 567 647 748 
832 87 400 715 
833 53 54 701 
834 48 49 459 
835 134 135 448 
836 52 53 457 
837 23 433 722 
838 28 29 692 
839 495 494 496 
840 49 50 709 
841 51 52 711 
842 398 82 716 
843 581 582 583 
844 581 579 582 
845 83 392 716 
846 503 502 504 
847 614 615 616 
848 698 696 699 
849 497 496 498 
850 499 498 500 
851 537 538 539 
852 501 500 502 
853 539 538 540 
854 89 90 405 
855 608 607 609 
856 50 458 709 
857 54 456 701 
858 488 489 491 
859 539 540 541 
860 132 133 452 
861 610 609 611 
862 130 131 454 
863 583 584 585 
864 27 430 717 
865 458 51 711 
866 412 65 667 
867 560 648 747 
868 94 95 700 
869 541 540 542 
870 572 571 573 
871 467 468 469 
872 465 466 467 
873 537 535 538 
874 552 551 553 
875 590 591 592 
876 86 87 715 
877 177 178 455 
878 471 472 473 
879 26 27 717 
880 433 706 722 
881 528 529 530 
882 612 613 614 
883 550 549 551 
884 550 551 552 
885 552 553 554 
886 556 555 557 
887 526 527 528 
888 92 93 718 
889 146 147 424 
890 151 152 422 
891 22 23 722 
892 532 533 534 
893 544 542 545 
894 567 568 570 
895 101 102 668 
896 541 542 544 
897 450 159 723 
898 148 149 444 
899 534 535 537 
900 143 144 425 
901 154 155 420 
902 156 157 447 
903 528 527 529 
904 554 555 556 
905 565 564 566 
906 554 553 555 
907 518 519 520 
908 585 586 588 
909 578 577 579 
910 491 492 493 
911 530 531 532 
912 576 575 577 
913 560 559 561 
914 159 160 723 
915 160 161 449 
916 540 538 543 
917 592 593 594 
918 570 571 572 
919 520 521 522 
920 93 401 718 
921 387 101 668 
922 578 579 581 
923 524 525 526 
924 81 398 703 
925 158 159 450 
926 567 566 568 
927 624 623 625 
928 556 557 558 
929 72 73 407 
930 572 573 574 
931 558 559 560 
932 570 568 571 
933 624 625 626 
934 544 545 546 
935 160 449 723 
936 606 605 607 
937 560 561 563 
938 163 164 413 
939 166 167 414 
940 74 75 403 
941 574 573 575 
942 594 595 596 
943 563 561 564 
944 576 577 578 
945 530 529 531 
946 522 523 524 
947 170 171 415 
948 516 517 518 
949 574 575 576 
950 526 525 527 
951 546 547 548 
952 558 557 559 
953 83 84 392 
954 588 589 590 
955 172 173 416 
956 484 487 488 
957 91 409 685 
958 60 61 410 
959 66 67 406 
960 69 70 404 
961 77 78 402 
962 565 566 567 
963 608 609 610 
964 518 517 519 
965 566 564 569 
966 610 611 612 
967 170 415 728 
968 694 696 698 
969 169 170 728 
970 563 564 565 
971 414 167 726 
972 524 523 525 
973 505 504 506 
974 167 168 726 
975 522 521 523 
976 546 545 547 
977 520 519 521 
978 548 549 550 
979 174 175 418 
980 584 582 587 
981 534 533 535 
982 548 547 549 
983 532 531 533 
984 533 531 536 
985 168 169 417 
986 493 494 495 
987 173 174 725 
988 174 418 725 
989 171 172 727 
990 74 403 655 
991 409 92 718 
992 415 171 727 
993 84 85 730 
994 11 12 463 
995 433 705 706 
996 511 513 651 
997 495 496 497 
998 172 416 727 
999 497 498 499 
1000 604 603 605 
1001 577 575 580 
1002 641 642 643 
1003 516 514 517 
1004 168 417 726 
1005 596 597 598 
1006 680 679 681 
1007 514 512 515 
1008 416 173 725 
1009 499 500 501 
1010 501 502 503 
1011 660 661 663 
1012 513 514 516 
1013 89 405 729 
1014 22 722 738 
1015 21 22 738 
1016 417 169 728 
1017 5 80 397 
1018 87 88 400 
1019 93 94 401 
1020 503 504 505 
1021 600 599 601 
1022 18 19 393 
1023 606 607 608 
1024 511 510 512 
1025 602 601 603 
1026 15 16 390 
1027 559 557 562 
1028 511 512 513 
1029 193 194 731 
1030 196 197 381 
1031 509 508 510 
1032 190 191 378 
1033 509 510 511 
1034 192 193 379 
1035 194 195 380 
1036 604 605 606 
1037 513 512 514 
1038 195 196 732 
1039 43 44 399 
1040 38 39 734 
1041 39 40 394 
1042 42 43 736 
1043 488 491 658 
1044 41 42 396 
1045 37 38 389 
1046 35 36 386 
1047 663 661 664 
1048 40 41 733 
1049 507 506 508 
1050 602 603 604 
1051 36 37 735 
1052 470 469 471 
1053 633 632 634 
1054 598 599 600 
1055 600 601 602 
1056 85 86 388 
1057 20 21 395 
1058 505 506 507 
1059 384 659 660 
1060 13 14 385 
1061 392 84 730 
1062 507 508 509 
1063 678 679 680 
1064 19 20 739 
1065 379 193 731 
1066 194 380 731 
1067 196 381 732 
1068 380 195 732 
1069 396 42 736 
1070 85 388 730 
1071 488 658 737 
1072 389 38 734 
1073 41 396 733 
1074 467 469 470 
1075 395 21 738 
1076 39 394 734 
1077 37 389 735 
1078 394 40 733 
1079 43 399 736 
1080 88 89 729 
1081 484 488 737 
1082 386 36 735 
1083 641 640 642 
1084 384 662 724 
1085 393 19 739 
1086 115 116 376 
1087 426 484 737 
1088 122 123 377 
1089 400 88 729 
1090 124 382 741 
1091 631 632 633 
1092 20 395 739 
1093 388 86 715 
1094 664 661 712 
1095 393 739 740 
1096 384 199 659 
1097 660 659 661 
1098 539 541 746 
1099 626 625 627 
1100 116 117 714 
1101 378 191 743 
1102 192 379 743 
1103 627 625 630 
1104 200 201 744 
1105 679 378 743 
1106 626 627 628 
1107 123 124 741 
1108 114 115 742 
1109 191 192 743 
1110 455 509 751 
1111 631 629 632 
1112 113 114 462 
1113 628 629 631 
1114 628 627 629 
1115 115 376 742 
1116 377 123 741 
1117 110 461 653 
1118 165 166 745 
1119 661 659 744 
1120 376 116 714 
1121 659 200 744 
1122 462 114 742 
1123 565 567 748 
1124 109 110 653 
1125 576 578 749 
1126 558 560 747 
1127 712 661 744 
1128 509 511 751 
1129 583 585 750 
1130 121 122 752 
1131 166 414 745 
1132 511 651 751 
1133 122 377 752 
1134 111 112 753 
1135 213 214 756 
1136 466 460 756 
1137 209 210 754 
1138 107 108 755 
1139 681 697 761 
1140 697 681 760 
1141 776 515 848 
1142 777 536 850 
1143 778 543 852 
1144 779 562 854 
1145 780 569 855 
1146 783 630 858 
1147 781 580 856 
1148 771 490 845 
1149 782 587 857 
1150 767 684 841 
1151 383 763 839 
1152 402 774 849 
1153 404 770 846 
1154 421 766 843 
1155 408 764 798 
1156 664 759 789 
1157 769 708 787 
1158 403 773 812 
1159 406 768 809 
1160 456 765 804 
1161 697 760 784 
1162 437 775 827 
1163 772 706 837 
1164 664 712 859 
1165 472 385 861 
1166 475 476 758 
1167 692 429 761 
1168 697 693 761 
1169 681 679 760 
1170 739 395 759 
1171 486 682 763 
1172 512 510 764 
1173 743 379 760 
1174 680 681 762 
1175 531 529 765 
1176 31 32 767 
1177 538 535 766 
1178 557 555 768 
1179 564 561 770 
1180 381 724 769 
1181 34 35 771 
1182 662 660 772 
1183 575 573 773 
1184 582 579 774 
1185 47 48 776 
1186 625 623 775 
1187 56 57 777 
1188 59 60 778 
1189 68 69 779 
1190 76 77 781 
1191 71 72 780 
1192 79 5 782 
1193 99 100 783 
1194 705 708 837 
1195 683 684 839 
1196 722 706 838 
1197 487 490 840 
1198 429 30 841 
1199 514 515 842 
1200 533 536 843 
1201 540 543 844 
1202 383 33 845 
1203 559 562 846 
1204 566 569 847 
1205 408 46 848 
1206 577 580 849 
1207 456 55 850 
1208 584 587 851 
1209 421 58 852 
1210 406 67 854 
1211 404 70 855 
1212 627 630 853 
1213 403 75 856 
1214 402 78 857 
1215 437 98 858 
1216 474 390 860 
1217 461 111 753 
1218 460 213 756 
1219 432 209 754 
1220 428 107 755 
1221 15 390 861 
1222 385 14 861 
1223 463 12 862 
1224 13 385 862 
1225 16 17 860 
1226 465 467 864 
1227 710 481 872 
1228 434 686 866 
1229 653 461 757 
1230 17 18 867 
1231 480 740 859 
1232 1 11 868 
1233 214 1 868 
1234 210 4 869 
1235 4 211 869 
1236 112 3 870 
1237 108 2 871 
1238 2 109 871 
1239 3 113 870 
1240 476 479 758 
1241 438 202 872 
1242 203 710 872 
1243 684 767 839 
1244 762 429 841 
1245 708 769 837 
1246 763 383 845 
1247 706 772 838 
1248 490 771 840 
1249 764 408 848 
1250 765 456 850 
1251 515 776 842 
1252 766 421 852 
1253 536 777 843 
1254 768 406 854 
1255 543 778 844 
1256 770 404 855 
1257 562 779 846 
1258 773 403 856 
1259 569 780 847 
1260 774 402 857 
1261 775 437 858 
1262 580 781 849 
1263 587 782 851 
1264 630 783 853 
1265 687 688 865 
1266 740 739 759 
1267 693 692 761 
1268 679 743 760 
1269 684 680 762 
1270 490 486 763 
1271 515 512 764 
1272 536 531 765 
1273 543 538 766 
1274 32 383 767 
1275 562 557 768 
1276 569 564 770 
1277 724 662 769 
1278 35 386 771 
1279 660 663 772 
1280 580 575 773 
1281 587 582 774 
1282 630 625 775 
1283 48 459 776 
1284 57 421 777 
1285 60 410 778 
1286 69 404 779 
1287 72 407 780 
1288 77 402 781 
1289 5 397 782 
1290 100 387 783 
1291 390 16 860 
1292 459 799 842 
1293 407 811 847 
1294 386 788 840 
1295 663 789 838 
1296 397 814 851 
1297 387 824 853 
1298 410 805 844 
1299 551 808 810 
1300 808 412 810 
1301 699 696 786 
1302 708 699 787 
1303 696 695 785 
1304 695 697 784 
1305 395 738 789 
1306 699 786 787 
1307 696 785 786 
1308 695 784 785 
1309 500 498 793 
1310 504 502 795 
1311 496 494 791 
1312 494 492 790 
1313 498 496 792 
1314 502 500 794 
1315 506 504 796 
1316 492 489 788 
1317 508 797 798 
1318 508 506 797 
1319 500 793 794 
1320 504 795 796 
1321 496 791 792 
1322 494 790 791 
1323 502 794 795 
1324 498 792 793 
1325 492 788 790 
1326 510 508 798 
1327 506 796 797 
1328 700 831 832 
1329 831 617 832 
1330 459 709 799 
1331 709 458 800 
1332 799 709 800 
1333 800 458 801 
1334 458 711 801 
1335 409 835 836 
1336 835 611 836 
1337 711 457 802 
1338 801 711 802 
1339 457 701 803 
1340 802 457 803 
1341 803 701 804 
1342 701 456 804 
1343 379 731 784 
1344 731 380 785 
1345 784 731 785 
1346 545 805 806 
1347 785 380 786 
1348 380 732 786 
1349 786 732 787 
1350 732 381 787 
1351 545 542 805 
1352 549 807 808 
1353 547 545 806 
1354 549 547 807 
1355 547 806 807 
1356 551 549 808 
1357 667 406 809 
1358 412 667 810 
1359 667 809 810 
1360 386 735 788 
1361 663 664 789 
1362 788 735 790 
1363 735 389 790 
1364 790 389 791 
1365 389 734 791 
1366 791 734 792 
1367 734 394 792 
1368 792 394 793 
1369 632 824 825 
1370 407 655 811 
1371 394 733 793 
1372 793 733 794 
1373 733 396 794 
1374 824 668 825 
1375 794 396 795 
1376 811 655 812 
1377 396 736 795 
1378 795 736 796 
1379 655 403 812 
1380 736 399 796 
1381 399 713 797 
1382 797 713 798 
1383 796 399 797 
1384 713 408 798 
1385 419 657 829 
1386 599 597 821 
1387 589 586 814 
1388 597 595 820 
1389 601 599 822 
1390 589 814 816 
1391 700 419 831 
1392 603 826 828 
1393 591 589 816 
1394 595 593 819 
1395 603 601 826 
1396 519 517 799 
1397 593 591 817 
1398 419 829 831 
1399 519 799 800 
1400 521 519 800 
1401 617 615 832 
1402 521 800 801 
1403 657 437 827 
1404 593 817 819 
1405 591 816 817 
1406 595 819 820 
1407 609 833 836 
1408 523 521 801 
1409 607 830 833 
1410 607 605 830 
1411 615 613 834 
1412 597 820 821 
1413 601 822 826 
1414 605 603 828 
1415 832 615 834 
1416 523 801 802 
1417 525 523 802 
1418 609 607 833 
1419 599 821 822 
1420 527 525 803 
1421 525 802 803 
1422 527 803 804 
1423 409 718 835 
1424 611 609 836 
1425 529 527 804 
1426 657 827 829 
1427 605 828 830 
1428 805 676 806 
1429 410 676 805 
1430 676 411 806 
1431 807 673 808 
1432 673 412 808 
1433 411 673 807 
1434 806 411 807 
1435 654 435 818 
1436 632 629 824 
1437 668 445 825 
1438 656 428 813 
1439 555 553 809 
1440 553 551 810 
1441 809 553 810 
1442 435 656 815 
1443 445 654 823 
1444 435 815 818 
1445 654 818 823 
1446 445 823 825 
1447 571 811 812 
1448 571 568 811 
1449 573 571 812 
1450 656 813 815 
1451 642 640 813 
1452 397 703 814 
1453 814 703 816 
1454 813 640 815 
1455 640 638 815 
1456 703 398 816 
1457 816 398 817 
1458 815 638 818 
1459 398 716 817 
1460 817 716 819 
1461 716 392 819 
1462 638 636 818 
1463 819 392 820 
1464 392 730 820 
1465 818 636 823 
1466 730 388 821 
1467 820 730 821 
1468 636 634 823 
1469 387 668 824 
1470 821 388 822 
1471 388 715 822 
1472 715 400 826 
1473 826 400 828 
1474 634 632 825 
1475 823 634 825 
1476 822 715 826 
1477 623 621 827 
1478 400 729 828 
1479 827 621 829 
1480 621 619 829 
1481 833 685 836 
1482 405 685 833 
1483 729 405 830 
1484 401 700 832 
1485 830 405 833 
1486 829 619 831 
1487 828 729 830 
1488 401 832 834 
1489 619 617 831 
1490 613 611 835 
1491 718 401 834 
1492 685 409 836 
1493 718 834 835 
1494 834 613 835 
1495 799 517 842 
1496 811 568 847 
1497 788 489 840 
1498 789 738 838 
1499 805 542 844 
1500 814 586 851 
1501 824 629 853 
1502 706 705 837 
1503 738 722 838 
1504 682 683 839 
1505 489 487 840 
1506 30 31 841 
1507 517 514 842 
1508 535 533 843 
1509 542 540 844 
1510 33 34 845 
1511 561 559 846 
1512 568 566 847 
1513 46 47 848 
1514 579 577 849 
1515 55 56 850 
1516 586 584 851 
1517 58 59 852 
1518 67 68 854 
1519 629 627 853 
1520 70 71 855 
1521 75 76 856 
1522 78 79 857 
1523 98 99 858 
1524 759 664 859 
1525 477 474 860 
1526 643 642 874 
1527 428 755 873 
1528 461 753 874 
1529 471 688 866 
1530 684 762 841 
1531 490 763 845 
1532 515 764 848 
1533 536 765 850 
1534 543 766 852 
1535 767 383 839 
1536 769 662 837 
1537 562 768 854 
1538 771 386 840 
1539 772 663 838 
1540 569 770 855 
1541 580 773 856 
1542 587 774 857 
1543 776 459 842 
1544 630 775 858 
1545 777 421 843 
1546 778 410 844 
1547 779 404 846 
1548 780 407 847 
1549 781 402 849 
1550 782 397 851 
1551 783 387 853 
1552 470 471 866 
1553 712 438 863 
1554 740 759 859 
1555 14 15 861 
1556 12 13 862 
1557 642 757 874 
1558 481 480 863 
1559 427 687 865 
1560 467 470 864 
1561 475 758 865 
1562 688 434 866 
1563 18 393 867 
1564 859 712 863 
1565 753 112 870 
1566 756 214 868 
1567 755 108 871 
1568 754 210 869 
1569 480 859 863 
1570 211 464 869 
1571 11 463 868 
1572 113 462 870 
1573 109 653 871 
1574 202 203 872 
1575 758 427 865 
1576 462 753 870 
1577 464 754 869 
1578 653 755 871 
1579 463 756 868 
1580 757 642 873 
1581 642 813 873 
1582 757 461 874 
1583 813 428 873 
2 2 2 780
1584 898 1108 1149 
1585 1108 898 1174 
1586 280 281 1027 
1587 1047 902 1160 
1588 1058 1050 1063 
1589 877 1015 1017 
1590 1041 1060 1066 
1591 894 1010 1135 
1592 1102 927 1116 
1593 1036 982 1134 
1594 1010 894 1179 
1595 1043 996 1166 
1596 996 1043 1173 
1597 889 1013 1030 
1598 1015 877 1039 
1599 1027 281 1185 
1600 881 1036 1134 
1601 1022 880 1080 
1602 983 1058 1063 
1603 902 1047 1158 
1604 880 1022 1210 
1605 1013 889 1142 
1606 927 1102 1117 
1607 1060 988 1066 
1608 1004 1039 1127 
1609 1012 886 1146 
1610 878 280 1027 
1611 1014 1157 1176 
1612 1050 893 1063 
1613 892 1041 1066 
1614 1048 1047 1160 
1615 1157 884 1176 
1616 1025 878 1026 
1617 886 1012 1181 
1618 1034 1033 1137 
1619 1036 881 1038 
1620 887 1029 1185 
1621 1022 1024 1210 
1622 1106 883 1183 
1623 1029 887 1177 
1624 1101 1106 1183 
1625 878 1025 1057 
1626 1011 885 1203 
1627 998 1010 1055 
1628 1040 1072 1073 
1629 982 1011 1134 
1630 1040 895 1072 
1631 323 1151 1160 
1632 885 1011 1180 
1633 1038 881 1056 
1634 1127 1039 1182 
1635 1137 1033 1170 
1636 1012 1003 1088 
1637 1117 1019 1131 
1638 877 1017 1147 
1639 1006 1154 1168 
1640 1023 1022 1080 
1641 1106 1101 1174 
1642 318 905 1054 
1643 1108 904 1149 
1644 1014 1013 1142 
1645 1038 1056 1061 
1646 1007 1006 1168 
1647 1026 878 1027 
1648 317 318 1054 
1649 906 1057 1112 
1650 989 1015 1039 
1651 1004 989 1039 
1652 1024 331 1210 
1653 1014 1142 1157 
1654 1029 1027 1185 
1655 998 1055 1166 
1656 1072 891 1073 
1657 291 903 1052 
1658 1056 1059 1061 
1659 1057 1025 1112 
1660 1151 1048 1160 
1661 927 1117 1131 
1662 1088 1003 1172 
1663 331 1024 1192 
1664 1020 1019 1117 
1665 1052 903 1053 
1666 1102 1116 1201 
1667 1143 952 1144 
1668 905 903 1196 
1669 876 908 1059 
1670 276 876 1059 
1671 906 278 1057 
1672 268 892 1042 
1673 1045 1046 1137 
1674 288 900 1045 
1675 1045 900 1046 
1676 290 291 1052 
1677 1148 1154 1208 
1678 1077 1148 1208 
1679 1136 974 1139 
1680 1052 1053 1158 
1681 898 1106 1174 
1682 1023 1080 1141 
1683 1028 1143 1144 
1684 1059 908 1061 
1685 1068 1005 1175 
1686 1041 885 1060 
1687 887 1050 1058 
1688 1026 1027 1028 
1689 1051 290 1052 
1690 903 905 1169 
1691 275 276 1059 
1692 277 278 906 
1693 267 268 1042 
1694 948 946 1133 
1695 265 266 1055 
1696 287 288 1045 
1697 289 290 1051 
1698 881 274 1056 
1699 279 878 1057 
1700 270 885 1041 
1701 892 269 1041 
1702 887 283 1050 
1703 284 893 1050 
1704 286 896 1044 
1705 952 948 1075 
1706 893 285 1044 
1707 1073 1000 1198 
1708 1047 900 1051 
1709 263 894 1049 
1710 272 273 1134 
1711 1009 1043 1202 
1712 1061 1136 1139 
1713 1046 900 1047 
1714 1075 948 1133 
1715 1104 974 1105 
1716 943 1064 1076 
1717 967 983 1062 
1718 1028 1027 1029 
1719 1035 1062 1063 
1720 1107 1108 1118 
1721 1062 983 1063 
1722 1108 1100 1118 
1723 921 919 1071 
1724 949 952 1065 
1725 969 967 1062 
1726 879 1085 1086 
1727 933 1104 1105 
1728 879 197 1085 
1729 1070 1114 1123 
1730 1070 1071 1114 
1731 326 889 1067 
1732 924 921 1071 
1733 943 955 1064 
1734 951 949 1065 
1735 318 319 905 
1736 891 207 1068 
1737 984 1009 1066 
1738 320 1053 1169 
1739 1081 1089 1090 
1740 206 891 1072 
1741 901 306 1078 
1742 1033 1031 1035 
1743 910 907 1112 
1744 886 203 1074 
1745 931 924 1069 
1746 306 307 1078 
1747 915 917 1105 
1748 1117 1102 1140 
1749 988 984 1066 
1750 321 322 902 
1751 1082 882 1083 
1752 998 999 1010 
1753 1032 1031 1033 
1754 996 997 998 
1755 197 198 1085 
1756 899 325 1067 
1757 1109 1094 1110 
1758 974 915 1105 
1759 1069 924 1071 
1760 966 964 973 
1761 1020 1117 1140 
1762 959 984 988 
1763 1031 969 1062 
1764 984 985 1009 
1765 972 961 982 
1766 967 966 983 
1767 959 960 984 
1768 208 897 1068 
1769 324 325 899 
1770 1081 1079 1089 
1771 907 906 1112 
1772 1079 334 1089 
1773 199 882 1082 
1774 890 1107 1118 
1775 982 1002 1011 
1776 1030 969 1031 
1777 949 948 952 
1778 940 972 1103 
1779 972 1037 1103 
1780 940 941 961 
1781 965 964 966 
1782 972 982 1036 
1783 941 943 1076 
1784 895 205 1072 
1785 208 209 897 
1786 987 995 996 
1787 940 961 972 
1788 326 327 889 
1789 946 944 975 
1790 1109 890 1113 
1791 993 971 1025 
1792 204 895 1074 
1793 955 959 1064 
1794 933 1103 1104 
1795 947 946 948 
1796 1082 1083 1084 
1797 1086 1084 1087 
1798 206 207 891 
1799 926 929 933 
1800 963 951 964 
1801 1071 919 1114 
1802 955 958 959 
1803 964 951 1065 
1804 880 1079 1080 
1805 934 936 940 
1806 204 205 895 
1807 945 944 946 
1808 882 200 1088 
1809 329 330 884 
1810 897 209 1077 
1811 982 961 1002 
1812 202 203 886 
1813 946 975 1133 
1814 1090 1091 1092 
1815 998 997 999 
1816 325 326 1067 
1817 993 1025 1026 
1818 984 960 985 
1819 974 1104 1139 
1820 305 306 901 
1821 933 929 934 
1822 975 1069 1070 
1823 337 1109 1110 
1824 880 333 1079 
1825 332 333 880 
1826 199 200 882 
1827 944 931 1069 
1828 933 934 1103 
1829 198 199 1082 
1830 917 926 1105 
1831 938 931 944 
1832 196 197 879 
1833 1089 875 1090 
1834 207 208 1068 
1835 947 948 949 
1836 996 995 997 
1837 1035 1031 1062 
1838 205 206 1072 
1839 940 936 941 
1840 1125 990 1129 
1841 1103 1037 1104 
1842 1037 1036 1038 
1843 1032 1033 1034 
1844 193 194 877 
1845 959 958 960 
1846 971 910 1112 
1847 1092 1091 1093 
1848 203 204 1074 
1849 1080 1079 1081 
1850 1001 1006 1007 
1851 200 201 1088 
1852 1096 1097 1102 
1853 959 988 1064 
1854 965 966 967 
1855 1030 1031 1032 
1856 973 964 1065 
1857 1090 875 1091 
1858 945 946 947 
1859 1093 1095 1096 
1860 934 940 1103 
1861 1113 890 1118 
1862 198 1082 1085 
1863 963 964 965 
1864 1091 875 1110 
1865 335 875 1089 
1866 1094 1091 1110 
1867 975 944 1069 
1868 334 335 1089 
1869 1085 1084 1086 
1870 938 944 945 
1871 1094 1109 1113 
1872 333 334 1079 
1873 1018 1016 1019 
1874 338 890 1109 
1875 337 338 1109 
1876 335 336 875 
1877 926 933 1105 
1878 1107 904 1108 
1879 209 210 1077 
1880 1070 1069 1071 
1881 926 928 929 
1882 975 1070 1132 
1883 972 1036 1037 
1884 190 883 1106 
1885 190 191 883 
1886 1096 1095 1097 
1887 898 189 1106 
1888 189 190 1106 
1889 340 904 1107 
1890 338 339 890 
1891 890 339 1107 
1892 188 189 898 
1893 339 340 1107 
1894 340 341 904 
1895 336 337 1110 
1896 932 1125 1129 
1897 992 971 993 
1898 912 915 974 
1899 961 941 1076 
1900 1018 1019 1020 
1901 196 879 1127 
1902 914 910 971 
1903 875 336 1110 
1904 930 924 931 
1905 917 925 926 
1906 923 921 924 
1907 1025 971 1112 
1908 941 942 943 
1909 1093 1094 1095 
1910 934 935 936 
1911 950 949 951 
1912 1082 1084 1085 
1913 1093 1091 1094 
1914 937 931 938 
1915 970 1022 1023 
1916 1097 1098 1099 
1917 977 979 980 
1918 943 954 955 
1919 1099 1100 1101 
1920 962 951 963 
1921 1018 1020 1111 
1922 989 978 990 
1923 1099 1098 1100 
1924 985 986 987 
1925 1097 1095 1098 
1926 1019 1016 1125 
1927 1017 1016 1018 
1928 968 967 969 
1929 923 924 930 
1930 1015 990 1016 
1931 1002 961 1076 
1932 926 925 928 
1933 955 957 958 
1934 977 980 1115 
1935 276 277 876 
1936 930 931 937 
1937 934 929 935 
1938 987 994 995 
1939 916 913 1114 
1940 941 936 942 
1941 273 274 881 
1942 914 971 992 
1943 274 275 1056 
1944 937 938 953 
1945 278 279 1057 
1946 1046 1047 1048 
1947 992 993 1075 
1948 947 949 950 
1949 1013 969 1030 
1950 918 916 919 
1951 1017 1018 1021 
1952 920 922 932 
1953 1095 1094 1113 
1954 279 280 878 
1955 1021 1018 1111 
1956 270 271 885 
1957 1098 1095 1113 
1958 989 990 1015 
1959 930 937 939 
1960 876 277 906 
1961 1015 1016 1017 
1962 1056 275 1059 
1963 929 928 1115 
1964 282 283 887 
1965 269 270 1041 
1966 920 919 921 
1967 922 921 923 
1968 943 942 954 
1969 266 267 888 
1970 268 269 892 
1971 876 907 908 
1972 909 911 912 
1973 909 907 910 
1974 985 960 986 
1975 950 951 962 
1976 912 913 915 
1977 928 976 977 
1978 979 978 989 
1979 915 916 917 
1980 917 918 925 
1981 283 284 1050 
1982 919 916 1114 
1983 928 925 976 
1984 918 919 920 
1985 970 981 1022 
1986 977 978 979 
1987 920 921 922 
1988 979 989 1004 
1989 922 923 927 
1990 977 976 978 
1991 1100 1098 1118 
1992 917 916 918 
1993 286 287 896 
1994 263 264 894 
1995 284 285 893 
1996 911 910 914 
1997 915 913 916 
1998 285 286 1044 
1999 970 1023 1124 
2000 1098 1113 1118 
2001 965 967 968 
2002 955 954 957 
2003 888 267 1042 
2004 999 997 1000 
2005 970 962 981 
2006 950 962 970 
2007 876 906 907 
2008 912 911 913 
2009 908 907 909 
2010 923 930 1116 
2011 1022 981 1024 
2012 958 957 991 
2013 935 929 1115 
2014 928 977 1115 
2015 962 963 1121 
2016 909 910 911 
2017 266 888 1055 
2018 999 1000 1001 
2019 942 936 1122 
2020 945 947 1124 
2021 930 939 1116 
2022 987 986 994 
2023 968 969 1013 
2024 927 923 1116 
2025 936 935 1122 
2026 995 994 1040 
2027 952 1075 1144 
2028 991 957 1003 
2029 954 942 956 
2030 262 263 1049 
2031 920 932 1119 
2032 968 1013 1014 
2033 991 1003 1012 
2034 947 950 1124 
2035 925 918 1119 
2036 288 289 900 
2037 918 920 1119 
2038 976 925 1119 
2039 1016 990 1125 
2040 896 287 1045 
2041 990 978 1129 
2042 1114 913 1123 
2043 994 986 1008 
2044 1001 1005 1006 
2045 963 965 1120 
2046 981 962 1121 
2047 950 970 1124 
2048 888 1042 1043 
2049 960 958 1128 
2050 956 942 1122 
2051 953 938 1130 
2052 958 991 1128 
2053 1001 1000 1005 
2054 975 1132 1133 
2055 195 196 1127 
2056 976 1119 1129 
2057 963 1120 1121 
2058 911 914 1123 
2059 1119 932 1129 
2060 913 911 1123 
2061 1019 1125 1131 
2062 986 960 1128 
2063 965 968 1120 
2064 900 289 1051 
2065 1124 1023 1130 
2066 945 1124 1130 
2067 968 1014 1120 
2068 1038 1061 1139 
2069 932 922 1131 
2070 938 945 1130 
2071 1008 986 1128 
2072 957 954 1126 
2073 291 292 903 
2074 978 976 1129 
2075 954 956 1126 
2076 1003 957 1126 
2077 1125 932 1131 
2078 1061 908 1136 
2079 1010 999 1135 
2080 1070 1123 1132 
2081 293 294 1054 
2082 1001 1007 1135 
2083 922 927 1131 
2084 1123 914 1132 
2085 1047 1051 1158 
2086 914 992 1132 
2087 1164 899 1184 
2088 912 974 1136 
2089 1132 992 1133 
2090 992 1075 1133 
2091 1033 1035 1170 
2092 908 909 1136 
2093 1037 1038 1139 
2094 1000 1073 1175 
2095 273 881 1134 
2096 1115 980 1138 
2097 1065 952 1143 
2098 1122 935 1138 
2099 1097 1099 1140 
2100 999 1001 1135 
2101 1026 1028 1144 
2102 889 327 1142 
2103 1043 1042 1202 
2104 1055 1010 1179 
2105 993 1026 1144 
2106 1053 320 1199 
2107 909 912 1136 
2108 272 1134 1203 
2109 1028 1029 1153 
2110 896 1045 1137 
2111 1046 1048 1206 
2112 1104 1037 1139 
2113 935 1115 1138 
2114 1170 1035 1204 
2115 953 1130 1141 
2116 265 1055 1179 
2117 991 1012 1146 
2118 1054 905 1196 
2119 981 1121 1145 
2120 1102 1097 1140 
2121 1151 899 1164 
2122 1008 1128 1146 
2123 304 305 1148 
2124 187 188 1149 
2125 891 1068 1175 
2126 1080 1081 1141 
2127 1138 980 1211 
2128 895 1040 1159 
2129 1084 1083 1150 
2130 327 328 1142 
2131 1099 1101 1155 
2132 323 324 1151 
2133 1043 1009 1173 
2134 973 1065 1143 
2135 1130 1023 1141 
2136 980 979 1152 
2137 1075 993 1144 
2138 1087 1138 1211 
2139 1134 1011 1203 
2140 1158 1053 1199 
2141 1143 1028 1153 
2142 1005 1068 1191 
2143 192 193 1147 
2144 996 998 1166 
2145 1058 983 1163 
2146 988 1060 1161 
2147 307 9 1167 
2148 193 877 1147 
2149 1024 981 1145 
2150 1128 991 1146 
2151 1090 1092 1156 
2152 9 262 1167 
2153 1048 1164 1206 
2154 329 884 1157 
2155 1039 877 1182 
2156 296 297 1195 
2157 1145 1121 1176 
2158 1064 988 1161 
2159 322 323 1160 
2160 1002 1076 1161 
2161 305 901 1148 
2162 983 966 1163 
2163 1017 1021 1147 
2164 953 1141 1156 
2165 188 898 1149 
2166 1040 1073 1198 
2167 314 315 1195 
2168 317 1054 1162 
2169 889 1030 1205 
2170 896 1137 1170 
2171 894 264 1179 
2172 1055 888 1166 
2173 282 887 1185 
2174 1012 1088 1181 
2175 319 320 1169 
2176 882 1088 1172 
2177 885 271 1203 
2178 1087 1084 1150 
2179 1142 328 1157 
2180 1003 1126 1172 
2181 987 996 1173 
2182 1141 1081 1156 
2183 1009 985 1173 
2184 324 899 1151 
2185 939 937 1171 
2186 1100 1108 1174 
2187 979 1004 1152 
2188 903 292 1196 
2189 293 1054 1196 
2190 884 1145 1176 
2191 1111 1020 1155 
2192 1096 1102 1201 
2193 192 1147 1178 
2194 1172 1126 1209 
2195 883 191 1178 
2196 1088 201 1181 
2197 202 886 1181 
2198 956 1122 1193 
2199 1120 1014 1176 
2200 877 194 1182 
2201 195 1127 1182 
2202 1093 1096 1188 
2203 210 4 1186 
2204 4 304 1186 
2205 884 330 1192 
2206 331 332 1210 
2207 341 6 1187 
2208 6 187 1187 
2209 320 321 1199 
2210 995 1040 1198 
2211 879 1086 1189 
2212 1054 294 1162 
2213 1020 1140 1155 
2214 1000 997 1198 
2215 1040 994 1159 
2216 1147 1021 1178 
2217 939 1171 1188 
2218 1073 891 1175 
2219 294 295 1162 
2220 994 1008 1159 
2221 973 1143 1153 
2222 1140 1099 1155 
2223 899 1067 1184 
2224 1011 1002 1180 
2225 1068 897 1191 
2226 1145 884 1192 
2227 973 1153 1163 
2228 1081 1090 1156 
2229 1154 1006 1208 
2230 1150 956 1193 
2231 1137 1046 1206 
2232 328 329 1157 
2233 892 1066 1202 
2234 1154 901 1168 
2235 1148 901 1154 
2236 1156 1092 1171 
2237 1163 1153 1177 
2238 1051 1052 1158 
2239 315 296 1195 
2240 1002 1161 1180 
2241 1053 903 1169 
2242 1074 895 1159 
2243 1184 1067 1205 
2244 1086 1152 1189 
2245 902 322 1160 
2246 314 297 1165 
2247 1076 1064 1161 
2248 298 313 1165 
2249 1063 893 1204 
2250 1006 1191 1208 
2251 1162 295 1194 
2252 316 317 1162 
2253 966 973 1163 
2254 1005 1000 1175 
2255 1066 1009 1202 
2256 1034 1164 1184 
2257 1188 1096 1201 
2258 1044 896 1170 
2259 1159 1008 1200 
2260 888 1043 1166 
2261 1078 307 1167 
2262 1044 1170 1204 
2263 1035 1063 1204 
2264 1083 1172 1209 
2265 262 1049 1167 
2266 901 1078 1168 
2267 1067 889 1205 
2268 1024 1145 1192 
2269 1183 883 1207 
2270 1042 892 1202 
2271 296 315 1194 
2272 905 319 1169 
2273 1083 882 1172 
2274 1078 1167 1197 
2275 937 953 1171 
2276 1135 1007 1190 
2277 1074 1159 1200 
2278 316 1162 1194 
2279 1167 1049 1197 
2280 985 987 1173 
2281 894 1135 1190 
2282 1101 1100 1174 
2283 887 1058 1177 
2284 1048 1151 1164 
2285 1121 1120 1176 
2286 1171 1092 1188 
2287 953 1156 1171 
2288 1155 1101 1183 
2289 1049 894 1190 
2290 902 1158 1199 
2291 883 1178 1207 
2292 1060 885 1180 
2293 191 192 1178 
2294 1058 1163 1177 
2295 264 265 1179 
2296 1086 1087 1211 
2297 304 1148 1186 
2298 187 1149 1187 
2299 1153 1029 1177 
2300 295 296 1194 
2301 893 1044 1204 
2302 201 202 1181 
2303 194 195 1182 
2304 1161 1060 1180 
2305 1032 1034 1184 
2306 1126 956 1209 
2307 1127 879 1189 
2308 281 282 1185 
2309 1004 1127 1189 
2310 1077 210 1186 
2311 1092 1093 1188 
2312 904 341 1187 
2313 1008 1146 1200 
2314 330 331 1192 
2315 1006 1005 1191 
2316 1032 1184 1205 
2317 315 316 1194 
2318 1122 1138 1193 
2319 886 1074 1200 
2320 321 902 1199 
2321 292 293 1196 
2322 997 995 1198 
2323 1150 1083 1209 
2324 1138 1087 1193 
2325 980 1152 1211 
2326 271 272 1203 
2327 897 1077 1208 
2328 332 880 1210 
2329 1116 939 1201 
2330 1030 1032 1205 
2331 1021 1111 1207 
2332 1034 1137 1206 
2333 1148 1077 1186 
2334 1149 904 1187 
2335 1152 1086 1211 
2336 1146 886 1200 
2337 297 314 1195 
2338 956 1150 1209 
2339 1111 1183 1207 
2340 1087 1150 1193 
2341 1007 1168 1197 
2342 1152 1004 1189 
2343 1111 1155 1183 
2344 939 1188 1201 
2345 1190 1007 1197 
2346 1164 1034 1206 
2347 1168 1078 1197 
2348 1178 1021 1207 
2349 1191 897 1208 
2350 1049 1190 1197 
2351 303 10 308 
2352 297 298 1165 
2353 301 302 309 
2354 302 303 308 
2355 302 308 309 
2356 313 314 1165 
2357 298 299 312 
2358 298 312 313 
2359 299 300 311 
2360 299 311 312 
2361 300 301 310 
2362 300 310 311 
2363 301 309 310 
2 3 2 448
2364 1307 1245 1329 
2365 1350 1221 1360 
2366 1219 1249 1251 
2367 1269 1218 1271 
2368 1268 1270 1304 
2369 350 351 1308 
2370 1250 1248 1305 
2371 1292 1350 1360 
2372 1239 1242 1339 
2373 1249 1219 1263 
2374 1218 1269 1282 
2375 1242 1239 1332 
2376 1232 1298 1334 
2377 1231 1307 1329 
2378 1242 1299 1339 
2379 1278 1288 1336 
2380 1288 1278 1344 
2381 1215 1261 1315 
2382 366 367 1307 
2383 1294 1233 1335 
2384 1265 1308 1327 
2385 1299 1242 1343 
2386 1261 1215 1337 
2387 1298 1232 1357 
2388 1238 1243 1310 
2389 1244 1239 1309 
2390 1353 1296 1362 
2391 368 369 1301 
2392 348 349 1302 
2393 1287 1258 1338 
2394 1286 1268 1304 
2395 1258 1287 1349 
2396 1243 1238 1333 
2397 1239 1244 1332 
2398 1285 1353 1362 
2399 350 1308 1347 
2400 1248 1264 1305 
2401 1270 1273 1304 
2402 1221 1262 1360 
2403 1314 1237 1356 
2404 1281 1214 1325 
2405 1253 1250 1305 
2406 1308 1230 1327 
2407 351 1230 1308 
2408 1214 1281 1340 
2409 1262 1221 1370 
2410 1219 1251 1318 
2411 1238 1299 1333 
2412 1233 1294 1361 
2413 1231 366 1307 
2414 1333 1299 1343 
2415 225 1228 1246 
2416 1301 369 1352 
2417 348 1302 1351 
2418 234 1235 1293 
2419 1246 1228 1247 
2420 1271 1218 1322 
2421 1217 249 1286 
2422 227 1216 1264 
2423 1245 1246 1329 
2424 1222 1284 1300 
2425 1269 1267 1282 
2426 1237 1314 1331 
2427 1307 367 1346 
2428 1293 1235 1294 
2429 1293 1294 1335 
2430 1247 1249 1263 
2431 1311 1214 1340 
2432 1291 1303 1306 
2433 1237 1323 1356 
2434 1280 1320 1321 
2435 1217 1286 1304 
2436 249 250 1286 
2437 1264 1216 1305 
2438 226 227 1264 
2439 1311 1340 1354 
2440 1229 1266 1267 
2441 1229 251 1266 
2442 1282 1267 1327 
2443 1352 370 1368 
2444 347 1351 1367 
2445 1222 247 1288 
2446 229 1223 1287 
2447 1230 1282 1327 
2448 1266 1265 1327 
2449 243 1295 1297 
2450 220 1352 1368 
2451 1351 256 1367 
2452 1276 1274 1321 
2453 1303 1223 1306 
2454 1303 1291 1360 
2455 224 225 1246 
2456 1263 1231 1329 
2457 1274 1280 1321 
2458 1298 1297 1334 
2459 233 234 1293 
2460 1300 1284 1362 
2461 1320 1236 1330 
2462 1224 1354 1372 
2463 1224 1311 1354 
2464 1226 1291 1306 
2465 1299 238 1339 
2466 1247 1263 1329 
2467 1245 224 1246 
2468 1222 1288 1344 
2469 1295 1296 1334 
2470 1265 1241 1308 
2471 1289 233 1293 
2472 1295 1227 1296 
2473 1231 1263 1359 
2474 1355 1314 1356 
2475 250 1229 1286 
2476 1247 1228 1248 
2477 1294 1235 1376 
2478 1228 226 1264 
2479 222 1240 1301 
2480 1241 254 1302 
2481 253 1241 1265 
2482 223 224 1245 
2483 251 252 1266 
2484 247 248 1288 
2485 228 229 1287 
2486 1287 1223 1349 
2487 232 233 1289 
2488 242 243 1297 
2489 237 238 1299 
2490 1227 245 1300 
2491 231 1226 1306 
2492 246 1222 1300 
2493 1223 230 1306 
2494 1282 1230 1363 
2495 244 1227 1295 
2496 1284 1222 1344 
2497 1229 1267 1268 
2498 1235 235 1310 
2499 241 1234 1309 
2500 1308 1241 1347 
2501 236 1238 1310 
2502 1239 240 1309 
2503 1284 1285 1362 
2504 1262 1303 1360 
2505 1326 1294 1376 
2506 1292 1290 1373 
2507 1324 1292 1373 
2508 1320 1280 1369 
2509 1297 1295 1334 
2510 1247 1248 1249 
2511 1296 1227 1362 
2512 1248 1228 1264 
2513 1268 1267 1269 
2514 1320 1330 1372 
2515 1312 1225 1313 
2516 1313 1225 1314 
2517 106 1225 1312 
2518 1229 1268 1286 
2519 83 1214 1311 
2520 1220 86 1317 
2521 88 1232 1316 
2522 104 1215 1315 
2523 81 82 1224 
2524 106 107 1225 
2525 1224 82 1311 
2526 93 94 1242 
2527 91 92 1244 
2528 96 97 1243 
2529 1215 105 1312 
2530 1240 1245 1307 
2531 87 1316 1317 
2532 87 88 1316 
2533 221 222 1301 
2534 254 255 1302 
2535 88 89 1232 
2536 99 100 1233 
2537 1221 103 1315 
2538 1240 223 1245 
2539 105 106 1312 
2540 85 86 1220 
2541 102 103 1221 
2542 222 223 1240 
2543 253 254 1241 
2544 1249 1248 1250 
2545 252 1265 1266 
2546 83 84 1214 
2547 104 105 1215 
2548 252 253 1265 
2549 86 87 1317 
2550 82 83 1311 
2551 1262 1259 1303 
2552 1279 1283 1284 
2553 1268 1269 1270 
2554 103 104 1315 
2555 225 226 1228 
2556 250 251 1229 
2557 1249 1250 1251 
2558 248 249 1217 
2559 227 228 1216 
2560 1270 1269 1271 
2561 1257 1255 1258 
2562 1275 1277 1278 
2563 1284 1283 1285 
2564 85 1220 1325 
2565 1214 84 1325 
2566 248 1217 1288 
2567 1216 228 1287 
2568 1274 1272 1280 
2569 1252 1254 1260 
2570 100 101 1324 
2571 1257 1258 1259 
2572 353 354 1218 
2573 363 364 1219 
2574 354 355 1322 
2575 362 363 1318 
2576 355 356 1212 
2577 361 362 1213 
2578 1278 1277 1279 
2579 1233 100 1324 
2580 351 352 1230 
2581 365 366 1231 
2582 245 246 1300 
2583 230 231 1306 
2584 231 232 1226 
2585 244 245 1227 
2586 1270 1271 1272 
2587 229 230 1223 
2588 246 247 1222 
2589 1251 1250 1252 
2590 1218 354 1322 
2591 363 1219 1318 
2592 355 1212 1322 
2593 1213 362 1318 
2594 1261 1259 1262 
2595 1279 1281 1283 
2596 243 244 1295 
2597 356 357 1319 
2598 360 361 1323 
2599 1226 1290 1291 
2600 1256 1255 1257 
2601 1270 1272 1273 
2602 1275 1276 1277 
2603 1252 1250 1253 
2604 1254 1253 1255 
2605 234 235 1235 
2606 241 242 1234 
2607 1226 232 1289 
2608 1273 1274 1275 
2609 240 241 1309 
2610 235 236 1310 
2611 236 237 1238 
2612 239 240 1239 
2613 1273 1272 1274 
2614 1252 1253 1254 
2615 1257 1259 1261 
2616 1212 356 1319 
2617 361 1213 1323 
2618 1279 1277 1281 
2619 1234 242 1297 
2620 1254 1255 1256 
2621 1291 1290 1292 
2622 357 358 1236 
2623 359 360 1237 
2624 1275 1274 1276 
2625 1238 237 1299 
2626 1226 1289 1290 
2627 84 85 1325 
2628 1234 1297 1298 
2629 357 1236 1319 
2630 1237 360 1323 
2631 97 98 1326 
2632 1319 1236 1320 
2633 1260 1355 1356 
2634 1267 1266 1327 
2635 1290 1289 1335 
2636 1223 1303 1349 
2637 1314 1225 1331 
2638 239 1239 1339 
2639 1263 1219 1359 
2640 1243 97 1326 
2641 1218 1282 1363 
2642 1246 1247 1329 
2643 1240 1307 1346 
2644 90 91 1328 
2645 80 81 1330 
2646 107 108 1331 
2647 93 1242 1332 
2648 1244 92 1332 
2649 96 1243 1333 
2650 221 1301 1352 
2651 1302 255 1351 
2652 1288 1217 1336 
2653 1216 1287 1338 
2654 1234 1298 1375 
2655 1302 349 1347 
2656 368 1301 1346 
2657 91 1244 1328 
2658 1242 94 1343 
2659 90 1328 1357 
2660 1257 1261 1337 
2661 1281 1277 1340 
2662 81 1224 1330 
2663 1225 107 1331 
2664 1279 1284 1344 
2665 1298 1328 1375 
2666 1292 1324 1350 
2667 1324 101 1350 
2668 1252 1260 1345 
2669 1318 1251 1345 
2670 1280 1272 1348 
2671 1303 1259 1349 
2672 102 1221 1350 
2673 1313 1314 1355 
2674 258 345 1341 
2675 372 218 1342 
2676 1326 98 1361 
2677 1328 1298 1357 
2678 92 93 1332 
2679 95 96 1333 
2680 1334 1296 1366 
2681 1256 1313 1355 
2682 219 220 1368 
2683 256 257 1367 
2684 1217 1304 1336 
2685 1294 1326 1361 
2686 370 371 1368 
2687 346 347 1367 
2688 1215 1312 1374 
2689 1232 89 1357 
2690 99 1233 1361 
2691 1213 1318 1345 
2692 1305 1216 1338 
2693 1258 1255 1377 
2694 1275 1278 1371 
2695 1219 364 1359 
2696 1241 1302 1347 
2697 1301 1240 1346 
2698 369 370 1352 
2699 347 348 1351 
2700 365 1231 1359 
2701 353 1218 1363 
2702 1289 1293 1335 
2703 1230 352 1363 
2704 1254 1256 1355 
2705 95 1333 1343 
2706 5 80 1364 
2707 108 2 1365 
2708 358 5 1364 
2709 2 359 1365 
2710 1271 1322 1348 
2711 1319 1320 1369 
2712 1353 1285 1358 
2713 238 239 1339 
2714 1256 1257 1337 
2715 1277 1276 1340 
2716 1322 1212 1348 
2717 219 371 1342 
2718 346 257 1341 
2719 94 95 1343 
2720 1276 1321 1354 
2721 1337 1215 1374 
2722 1354 1321 1372 
2723 1338 1258 1377 
2724 1278 1336 1371 
2725 1278 1279 1344 
2726 1330 1224 1372 
2727 1251 1252 1345 
2728 367 368 1346 
2729 349 350 1347 
2730 1272 1271 1348 
2731 1280 1348 1369 
2732 1259 1258 1349 
2733 1340 1276 1354 
2734 101 102 1350 
2735 1227 1300 1362 
2736 1310 1243 1376 
2737 1244 1309 1375 
2738 1235 1310 1376 
2739 1309 1234 1375 
2740 1290 1335 1373 
2741 1285 1283 1358 
2742 1304 1273 1371 
2743 1358 1283 1378 
2744 255 256 1351 
2745 220 221 1352 
2746 1253 1305 1377 
2747 1317 1316 1353 
2748 1313 1256 1374 
2749 1243 1326 1376 
2750 80 1330 1364 
2751 1331 108 1365 
2752 1317 1353 1358 
2753 1296 1353 1366 
2754 1323 1213 1379 
2755 1321 1320 1372 
2756 1353 1316 1366 
2757 1328 1244 1375 
2758 1220 1317 1358 
2759 1260 1254 1355 
2760 1233 1324 1373 
2761 1220 1358 1378 
2762 89 90 1357 
2763 364 365 1359 
2764 1315 1261 1370 
2765 98 99 1361 
2766 1291 1292 1360 
2767 352 353 1363 
2768 1281 1325 1378 
2769 1316 1232 1366 
2770 1283 1281 1378 
2771 1345 1260 1379 
2772 1330 1236 1364 
2773 1237 1331 1365 
2774 1236 358 1364 
2775 359 1237 1365 
2776 1261 1262 1370 
2777 1221 1315 1370 
2778 1325 1220 1378 
2779 1312 1313 1374 
2780 1348 1212 1369 
2781 1273 1275 1371 
2782 1212 1319 1369 
2783 1255 1253 1377 
2784 257 346 1367 
2785 371 219 1368 
2786 1336 1304 1371 
2787 1305 1338 1377 
2788 1256 1337 1374 
2789 1335 1233 1373 
2790 1232 1334 1366 
2791 1356 1323 1379 
2792 1213 1345 1379 
2793 1260 1356 1379 
2794 375 7 215 
2795 261 8 342 
2796 374 375 215 
2797 218 219 1342 
2798 257 258 1341 
2799 261 342 343 
2800 345 346 1341 
2801 371 372 1342 
2802 374 215 216 
2803 373 216 217 
2804 373 374 216 
2805 372 217 218 
2806 372 373 217 
2807 258 259 345 
2808 259 260 344 
2809 259 344 345 
2810 260 261 343 
2811 260 343 344 
$EndElements
