$MeshFormat
4.1 0 8
$EndMeshFormat
$PhysicalNames
15
1 201 "LPOUB"
1 202 "LPOUI"
1 204 "LPOUD"
1 205 "LPOUH"
1 206 "LPOUV"
1 207 "LPOUG"
1 208 "LBOD1D"
1 209 "LBOD2H"
1 212 "LVOI1G"
1 213 "LVOI1D"
1 214 "LVOI2G"
1 215 "LVOI2D"
2 100 "POUTRE"
2 101 "VOID1"
2 102 "VOID2"
$EndPhysicalNames
$Entities
15 14 3 0
1 0 0.55 0 0 
2 2 0.55 0 0 
3 2 0.65 0 0 
4 0 0.65 0 0 
5 1.4 0.55 0 0 
6 0.5 0.65 0 0 
101 1.4 0 0 0 
102 2 0 0 0 
103 2 0.2 0 0 
104 1.4 0.2 0 0 
105 1.7 0.2 0 0 
201 0 0.75 0 0 
202 0.5 1.35 0 0 
203 0 1.35 0 0 
204 -0.1100000000000001 1.35 0 0 
1 0 0.55 0 1.4 0.55 0 1 201 2 1 -5 
2 1.4 0.55 0 2 0.55 0 1 202 2 5 -2 
3 2 0.55 0 2 0.65 0 1 204 2 2 -3 
4 0.5 0.65 0 2 0.65 0 1 205 2 3 -6 
5 0 0.65 0 0.5 0.65 0 1 206 2 6 -4 
6 0 0.55 0 0 0.65 0 1 207 2 4 -1 
10 1.4 0.2 0 2 0.4954423259036624 0 1 209 2 103 -104 
11 2.775557561562891e-17 0.7499999999999999 0 0.5 1.35 0 1 208 2 201 -202 
12 0 0.65 0 0 0.75 0 1 212 2 4 -201 
13 0.5 0.65 0 0.5 1.35 0 1 213 2 202 -6 
14 1.4 0.2 0 1.4 0.55 0 1 214 2 104 -5 
15 2 0.2 0 2 0.55 0 1 215 2 2 -103 
30 2 0 0 2 0.2 0 0 2 103 -102 
31 1.4 0 0 2 0 0 0 2 102 -101 
1 0 0.55 0 2 0.65 0 1 100 6 1 2 3 4 5 6 
2 0 0.65 0 0.5 1.35 0 1 101 4 12 11 13 5 
3 1.4 0.2 0 2 0.55 0 1 102 4 14 2 15 10 
$EndEntities
$Nodes
25 5055 1 5055
0 1 0 1
1
0 0.55 0
0 2 0 1
2
2 0.55 0
0 3 0 1
3
2 0.65 0
0 4 0 1
4
0 0.65 0
0 5 0 1
5
1.4 0.55 0
0 6 0 1
6
0.5 0.65 0
0 103 0 1
7
2 0.2 0
0 104 0 1
8
1.4 0.2 0
0 201 0 1
9
0 0.75 0
0 202 0 1
10
0.5 1.35 0
1 1 0 139
11
12
13
14
15
16
17
18
19
20
21
22
23
24
25
26
27
28
29
30
31
32
33
34
35
36
37
38
39
40
41
42
43
44
45
46
47
48
49
50
51
52
53
54
55
56
57
58
59
60
61
62
63
64
65
66
67
68
69
70
71
72
73
74
75
76
77
78
79
80
81
82
83
84
85
86
87
88
89
90
91
92
93
94
95
96
97
98
99
100
101
102
103
104
105
106
107
108
109
110
111
112
113
114
115
116
117
118
119
120
121
122
123
124
125
126
127
128
129
130
131
132
133
134
135
136
137
138
139
140
141
142
143
144
145
146
147
148
149
0.009999999999980472 0.55 0
0.0199999999999609 0.55 0
0.02999999999994234 0.55 0
0.03999999999992312 0.55 0
0.049999999999902 0.55 0
0.05999999999987928 0.55 0
0.06999999999985546 0.55 0
0.07999999999983178 0.55 0
0.08999999999981097 0.55 0
0.09999999999979425 0.55 0
0.1099999999997796 0.55 0
0.119999999999765 0.55 0
0.129999999999748 0.55 0
0.1399999999997331 0.55 0
0.1499999999997185 0.55 0
0.1599999999997004 0.55 0
0.1699999999996809 0.55 0
0.1799999999996588 0.55 0
0.1899999999996323 0.55 0
0.1999999999996028 0.55 0
0.2099999999995744 0.55 0
0.2199999999995499 0.55 0
0.2299999999995252 0.55 0
0.2399999999994957 0.55 0
0.2499999999994662 0.55 0
0.2599999999994451 0.55 0
0.2699999999994255 0.55 0
0.2799999999993995 0.55 0
0.2899999999993699 0.55 0
0.2999999999993405 0.55 0
0.3099999999993109 0.55 0
0.3199999999992815 0.55 0
0.3299999999992519 0.55 0
0.3399999999992225 0.55 0
0.349999999999193 0.55 0
0.3599999999991635 0.55 0
0.369999999999134 0.55 0
0.3799999999991045 0.55 0
0.389999999999075 0.55 0
0.3999999999990456 0.55 0
0.4099999999990161 0.55 0
0.4199999999989866 0.55 0
0.4299999999989605 0.55 0
0.4399999999989409 0.55 0
0.4499999999989199 0.55 0
0.4599999999988904 0.55 0
0.4699999999988608 0.55 0
0.4799999999988314 0.55 0
0.4899999999988019 0.55 0
0.4999999999987725 0.55 0
0.509999999998743 0.55 0
0.5199999999987134 0.55 0
0.5299999999986839 0.55 0
0.5399999999986544 0.55 0
0.549999999998625 0.55 0
0.5599999999985955 0.55 0
0.569999999998566 0.55 0
0.5799999999985366 0.55 0
0.5899999999985071 0.55 0
0.5999999999984775 0.55 0
0.6099999999984481 0.55 0
0.6199999999984185 0.55 0
0.6299999999983891 0.55 0
0.6399999999983595 0.55 0
0.64999999999833 0.55 0
0.6599999999983005 0.55 0
0.6699999999982711 0.55 0
0.6799999999982417 0.55 0
0.689999999998214 0.55 0
0.6999999999982044 0.55 0
0.7099999999982344 0.55 0
0.7199999999982645 0.55 0
0.7299999999982782 0.55 0
0.7399999999983027 0.55 0
0.7499999999983327 0.55 0
0.7599999999983628 0.55 0
0.7699999999983927 0.55 0
0.779999999998416 0.55 0
0.7899999999984311 0.55 0
0.7999999999984612 0.55 0
0.8099999999984911 0.55 0
0.8199999999985212 0.55 0
0.8299999999985512 0.55 0
0.8399999999985638 0.55 0
0.8499999999985893 0.55 0
0.8599999999986194 0.55 0
0.8699999999986494 0.55 0
0.8799999999986795 0.55 0
0.8899999999987095 0.55 0
0.8999999999987396 0.55 0
0.9099999999987652 0.55 0
0.9199999999987779 0.55 0
0.9299999999988079 0.55 0
0.9399999999988379 0.55 0
0.9499999999988679 0.55 0
0.959999999998898 0.55 0
0.969999999998913 0.55 0
0.9799999999989363 0.55 0
0.9899999999989663 0.55 0
0.999999999998987 0.55 0
1.009999999998997 0.55 0
1.019999999999007 0.55 0
1.029999999999017 0.55 0
1.039999999999031 0.55 0
1.049999999999081 0.55 0
1.059999999999131 0.55 0
1.069999999999145 0.55 0
1.079999999999155 0.55 0
1.089999999999165 0.55 0
1.0999999999992 0.55 0
1.10999999999925 0.55 0
1.119999999999282 0.55 0
1.129999999999292 0.55 0
1.139999999999302 0.55 0
1.149999999999318 0.55 0
1.159999999999368 0.55 0
1.169999999999418 0.55 0
1.17999999999943 0.55 0
1.18999999999944 0.55 0
1.19999999999945 0.55 0
1.209999999999487 0.55 0
1.219999999999537 0.55 0
1.229999999999567 0.55 0
1.239999999999577 0.55 0
1.249999999999587 0.55 0
1.259999999999606 0.55 0
1.269999999999656 0.55 0
1.279999999999704 0.55 0
1.289999999999714 0.55 0
1.299999999999724 0.55 0
1.309999999999735 0.55 0
1.319999999999774 0.55 0
1.329999999999825 0.55 0
1.339999999999852 0.55 0
1.349999999999862 0.55 0
1.359999999999872 0.55 0
1.369999999999894 0.55 0
1.379999999999943 0.55 0
1.38999999999999 0.55 0
1 2 0 59
150
151
152
153
154
155
156
157
158
159
160
161
162
163
164
165
166
167
168
169
170
171
172
173
174
175
176
177
178
179
180
181
182
183
184
185
186
187
188
189
190
191
192
193
194
195
196
197
198
199
200
201
202
203
204
205
206
207
208
1.410000000000017 0.55 0
1.419999999999971 0.55 0
1.430000000000026 0.55 0
1.439999999999962 0.55 0
1.450000000000014 0.55 0
1.459999999999974 0.55 0
1.469999999999986 0.55 0
1.479999999999922 0.55 0
1.48999999999987 0.55 0
1.49999999999987 0.55 0
1.509999999999778 0.55 0
1.519999999999801 0.55 0
1.529999999999705 0.55 0
1.539999999999711 0.55 0
1.549999999999653 0.55 0
1.559999999999682 0.55 0
1.569999999999688 0.55 0
1.579999999999653 0.55 0
1.589999999999702 0.55 0
1.599999999999639 0.55 0
1.609999999999697 0.55 0
1.619999999999645 0.55 0
1.629999999999668 0.55 0
1.639999999999679 0.55 0
1.649999999999639 0.55 0
1.659999999999691 0.55 0
1.669999999999627 0.55 0
1.679999999999682 0.55 0
1.689999999999636 0.55 0
1.699999999999653 0.55 0
1.709999999999671 0.55 0
1.719999999999624 0.55 0
1.729999999999679 0.55 0
1.739999999999616 0.55 0
1.749999999999668 0.55 0
1.759999999999627 0.55 0
1.769999999999639 0.55 0
1.779999999999662 0.55 0
1.78999999999961 0.55 0
1.799999999999668 0.55 0
1.809999999999604 0.55 0
1.819999999999653 0.55 0
1.829999999999694 0.55 0
1.839999999999711 0.55 0
1.849999999999783 0.55 0
1.859999999999769 0.55 0
1.869999999999841 0.55 0
1.879999999999853 0.55 0
1.889999999999899 0.55 0
1.899999999999942 0.55 0
1.909999999999957 0.55 0
1.920000000000029 0.55 0
1.930000000000012 0.55 0
1.94 0.55 0
1.950000000000014 0.55 0
1.959999999999994 0.55 0
1.970000000000018 0.55 0
1.979999999999997 0.55 0
1.990000000000014 0.55 0
1 3 0 9
209
210
211
212
213
214
215
216
217
2 0.5599999999998916 0
2 0.5699999999997962 0
2 0.5799999999996834 0
2 0.5899999999995967 0
2 0.5999999999996097 0
2 0.6099999999996227 0
2 0.6199999999996357 0
2 0.6299999999997701 0
2 0.6399999999998786 0
1 4 0 149
218
219
220
221
222
223
224
225
226
227
228
229
230
231
232
233
234
235
236
237
238
239
240
241
242
243
244
245
246
247
248
249
250
251
252
253
254
255
256
257
258
259
260
261
262
263
264
265
266
267
268
269
270
271
272
273
274
275
276
277
278
279
280
281
282
283
284
285
286
287
288
289
290
291
292
293
294
295
296
297
298
299
300
301
302
303
304
305
306
307
308
309
310
311
312
313
314
315
316
317
318
319
320
321
322
323
324
325
326
327
328
329
330
331
332
333
334
335
336
337
338
339
340
341
342
343
344
345
346
347
348
349
350
351
352
353
354
355
356
357
358
359
360
361
362
363
364
365
366
1.990000000000132 0.65 0
1.980000000000265 0.65 0
1.970000000000397 0.65 0
1.96000000000053 0.65 0
1.950000000000662 0.65 0
1.940000000000794 0.65 0
1.930000000000927 0.65 0
1.920000000001059 0.65 0
1.910000000001162 0.65 0
1.900000000001211 0.65 0
1.890000000001216 0.65 0
1.8800000000012 0.65 0
1.870000000001184 0.65 0
1.860000000001169 0.65 0
1.850000000001153 0.65 0
1.840000000001137 0.65 0
1.830000000001122 0.65 0
1.820000000001122 0.65 0
1.810000000001162 0.65 0
1.80000000000126 0.65 0
1.790000000001392 0.65 0
1.780000000001525 0.65 0
1.770000000001657 0.65 0
1.760000000001789 0.65 0
1.750000000001893 0.65 0
1.740000000001935 0.65 0
1.730000000001919 0.65 0
1.720000000001904 0.65 0
1.710000000001888 0.65 0
1.700000000001872 0.65 0
1.690000000001857 0.65 0
1.680000000001841 0.65 0
1.670000000001826 0.65 0
1.66000000000181 0.65 0
1.650000000001794 0.65 0
1.640000000001779 0.65 0
1.630000000001763 0.65 0
1.620000000001747 0.65 0
1.610000000001732 0.65 0
1.600000000001716 0.65 0
1.5900000000017 0.65 0
1.580000000001685 0.65 0
1.570000000001669 0.65 0
1.560000000001653 0.65 0
1.550000000001638 0.65 0
1.540000000001622 0.65 0
1.530000000001607 0.65 0
1.520000000001591 0.65 0
1.510000000001575 0.65 0
1.50000000000156 0.65 0
1.490000000001544 0.65 0
1.480000000001528 0.65 0
1.470000000001513 0.65 0
1.460000000001497 0.65 0
1.450000000001481 0.65 0
1.440000000001466 0.65 0
1.43000000000145 0.65 0
1.420000000001434 0.65 0
1.410000000001419 0.65 0
1.400000000001403 0.65 0
1.390000000001387 0.65 0
1.380000000001372 0.65 0
1.370000000001356 0.65 0
1.360000000001341 0.65 0
1.350000000001325 0.65 0
1.340000000001309 0.65 0
1.330000000001294 0.65 0
1.320000000001278 0.65 0
1.310000000001263 0.65 0
1.300000000001247 0.65 0
1.290000000001231 0.65 0
1.280000000001216 0.65 0
1.2700000000012 0.65 0
1.260000000001185 0.65 0
1.250000000001169 0.65 0
1.240000000001154 0.65 0
1.230000000001138 0.65 0
1.220000000001122 0.65 0
1.210000000001107 0.65 0
1.200000000001091 0.65 0
1.190000000001076 0.65 0
1.18000000000106 0.65 0
1.170000000001044 0.65 0
1.160000000001029 0.65 0
1.150000000001013 0.65 0
1.140000000000998 0.65 0
1.130000000000982 0.65 0
1.120000000000966 0.65 0
1.110000000000951 0.65 0
1.100000000000935 0.65 0
1.09000000000092 0.65 0
1.080000000000904 0.65 0
1.070000000000888 0.65 0
1.060000000000873 0.65 0
1.050000000000857 0.65 0
1.040000000000842 0.65 0
1.030000000000826 0.65 0
1.02000000000081 0.65 0
1.010000000000795 0.65 0
1.000000000000779 0.65 0
0.9900000000007638 0.65 0
0.9800000000007483 0.65 0
0.9700000000007325 0.65 0
0.9600000000007172 0.65 0
0.9500000000007016 0.65 0
0.9400000000006861 0.65 0
0.9300000000006703 0.65 0
0.9200000000006547 0.65 0
0.9100000000006392 0.65 0
0.9000000000006236 0.65 0
0.8900000000006081 0.65 0
0.8800000000005925 0.65 0
0.8700000000005768 0.65 0
0.8600000000005612 0.65 0
0.8500000000005457 0.65 0
0.8400000000005301 0.65 0
0.8300000000005145 0.65 0
0.8200000000004988 0.65 0
0.8100000000004832 0.65 0
0.8000000000004677 0.65 0
0.7900000000004521 0.65 0
0.7800000000004363 0.65 0
0.770000000000421 0.65 0
0.7600000000004052 0.65 0
0.7500000000003899 0.65 0
0.7400000000003741 0.65 0
0.7300000000003586 0.65 0
0.720000000000343 0.65 0
0.7100000000003275 0.65 0
0.7000000000003117 0.65 0
0.6900000000002959 0.65 0
0.6800000000002806 0.65 0
0.6700000000002648 0.65 0
0.6600000000002493 0.65 0
0.6500000000002339 0.65 0
0.6400000000002182 0.65 0
0.6300000000002024 0.65 0
0.6200000000001871 0.65 0
0.6100000000001715 0.65 0
0.600000000000156 0.65 0
0.5900000000001402 0.65 0
0.5800000000001249 0.65 0
0.5700000000001091 0.65 0
0.5600000000000935 0.65 0
0.5500000000000778 0.65 0
0.5400000000000624 0.65 0
0.5300000000000467 0.65 0
0.5200000000000311 0.65 0
0.5100000000000158 0.65 0
1 5 0 49
367
368
369
370
371
372
373
374
375
376
377
378
379
380
381
382
383
384
385
386
387
388
389
390
391
392
393
394
395
396
397
398
399
400
401
402
403
404
405
406
407
408
409
410
411
412
413
414
415
0.4899999999999584 0.65 0
0.4799999999999167 0.65 0
0.4699999999998751 0.65 0
0.4599999999998334 0.65 0
0.4499999999997917 0.65 0
0.439999999999754 0.65 0
0.4299999999997917 0.65 0
0.4199999999998611 0.65 0
0.4099999999999305 0.65 0
0.3999999999999999 0.65 0
0.3900000000000692 0.65 0
0.3800000000001386 0.65 0
0.3700000000002081 0.65 0
0.3600000000002774 0.65 0
0.3500000000003468 0.65 0
0.3400000000004162 0.65 0
0.3300000000004855 0.65 0
0.3200000000005549 0.65 0
0.3100000000006242 0.65 0
0.3000000000006936 0.65 0
0.2900000000007629 0.65 0
0.2800000000008322 0.65 0
0.2700000000009016 0.65 0
0.260000000000971 0.65 0
0.2500000000010295 0.65 0
0.2400000000009987 0.65 0
0.230000000000957 0.65 0
0.2200000000009155 0.65 0
0.2100000000008739 0.65 0
0.2000000000008322 0.65 0
0.1900000000007906 0.65 0
0.180000000000749 0.65 0
0.1700000000007074 0.65 0
0.1600000000006658 0.65 0
0.1500000000006242 0.65 0
0.1400000000005825 0.65 0
0.130000000000541 0.65 0
0.1200000000004994 0.65 0
0.1100000000004577 0.65 0
0.1000000000004161 0.65 0
0.0900000000003745 0.65 0
0.08000000000033292 0.65 0
0.07000000000029127 0.65 0
0.06000000000024969 0.65 0
0.05000000000020804 0.65 0
0.04000000000016646 0.65 0
0.03000000000012482 0.65 0
0.02000000000008323 0.65 0
0.01000000000004164 0.65 0
1 6 0 9
416
417
418
419
420
421
422
423
424
0 0.6400000000000651 0
0 0.6300000000000737 0
0 0.620000000000013 0
0 0.6099999999999697 0
0 0.5999999999999133 0
0 0.5899999999998569 0
0 0.5799999999998136 0
0 0.5699999999998829 0
0 0.559999999999935 0
1 10 0 94
425
426
427
428
429
430
431
432
433
434
435
436
437
438
439
440
441
442
443
444
445
446
447
448
449
450
451
452
453
454
455
456
457
458
459
460
461
462
463
464
465
466
467
468
469
470
471
472
473
474
475
476
477
478
479
480
481
482
483
484
485
486
487
488
489
490
491
492
493
494
495
496
497
498
499
500
501
502
503
504
505
506
507
508
509
510
511
512
513
514
515
516
517
518
1.999835977201348 0.2099190108233048 0
1.999344088161833 0.2198271753550719 0
1.998524870754954 0.229713659161033 0
1.997379220783303 0.2395676515137743 0
1.995908390997758 0.249378377222404 0
1.994113989728773 0.259135108402902 0
1.991997979127367 0.2688271762135699 0
1.989562673022268 0.2784439825110825 0
1.986810734382305 0.2879750114696381 0
1.983745172412812 0.2974098410450579 0
1.980369339261124 0.306738154388583 0
1.976686926352548 0.3159497511234054 0
1.972701960344699 0.3250345585194682 0
1.968418798750989 0.3339826424469838 0
1.963842125143132 0.3427842183154572 0
1.958976944032702 0.3514296617558226 0
1.953828575445043 0.3599095190648137 0
1.948402649048858 0.3682145176419374 0
1.942705097993544 0.3763355761267253 0
1.936742152470735 0.3842638142542462 0
1.930520332880364 0.3919905626032853 0
1.924046442689516 0.3995073720897887 0
1.917327560986462 0.406806023209373 0
1.910371034791912 0.4138785349692207 0
1.903184470936063 0.420717173709778 0
1.895775727864818 0.4273144614383361 0
1.888152906923153 0.4336631841269978 0
1.880324343550134 0.4397563995459001 0
1.872298598150654 0.4455874448650002 0
1.8640844467366 0.4511499439361754 0
1.85569087139416 0.4564378142250614 0
1.847127050363008 0.4614452735305822 0
1.83840234805427 0.4661668462695245 0
1.829526304823128 0.4705973694603592 0
1.820508626431819 0.4747319984193983 0
1.811359173704919 0.4785662119348967 0
1.802087951303318 0.4820958174072976 0
1.792705097233974 0.4853169552389752 0
1.783220871495671 0.4882261031681568 0
1.773645644985119 0.4908200800748219 0
1.763989888022193 0.4930960494972718 0
1.754264159076896 0.4950515226865934 0
1.744479093112481 0.4966843613605059 0
1.734645389864637 0.497992780048657 0
1.724773802400193 0.4989753480048752 0
1.714875125117635 0.4996309908082519 0
1.704960182124305 0.4999589915193304 0
1.695039815312419 0.4999589914769436 0
1.685124872326145 0.4996309906813489 0
1.675226195149837 0.4989753478018649 0
1.665354607706621 0.4979927797662855 0
1.655520904510881 0.496684361004199 0
1.645735838523235 0.4950515222452235 0
1.636010109638425 0.4930960489865288 0
1.626354352770095 0.4908200795063648 0
1.616779126332205 0.4882261025409893 0
1.607294900688669 0.485316954564001 0
1.597912046712116 0.4820958166891008 0
1.588640824394559 0.4785662111751469 0
1.579491371723408 0.474731997610206 0
1.570473693469336 0.4705973686430162 0
1.561597650307573 0.4661668454177099 0
1.552872948082096 0.4614452726555722 0
1.544309127140726 0.4564378133355478 0
1.53591555187743 0.4511499430306755 0
1.52770140053789 0.4455874439449123 0
1.519675655178152 0.4397563985894251 0
1.511847091844745 0.4336631831348712 0
1.504224270972451 0.427314460436928 0
1.49681552798668 0.4207171727180927 0
1.489628964247397 0.4138785340242851 0
1.48267243813238 0.406806022283385 0
1.475953556517224 0.3995073711989593 0
1.469479666368011 0.3919905617008207 0
1.463257846846001 0.3842638133763887 0
1.457294901381908 0.3763355752671096 0
1.451597350382448 0.3682145168021472 0
1.446171424022894 0.3599095182202561 0
1.441023055490777 0.3514296609408708 0
1.436157874442323 0.3427842175494447 0
1.431581200891674 0.3339826417310999 0
1.427298039336159 0.3250345578234152 0
1.42331307338029 0.3159497504858871 0
1.41963066051703 0.3067381538058593 0
1.416254827400582 0.2974098405014935 0
1.413189265460279 0.2879750109564393 0
1.41043732685506 0.2784439820582617 0
1.408002020777828 0.268827175811362 0
1.405886010195424 0.2591351080258905 0
1.40409160894685 0.2493783768904556 0
1.402620779181244 0.2395676512473224 0
1.401475129225158 0.2297136589612231 0
1.400655911829341 0.2198271752218221 0
1.400164022796305 0.2099190107523524 0
1 11 0 84
519
520
521
522
523
524
525
526
527
528
529
530
531
532
533
534
535
536
537
538
539
540
541
542
543
544
545
546
547
548
549
550
551
552
553
554
555
556
557
558
559
560
561
562
563
564
565
566
567
568
569
570
571
572
573
574
575
576
577
578
579
580
581
582
583
584
585
586
587
588
589
590
591
592
593
594
595
596
597
598
599
600
601
602
0.009792936368917676 0.7518782294581541 0
0.0195538627097232 0.7539162838518483 0
0.02928017078323703 0.7561136185880397 0
0.03896926161412956 0.7584696465149561 0
0.04861854615397593 0.7609837380716904 0
0.05822544600796078 0.7636552214648596 0
0.06778739413911047 0.7664833828542458 0
0.07730183545185088 0.7694674665134021 0
0.08676622757361158 0.7726066750589771 0
0.09617804153621995 0.775900169667079 0
0.1055347623772814 0.7793470702721584 0
0.1148338898805349 0.7829464558252126 0
0.1240729391916852 0.7866973645204864 0
0.1332494415879534 0.7905987940957323 0
0.1423609449658128 0.7946497020294649 0
0.1514050146232193 0.7988490058705922 0
0.1603792338910189 0.8031955835213967 0
0.1692812047644145 0.807688273531415 0
0.1781085484964935 0.8123258753824547 0
0.1868589063873963 0.8171071498898872 0
0.1955299401932259 0.8220308194169628 0
0.2041193329192104 0.8270955683048857 0
0.2126247893768864 0.832300043191503 0
0.2210440368457305 0.8376428534031338 0
0.2293748255714995 0.8431225712577898 0
0.2376149295047856 0.8487377325337733 0
0.2457621467570981 0.8544868367694143 0
0.2538143003536116 0.8603683477774213 0
0.2617692385887166 0.8663806938932588 0
0.2696248358598126 0.872522268583748 0
0.2773789930772431 0.8787914307629143 0
0.2850296382375981 0.885186505236915 0
0.2925747269805901 0.8917057831518016 0
0.3000122431882919 0.8983475224957744 0
0.3073401994735452 0.9051099485228045 0
0.3145566377181149 0.9119912542317341 0
0.3216596295828712 0.9189896008349933 0
0.3286472770916125 0.9261031183175392 0
0.3355177130530296 0.9333299058535657 0
0.3422691016432474 0.9406680324005832 0
0.3488996387972136 0.9481155371107426 0
0.3554075527552913 0.9556704299214542 0
0.3617911044908433 0.9633306920334763 0
0.3680485882551535 0.9710942765446069 0
0.3741783320024756 0.9789591089660055 0
0.3801786977982788 0.986923087728256 0
0.3860480822932183 0.9949840847888358 0
0.3917849171118212 1.003139946146745 0
0.3973876692803283 1.011388492424909 0
0.4028548416937836 1.019727519536907 0
0.4081849734698947 1.028154799212409 0
0.413376640330214 1.036668079575895 0
0.4184284549829007 1.045265085747654 0
0.4233390675878771 1.053943520617275 0
0.428107165950631 1.062701065173259 0
0.4327314759544505 1.071535379252043 0
0.4372107619396896 1.080444102239657 0
0.4415438269677417 1.089424853576213 0
0.4457295132272762 1.098475233568989 0
0.4497667022565157 1.107592823858564 0
0.4536543152427801 1.116775188051973 0
0.4573913134150422 1.126019872620017 0
0.4609766981826261 1.135324407226936 0
0.4644095114766231 1.144686305558574 0
0.4676888360385738 1.154103066087298 0
0.4708137955733451 1.163572172485746 0
0.4737835550518997 1.173091094483727 0
0.4765973209379644 1.18265728857102 0
0.4792543413559085 1.192268198535569 0
0.4817539063294002 1.201921256272565 0
0.4840953479268345 1.21161388230139 0
0.4862780404842502 1.221343486615472 0
0.488301400781082 1.231107469438172 0
0.4901648881414233 1.240903221669048 0
0.4918680046382369 1.250728125872494 0
0.493410295150301 1.260579556550939 0
0.4947913475871002 1.270454881458512 0
0.4960107929052241 1.280351461735499 0
0.4970683052522413 1.290266652879889 0
0.4979636020490072 1.300197805433932 0
0.4986964440617837 1.310142265662233 0
0.4992666354729069 1.320097376377249 0
0.4996740239162989 1.330060477395175 0
0.4999185005339754 1.340028906459813 0
1 12 0 9
603
604
605
606
607
608
609
610
611
0 0.659999999999935 0
0 0.6699999999999263 0
0 0.6799999999999871 0
0 0.6900000000000304 0
0 0.7000000000000868 0
0 0.7100000000001432 0
0 0.7200000000001865 0
0 0.7300000000001171 0
0 0.7400000000000651 0
1 13 0 69
612
613
614
615
616
617
618
619
620
621
622
623
624
625
626
627
628
629
630
631
632
633
634
635
636
637
638
639
640
641
642
643
644
645
646
647
648
649
650
651
652
653
654
655
656
657
658
659
660
661
662
663
664
665
666
667
668
669
670
671
672
673
674
675
676
677
678
679
680
0.5 1.340000000000034 0
0.5 1.330000000000024 0
0.5 1.320000000000078 0
0.5 1.31000000000009 0
0.5 1.300000000000087 0
0.5 1.290000000000156 0
0.5 1.280000000000147 0
0.5 1.270000000000165 0
0.5 1.260000000000214 0
0.5 1.250000000000204 0
0.5 1.240000000000243 0
0.5 1.230000000000271 0
0.5 1.220000000000261 0
0.5 1.210000000000321 0
0.5 1.200000000000328 0
0.5 1.190000000000329 0
0.5 1.180000000000395 0
0.5 1.170000000000385 0
0.5 1.160000000000407 0
0.5 1.150000000000452 0
0.5 1.140000000000442 0
0.5 1.130000000000486 0
0.5 1.120000000000509 0
0.5 1.110000000000499 0
0.5 1.100000000000563 0
0.5 1.090000000000566 0
0.5 1.080000000000572 0
0.5 1.070000000000633 0
0.5 1.060000000000623 0
0.5 1.05000000000065 0
0.5 1.04000000000069 0
0.5 1.03000000000068 0
0.5 1.020000000000728 0
0.5 1.010000000000747 0
0.5 1.000000000000737 0
0.5 0.9900000000006874 0
0.5 0.9800000000006738 0
0.5 0.9700000000006535 0
0.5 0.9600000000006106 0
0.5 0.9500000000006008 0
0.5 0.9400000000005908 0
0.5 0.930000000000581 0
0.5 0.920000000000571 0
0.5 0.9100000000005611 0
0.5 0.9000000000005512 0
0.5 0.8900000000005414 0
0.5 0.8800000000005315 0
0.5 0.8700000000005215 0
0.5 0.8600000000005117 0
0.5 0.8500000000005017 0
0.5 0.8400000000004918 0
0.5 0.8300000000004585 0
0.5 0.8200000000004286 0
0.5 0.8100000000004188 0
0.5 0.8000000000003749 0
0.5 0.7900000000003556 0
0.5 0.7800000000003409 0
0.5 0.7700000000002926 0
0.5 0.7600000000002826 0
0.5 0.7500000000002573 0
0.5 0.7400000000002195 0
0.5 0.7300000000002096 0
0.5 0.7200000000001736 0
0.5 0.7100000000001465 0
0.5 0.7000000000001365 0
0.5 0.69000000000009 0
0.5 0.6800000000000731 0
0.5 0.6700000000000559 0
0.5 0.6600000000000099 0
1 14 0 34
681
682
683
684
685
686
687
688
689
690
691
692
693
694
695
696
697
698
699
700
701
702
703
704
705
706
707
708
709
710
711
712
713
714
1.4 0.2099999999999717 0
1.4 0.2199999999999488 0
1.4 0.2299999999999257 0
1.4 0.2399999999998955 0
1.4 0.2499999999998715 0
1.4 0.2599999999998511 0
1.4 0.2699999999998137 0
1.4 0.2799999999997843 0
1.4 0.2899999999997722 0
1.4 0.2999999999997446 0
1.4 0.3099999999997072 0
1.4 0.319999999999683 0
1.4 0.329999999999648 0
1.4 0.3399999999996034 0
1.4 0.3499999999995588 0
1.4 0.3599999999995195 0
1.4 0.3699999999994805 0
1.4 0.3799999999994449 0
1.4 0.3899999999994724 0
1.4 0.3999999999994907 0
1.4 0.4099999999995253 0
1.4 0.41999999999956 0
1.4 0.4299999999996043 0
1.4 0.4399999999996402 0
1.4 0.4499999999996748 0
1.4 0.4599999999996987 0
1.4 0.4699999999997144 0
1.4 0.479999999999742 0
1.4 0.4899999999997696 0
1.4 0.4999999999997909 0
1.4 0.5099999999998384 0
1.4 0.5199999999999168 0
1.4 0.5299999999999313 0
1.4 0.5399999999999365 0
1 15 0 34
715
716
717
718
719
720
721
722
723
724
725
726
727
728
729
730
731
732
733
734
735
736
737
738
739
740
741
742
743
744
745
746
747
748
2 0.5400000000000087 0
2 0.530000000000039 0
2 0.5200000000000687 0
2 0.51000000000007 0
2 0.5000000000000867 0
2 0.4900000000000839 0
2 0.480000000000104 0
2 0.4700000000001371 0
2 0.4600000000001737 0
2 0.4500000000002012 0
2 0.4400000000002604 0
2 0.4300000000003075 0
2 0.4200000000003462 0
2 0.410000000000362 0
2 0.4000000000003777 0
2 0.3900000000003988 0
2 0.3800000000004202 0
2 0.3700000000003963 0
2 0.3600000000003762 0
2 0.3500000000003468 0
2 0.3400000000003338 0
2 0.3300000000003208 0
2 0.3200000000003078 0
2 0.3100000000002949 0
2 0.3000000000002818 0
2 0.2900000000002571 0
2 0.2800000000002342 0
2 0.2700000000001995 0
2 0.2600000000001649 0
2 0.2500000000001441 0
2 0.2400000000001172 0
2 0.2300000000000825 0
2 0.2200000000000512 0
2 0.2100000000000311 0
2 1 0 2193
749
750
751
752
753
754
755
756
757
758
759
760
761
762
763
764
765
766
767
768
769
770
771
772
773
774
775
776
777
778
779
780
781
782
783
784
785
786
787
788
789
790
791
792
793
794
795
796
797
798
799
800
801
802
803
804
805
806
807
808
809
810
811
812
813
814
815
816
817
818
819
820
821
822
823
824
825
826
827
828
829
830
831
832
833
834
835
836
837
838
839
840
841
842
843
844
845
846
847
848
849
850
851
852
853
854
855
856
857
858
859
860
861
862
863
864
865
866
867
868
869
870
871
872
873
874
875
876
877
878
879
880
881
882
883
884
885
886
887
888
889
890
891
892
893
894
895
896
897
898
899
900
901
902
903
904
905
906
907
908
909
910
911
912
913
914
915
916
917
918
919
920
921
922
923
924
925
926
927
928
929
930
931
932
933
934
935
936
937
938
939
940
941
942
943
944
945
946
947
948
949
950
951
952
953
954
955
956
957
958
959
960
961
962
963
964
965
966
967
968
969
970
971
972
973
974
975
976
977
978
979
980
981
982
983
984
985
986
987
988
989
990
991
992
993
994
995
996
997
998
999
1000
1001
1002
1003
1004
1005
1006
1007
1008
1009
1010
1011
1012
1013
1014
1015
1016
1017
1018
1019
1020
1021
1022
1023
1024
1025
1026
1027
1028
1029
1030
1031
1032
1033
1034
1035
1036
1037
1038
1039
1040
1041
1042
1043
1044
1045
1046
1047
1048
1049
1050
1051
1052
1053
1054
1055
1056
1057
1058
1059
1060
1061
1062
1063
1064
1065
1066
1067
1068
1069
1070
1071
1072
1073
1074
1075
1076
1077
1078
1079
1080
1081
1082
1083
1084
1085
1086
1087
1088
1089
1090
1091
1092
1093
1094
1095
1096
1097
1098
1099
1100
1101
1102
1103
1104
1105
1106
1107
1108
1109
1110
1111
1112
1113
1114
1115
1116
1117
1118
1119
1120
1121
1122
1123
1124
1125
1126
1127
1128
1129
1130
1131
1132
1133
1134
1135
1136
1137
1138
1139
1140
1141
1142
1143
1144
1145
1146
1147
1148
1149
1150
1151
1152
1153
1154
1155
1156
1157
1158
1159
1160
1161
1162
1163
1164
1165
1166
1167
1168
1169
1170
1171
1172
1173
1174
1175
1176
1177
1178
1179
1180
1181
1182
1183
1184
1185
1186
1187
1188
1189
1190
1191
1192
1193
1194
1195
1196
1197
1198
1199
1200
1201
1202
1203
1204
1205
1206
1207
1208
1209
1210
1211
1212
1213
1214
1215
1216
1217
1218
1219
1220
1221
1222
1223
1224
1225
1226
1227
1228
1229
1230
1231
1232
1233
1234
1235
1236
1237
1238
1239
1240
1241
1242
1243
1244
1245
1246
1247
1248
1249
1250
1251
1252
1253
1254
1255
1256
1257
1258
1259
1260
1261
1262
1263
1264
1265
1266
1267
1268
1269
1270
1271
1272
1273
1274
1275
1276
1277
1278
1279
1280
1281
1282
1283
1284
1285
1286
1287
1288
1289
1290
1291
1292
1293
1294
1295
1296
1297
1298
1299
1300
1301
1302
1303
1304
1305
1306
1307
1308
1309
1310
1311
1312
1313
1314
1315
1316
1317
1318
1319
1320
1321
1322
1323
1324
1325
1326
1327
1328
1329
1330
1331
1332
1333
1334
1335
1336
1337
1338
1339
1340
1341
1342
1343
1344
1345
1346
1347
1348
1349
1350
1351
1352
1353
1354
1355
1356
1357
1358
1359
1360
1361
1362
1363
1364
1365
1366
1367
1368
1369
1370
1371
1372
1373
1374
1375
1376
1377
1378
1379
1380
1381
1382
1383
1384
1385
1386
1387
1388
1389
1390
1391
1392
1393
1394
1395
1396
1397
1398
1399
1400
1401
1402
1403
1404
1405
1406
1407
1408
1409
1410
1411
1412
1413
1414
1415
1416
1417
1418
1419
1420
1421
1422
1423
1424
1425
1426
1427
1428
1429
1430
1431
1432
1433
1434
1435
1436
1437
1438
1439
1440
1441
1442
1443
1444
1445
1446
1447
1448
1449
1450
1451
1452
1453
1454
1455
1456
1457
1458
1459
1460
1461
1462
1463
1464
1465
1466
1467
1468
1469
1470
1471
1472
1473
1474
1475
1476
1477
1478
1479
1480
1481
1482
1483
1484
1485
1486
1487
1488
1489
1490
1491
1492
1493
1494
1495
1496
1497
1498
1499
1500
1501
1502
1503
1504
1505
1506
1507
1508
1509
1510
1511
1512
1513
1514
1515
1516
1517
1518
1519
1520
1521
1522
1523
1524
1525
1526
1527
1528
1529
1530
1531
1532
1533
1534
1535
1536
1537
1538
1539
1540
1541
1542
1543
1544
1545
1546
1547
1548
1549
1550
1551
1552
1553
1554
1555
1556
1557
1558
1559
1560
1561
1562
1563
1564
1565
1566
1567
1568
1569
1570
1571
1572
1573
1574
1575
1576
1577
1578
1579
1580
1581
1582
1583
1584
1585
1586
1587
1588
1589
1590
1591
1592
1593
1594
1595
1596
1597
1598
1599
1600
1601
1602
1603
1604
1605
1606
1607
1608
1609
1610
1611
1612
1613
1614
1615
1616
1617
1618
1619
1620
1621
1622
1623
1624
1625
1626
1627
1628
1629
1630
1631
1632
1633
1634
1635
1636
1637
1638
1639
1640
1641
1642
1643
1644
1645
1646
1647
1648
1649
1650
1651
1652
1653
1654
1655
1656
1657
1658
1659
1660
1661
1662
1663
1664
1665
1666
1667
1668
1669
1670
1671
1672
1673
1674
1675
1676
1677
1678
1679
1680
1681
1682
1683
1684
1685
1686
1687
1688
1689
1690
1691
1692
1693
1694
1695
1696
1697
1698
1699
1700
1701
1702
1703
1704
1705
1706
1707
1708
1709
1710
1711
1712
1713
1714
1715
1716
1717
1718
1719
1720
1721
1722
1723
1724
1725
1726
1727
1728
1729
1730
1731
1732
1733
1734
1735
1736
1737
1738
1739
1740
1741
1742
1743
1744
1745
1746
1747
1748
1749
1750
1751
1752
1753
1754
1755
1756
1757
1758
1759
1760
1761
1762
1763
1764
1765
1766
1767
1768
1769
1770
1771
1772
1773
1774
1775
1776
1777
1778
1779
1780
1781
1782
1783
1784
1785
1786
1787
1788
1789
1790
1791
1792
1793
1794
1795
1796
1797
1798
1799
1800
1801
1802
1803
1804
1805
1806
1807
1808
1809
1810
1811
1812
1813
1814
1815
1816
1817
1818
1819
1820
1821
1822
1823
1824
1825
1826
1827
1828
1829
1830
1831
1832
1833
1834
1835
1836
1837
1838
1839
1840
1841
1842
1843
1844
1845
1846
1847
1848
1849
1850
1851
1852
1853
1854
1855
1856
1857
1858
1859
1860
1861
1862
1863
1864
1865
1866
1867
1868
1869
1870
1871
1872
1873
1874
1875
1876
1877
1878
1879
1880
1881
1882
1883
1884
1885
1886
1887
1888
1889
1890
1891
1892
1893
1894
1895
1896
1897
1898
1899
1900
1901
1902
1903
1904
1905
1906
1907
1908
1909
1910
1911
1912
1913
1914
1915
1916
1917
1918
1919
1920
1921
1922
1923
1924
1925
1926
1927
1928
1929
1930
1931
1932
1933
1934
1935
1936
1937
1938
1939
1940
1941
1942
1943
1944
1945
1946
1947
1948
1949
1950
1951
1952
1953
1954
1955
1956
1957
1958
1959
1960
1961
1962
1963
1964
1965
1966
1967
1968
1969
1970
1971
1972
1973
1974
1975
1976
1977
1978
1979
1980
1981
1982
1983
1984
1985
1986
1987
1988
1989
1990
1991
1992
1993
1994
1995
1996
1997
1998
1999
2000
2001
2002
2003
2004
2005
2006
2007
2008
2009
2010
2011
2012
2013
2014
2015
2016
2017
2018
2019
2020
2021
2022
2023
2024
2025
2026
2027
2028
2029
2030
2031
2032
2033
2034
2035
2036
2037
2038
2039
2040
2041
2042
2043
2044
2045
2046
2047
2048
2049
2050
2051
2052
2053
2054
2055
2056
2057
2058
2059
2060
2061
2062
2063
2064
2065
2066
2067
2068
2069
2070
2071
2072
2073
2074
2075
2076
2077
2078
2079
2080
2081
2082
2083
2084
2085
2086
2087
2088
2089
2090
2091
2092
2093
2094
2095
2096
2097
2098
2099
2100
2101
2102
2103
2104
2105
2106
2107
2108
2109
2110
2111
2112
2113
2114
2115
2116
2117
2118
2119
2120
2121
2122
2123
2124
2125
2126
2127
2128
2129
2130
2131
2132
2133
2134
2135
2136
2137
2138
2139
2140
2141
2142
2143
2144
2145
2146
2147
2148
2149
2150
2151
2152
2153
2154
2155
2156
2157
2158
2159
2160
2161
2162
2163
2164
2165
2166
2167
2168
2169
2170
2171
2172
2173
2174
2175
2176
2177
2178
2179
2180
2181
2182
2183
2184
2185
2186
2187
2188
2189
2190
2191
2192
2193
2194
2195
2196
2197
2198
2199
2200
2201
2202
2203
2204
2205
2206
2207
2208
2209
2210
2211
2212
2213
2214
2215
2216
2217
2218
2219
2220
2221
2222
2223
2224
2225
2226
2227
2228
2229
2230
2231
2232
2233
2234
2235
2236
2237
2238
2239
2240
2241
2242
2243
2244
2245
2246
2247
2248
2249
2250
2251
2252
2253
2254
2255
2256
2257
2258
2259
2260
2261
2262
2263
2264
2265
2266
2267
2268
2269
2270
2271
2272
2273
2274
2275
2276
2277
2278
2279
2280
2281
2282
2283
2284
2285
2286
2287
2288
2289
2290
2291
2292
2293
2294
2295
2296
2297
2298
2299
2300
2301
2302
2303
2304
2305
2306
2307
2308
2309
2310
2311
2312
2313
2314
2315
2316
2317
2318
2319
2320
2321
2322
2323
2324
2325
2326
2327
2328
2329
2330
2331
2332
2333
2334
2335
2336
2337
2338
2339
2340
2341
2342
2343
2344
2345
2346
2347
2348
2349
2350
2351
2352
2353
2354
2355
2356
2357
2358
2359
2360
2361
2362
2363
2364
2365
2366
2367
2368
2369
2370
2371
2372
2373
2374
2375
2376
2377
2378
2379
2380
2381
2382
2383
2384
2385
2386
2387
2388
2389
2390
2391
2392
2393
2394
2395
2396
2397
2398
2399
2400
2401
2402
2403
2404
2405
2406
2407
2408
2409
2410
2411
2412
2413
2414
2415
2416
2417
2418
2419
2420
2421
2422
2423
2424
2425
2426
2427
2428
2429
2430
2431
2432
2433
2434
2435
2436
2437
2438
2439
2440
2441
2442
2443
2444
2445
2446
2447
2448
2449
2450
2451
2452
2453
2454
2455
2456
2457
2458
2459
2460
2461
2462
2463
2464
2465
2466
2467
2468
2469
2470
2471
2472
2473
2474
2475
2476
2477
2478
2479
2480
2481
2482
2483
2484
2485
2486
2487
2488
2489
2490
2491
2492
2493
2494
2495
2496
2497
2498
2499
2500
2501
2502
2503
2504
2505
2506
2507
2508
2509
2510
2511
2512
2513
2514
2515
2516
2517
2518
2519
2520
2521
2522
2523
2524
2525
2526
2527
2528
2529
2530
2531
2532
2533
2534
2535
2536
2537
2538
2539
2540
2541
2542
2543
2544
2545
2546
2547
2548
2549
2550
2551
2552
2553
2554
2555
2556
2557
2558
2559
2560
2561
2562
2563
2564
2565
2566
2567
2568
2569
2570
2571
2572
2573
2574
2575
2576
2577
2578
2579
2580
2581
2582
2583
2584
2585
2586
2587
2588
2589
2590
2591
2592
2593
2594
2595
2596
2597
2598
2599
2600
2601
2602
2603
2604
2605
2606
2607
2608
2609
2610
2611
2612
2613
2614
2615
2616
2617
2618
2619
2620
2621
2622
2623
2624
2625
2626
2627
2628
2629
2630
2631
2632
2633
2634
2635
2636
2637
2638
2639
2640
2641
2642
2643
2644
2645
2646
2647
2648
2649
2650
2651
2652
2653
2654
2655
2656
2657
2658
2659
2660
2661
2662
2663
2664
2665
2666
2667
2668
2669
2670
2671
2672
2673
2674
2675
2676
2677
2678
2679
2680
2681
2682
2683
2684
2685
2686
2687
2688
2689
2690
2691
2692
2693
2694
2695
2696
2697
2698
2699
2700
2701
2702
2703
2704
2705
2706
2707
2708
2709
2710
2711
2712
2713
2714
2715
2716
2717
2718
2719
2720
2721
2722
2723
2724
2725
2726
2727
2728
2729
2730
2731
2732
2733
2734
2735
2736
2737
2738
2739
2740
2741
2742
2743
2744
2745
2746
2747
2748
2749
2750
2751
2752
2753
2754
2755
2756
2757
2758
2759
2760
2761
2762
2763
2764
2765
2766
2767
2768
2769
2770
2771
2772
2773
2774
2775
2776
2777
2778
2779
2780
2781
2782
2783
2784
2785
2786
2787
2788
2789
2790
2791
2792
2793
2794
2795
2796
2797
2798
2799
2800
2801
2802
2803
2804
2805
2806
2807
2808
2809
2810
2811
2812
2813
2814
2815
2816
2817
2818
2819
2820
2821
2822
2823
2824
2825
2826
2827
2828
2829
2830
2831
2832
2833
2834
2835
2836
2837
2838
2839
2840
2841
2842
2843
2844
2845
2846
2847
2848
2849
2850
2851
2852
2853
2854
2855
2856
2857
2858
2859
2860
2861
2862
2863
2864
2865
2866
2867
2868
2869
2870
2871
2872
2873
2874
2875
2876
2877
2878
2879
2880
2881
2882
2883
2884
2885
2886
2887
2888
2889
2890
2891
2892
2893
2894
2895
2896
2897
2898
2899
2900
2901
2902
2903
2904
2905
2906
2907
2908
2909
2910
2911
2912
2913
2914
2915
2916
2917
2918
2919
2920
2921
2922
2923
2924
2925
2926
2927
2928
2929
2930
2931
2932
2933
2934
2935
2936
2937
2938
2939
2940
2941
1.795246963648781 0.641482330490601 0
1.944823597395237 0.6421737490712331 0
1.914506072705588 0.6419493296605348 0
1.755000000001838 0.6413397459622356 0
0.4149999999999067 0.641339745962112 0
0.3850000000000939 0.6413397459620288 0
0.3550000000002845 0.6413397459620058 0
0.3250000000004779 0.6413397459619827 0
0.2950000000007041 0.6413397459621467 0
1.514999999999783 0.5586602540377658 0
0.2650000000009458 0.641339745962187 0
1.43500000000001 0.558660254037796 0
1.474999999999962 0.5586602540378058 0
0.4449999999992752 0.5586602540410133 0
1.594999999999652 0.5586602540377914 0
1.664999999999645 0.5586602540377951 0
1.544999999999682 0.5586602540377936 0
1.72499999999965 0.558660254037797 0
0.5049999999995763 0.5586602540398465 0
0.5349999999995856 0.5586602540389664 0
0.5649999999991092 0.5586602540383908 0
0.05500000000050871 0.5586602540420932 0
0.594999999998942 0.5586602540383072 0
0.624999999998645 0.5586602540373793 0
0.08500000000045191 0.5586602540403526 0
0.47499999999954 0.5586602540409729 0
0.6549999999983095 0.5586602540378202 0
0.1950000000003386 0.5586602540387868 0
0.6849999999982308 0.5586602540378368 0
1.825246963648597 0.6414823304905194 0
1.405000000000004 0.5586602540378378 0
0.235000000001058 0.5586602540393517 0
1.854999999999769 0.5586602540378334 0
0.1650000000003764 0.5586602540400128 0
0.1250000000002255 0.5586602540399661 0
1.624999999999654 0.5586602540378198 0
1.694999999999651 0.5586602540378254 0
1.354999999999894 0.5586602540378784 0
1.294999999999644 0.5586602540379407 0
1.234999999999571 0.5586602540378532 0
1.194999999999449 0.5586602540378575 0
1.124999999999272 0.5586602540378646 0
1.08499999999916 0.5586602540378531 0
1.004999999998741 0.5586602540375744 0
1.165000000001038 0.6413397459621423 0
1.034999999998606 0.5586602540380339 0
1.885000000001219 0.6413397459621469 0
0.9149999999987726 0.558660254037858 0
0.8349999999985576 0.5586602540378567 0
0.9649999999988961 0.5586602540378622 0
1.325000000001352 0.6413397459616876 0
0.7249999999982644 0.5586602540378585 0
0.7849999999984233 0.5586602540378575 0
0.884506072704848 0.6426474287818081 0
0.7550000000003975 0.6413397459621424 0
1.26500000000132 0.6413397459613512 0
1.565000000001664 0.641339745962143 0
0.8050000000004476 0.6423230141400819 0
0.8545060727047948 0.6419493296611214 0
0.9349357133368217 0.6415464098197182 0
1.055000000000867 0.6413397459621436 0
1.375000000001404 0.6413397459618019 0
1.77499999999964 0.5586602540378396 0
0.1050000000004648 0.6413397459617807 0
1.49500000000156 0.6413397459620216 0
1.455000000001522 0.6413397459618817 0
0.145000000000624 0.6413397459619072 0
0.2150000000008986 0.6413397459621217 0
1.645000000001797 0.6413397459621452 0
1.215000000001191 0.6413397459612209 0
1.104935713337091 0.6415464098196614 0
0.9849357133369028 0.6415464098196971 0
0.7050000000003201 0.641339745962142 0
1.934999999999995 0.5586602540378393 0
0.2850000000006313 0.5586602540406773 0
0.3150000000004074 0.5586602540391969 0
0.3449999999998681 0.5586602540379889 0
0.3749999999975896 0.5586602540372041 0
1.525000000001583 0.641339745962076 0
0.4049999999990943 0.5586602540385617 0
1.675000000001839 0.6413397459621452 0
1.90499999999995 0.5586602540378489 0
1.605000000001724 0.6413397459621411 0
1.804999999999617 0.5586602540377941 0
0.6650000000002575 0.6413397459621433 0
1.705000000001904 0.6413397459621391 0
0.6350000000002098 0.6413397459621422 0
0.6050000000001707 0.6413397459621281 0
0.5750000000001525 0.6413397459620774 0
0.5450000000000701 0.6413397459621424 0
0.5150000000000203 0.6413397459621337 0
1.415000000001461 0.6413397459618806 0
1.014823597395195 0.642173749072107 0
1.134753036353191 0.6421804296111139 0
0.8749999999986655 0.5586602540378705 0
1.154999999999344 0.5586602540378649 0
0.4849999999999448 0.6413397459621211 0
0.454999999999844 0.6413397459620948 0
0.1750000000007408 0.641339745962005 0
0.06500000000027564 0.6413397459618078 0
1.855000000001139 0.6413397459621093 0
1.295000000001368 0.6413397459614201 0
0.7549999999983814 0.5586602540380661 0
1.324999999999799 0.5586602540378734 0
1.264999999999629 0.558660254037872 0
1.991522171867766 0.5953159709367077 0
0.00950000881239893 0.60360897063465 0
0.03500000000014564 0.6413397459621196 0
1.964999999999693 0.5586602540378089 0
1.574999999999646 0.5586602540378032 0
1.744999999999632 0.5586602540378066 0
1.824999999999695 0.5586602540378658 0
1.874999999999838 0.5586602540378443 0
1.454999999999989 0.5586602540378116 0
1.644999999999659 0.5586602540378094 0
0.009065940844957954 0.5848461497841829 0
1.735000000001921 0.6413397459621832 0
1.494999999999876 0.5586602540377867 0
1.991339745962144 0.6149999999996294 0
1.054999999999103 0.5586602540378629 0
1.384999999999949 0.5586602540378665 0
1.104999999999215 0.5586602540378643 0
1.214999999999514 0.5586602540378736 0
0.7049999999982182 0.5586602540378514 0
0.8149999999985089 0.5586602540378658 0
0.934999999998821 0.5586602540378645 0
0.9849999999989429 0.5586602540378643 0
0.245000000001016 0.6413397459621719 0
0.8549999999986058 0.5586602540378645 0
1.625000000001759 0.6413397459621417 0
0.2649999999997652 0.5586602540385549 0
1.47500000000154 0.6413397459619861 0
0.8949999999987278 0.5586602540378609 0
1.585000000001701 0.6413397459621382 0
0.6850000000002865 0.6413397459621433 0
0.195000000000819 0.6413397459620742 0
0.1250000000005437 0.6413397459618456 0
0.1050000000002504 0.5586602540402106 0
0.08500000000041685 0.6413397459615358 0
1.355000000001429 0.6413397459615902 0
1.395000000001433 0.6413397459618444 0
1.035000000000833 0.6413397459621422 0
0.424999999999139 0.5586602540402907 0
1.54500000000162 0.6413397459621442 0
1.085000000000913 0.6413397459621422 0
1.435000000001496 0.6413397459618305 0
0.9648235973951009 0.6421737490721864 0
1.174999999999425 0.5586602540378562 0
0.1450000000002012 0.5586602540397207 0
1.235000000001254 0.6413397459612682 0
0.8250000000005057 0.6413397459621433 0
0.7749357133365644 0.641546409819759 0
1.195000000001088 0.6413397459614965 0
0.7348235973946965 0.6421737490724346 0
0.9148235973950323 0.6421737490722569 0
0.4349999999998173 0.641339745962105 0
0.03500000000019038 0.5586602540408918 0
0.214999999999726 0.5586602540380399 0
1.774753036353953 0.6418092511952513 0
1.965000000000463 0.6413397459622703 0
1.991037038750394 0.5741327434525686 0
0.008872509776540496 0.6247958467178618 0
1.991705025958427 0.6349406768299068 0
0.01538675134616789 0.5584369630472326 0
1.984957626307208 0.5584677204505309 0
0.01554440545801981 0.6404504717196088 0
1.794999999999641 0.5586602540377943 0
1.799999999999649 0.5673205080755905 0
1.789999999999693 0.5673205080756132 0
1.794999999999704 0.575980762113387 0
1.784999999999773 0.57598076211342 0
1.78999999999977 0.5846410161511836 0
1.779999999999846 0.5846410161512151 0
1.799999999999747 0.5846410161512366 0
1.784999999999838 0.593301270188977 0
1.774999999999919 0.593301270189009 0
1.779999999999908 0.6019615242267654 0
1.769999999999989 0.6019615242268005 0
1.764999999999997 0.5933012701890411 0
1.760000000000063 0.6019615242268398 0
1.755000000000069 0.5933012701890918 0
1.750000000000133 0.601961524226883 0
1.745000000000138 0.5933012701891223 0
1.740000000000197 0.601961524226922 0
1.735000000000195 0.5933012701891568 0
1.730000000000248 0.6019615242269629 0
1.72500000000024 0.5933012701891909 0
1.72000000000029 0.6016320974594972 0
1.715000000000272 0.5932463657279747 0
1.709753036352827 0.6014254577263949 0
1.704958839392356 0.593202775028947 0
1.699705015643606 0.6017131794219113 0
1.694943975839516 0.5932434635284101 0
1.689941498580768 0.6015810722152446 0
1.684980912403604 0.5932282270772193 0
1.679740104850139 0.6014139304105919 0
1.674953502875858 0.5931978307012497 0
1.669701970973757 0.6017104341480598 0
1.664942578975186 0.5932421819281954 0
1.659940758325109 0.6015804010696397 0
1.654980556216978 0.5932279016196438 0
1.649739922109781 0.6014137643101292 0
1.644953413054728 0.5931977487749945 0
1.639701925546863 0.6017103928103528 0
1.634942556433874 0.5932421613842854 0
1.629940746997106 0.601909817523681 0
1.62500000000043 0.5933012701895721 0
1.619990124499916 0.60195290644348 0
1.614998354083684 0.5932998338922993 0
1.609998079764274 0.6019598485472615 0
1.604999696756163 0.5933010055656349 0
1.599999629420427 0.6019612008434787 0
1.594999919783294 0.5933012001886263 0
1.589999924867654 0.6019614586633839 0
1.585000000000502 0.5933012701897715 0
1.57999998747841 0.6019615133002627 0
1.574999997913496 0.5933012683685586 0
1.56999999756572 0.6019615221029075 0
1.564999999616031 0.5933012698543152 0
1.559999999530711 0.6019615238176799 0
1.554999999898742 0.593301270101068 0
1.549999999905348 0.6019615241446421 0
1.545000000000593 0.5933012701900059 0
1.539999999984783 0.6019615242139987 0
1.534999999997896 0.5933012701875484 0
1.529999999997593 0.6019615242251906 0
1.525000000000357 0.5933012701898602 0
1.520000000000161 0.6019615242274849 0
1.515000000000545 0.5933012701899896 0
1.510000000000641 0.6016320974602685 0
1.505000000000593 0.5932463657286744 0
1.499753036353134 0.6014254577271376 0
1.49495883939279 0.5932027750297919 0
1.48970501564394 0.6017131794228506 0
1.48494397583998 0.5932434635293098 0
1.479941498581246 0.6019104989838613 0
1.475000000000817 0.5933012701904848 0
1.469990249764291 0.6019530200209415 0
1.464998374961409 0.5932998528225086 0
1.45999810412158 0.6019598706325081 0
1.454999700603015 0.5933010090541437 0
1.44999963412141 0.6019612051064196 0
1.444999920801207 0.593301201112163 0
1.439999925821095 0.6019614595284555 0
1.435000000000922 0.5933012701907624 0
1.429999987637675 0.6019615134452772 0
1.424999997940389 0.5933012683933998 0
1.419999997597027 0.6019615221318984 0
1.414999999621277 0.5933012698596627 0
1.409999999537072 0.601961523824089 0
1.404999999900448 0.5933012701031193 0
1.399999999906945 0.6019615241467394 0
1.395000000000971 0.5933012701910159 0
1.389999999985347 0.6019615242152083 0
1.384999999998357 0.5933012701885809 0
1.379999999997977 0.6019615242262588 0
1.375000000000296 0.5933012701903649 0
1.370000000000399 0.6019615242284384 0
1.365000000000965 0.5933012701911953 0
1.360000000000906 0.6019615242289806 0
1.355000000000685 0.5933012701905445 0
1.350000000000934 0.6019615242290011 0
1.345000000000802 0.5933012701907909 0
1.340000000000947 0.6016320974612135 0
1.335000000000803 0.593246365729751 0
1.329753036353188 0.6014254577279404 0
1.324958839392786 0.5932027750307658 0
1.319705015643881 0.6017131794238026 0
1.314943975839982 0.5932434635304741 0
1.309941498581266 0.6015810722170434 0
1.304980912404056 0.5932282270792064 0
1.299740104850401 0.6014139304122277 0
1.294953502876185 0.593197830703262 0
1.289701970973935 0.601710434150034 0
1.284942578975506 0.5932421819303748 0
1.279940758325495 0.6015804010714821 0
1.274980556217365 0.5932279016218054 0
1.269739922109934 0.6014137643118078 0
1.264953413055068 0.5931977487771366 0
1.259701925546945 0.6017103928123804 0
1.254942556434175 0.5932421613864932 0
1.249940746997403 0.6015803907579835 0
1.244980550572311 0.5932278964787767 0
1.239739919281027 0.6014137617358017 0
1.234953411642538 0.593197747490533 0
1.229701924839994 0.6017103921687177 0
1.224942556080841 0.5932421610649341 0
1.219940746820659 0.6019098173651788 0
1.215000000000717 0.5933012701920387 0
1.209990124470738 0.6019529064191442 0
1.204998354079035 0.5932998338902972 0
1.199998079758797 0.6019598485445501 0
1.194999696755486 0.5933010055673862 0
1.189999629419539 0.6019612008450049 0
1.184999919783247 0.5933012001910415 0
1.179999924867613 0.6019614586657285 0
1.175000000000658 0.5933012701922671 0
1.169999987478515 0.6019615133027587 0
1.164999997913608 0.5933012683707026 0
1.159999997565812 0.601961522105377 0
1.154999999616105 0.5933012698568002 0
1.149999999530765 0.6019615238202025 0
1.144999999898887 0.5933012701036745 0
1.139999999905374 0.6019615241471941 0
1.135000000000588 0.5933012701925029 0
1.129999999984749 0.6019615242165341 0
1.124999999997714 0.5933012701899529 0
1.119999999997492 0.6019615242276966 0
1.115000000000171 0.5933012701923037 0
1.110000000000013 0.6019615242299864 0
1.105000000000382 0.5933012701925333 0
1.100000000000458 0.6019615242304468 0
1.095000000000535 0.5933012701927278 0
1.090000000000555 0.6019615242305953 0
1.085000000000518 0.5933012701923173 0
1.080000000000561 0.601961524230589 0
1.075000000000508 0.5933012701922853 0
1.070000000000549 0.601961524230618 0
1.065000000000494 0.593301270192786 0
1.060000000000537 0.6019615242307793 0
1.055000000000481 0.5933012701924453 0
1.050000000000523 0.6019615242307514 0
1.045000000000469 0.5933012701924208 0
1.040000000000511 0.601961524230781 0
1.035000000000457 0.5933012701924465 0
1.030000000000499 0.601961524230828 0
1.025000000000443 0.5933012701924967 0
1.020000000000485 0.6019615242308813 0
1.015000000000487 0.5933012701918954 0
1.01000000000048 0.6019615242308269 0
1.005000000000598 0.5933012701910942 0
1.000000000000488 0.6019615242307211 0
0.9950000000004566 0.593301270192869 0
0.9900000000004437 0.6019615242311727 0
0.9850000000003966 0.5933012701932748 0
0.9800000000004304 0.6019615242312173 0
0.9750000000003758 0.5933012701933869 0
0.9700000000004151 0.6019615242312842 0
0.965000000000361 0.593301270193453 0
0.9600000000004014 0.6019615242313394 0
0.9550000000003469 0.5933012701935101 0
0.9500000000003828 0.6019615242314067 0
0.9450000000001483 0.5933012701931 0
0.9400000000003349 0.601961524231384 0
0.9350000000000056 0.5933012701923212 0
0.9300000000002975 0.6019615242312749 0
0.9250000000001491 0.5933012701926764 0
0.9200000000003064 0.6019615242313603 0
0.9150000000002565 0.5933012701929262 0
0.910000000000315 0.6019615242314527 0
0.905000000000265 0.5933012701930181 0
0.9000000000003057 0.6019615242315163 0
0.8950000000002518 0.5933012701936816 0
0.8900000000002911 0.6019615242317211 0
0.8850000000002338 0.5933012701938616 0
0.8800000000002692 0.6019615242317707 0
0.8750000000002149 0.5933012701939351 0
0.8700000000002489 0.601961524231824 0
0.8650000000001965 0.5933012701939911 0
0.8600000000002286 0.6019615242318772 0
0.8550000000001781 0.5933012701940433 0
0.8500000000002138 0.6019615242319298 0
0.8450000000001608 0.5933012701940962 0
0.8400000000001955 0.6016320974639668 0
0.8350000000001434 0.5932463657321453 0
0.829753036352332 0.601425457730453 0
0.8249588393921528 0.5932027750329372 0
0.819705015643015 0.6017131794263828 0
0.814943975839258 0.5932434635324124 0
0.8099414985804848 0.6019104989875498 0
0.8050000000000977 0.59330127019431 0
0.7999902497635265 0.6019530200247633 0
0.794998374960434 0.5932998528258855 0
0.789998104120744 0.6019598706362642 0
0.7849997006020265 0.5933010090573876 0
0.7799996341205323 0.601961205110135 0
0.7749999208002561 0.5933012011155687 0
0.7699999258201889 0.6019614595321784 0
0.765000000000029 0.5933012701945204 0
0.7599999876367473 0.6019615134490436 0
0.7549999979396939 0.5933012683964415 0
0.7499999975961054 0.6019615221355421 0
0.7449999996204578 0.5933012698629281 0
0.7399999995361145 0.60196152382774 0
0.7349999998993999 0.5933012701065653 0
0.7299999999059295 0.6019615241504126 0
0.7249999999999581 0.5933012701947289 0
0.7199999999843163 0.6019615242189226 0
0.714999999997219 0.593301270192569 0
0.7099999999969191 0.6019615242300144 0
0.7049999999999378 0.5933012701948404 0
0.6999999999994722 0.6019615242322741 0
0.6949999999998504 0.5933012701940463 0
0.6899999999998834 0.601961524232554 0
0.6849999999999048 0.5933012701939722 0
0.6799999999999629 0.6019615242326242 0
0.6749999999999293 0.5933012701940092 0
0.6699999999999827 0.6019615242326787 0
0.6649999999996949 0.5933012701941769 0
0.65999999999995 0.6019615242327508 0
0.6549999999995322 0.5933012701935167 0
0.6499999999999196 0.6016320974645888 0
0.6449999999997502 0.59324636573277 0
0.6397530363520525 0.6014254577312099 0
0.6349588393921035 0.5932027750344573 0
0.6297050156428059 0.6017131794273936 0
0.6249439758396266 0.5932434635335582 0
0.6199414985804251 0.6015810722204525 0
0.6149809124036555 0.5932282270823469 0
0.609740104849457 0.6014139304155253 0
0.6049535028755849 0.5931978307067129 0
0.5997019709729565 0.6017104341535817 0
0.5949425789749896 0.5932421819334941 0
0.5899407583246941 0.6019098278430234 0
0.5850000000000016 0.5933012701954749 0
0.5799901263874911 0.6019529081682942 0
0.5749983543980007 0.5932998341842897 0
0.5699980801309625 0.6019598488873427 0
0.5649996968138281 0.5933010056239638 0
0.5599996294908517 0.6019612009138315 0
0.554999919798312 0.59330120020828 0
0.5499999248815846 0.6016320319141801 0
0.5449999741134115 0.5932463431441169 0
0.5397530195179494 0.601425443041626 0
0.5349588322721522 0.5932027688209307 0
0.529705011650475 0.6017131759438614 0
0.5249439739872888 0.5932434619179319 0
0.5199414976063671 0.6015810713708859 0
0.5149809119324291 0.5932282266719617 0
0.5097401046085812 0.6014139302058047 0
0.5049535027572382 0.593197830603226 0
0.499701970913089 0.6017104341017138 0
0.4949425789453343 0.5932421819082381 0
0.4899407583098156 0.6015804010623388 0
0.4849805562092234 0.5932279016194786 0
0.4797399221052748 0.6014137643123834 0
0.4749534130524459 0.5931977487797304 0
0.4697019255450559 0.601710392815663 0
0.4649425564329469 0.5932421613903562 0
0.4599407469964133 0.6019098175299838 0
0.4550000000000625 0.5933012701961793 0
0.4499901244994989 0.6019529064500406 0
0.4449983540833081 0.5932998338989015 0
0.4399980797638999 0.601959848553869 0
0.4349996967557933 0.593301005572352 0
0.4299996294200661 0.6019612008501142 0
0.4249999197829351 0.593301200195404 0
0.4199999248673062 0.6016320319018051 0
0.4149999741084822 0.5932463431408523 0
0.4097530195148007 0.6014254430393798 0
0.4049588322705643 0.5932027688214596 0
0.39970501164976 0.6017131759440018 0
0.3949439739867666 0.593243461919033 0
0.3899414976063108 0.6015810713714776 0
0.3849809119317106 0.593228226671851 0
0.3797401046085873 0.6014139302062402 0
0.3749535027559464 0.5931978306033413 0
0.3697019709130388 0.6017104341022208 0
0.3649425789447573 0.5932421819092762 0
0.3599407583099486 0.6015804010629729 0
0.3549805562092066 0.5932279016189517 0
0.3497399221055289 0.6014137643127534 0
0.3449534130524757 0.5931977487789533 0
0.339701925545371 0.6017103928160037 0
0.3349425564332278 0.5932421613908088 0
0.3299407469968447 0.6015803907622763 0
0.3249805505721647 0.5932278964838629 0
0.3197399192805926 0.6014137617402021 0
0.314953411642844 0.5931977474953198 0
0.3097019248396982 0.6017103921734022 0
0.3049425560810733 0.5932421610694059 0
0.2999407468206393 0.6019098173699801 0
0.295000000000716 0.5933012701970222 0
0.2899901244707694 0.6019529064240472 0
0.2849983540792705 0.5932998338949753 0
0.2799980797589146 0.6019598485494198 0
0.2749996967556818 0.5933010055721608 0
0.2699996294197016 0.6019612008498825 0
0.2649999197834344 0.5933012001959799 0
0.2599999248678168 0.6019614586706346 0
0.2550000000008882 0.5933012701972253 0
0.249999987478765 0.6019615133076729 0
0.2449999979139998 0.5933012683750756 0
0.2399999975661224 0.6019615221101939 0
0.2349999996166092 0.5933012698607902 0
0.229999999531124 0.6016320970566464 0
0.2249999998588142 0.5932463656107441 0
0.219753036250964 0.6014254576440822 0
0.2149588393522589 0.5932027750002902 0
0.2097050156198484 0.6017131794085764 0
0.204943975829315 0.5932434635259978 0
0.1999414985755375 0.6019104989856491 0
0.1950000000009572 0.5933012701975308 0
0.1899902497634245 0.6019530200271201 0
0.1849983749613572 0.5932998528287876 0
0.1799981041214679 0.6016304438709208 0
0.1749994131811585 0.5932458539081032 0
0.1697526225696953 0.601425096829448 0
0.1649586726259537 0.5932026295807074 0
0.1597049188851957 0.6017130950363649 0
0.1549439319192669 0.5932434252279752 0
0.1499414751347356 0.6019104785407938 0
0.1450000000009271 0.5933012701977985 0
0.1399902458565965 0.6019530166198727 0
0.1349983743101887 0.5932998522615142 0
0.1299981033617769 0.6019598699770426 0
0.1249997004830586 0.593301008956699 0
0.1199996339747786 0.6019612049858047 0
0.1149999207694678 0.5933012010916792 0
0.1099999257913407 0.6019614595097976 0
0.1050000000008896 0.5933012701980164 0
0.09999998763266535 0.6019615134482221 0
0.09499999793950265 0.5933012683999679 0
0.08999999759598261 0.6019615221383208 0
0.08499999962108253 0.5933012698668294 0
0.07999999953679302 0.6019615238311835 0
0.0749999999003976 0.5933012701105096 0
0.06999999990680759 0.6019615241539767 0
0.0650000000008549 0.5933012701982331 0
0.05999999998521316 0.6019615242224321 0
0.05499999999823257 0.5933012701960059 0
0.04999999999783351 0.6019615242335044 0
1.789999999999822 0.6019615242267347 0
0.04500000000035383 0.5933012701979143 0
1.72482359739521 0.6097485576836068 0
1.694447158409639 0.609209295977627 0
1.664446527588692 0.6092087265743955 0
1.784999999999896 0.6106217782645202 0
1.794999999999807 0.6106217782644875 0
1.765246963648014 0.6101522730317984 0
1.745000000000203 0.6106217782646932 0
1.514823597395305 0.6097485576840982 0
1.634888295108552 0.6103140549071464 0
1.615000000000523 0.6106217782652836 0
1.59500000000056 0.6106217782653717 0
1.575000000000615 0.6106217782654814 0
1.555000000000672 0.6106217782655939 0
1.535000000000735 0.6106217782657074 0
1.484888528447124 0.6103142655536238 0
1.465000000000979 0.6106217782662022 0
1.445000000001005 0.6106217782663423 0
1.425000000001059 0.6106217782664954 0
1.405000000001072 0.6106217782666338 0
1.385000000001086 0.6106217782667698 0
1.344823597395576 0.6097485576848567 0
1.365000000001065 0.6106217782668981 0
1.314447158409469 0.6092092959783606 0
1.284446527588447 0.6092087265751356 0
1.254446518129199 0.60920871796663 0
1.184752962067314 0.6101522082095725 0
1.224888295055064 0.6103140548604276 0
1.205000000000797 0.6106217782678084 0
1.154999999516593 0.610621777845618 0
1.124999999997493 0.6106217782655039 0
1.075000000000604 0.6106217782685237 0
1.0950000000006 0.6106217782684169 0
1.005000000000517 0.6106217782688405 0
1.045000000000566 0.6106217782686891 0
1.025000000000542 0.6106217782687937 0
0.9550000000004301 0.610621778269263 0
0.9750000000004665 0.610621778269127 0
0.9050000000003552 0.6106217782694681 0
0.9250000000003729 0.6106217782693419 0
0.8750000000002995 0.6106217782696597 0
0.8450000000002811 0.6095836056306112 0
0.7949980589808459 0.6106200853028452 0
0.8144471584084082 0.609962299562632 0
0.7249999999817545 0.6106217782544715 0
0.7649999855762462 0.6106217656896518 0
0.7449999995221033 0.6106217778533931 0
0.6950000000000297 0.6106217782705894 0
0.6548235973943851 0.6097485576879785 0
0.6750000000000341 0.610621778270694 0
0.6244471584081397 0.6092092959811672 0
0.5948882985551208 0.6103140580498081 0
0.5548235443435166 0.6097485113942667 0
0.5244471575803118 0.6092092952591155 0
0.4944465275746247 0.6092087265673725 0
0.4648882951078483 0.6103140549131594 0
0.394447157580181 0.6092092952594016 0
0.3644465275747512 0.6092087265677266 0
0.3344465181280428 0.6092087179699466 0
0.4248235443333827 0.6097485113855748 0
0.4450000000001651 0.6106217782718967 0
0.3048882950548383 0.6103140548650456 0
0.2750000000009017 0.6106217782727363 0
0.2550000000009839 0.6106217782728599 0
0.2348235970494978 0.6097485573879231 0
0.1548885211459111 0.6103142591923629 0
0.2048885284452359 0.6103142655586138 0
0.1848222109527631 0.6097473484274171 0
0.1350000000010135 0.6106217782735603 0
0.1150000000009925 0.6106217782736697 0
0.09500000000097454 0.6106217782737776 0
0.07475303625974938 0.610152272958592 0
0.0549999999978132 0.6106217782712744 0
0.04499999999988676 0.6106217782731516 0
0.0699999999843194 0.5846410161454965 0
0.1799996313579796 0.5846315438805045 0
0.249999999653543 0.5846410158532798 0
0.2999904260148536 0.5846311646365127 0
0.3299871845015744 0.5846189357395108 0
0.3599871891910573 0.5846189400125513 0
0.3899874809834095 0.5846192075199765 0
0.4599904260721573 0.5846311646906879 0
0.4899871891929731 0.5846189400135413 0
0.5199874809872159 0.5846192075224099 0
0.5499999823193084 0.5846318499825649 0
0.5799997257337847 0.5846407768206344 0
0.6099999999999386 0.5846410161575135 0
0.6399999999999142 0.5846410161573613 0
0.6699999999990705 0.5846410161534346 0
0.739999999919312 0.5846410160834794 0
0.7699999867994096 0.5846410046416169 0
0.7999997291593928 0.5846407799254734 0
0.9499999999996069 0.5846410161537275 0
1.019999999999199 0.5846410161521187 0
1.070000000000379 0.584641016154138 0
1.139999999983044 0.5846410161384236 0
1.249987184501069 0.5846189357331576 0
1.27998718919913 0.584618940014813 0
1.309987481373979 0.5846192078575199 0
1.340000000000349 0.5846318654085515 0
1.370000000000494 0.5846410161524043 0
1.419999999593849 0.5846410157972795 0
1.52999999999956 0.5846410161510586 0
1.559999999919004 0.584641016080868 0
1.759999999999922 0.5846410161512994 0
1.609999675139975 0.5846407326644796 0
1.71000000000025 0.5846410161513965 0
1.680000000000303 0.5846410161515171 0
0.5750000000000959 0.6106217782712022 0
0.05000000000027697 0.6189526055429235 0
0.08999999959420832 0.5846410158047342 0
0.1099999867958387 0.5846410046413919 0
0.1299996791329894 0.5846407362956498 0
0.1499906553209443 0.5846313753298221 0
0.0500000000002828 0.5846410161600121 0
0.04000000000079439 0.5846410161605081 0
0.0350000000007475 0.5933012701983104 0
0.1999906626392545 0.5846313817110272 0
0.2200000000009057 0.5846410161595637 0
0.2699999360908737 0.5846409603868663 0
0.410000000000134 0.5846410161586241 0
0.429999936089809 0.5846409603876876 0
0.6899999999994861 0.5846410161543725 0
0.7099999999991016 0.5846410161548655 0
0.8199838025381077 0.5846149658495261 0
0.8399999999996114 0.5846318654103158 0
0.8599999999996563 0.5846410161545965 0
0.8799999999996959 0.5846410161545189 0
0.8999999999997363 0.5846410161536927 0
0.9199999999998228 0.5846410161536184 0
0.9699999999998561 0.5846410161541927 0
0.9900000000000149 0.5846410161533119 0
1.040000000000117 0.5846410161534434 0
1.090000000000066 0.5846410161532014 0
1.109999999999912 0.5846410161536266 0
1.159999999588266 0.5846410157935564 0
1.179999986630673 0.5846410044861436 0
1.199999675139128 0.584640732665561 0
1.219990426013561 0.5846311646324664 0
1.390000000000134 0.5846410161518284 0
1.439999986800639 0.5846410046388644 0
1.459999679260983 0.5846407364011681 0
1.479990662640342 0.5846313817083943 0
1.500000000000671 0.5846410161524946 0
1.579999999652354 0.584641015848135 0
1.629990426072388 0.5846311646840457 0
1.650000000000365 0.5846410161516342 0
1.730000000000133 0.5846410161513433 0
0.04000000000065795 0.6192271278502959 0
1.78999999999988 0.6189526055346861 0
1.800246963647432 0.6187551165449473 0
1.805041160607673 0.6105339589715678 0
1.810294984356627 0.6190369919320796 0
1.815056024160484 0.610566301653906 0
1.820058501419291 0.6189025193711561 0
1.825019087596371 0.6105492800074515 0
1.8300033661759 0.6190915692997455 0
1.835003742295103 0.6105779513877885 0
1.830003804981633 0.6019421367044202 0
1.840001257879162 0.6019509884934601 0
1.845000833362096 0.6106127178293943 0
1.850000348539906 0.6019582581984925 0
1.855000196983374 0.6106197238538243 0
1.860000090920237 0.6019606374867219 0
1.865000034273899 0.6106214281273656 0
1.870000020865349 0.6019613180803528 0
1.874753045542116 0.6104791010221076 0
1.879958844400965 0.6019377103284502 0
1.884705018009412 0.61012201844511 0
1.889959983619959 0.6018991940220447 0
1.894944166937903 0.6101986698262015 0
1.899984025092627 0.6018806177860442 0
1.904988032004739 0.6105377757844941 0
1.909995342849241 0.6019340394064493 0
1.914997229141951 0.6106031970475936 0
1.919998761998176 0.6019538465536637 0
1.924999331856272 0.61061740178262 0
1.929999682308611 0.6019595152006552 0
1.934999835693682 0.6106207140129324 0
1.939999919666542 0.6019610120135188 0
1.944999959226199 0.6106215155201129 0
1.949999979814918 0.6019613950668378 0
1.954999989839647 0.6106217129468512 0
1.924999740717445 0.593299655739012 0
1.894990668118581 0.5932773974146399 0
1.845000267736211 0.5932989698953303 0
1.865000018630628 0.5933010880410817 0
1.944999983246376 0.59330116329314 0
1.954999993842983 0.5933012308460117 0
1.949999997271896 0.5846409987414865 0
1.959999998518554 0.5846410066920409 0
1.929999861257932 0.6192811255131607 0
1.899815525839917 0.6183858688008861 0
1.869925000777621 0.6190691632447817 0
1.964999998726342 0.5933012620549379 0
1.969999999540204 0.5846410132185992 0
1.849999999999582 0.6192820323021598 0
1.94999999151048 0.6192819776250216 0
1.959999999999187 0.6192820323018809 0
0.03000000000077472 0.5846410161605423 0
0.04500000000067021 0.5759807621225659 0
1.95499999999912 0.5759807621128573 0
1.809999999999697 0.5673205080756738 0
1.964999998305896 0.6106217673778687 0
1.969999999716932 0.6192820304875056 0
0.05500000000078314 0.5759807621224329 0
1.780246963647636 0.6190845433125849 0
0.03500000000067356 0.6106126275303412 0
0.03000000000083173 0.6192713564444242 0
0.05975303635194103 0.6184307019104816 0
1.774999999999793 0.5759807621134752 0
1.939999996752572 0.5846409954335273 0
1.810016197461119 0.6019376415761566 0
0.02500000000080564 0.5933012701984132 0
1.975267089733171 0.6101912257321174 0
1.815552841591389 0.6265305113051068 0
1.954999999999237 0.6279422863396735 0
1.78520580303988 0.627045555164802 0
0.04517640260659227 0.6270625295207406 0
0.02517949192549139 0.6105148441278959 0
1.975063061290944 0.5931551947745971 0
1.979999999999069 0.5846410161505848 0
1.974709936413364 0.5761482298695504 0
1.944753034937292 0.6274727719942211 0
1.77507546111545 0.6261253127904549 0
1.981524991646701 0.6196307917940117 0
1.974903302116679 0.627850171597519 0
0.01856955421547107 0.6196439660999801 0
0.02510220796620595 0.6278493169717418 0
0.01984432347480896 0.5846752050978536 0
0.02497405391308197 0.5759864602789438 0
0.01509717467470958 0.5758581385564601 0
0.01502061062311617 0.5937281152890017 0
0.02007632998922165 0.5672638053483854 0
0.009225641985678929 0.5662684878622063 0
0.03000839731732021 0.5673120073189254 0
0.0500000000005501 0.5673205080824113 0
0.06000000000108509 0.5673205080830575 0
0.0650000000014416 0.5586602540437147 0
0.07000000000127354 0.5673205080819247 0
1.604999999999643 0.5586602540377993 0
1.59999999999963 0.5673205080755191 0
1.609999999999628 0.567320508075524 0
1.589999999999673 0.5673205080755748 0
1.59499999999991 0.5759807621133504 0
1.584999999941934 0.5759807620629953 0
1.524999999999723 0.5586602540377851 0
1.519999999999727 0.5673205080755729 0
1.529999999999705 0.5673205080755916 0
1.509999999999785 0.5673205080755372 0
1.514999999999799 0.5759807621133076 0
1.505000000000016 0.5759807621135327 0
1.534999999999702 0.5586602540377923 0
1.539999999999675 0.5673205080755943 0
1.549999999999643 0.5673205080756011 0
1.544999999999714 0.5759807621133588 0
1.554999999986189 0.5759807621016799 0
1.559999999997357 0.5673205080736557 0
1.564999999983683 0.5759807620995006 0
1.549999999967389 0.5846410161229859 0
1.674999999999609 0.5586602540377973 0
1.669999999999621 0.5673205080755908 0
1.679999999999602 0.5673205080755944 0
1.659999999999654 0.5673205080755912 0
1.664999999999632 0.5759807621133985 0
1.444999999999998 0.5586602540377987 0
1.449999999999989 0.5673205080756032 0
1.459999999999972 0.5673205080756187 0
1.454999946543615 0.5759807154884876 0
1.464999937634206 0.5759807077176969 0
1.444999988890846 0.5759807524239456 0
1.754999999999619 0.5586602540378192 0
1.749999999999595 0.5673205080756214 0
1.739999999999643 0.5673205080755948 0
1.75999999999964 0.5673205080756663 0
1.74499999999965 0.575980762113426 0
1.425000000000009 0.558660254037797 0
1.430000000000013 0.5673205080755966 0
1.420000000000027 0.5673205080756157 0
1.424999999932475 0.5759807620545115 0
1.414999999921129 0.5759807620448982 0
1.409999999918351 0.5846410160805463 0
1.404999999993044 0.5759807621081068 0
1.991395845877845 0.6249285781037883 0
1.714999999999669 0.5586602540378054 0
1.719999999999664 0.5673205080756044 0
1.709999999999657 0.5673205080756407 0
1.914999999999975 0.5586602540378475 0
1.909999999999953 0.5673205080756968 0
1.899999999999951 0.567320508075691 0
1.919999999999956 0.5673205080756984 0
1.904999999999889 0.5759807621135071 0
1.894999999999884 0.5759807621134277 0
1.889999999999906 0.5673205080756706 0
1.884999999999929 0.5759807621134576 0
1.729999999999646 0.5673205080755996 0
1.724999999999629 0.5759807621134179 0
1.764999999999614 0.5586602540378395 0
1.76999999999973 0.56732050807568 0
1.569999999996578 0.5673205080729637 0
1.57499999992912 0.5759807620518236 0
1.844999999999749 0.558660254037841 0
1.849999999999776 0.5673205080756742 0
1.839999999999774 0.5673205080756957 0
1.859999999999764 0.567320508075671 0
1.854999999999689 0.5759807621134432 0
1.86499999999976 0.5759807621134205 0
1.784999999999669 0.5586602540378185 0
1.834999999999704 0.558660254037856 0
1.829999999999782 0.5673205080757264 0
1.834999999999797 0.5759807621135172 0
1.824999999999878 0.5759807621136179 0
1.82999999999973 0.5846410161513275 0
1.819999999999784 0.5846410161514206 0
1.814999999999801 0.5759807621135682 0
1.809999999999695 0.584641016151295 0
1.819999999999736 0.5673205080757091 0
1.464999999999982 0.5586602540378088 0
1.469999989605662 0.5673204990096644 0
1.479999998267541 0.5673205065646485 0
1.474998431358066 0.5759791455442769 0
1.484998182044403 0.5759788866930562 0
1.489999696718577 0.5673201952537192 0
1.815288124256543 0.6418355213460727 0
1.864999999999806 0.5586602540378418 0
1.974992937717665 0.5586281651065875 0
1.884999999999872 0.558660254037844 0
1.745000000001886 0.6413397459621899 0
1.750000000001922 0.6326794919244576 0
1.759753036354173 0.6328220764529495 0
1.755000000001917 0.6240192378867212 0
1.745000000002005 0.6240192378866728 0
1.764979583033292 0.6249874798049497 0
1.374999999999931 0.5586602540378703 0
1.379999999999945 0.5673205080757125 0
1.369999999999939 0.5673205080757406 0
1.389999999999962 0.567320508075713 0
1.385000000000139 0.5759807621137302 0
1.394999999999981 0.558660254037863 0
1.399999999998826 0.5673205080747858 0
1.614999999999666 0.5586602540377982 0
1.619999999999624 0.5673205080756205 0
1.629999999999641 0.5673205080756474 0
1.624998404345216 0.5759791202023348 0
1.614999679914071 0.5759804412137821 0
1.725000000001942 0.6413397459621665 0
1.730000000001953 0.6326794919243628 0
1.720000000001983 0.6326794919243315 0
1.724753036354303 0.6244887431195933 0
1.714711875746389 0.624240073287136 0
1.734984999780409 0.6242860353651998 0
1.709951979292689 0.6327162978244104 0
1.704943975841135 0.6243916048709295 0
1.709448714636856 0.6167655337311405 0
1.879999999999893 0.5673205080756871 0
1.874999999999872 0.5759807621134387 0
1.879999999999798 0.5846410161510542 0
1.534999999999743 0.5759807621133295 0
1.524999999999694 0.5759807621133396 0
1.520000000000017 0.5846410161513974 0
1.394999999998796 0.5759807621127433 0
1.469997847642637 0.5846388490640881 0
1.895000000001221 0.6413397459621839 0
1.889753036353577 0.6328220764527788 0
1.8799588393933 0.633032682779977 0
1.899464912097681 0.6333128397108012 0
1.884458051996301 0.6254095499352599 0
1.814999999999667 0.5586602540378404 0
1.954999999999717 0.5586602540377626 0
0.04000139955323326 0.5673190912875503 0
0.2350000000009974 0.6413397459621522 0
0.2400000000010249 0.6326794919243175 0
0.2300000000010237 0.6326794919242898 0
0.2500000000010141 0.6326794919243516 0
0.2450000000010438 0.6240192378865139 0
0.2550000000010145 0.6240192378865347 0
0.2600000000009801 0.6326794919243689 0
0.2650000000009711 0.6240192378865576 0
0.2700000000009293 0.6326794919243757 0
0.2750000000009176 0.6240192378865771 0
0.280000000000857 0.6326794919244075 0
0.2850000000008609 0.6240192378865954 0
1.274999999999666 0.5586602540378813 0
1.269999999999818 0.5673205080761392 0
1.25999999999964 0.5673205080758064 0
1.279999999999913 0.5673205080760817 0
1.26500000000021 0.5759807621148809 0
1.254997864083468 0.5759770820445205 0
1.249999644013381 0.5673198947310083 0
1.244997448765956 0.5759763664754105 0
1.240000000000023 0.5846410161525356 0
1.234999574793742 0.5759800295086512 0
1.164999999999388 0.5586602540378642 0
1.169999999999414 0.5673205080757221 0
1.179999999999435 0.5673205080757115 0
1.174999997771499 0.575980760169472 0
1.184999997400192 0.5759807598458214 0
1.164999999559739 0.5759807617300321 0
1.914999999999866 0.5759807621134906 0
1.909999999999685 0.5846410161511504 0
1.924999999999796 0.5759807621134829 0
1.929999999999872 0.5673205080756345 0
1.909966797830853 0.618786147668331 0
1.064999999999129 0.5586602540378636 0
1.059999999999335 0.5673205080763255 0
1.04999999999914 0.5673205080758292 0
1.069999999999497 0.5673205080763644 0
1.054999999999479 0.5759807621143241 0
1.044999999999561 0.5759807621141904 0
1.039999999998646 0.5673205080760679 0
1.034999999998957 0.5759807621142092 0
1.434999997927287 0.5759807603055657 0
1.415000000000009 0.5586602540378146 0
1.439999997803024 0.5673205061593842 0
1.239999444595106 0.5673195511447198 0
1.229999999998395 0.567320508077545 0
1.939958780437497 0.6192033985008631 0
1.934704982457717 0.6277081926554977 0
1.924950807285611 0.6275736928268154 0
1.929448704328936 0.6351944096938743 0
1.919985671228695 0.6191339751963878 0
1.914736915743251 0.6266034200491318 0
1.364999999999911 0.5586602540378847 0
1.359999999999914 0.5673205080757502 0
1.349999999999905 0.5673205080757531 0
1.354999999999989 0.575980762113566 0
1.345000000000069 0.5759792369897353 0
1.339999999999914 0.5673202538884311 0
1.33500000000004 0.5759789404382536 0
1.330000000000312 0.58464101615237 0
1.324999999999967 0.5759804585018524 0
1.364999999999976 0.5759807621136959 0
1.360000000000418 0.5846410161520974 0
1.329999999999866 0.5673201114968168 0
1.319999999999686 0.5673203913776398 0
1.314999999999693 0.5586602345882894 0
1.309999999999551 0.5673204853847638 0
1.314999999999402 0.5759807621143718 0
1.304997913562031 0.5759771236169745 0
1.300000000000475 0.5846410161530975 0
1.294999652260339 0.5759801556981512 0
1.299999594303465 0.5673197968085538 0
1.684999999999634 0.5586602540378098 0
1.689999999999625 0.5673205080756424 0
1.699999999999627 0.5673205080756623 0
1.694999999999562 0.5759807621134962 0
1.704999999999827 0.5759807621135189 0
1.874993139899887 0.6413986111047328 0
1.869997916637057 0.6328682214826651 0
1.224999999999544 0.5586602540390011 0
1.589999986563072 0.5846410044256074 0
1.59999996868707 0.5846409888256092 0
1.144999999999307 0.5586602540378605 0
1.149999999999315 0.5673205080757283 0
1.139999999999286 0.5673205080757229 0
1.144999999996796 0.5759807621119326 0
1.134999999996182 0.5759807621115631 0
1.12999999999611 0.5846410161503882 0
1.12499999999904 0.5759807621149163 0
1.154999999999309 0.5759807621135956 0
0.2750000000008823 0.6413397459621906 0
1.654999999999671 0.5759807621133829 0
1.204999999999478 0.5586602540378667 0
1.20999999999939 0.5673205080757497 0
1.199999999999445 0.5673205080757182 0
1.204999945856263 0.5759807148664046 0
1.214998395311357 0.5759791123200675 0
1.114999999999247 0.5586602540378671 0
1.109999999999209 0.5673205080757182 0
1.099999999999198 0.5673205080757175 0
1.104999999999522 0.5759807621145009 0
1.09499999999961 0.5759807621145927 0
1.11999999999919 0.5673205080759379 0
0.7149999999982419 0.5586602540378542 0
0.7199999999982485 0.56732050807571 0
0.7299999999982707 0.5673205080757167 0
0.7249999999984675 0.5759807621148381 0
0.7349999999851957 0.575980762102754 0
0.7399999999959719 0.5673205080738393 0
0.7449999999829007 0.575980762099651 0
0.7499999995768928 0.5846410157851667 0
0.754999999925932 0.5759807620513041 0
0.7149999999985757 0.5759807621153247 0
0.7299999999669258 0.5846410161266098 0
0.2250000000009461 0.6413397459621315 0
0.2200000000009617 0.632679491924258 0
0.2100000000009235 0.6326794919242135 0
0.2247530363530013 0.6241618224150731 0
0.2149588393929849 0.6243724287427885 0
0.2049982142602944 0.6242054135985849 0
0.2194580519956307 0.6167492959001981 0
0.1999997023774454 0.6327105212095411 0
0.1949999096148114 0.6241988615439142 0
0.189999935332594 0.6327146007479156 0
0.1847530105104689 0.6245245318669643 0
0.1799588243077065 0.6327695590581099 0
0.1747050088222315 0.6242610492672136 0
0.1699439721888308 0.632734805009783 0
0.1649414968357499 0.6243981853988259 0
0.1599809115045825 0.6327518686902271 0
0.1549966337098222 0.6242096710873355 0
0.1694471569808551 0.6167701264848338 0
0.1499962575361987 0.6327232935850584 0
0.1449996915895824 0.6241996003790715 0
0.1399993248547352 0.6327168526160953 0
0.1350000000007709 0.6240192378856457 0
0.1299998874763332 0.632685718705654 0
0.1250000000007434 0.6240192378855471 0
0.1199999812465715 0.6326805297205005 0
0.1150000000007149 0.6240192378854492 0
0.1099999968749173 0.6326796648895814 0
0.1050000000006868 0.6240192378853496 0
0.09999999947961354 0.6326795207510143 0
0.09500000000065874 0.6240192378852503 0
0.08999999991370752 0.6326794967278291 0
0.08500000000063063 0.6240192378851505 0
0.07999999998602832 0.6326794927240931 0
0.07482359739300028 0.6248532410917615 0
0.06997899968816407 0.6330140829493505 0
0.1549961948405651 0.6413591090331456 0
0.2347118757450179 0.6245125072084208 0
1.775329284863576 0.6103680280323456 0
1.569999999502281 0.5846410157172001 0
1.08999999999925 0.5673205080758864 0
1.084999999999728 0.5759807621141355 0
1.944999999999913 0.5586602540377827 0
1.939999999999757 0.5673205080755827 0
1.13499999998162 0.6106217782515966 0
1.129753036349233 0.6191394477743623 0
1.119958839391581 0.6192582682170601 0
1.139711875741214 0.6187862569182713 0
1.124858926488223 0.6278608375135046 0
1.114969627647106 0.6275953240895414 0
1.109988077840221 0.6192202445822637 0
1.104998165065857 0.6277537002161176 0
1.119477498394236 0.6352234557152041 0
1.144951979112721 0.6105391488814786 0
1.149943975728822 0.6188562046719613 0
1.159990662541435 0.6192110609631793 0
1.154815816236815 0.6270491404987134 0
1.164983544114512 0.6275267110337959 0
1.169748737462018 0.6190583566685302 0
1.174955380263491 0.6262011409946051 0
1.494999646460709 0.5759803974066908 0
0.7099999999982832 0.5673205080759951 0
0.6999999999982247 0.5673205080757404 0
0.7049999999987135 0.5759807621146349 0
0.694999999998792 0.5759807621143828 0
0.6899999999983193 0.5673205080758318 0
0.6849999999983758 0.5759807621137278 0
0.6799999999982778 0.5673205080757292 0
0.6749999999986858 0.5759807621140592 0
0.6699999999983386 0.5673205080757615 0
0.6649999999984488 0.5759807621145345 0
0.6599999999989687 0.5846410161539546 0
0.6549999999982501 0.5759807621147128 0
1.654999999999665 0.5586602540377946 0
0.494999999999979 0.6413397459621282 0
0.4899999999999668 0.6326794919242535 0
0.479999999999939 0.6326794919242407 0
0.4999999999999934 0.6326794919242615 0
0.4847530363520161 0.6241618224150035 0
0.4749588393919462 0.6243724287426579 0
0.4699931398985812 0.6327383570669403 0
0.4649979166358176 0.6242079674451564 0
0.479458051994774 0.6167492958996689 0
0.4599985094223149 0.6327207577078008 0
0.4549998449455118 0.6241994164492479 0
0.4499997257278672 0.6327163993152887 0
0.4449999813736799 0.6241988563792985 0
0.4399999511834852 0.6327155795715425 0
0.4349999970739045 0.6241987965164917 0
0.42999999137614 0.6327154329704672 0
0.4247530344270006 0.6245246597328231 0
0.4199588376337947 0.6327697190730064 0
0.4147050150288228 0.6242610972475012 0
0.4099439754437481 0.6327348396758699 0
0.4049414984121065 0.6243981991733278 0
0.3999809123093277 0.632751876763997 0
0.3947401048056567 0.62456647353761 0
0.4094471582776205 0.6167701367769486 0
0.389953502852557 0.6327827620060286 0
0.3847019709618267 0.6242702400371134 0
0.3799425789691599 0.6327385372962152 0
0.3749407583219584 0.6244003392416413 0
0.3699805562153241 0.6327528497120289 0
0.364739922108404 0.6245669923736612 0
0.3794465275848443 0.6167720172533107 0
0.3599534130541372 0.6327830106366911 0
0.3547019255459881 0.6242703679482077 0
0.3499425564335722 0.6327386000531461 0
0.3449407469968414 0.624400371019632 0
0.3399805505719962 0.6327528654678253 0
0.3347399192804374 0.6245670002959515 0
0.3494465181281043 0.6167720438681991 0
0.3299534116423802 0.6327830145830198 0
0.3247019248394745 0.6242703699262853 0
0.319942556080651 0.63273860104052 0
0.314940746820389 0.6244003715138613 0
0.3099805504838917 0.6327528657147375 0
0.3049965855076372 0.6242098091871261 0
0.3194465179810297 0.6167720442802881 0
0.2999961893323855 0.6327234827728192 0
0.3149871844278025 0.6413618264465802 0
0.3449871845011723 0.6413618262408688 0
0.3749871891975247 0.6413618131554167 0
0.4449999999997925 0.6413397459620839 0
1.924999999999973 0.5586602540378366 0
0.03500000000075608 0.5759807621226829 0
1.284999999999705 0.5586602540379317 0
1.254999940668572 0.5586601518137563 0
0.6949999999982351 0.5586602540378767 0
0.4649990058714394 0.6413516663104687 0
1.429999997032593 0.5846410135633971 0
1.375000000000235 0.5759807621138744 0
1.835041160609028 0.641363510050207 0
1.830107501588646 0.63297892510342 0
1.840000000001089 0.6326794919242881 0
1.84500686010244 0.6413437066434755 0
1.850000000001095 0.6326794919242493 0
1.859999909614858 0.6328578801830748 0
1.904581533820362 0.6416894857381102 0
0.06499999999829752 0.5759807621191759 0
0.07499999999790244 0.5759807621186115 0
0.08000000000053416 0.5673205080804721 0
0.08499999993269194 0.5759807620613602 0
0.08999999998936006 0.567320508070667 0
0.094999999919962 0.5759807620499388 0
0.09999999998534016 0.5673205080669841 0
0.1049999977841066 0.5759807601867425 0
0.1099999996286871 0.5673205077557159 0
0.1149999973686895 0.5759807598240843 0
0.1199999995000028 0.5673205076432314 0
0.1249999460008626 0.5759807150204806 0
0.1299999909172439 0.567320500157094 0
0.1349999360090994 0.575980706305276 0
0.1399999878214845 0.5673204974567071 0
0.1449984298591694 0.5759791442415841 0
0.1499997362805287 0.5673202366625718 0
0.1549981369108176 0.5759788404317729 0
0.1599996455323375 0.5673201425618403 0
0.1649996304081142 0.5759803809175803 0
0.1700000000011354 0.5673205080804175 0
0.1750000000006503 0.5586602540402423 0
0.1800000000011151 0.5673205080786587 0
0.1749998769618916 0.5759791198716679 0
0.1849999180541836 0.5759789096969106 0
0.1899999863431815 0.5673201993411615 0
0.1949984278401187 0.575978796183196 0
0.1999997356977328 0.5673201289659233 0
0.2049981376968615 0.5759787655348367 0
0.1599818378643968 0.5846129446073004 0
0.2099996455661743 0.5673201121284384 0
0.2149996305446619 0.5759803633618577 0
0.2200000000014417 0.5673205080780204 0
0.2249999384256273 0.5759806956581458 0
0.229999989650924 0.5846318542598877 0
0.2349999880141703 0.5759792240576085 0
0.2299999877407141 0.5673202406582931 0
0.2399999959605428 0.5673202071654555 0
0.244999997272372 0.575980455571127 0
0.2499999988735571 0.567320406836306 0
0.2549999993007739 0.5759806941029784 0
0.2599999996965958 0.5673204798698123 0
0.2649999891822254 0.5759807367863077 0
0.269999998147041 0.5673204991558043 0
0.2749999966792641 0.5759807582127506 0
0.2799999991384208 0.5673205059417357 0
0.2849999993040537 0.5759807611120169 0
0.2899999997414306 0.567320507555515 0
0.2949999999572626 0.5586602539523872 0
0.2999999999513262 0.5673205079774328 0
0.2799996638183653 0.5846407225563697 0
0.2449999991392138 0.5586601870139773 0
0.2949984041692263 0.5759791199263267 0
0.3049981383574594 0.5759788464827454 0
0.3099807553500475 0.5846119496604361 0
0.3149987180363586 0.5759788803086383 0
0.3099994760583851 0.5673198751550459 0
0.3200000000046286 0.5673205080823711 0
0.3250000000008453 0.5586602540405531 0
0.3300000000018244 0.5673205080801701 0
0.09999999700575131 0.5846410135467984 0
0.1900000000009083 0.5846410161552187 0
0.0799999999416408 0.5846410161082156 0
0.1399978457722197 0.5846388474386074 0
0.1199999532652982 0.5846409753955588 0
1.409999999985506 0.5673205080631765 0
0.6799999999992419 0.5846410161539293 0
0.9749999999989214 0.5586602540378585 0
0.9799999999989246 0.5673205080757167 0
0.9899999999989484 0.5673205080755886 0
0.9849999999993436 0.5759807621145487 0
0.9949999999995798 0.5759807621135408 0
1.000000000000081 0.5846410161518474 0
1.004999999998714 0.5759807621125492 0
0.9749999999993696 0.5759807621148827 0
0.9949999999989314 0.558660254037654 0
0.2049999503969654 0.6413449175096584 0
1.739997499965016 0.6327239581708443 0
1.159999999926085 0.5673205080118011 0
1.734999999999644 0.5586602540377995 0
0.1850000000007699 0.6413397459618957 0
0.2099818743438762 0.5846129608822621 0
1.991577409701314 0.6050526618224634 0
1.98190095977469 0.6007726941951843 0
1.555000000001636 0.6413397459621353 0
1.560000000001659 0.6326794919242897 0
1.570000000001681 0.6326794919243 0
1.565000000001687 0.624019237886447 0
1.575000000001687 0.624019237886463 0
1.555000000001687 0.624019237886426 0
1.550000000001619 0.6326794919242829 0
1.540000000001607 0.6326794919242961 0
1.545000000001673 0.6240192378863867 0
1.53500000000165 0.6240192378864067 0
1.5300000000016 0.6326794919242248 0
1.525000000001655 0.6240192378863429 0
1.520000000001602 0.6326794919241481 0
1.514753036353795 0.6244887431192833 0
1.509958839393621 0.6327577427962215 0
1.504705015644643 0.6242531150988562 0
1.499943975840775 0.632731513271487 0
1.494941498582027 0.6243963144138966 0
1.499447158409966 0.61676849229036 0
1.489980912404866 0.632751008236502 0
1.484996633825379 0.6242095525845348 0
1.479996257706104 0.6327231304257532 0
1.474999691602689 0.6241995881591135 0
1.469999324885859 0.6327168233863603 0
1.465000000001678 0.6240192378859172 0
1.459999887482313 0.6326857138342277 0
1.455000000001678 0.6240192378858691 0
1.449999981248383 0.6326805289088338 0
1.445000000001684 0.6240192378858066 0
1.439999996876057 0.6326796647545623 0
1.435000000001684 0.6240192378857531 0
1.429999999480665 0.6326795207287975 0
1.425000000001685 0.6240192378856817 0
1.419999999914759 0.6326794967244808 0
1.41500000000168 0.6240192378856226 0
1.409999999987101 0.6326794927237196 0
1.405000000001672 0.6240192378855669 0
1.399999999999149 0.6326794920568908 0
1.395000000001667 0.6240192378855091 0
1.390000000001148 0.6326794919457008 0
1.385000000001661 0.6240192378854423 0
1.380000000001472 0.6326794919271299 0
1.375000000001651 0.6240192378853768 0
1.370000000001515 0.6326794919239811 0
1.36500000000164 0.6240192378853121 0
1.36000000000152 0.6326794919233909 0
1.355000000001625 0.6240192378852492 0
1.350000000001525 0.6326794919234429 0
1.344753036353782 0.6244887431186302 0
1.339958839393558 0.6327577427955446 0
1.334705015644472 0.6242531150980184 0
1.329943975840663 0.6327315132706914 0
1.324941498581906 0.6243963144131347 0
1.329447158409708 0.6167684922900918 0
1.319980912404725 0.6327510082356961 0
1.31474010485098 0.6245660146550113 0
1.309953502876925 0.6327825407699974 0
1.304701970974519 0.6242701266830669 0
1.29994257897621 0.6327384815304873 0
1.294940758326139 0.6244003110538647 0
1.299446527588688 0.6167719936610585 0
1.289980556218 0.6327528357192659 0
1.28473992211051 0.624566985342324 0
1.279953413055694 0.6327830071319809 0
1.274701925547511 0.624270366191192 0
1.269942556434804 0.6327385991754244 0
1.264940746998032 0.6244003705793113 0
1.269446518129429 0.6167720434999906 0
1.259980550573047 0.6327528652476089 0
1.254739919281619 0.6245670001845731 0
1.24995341164335 0.6327830145270128 0
1.244701924840594 0.6242703698973253 0
1.239942556081556 0.6327386010255315 0
1.234940746821308 0.6244003715052787 0
1.239446517982095 0.616772044272023 0
1.229980550484667 0.6327528657102131 0
1.224996585508424 0.6242098091850106 0
1.219996189333023 0.6327234827709238 0
1.214999686539877 0.624199614576886 0
1.209999312646314 0.6327168865127054 0
1.205000000001375 0.624019237884511 0
1.19999988544209 0.632685724354306 0
1.195000000001357 0.6240192378844716 0
1.190246944555822 0.6328231151897463 0
1.185024086288983 0.6249966306304561 0
1.185288121074714 0.6415062677011704 0
1.334983802539932 0.6413614579983531 0
1.274982661582593 0.6413668497051583 0
1.30498268030973 0.6413667523704382 0
1.244982661288292 0.6413668512460028 0
1.514993139900251 0.6413527877740441 0
1.464999868729041 0.6413470048574093 0
1.444999996355067 0.6413399475978513 0
1.484996195019523 0.6413589384310439 0
1.634999999999661 0.5586602540378189 0
1.639999999999663 0.5673205080756309 0
1.634998138402823 0.5759788465504672 0
1.644999689733763 0.5759804428530652 0
0.1349998687222266 0.641347010540917 0
0.09499999989916555 0.6413397515670266 0
1.615000000001743 0.6413397459621413 0
1.620000000001761 0.6326794919242884 0
1.630000000001781 0.6326794919243003 0
1.625000000001779 0.6240192378864443 0
1.635000000001785 0.6240192378864652 0
1.615000000001776 0.6240192378864245 0
1.61000000000175 0.6326794919242813 0
1.600000000001739 0.6326794919242693 0
1.60500000000177 0.6240192378864071 0
1.595000000001753 0.6240192378864146 0
1.590000000001721 0.6326794919242391 0
1.58500000000176 0.6240192378863655 0
1.595000000001717 0.6413397459621316 0
0.9249999999987939 0.5586602540378608 0
0.9299999999988031 0.5673205080757229 0
0.9399999999988236 0.5673205080757293 0
0.9349999999988091 0.5759807621135848 0
0.9449999999990155 0.5759807621142202 0
0.9499999999988771 0.5673205080758374 0
0.9549999999992519 0.5759807621147954 0
0.9249999999991148 0.5759807621139247 0
0.9399999999995498 0.5846410161530479 0
0.9599999999989454 0.5673205080759453 0
0.9649999999994403 0.5759807621151911 0
0.9199999999988352 0.5673205080757747 0
0.9099999999987709 0.5673205080757221 0
0.9149999999988923 0.5759807621137216 0
0.904999999999184 0.5759807621141222 0
0.1149999963539091 0.641339947755618 0
0.824999999998536 0.5586602540378605 0
0.8299999999985543 0.5673205080757163 0
0.8399999999985698 0.567320508075709 0
0.8349999999989939 0.5759792369901995 0
0.8449999999990846 0.5759789828036264 0
0.8249973004221327 0.5759761662095101 0
0.8199995500691284 0.5673197420917121 0
0.8099999250102758 0.5673203804117311 0
0.8149967630063699 0.5759755054714019 0
0.804999402862182 0.5759798253583845 0
0.7999998879777281 0.5673203306725416 0
0.7949999999985005 0.5759807621136174 0
0.7899996341196487 0.5846406970317641 0
0.7849999390186895 0.5759807089276705 0
0.7899999794031221 0.5673204806248047 0
0.7799999864024054 0.5673204946368287 0
0.7749999853693696 0.5759807490918134 0
0.7699999987736283 0.5673205069288525 0
0.7749999975282482 0.5586602516071253 0
0.794999977895774 0.5586602198955122 0
0.8049999651465398 0.5586601975029417 0
1.554999999999263 0.5586602540374807 0
0.4499981300259195 0.584639134864213 0
0.4549980926829674 0.5759788066602127 0
0.4649980864591406 0.5759787942991317 0
0.4449999999999821 0.575980762120571 0
0.459999363190182 0.5673198542009914 0
0.469999999999885 0.5673205080825909 0
0.4749996810766328 0.5759804341500826 0
0.4799999468462738 0.5673204534196957 0
0.4849999911405496 0.5586602449299312 0
0.489999989664738 0.5673204974511075 0
0.4849978011302516 0.5759770172186109 0
0.4950000000008776 0.5759807621190398 0
0.4999999982776453 0.5673205063076272 0
0.5049999997136394 0.5759807618227026 0
0.5099999996653456 0.5673205077345179 0
0.5149999999436898 0.5586602539817382 0
0.5199999999351177 0.5673205080109636 0
0.5149979133838508 0.5759771272270455 0
0.524997565718151 0.5759765215185426 0
0.5299813088277554 0.5846106230087228 0
0.5350000000012594 0.5759807621173865 0
0.5299995942757143 0.5673198013003715 0
0.5399999323797151 0.5673203902818399 0
0.5449999857838295 0.5759792147885721 0
0.5499999863607132 0.5673202305568804 0
0.5549999924112154 0.5759789302797809 0
0.5599999318907846 0.5846391273945643 0
0.5649999873843883 0.575980142017223 0
0.5449999864560549 0.5586601881525435 0
0.5599999943592954 0.5673200531681367 0
0.5699999969575132 0.567320328909711 0
0.5749999516798545 0.5759805890163137 0
0.579999991439754 0.5673204493662243 0
0.5850000000016475 0.5759807621163073 0
0.5899903841187882 0.5846311282233769 0
0.5949983973548401 0.5759791141282516 0
0.5749999980653965 0.5586602143919878 0
0.5899997314659789 0.5673202236277257 0
0.5999996881377027 0.5673201860042193 0
0.6049999480223629 0.5586602003592628 0
0.6099999393614211 0.5673204454503296 0
0.6049996708099018 0.5759804233347632 0
0.6149999350297403 0.5759806952146715 0
0.6199874705465744 0.5846191967104695 0
0.6249979009295445 0.5759771143904943 0
0.4999805451018023 0.5846102487703503 0
1.015000000000529 0.6106217782688056 0
1.010000000000568 0.6192820323067428 0
1.000000000000553 0.6192820323068093 0
1.004753036352807 0.6277997018161124 0
0.9949588393926266 0.6275890954886751 0
0.9899931398992098 0.6192231671642121 0
1.014711875744851 0.6274490170231137 0
0.9849979166364737 0.6277535567861081 0
0.9994580519957579 0.6352122283323758 0
1.964999999999183 0.6279422863396776 0
1.869999999999822 0.5673205080756505 0
1.455000000000987 0.6106217782662817 0
0.2749999995474472 0.5586602521961287 0
1.449999952800584 0.5846409749836277 0
1.044999999998935 0.5586602540379656 0
0.6999999999993136 0.5846410161545237 0
1.805089181318357 0.6417755660484001 0
1.800549951456646 0.6340835755111149 0
1.86499960807022 0.6413582271053437 0
1.215000000000807 0.6106217782677636 0
0.4400000000000425 0.5846410161584272 0
0.434999989348281 0.5759807528255099 0
0.4249999875730232 0.5759807512764797 0
0.4299999961532115 0.5673205047254154 0
0.4199999972874058 0.5673205057155379 0
0.4399999987669317 0.5673205070065085 0
0.4499995757731989 0.5673200730121772 0
0.4549998231599695 0.5586600725486212 0
0.434999999152743 0.5586602533022046 0
1.189999968577292 0.5846409887327375 0
1.665000000001829 0.6413397459621391 0
1.670000000001834 0.6326794919242854 0
1.680000000001843 0.6326794919242912 0
1.660000000001834 0.6326794919242775 0
1.675000000001833 0.6243486646541136 0
1.684753036354148 0.6242167268761902 0
1.689958839393898 0.6327124067559127 0
1.679464912098206 0.6167544859598167 0
1.694695678284778 0.6245917109835697 0
1.655000000001813 0.6413397459621366 0
1.650000000001811 0.6326794919242893 0
1.654753036354127 0.624161822414902 0
1.664711875746194 0.6245699177319459 0
1.700000000001849 0.6326794919242769 0
1.644958839393855 0.6243724287422078 0
1.649458051996863 0.616749295897649 0
1.694993139900538 0.6413452317674142 0
1.489981884396482 0.5846129867532897 0
0.9449999999988521 0.5586602540378813 0
1.334999999999863 0.5586601765657022 0
1.375000000001082 0.6106217782668382 0
1.959999993421486 0.6019614820864605 0
0.05999999999712839 0.5846410161568926 0
0.8850000000003204 0.6106217782696126 0
0.8800000000003492 0.6192820323074981 0
0.8700000000003296 0.6192820323075432 0
0.8900000000003678 0.6192820323074546 0
0.8747530363525381 0.6277997018168214 0
0.8649588393923862 0.6275890954893237 0
0.8602401035468532 0.6190805826363309 0
0.8550236836835533 0.6267068937200457 0
0.8694580519954458 0.6352122283328465 0
0.8847118757445813 0.6274465109606867 0
0.894951979291109 0.627530230346522 0
0.8999919965488343 0.6192133563076067 0
0.9047436989924528 0.6277195798169334 0
0.899455352418598 0.6351890638090246 0
0.9099559492571478 0.6192334685526705 0
0.9147029777274348 0.6274275693979312 0
0.9200000000004177 0.6192820323073261 0
0.9249747430044863 0.627564925341261 0
0.929995790501101 0.6192191388066004 0
0.9349987216054038 0.6277523334026893 0
0.9399990853513776 0.6192398912333684 0
0.9449996344931378 0.6275741772410378 0
0.949999786641056 0.6192136572775276 0
0.9547529398748984 0.6277269544608528 0
0.9494648350994248 0.6351976173986797 0
0.9599587877529763 0.619234747821477 0
0.9647049909571869 0.6274290117165605 0
0.9700000000004909 0.6192820323070847 0
0.9449998657136844 0.610608621590323 0
0.9749646318568097 0.6273916848394564 0
0.8949986660917457 0.6106103322695633 0
0.4947118757440483 0.6245150132712914 0
0.5049519792906835 0.6244312938853921 0
0.5099919965484577 0.6327481679240989 0
0.5147436989919354 0.624241944414833 0
0.5094553524179244 0.6167724604233945 0
0.5199559492567517 0.6327280556789839 0
0.5247029777268652 0.6245364608970478 0
0.5300000000000292 0.6326794919242749 0
0.5349504962878431 0.6244348684896857 0
0.539991749381333 0.6327487636914846 0
0.5447434106303075 0.6242426394767501 0
0.5394550571905365 0.6167731720343869 0
0.504998666091411 0.6413511919621038 0
0.4800000000000144 0.5846410161581996 0
1.06500000000059 0.6106217782685859 0
1.070000000000644 0.6189526055385213 0
1.080000000000658 0.619227127845061 0
1.060000000000633 0.6190968875922973 0
1.074823597395139 0.6270625295166153 0
1.084984999779146 0.6275292157875059 0
1.714991996550385 0.6413458802788412 0
0.008660254037885199 0.6150000000000039 0
1.964951655744893 0.5760086713407059 0
0.7749999242529118 0.6106217122030361 0
0.7699999849716544 0.6192820192001239 0
0.7799999848709078 0.6192820191121755 0
0.7599999950914162 0.6192820280267017 0
0.7650000000001953 0.6279422863459616 0
0.7550000000001778 0.6279422863460074 0
0.7849992843910267 0.6106211541120705 0
0.7899995547072587 0.6192816439211085 0
0.7997526386336649 0.6191391008869953 0
0.7947117352424904 0.6277758151825954 0
0.8046637653317577 0.6264404519000623 0
0.07499649994591817 0.6413955112661311 0
0.06024346359637417 0.6335316830341762 0
0.05528754091437944 0.6416243623424356 0
0.8849999999986971 0.558660254037868 0
0.8899999999987125 0.5673205080757311 0
0.8799999999986827 0.567320508075736 0
0.8699999999986564 0.5673205080757413 0
0.8749999999990905 0.5759807621148864 0
0.8649999999991371 0.5759807621151166 0
0.8599999999987074 0.5673205080759871 0
0.8549999999992153 0.575980465563541 0
0.8849999999991828 0.5759807621150796 0
0.8949999999992935 0.575980762115056 0
0.8649999999986506 0.5586602540379105 0
1.584999999999672 0.5586602540377816 0
1.404999999998661 0.6413397461173892 0
0.5249926582094879 0.6413478399212558 0
0.9799926147323222 0.619148999605841 0
1.794999999999752 0.5933012701889708 0
0.849999999999651 0.5846391450533699 0
0.4149999995472714 0.5586602536464084 0
0.4099999994708517 0.5673205076196051 0
0.3999999999091413 0.5673205079996202 0
0.4049999998954608 0.575980762028439 0
0.3949985096145407 0.5759781658279994 0
0.3899997515846241 0.567320075346966 0
0.3849976236940516 0.5759766225056561 0
0.3799999999962791 0.5846410161508495 0
0.374999603945892 0.5759800721812665 0
1.424999999900211 0.6413397515628315 0
1.029999999999486 0.5846410161534366 0
1.024999999997634 0.5759807621145352 0
1.029999999996426 0.5673205080768999 0
1.019999999997496 0.567320508075599 0
1.089997499963734 0.6192040364699793 0
0.4349848004692453 0.6102137583389718 0
0.2950000000008066 0.6106217782726258 0
0.2850000000008581 0.6106217782726796 0
1.365000000001428 0.641339745961794 0
1.019951979291287 0.6191998207531113 0
1.029991996549047 0.6192683303810557 0
1.024979096914104 0.6276682198200746 0
1.034820156140569 0.627340942570592 0
0.02507857977546723 0.5586121716259058 0
0.6750000000002718 0.6413397459621433 0
0.6800000000002796 0.632679491924288 0
0.6900000000002915 0.6326794919242884 0
0.6850000000002868 0.6240192378864333 0
0.6950000000002969 0.6240192378864339 0
0.6750000000002774 0.6240192378864339 0
0.6700000000002641 0.6326794919242877 0
0.6600000000002564 0.6326794919242837 0
0.6650000000002692 0.6240192378864273 0
0.654753036352303 0.624488743120027 0
0.6499588393922542 0.6327577427965421 0
0.6447050156430044 0.624253115099338 0
0.6399439758393628 0.6327315132717997 0
0.6349414985805584 0.624396314414609 0
0.6394471584082021 0.6167684922921787 0
0.629980912403468 0.6327510082368772 0
0.6247401048495664 0.6245660146566037 0
0.6199535028756515 0.6327825407713736 0
0.6147019709730956 0.6242701266845491 0
0.6099425789749282 0.6327384815317818 0
0.6049407583248243 0.6244003110554583 0
0.609446527587244 0.6167719936632197 0
0.5999805562167545 0.6327528357203199 0
0.5949965862551276 0.6242098052629672 0
0.5899961904121103 0.6327234771196367 0
0.5849996866180598 0.6241996141632427 0
0.5799993128384859 0.6327168855029031 0
0.575000000000214 0.6240192378863004 0
0.5699998854732251 0.6326857241873034 0
0.5650000000002082 0.6240192378862793 0
0.5599999809122982 0.6326805306346898 0
0.5547102682758974 0.6245261498368269 0
0.5849996176234915 0.6413466659258411 0
0.6149826803085534 0.6413667523712283 0
0.6449838025387541 0.6413614579987708 0
0.6997530363523988 0.632822076452886 0
0.7049705995659568 0.625203786181433 0
0.6549904403220008 0.6413564064469566 0
1.385000000001369 0.6413397459660795 0
1.669982680308489 0.5846139281932241 0
1.204999866348813 0.6413470171316213 0
1.060000000000439 0.5846410161550695 0
1.065000000000102 0.5759807621160238 0
0.9549999999988894 0.5586602540379211 0
1.045000000000851 0.6416691727300805 0
1.04982359739525 0.6335527125065818 0
1.059723635918736 0.6336189485631016 0
0.7449999999977913 0.5586602540375025 0
0.7349999999978132 0.5586602540374861 0
0.7349999998243525 0.6106217781170851 0
0.7299999999677675 0.6192820322800607 0
0.7202469636395588 0.6191394477723637 0
0.7247941969534515 0.6277759377235448 0
0.734718735839101 0.6274450563374029 0
0.7150019600265934 0.6267805393823389 0
0.7192251352198513 0.6348916781864344 0
0.7152881242483518 0.6104554296471807 0
0.8299928502799232 0.5846178349988304 0
0.5649999777309939 0.6413409577909992 0
0.5549999931072495 0.6413401210520108 0
0.9849976257722278 0.6105897952950949 0
1.154753036353243 0.6418092511954601 0
0.3549999999992877 0.5586602540378458 0
0.3499999999998003 0.5673205080759436 0
0.3599999999984739 0.5673205080770465 0
0.3549978648639048 0.575977082758772 0
0.3449996441442674 0.5759801488908941 0
0.3499999999992004 0.584641016151259 0
0.3649999999988519 0.5586602540378207 0
0.9749713465162479 0.6419306644652334 0
1.184999999999436 0.5586602540378534 0
1.074753036353065 0.6418092511954931 0
1.244999838212632 0.5586599752878896 0
0.7849518791369219 0.6275850474534941 0
0.7894500084344154 0.635207572554641 0
0.7749979109826026 0.6277559338697851 0
1.144670715137297 0.6417006953043848 0
1.139163067638997 0.6343692770218647 0
0.2550000000009927 0.6413397459621798 0
0.7650000000004132 0.6413397459621436 0
1.079999999999429 0.5673205080758872 0
1.095000000000929 0.6413397459621409 0
1.039721728467547 0.6190369401614872 0
1.074999999999252 0.5586602540379946 0
1.024984999779225 0.6417442571498932 0
1.224996123303732 0.6413593067339376 0
0.5349974012651715 0.6413526402498595 0
1.259980169679124 0.5846096177016735 0
1.269995719151937 0.584631021855607 0
1.274997151391834 0.575975417041743 0
0.8350000000005222 0.6413397459621437 0
0.8300000000005126 0.6326794919242855 0
0.8202469636483551 0.6328220764528566 0
0.8250411606084797 0.6243724287425674 0
0.8347598964539721 0.6242206875576977 0
0.8294729155482631 0.6167591067562459 0
0.8149919815983069 0.6254886709640818 0
0.8397130190949033 0.6328556513980739 0
0.8446691362244275 0.6253265413212979 0
0.4550000000001501 0.6106217782718518 0
0.8152881242563199 0.6416699726084653 0
0.8899999999998649 0.5846410161547967 0
0.6649849997784609 0.6102139322636596 0
0.914992658209819 0.6106136843102699 0
0.8446228849857724 0.6416132876861805 0
0.9249713465162017 0.6419306644653042 0
0.9599999999998104 0.5846410161541449 0
0.02540998849484465 0.6418453749988678 0
1.16999999691074 0.5846410134570289 0
0.8099872789009013 0.5846259683885846 0
1.08000000000039 0.5846410161524463 0
1.01499999999846 0.5586602540376164 0
0.6749999999982742 0.5586602540378574 0
1.684991996550302 0.6413461460682939 0
0.09499999999583461 0.558660254036369 0
0.04000000000005852 0.60195999911158 0
1.164956564094189 0.6105726681922403 0
1.174662732347242 0.6103554550288852 0
1.704999999999655 0.5586602540378223 0
0.6349999999984151 0.558660254037747 0
0.6299996501544349 0.5673199001210675 0
0.6399999416916373 0.5673204067494372 0
0.7449849997787806 0.6417442571500487 0
0.3950000000000353 0.6413397459622162 0
1.354984999779579 0.6102139322602124 0
1.149999999960602 0.5846410161194394 0
0.4249999999998266 0.6413397459622179 0
0.1549998969688104 0.5586601478840243 0
0.4699806938488896 0.5846118865780313 0
1.639980703949657 0.5846118967330821 0
0.404987481292158 0.6413610347273658 0
0.2249999979570025 0.5586602094689508 0
0.1349999964564394 0.5586602509489146 0
0.1149999998547851 0.5586602539131873 0
0.8699999999996653 0.5846410161545075 0
1.134999999999284 0.5586602540378629 0
0.9649931312925299 0.6106138975215959 0
1.415000000001067 0.6106217782665597 0
0.6449999902805617 0.5586602371501055 0
0.164986846422682 0.6413642547825268 0
1.100000000000004 0.5846410161535304 0
0.04500023325905126 0.5586600179088245 0
1.064665815064749 0.6417171574693791 0
1.635000000001786 0.6413397459621404 0
0.909999999999848 0.584641016153164 0
0.9799999999998927 0.5846410161539329 0
0.8046079704133418 0.6103352549835396 0
0.9949984609455729 0.6106066369161417 0
0.2049998968771915 0.5586601248618647 0
1.20999779940001 0.5846388047611392 0
1.050000000000255 0.5846410161529338 0
0.6649999999982854 0.5586602540378174 0
0.2650000000009423 0.6106217782727918 0
1.034952287503119 0.6105786459236058 0
0.6949588393923174 0.6413635100502432 0
1.605000000000544 0.6106217782653204 0
0.7549999942371246 0.6106217732437513 0
1.084999787412441 0.610610477222769 0
1.049706657763986 0.6187408209299522 0
1.194984856125941 0.6103548554309156 0
1.855000120971 0.5933001643206564 0
0.9049999999987554 0.558660254037853 0
0.2599999932331073 0.5846410066393255 0
1.785246963648881 0.6419112661553654 0
1.989941839559695 0.5847101611064932 0
1.575000000001696 0.6413397459621462 0
0.4199999695924093 0.5846318388800578 0
0.8650400172580359 0.6105882033245 0
1.954984999779041 0.6417442571495898 0
0.2449849984781739 0.6102139311301105 0
1.129999999998709 0.5673205080756445 0
0.1250000000010035 0.6106217782736135 0
0.7499999981418501 0.6192820306873549 0
1.094999999999198 0.5586602540378869 0
0.7052949843553949 0.6101245482658747 0
1.820015852366462 0.6019329833867102 0
0.6599999999983251 0.5673205080760457 0
0.6850000000000297 0.6106217782706365 0
0.06467071510225053 0.61025905444267 0
0.08498499959946697 0.6103549806376314 0
1.755015000221916 0.6103549807862104 0
0.1050000000009836 0.6106217782737204 0
0.8552936504488564 0.6102669941985702 0
0.585000000000088 0.6106217782711508 0
0.03502369137601399 0.62752040242122 0
0.7399531222158902 0.6191991602702251 0
1.580000000001718 0.632679491924287 0
1.859999999999568 0.619282032302127 0
1.379999999999942 0.5846410161517972 0
1.619997756592627 0.584638760474419 0
0.6250000000002118 0.6413397459620861 0
0.8449999999985778 0.5586602540378567 0
1.055000000000576 0.6106217782686584 0
0.7449800690111252 0.6276687712751561 0
0.1450000000010239 0.6106217782734981 0
1.764670715138204 0.6415843454509452 0
1.734984999779028 0.6102139322584772 0
0.564984800507339 0.6102137583730037 0
0.1949574390168642 0.6100069544064179 0
1.625000000000501 0.6106217782652474 0
1.535000000001606 0.6413397459621335 0
0.9699999999990828 0.5673205080762427 0
1.19499993116196 0.5759807020436569 0
0.474998690961616 0.6413515435439617 0
0.8999999999989072 0.5673205080760575 0
1.974597880323351 0.6420407743102944 0
1.754999999999673 0.5759807621134608 0
1.894999999999932 0.558660254037839 0
0.8499999999987933 0.5673201620990973 0
1.395000000001083 0.6106217782666894 0
1.7699999999999 0.5846410161512727 0
1.524984999778894 0.6102139322589055 0
1.189999988093319 0.567320497686103 0
1.504999999999826 0.5586602540377675 0
1.659984302583387 0.5846144253532465 0
1.565000000000645 0.610621778265521 0
1.649999948288679 0.5673204548655457 0
0.9349996806105063 0.6106145995002734 0
1.585000000000585 0.6106217782654283 0
1.57999999997777 0.5673205080564903 0
0.2850000000008077 0.6413397459622217 0
1.545000000000708 0.6106217782656498 0
1.844999999999689 0.5759807621134447 0
1.114991152871236 0.6106075196318154 0
0.03002991532143848 0.6019419225671401 0
1.840000344553714 0.6191012743380848 0
1.435000000001032 0.6106217782664187 0
1.970371850208755 0.6016672710368608 0
1.800009559677962 0.6019429072361498 0
1.484999949164291 0.5586602016489933 0
1.475000000000942 0.6106217782661258 0
1.934999887115141 0.5933005596385137 0
1.804999999999715 0.5759807621134585 0
1.344999999999882 0.5586601987612941 0
1.639993139900469 0.6327383570669246 0
0.649999988660906 0.5673204883735142 0
1.1049965384522 0.6106091038748612 0
0.5949960607088038 0.6413604541213209 0
0.3650000000002239 0.6413397459622279 0
1.50498265918989 0.6413636316339624 0
1.094998825608495 0.6276627248172475 0
1.779999999999716 0.5673205080756409 0
0.02006862059838632 0.6020742774171937 0
1.499999999999869 0.567320508075516 0
1.099996517821851 0.6191785980381477 0
0.3350000000004186 0.6413397459622359 0
0.04529488713415675 0.6418566872594479 0
1.981511432246825 0.5681676170850761 0
1.564999999998702 0.5586602540369838 0
1.674997113384536 0.5759762474537788 0
0.3049939873743502 0.6413629868160473 0
1.73499999999971 0.575980762113355 0
1.714999999999806 0.5759807621134431 0
1.684999518897323 0.5759800096702736 0
0.2899993648893899 0.6326868237323935 0
0.2949996589851351 0.6241999326670338 0
1.740000000000104 0.5846410161513914 0
0.5499075670511925 0.6328129917756506 0
1.720000000000055 0.5846318654077943 0
1.749999999999926 0.5846410161512985 0
1.805004292856312 0.5932941869155004 0
1.30499999999964 0.5586602540378071 0
1.255000000001268 0.6413397459622046 0
1.315000000001368 0.6413397459607244 0
1.285000000001321 0.6413397459621935 0
1.114999999999494 0.5759807621149451 0
1.344990440323179 0.6413564064464885 0
1.289999874427177 0.5673202884619326 0
1.689987401190074 0.5846190824487432 0
1.764999999999776 0.5759807621134756 0
1.904995006009918 0.5932792261830511 0
1.024999999998169 0.5586602540380248 0
0.7649999999982232 0.558660254039213 0
1.874993147316069 0.5932972364901243 0
1.699981702736931 0.584611310230752 0
1.224998066019392 0.5759787231281469 0
1.175294983827854 0.6418370048182841 0
1.39999999997778 0.5846410161324848 0
0.764999999998299 0.5759807621147266 0
1.319981716101071 0.5846112805312256 0
1.840000044622414 0.5846406327689742 0
1.850000072221421 0.5846403845604979 0
1.860000035303711 0.5846406962166772 0
1.835000895869786 0.593295835700441 0
1.899999999999591 0.5846410161512081 0
1.869998866874973 0.5846402601876327 0
1.825003425536165 0.5932923763805855 0
1.81500662803659 0.5932898700936113 0
1.229980672425016 0.5846118069962112 0
1.009999999999548 0.584641016150888 0
0.2899978078977475 0.5846388120538705 0
1.889998444686281 0.5846370373554384 0
1.289980487218605 0.5846101477687726 0
0.169989843733249 0.5846087454609773 0
0.5849999534945192 0.5586601902373741 0
1.914998141928999 0.5932914666974091 0
1.884983514690275 0.5932815986269586 0
1.919999647107515 0.5846391131609623 0
1.929999878615319 0.5846403080331319 0
1.604999999999599 0.5759807621129511 0
1.11999999999874 0.5846410161526887 0
0.5549999960916759 0.5586601590007297 0
0.6449999883919721 0.5759807419432196 0
1.539999999994149 0.5846410161463811 0
0.4149999923032141 0.5759792302797906 0
1.934999979227742 0.575980640640799 0
1.94499999554177 0.5759807355132662 0
0.5399900138862859 0.5846085936437155 0
1.510000000000273 0.5846318654082328 0
0.759999997373376 0.5846410138639626 0
0.5999807556890071 0.5846119490806853 0
1.949999999256558 0.5673205036421416 0
0.4649999308115295 0.5586601830042039 0
1.959991942499838 0.5673251588744777 0
0.5699996079834401 0.5846402458428314 0
1.350000000000385 0.5846392368408808 0
1.970192984103713 0.5674896827190343 0
0.9299999999995752 0.5846410161531954 0
1.219999410221265 0.5673198932797305 0
0.3249976504243822 0.57597676841548 0
0.524999932358584 0.5586601362220065 0
0.320000000001152 0.5846410161594369 0
0.3399804663552501 0.5846101288456964 0
0.1849999977240961 0.5586602025831415 0
1.074999999999884 0.5759807621143749 0
0.7799999638474714 0.5846409846100745 0
0.7199999999933746 0.5846410161498226 0
0.2399999953536031 0.5846391813296281 0
0.9999999999987358 0.5673205080752881 0
0.399981466125146 0.5846108970459218 0
0.6499999980647313 0.5846318620492558 0
0.5100000000007522 0.5846410161553542 0
1.284994059082833 0.575970909510249 0
0.6149999999986151 0.5586602540370718 0
0.3049999126610055 0.558660148520677 0
0.4949999990921004 0.5586602531047691 0
0.7499999999834259 0.5673205080627379 0
0.6299813644516198 0.5846107213229566 0
0.07500000000065511 0.5586602540399768 0
0.3350000000005172 0.5586602540393346 0
0.3699999339882938 0.567320393088266 0
0.3949999585813514 0.5586601819036392 0
0.334994157571565 0.5759711663415078 0
1.009999999997925 0.5673205080750687 0
0.7599999997796482 0.5673205078724833 0
0.2549999996180072 0.5586602212931084 0
0.3849999516925033 0.5586601698936143 0
0.3699804791382687 0.5846101338299443 0
0.6199995709120667 0.5673197772085021 0
0.3399989669529738 0.5673188065776398 0
0.3649941785209817 0.575971188324641 0
0.6350000000019561 0.5759807621113988 0
1.014999999998419 0.5759807621134596 0
0.3799994774838257 0.567319597842162 0
1.991676246602666 0.5649125599523042 0
1.984409338985901 0.6406145656021246 0
0.007989182588008344 0.6346515399022792 0
1.983805311699801 0.6299999999997765 0
0.01619767221775176 0.6299834290517745 0
1.984208041960761 0.610092481934666 0
0.01607695154885173 0.6100000000080098 0
1.939788386520119 0.6350844076889951 0
1.879806852721049 0.61806351713946 0
1.79020828029926 0.6341882448680201 0
1.820199238514336 0.6339081777514544 0
1.704725654174204 0.6091823714952572 0
1.674725585918841 0.6091780565345403 0
1.644798032460711 0.609361378339957 0
1.494798956476116 0.6093670261847806 0
1.924825796172817 0.642514337615829 0
1.909714905727653 0.6340244634444487 0
1.805274123508852 0.6265046622594984 0
1.769871971999433 0.6336615803077127 0
1.770146376051646 0.6180063575080801 0
1.894748587714418 0.6255335887220426 0
1.689726797524854 0.6167921636519345 0
1.659728248614694 0.6167784207888891 0
1.71978953735585 0.6168681055929237 0
1.509788134634224 0.6168707723213718 0
1.324725394803142 0.6091828645891507 0
1.134019562982167 0.6270313287594483 0
1.1292518827776 0.6352112517733814 0
1.294722521833995 0.6091809744855281 0
1.149733772561365 0.6342558509850155 0
1.264722480652984 0.6091809467842568 0
1.044845356628144 0.626551371802643 0
1.114902201955821 0.642452025313164 0
1.234796109526747 0.609365169191957 0
1.009791093581677 0.6350986698278128 0
1.069827680788852 0.6341357714390973 0
1.339788134634366 0.6168707723212958 0
0.9597910605546481 0.6350807758953014 0
0.9948989608892705 0.6424501540828069 0
1.309722626971035 0.616799698848702 0
0.9097876044224682 0.6350778808033426 0
1.17985731640507 0.6180140499347377 0
0.8797381727997384 0.6351746927062655 0
0.9449000914064772 0.6424477189272537 0
0.82472968765879 0.6093068009323891 0
1.279722482229724 0.6167998139538911 0
1.180134919335291 0.6336675292478565 0
0.8093937187925558 0.6182053551287665 0
0.8948269041876246 0.6426297964893672 0
0.809784842158056 0.6340818698796233 0
0.8648273541170571 0.6425173073899104 0
0.7997683918612717 0.6348575050379078 0
1.249722480039309 0.6167998157392192 0
0.8494022047816483 0.6337573430228289 0
0.8497907986695403 0.6178631847544847 0
0.8397821244827847 0.617066390613686 0
0.7297602775679396 0.6350406240074156 0
0.7848976202954407 0.6424493781200515 0
0.7143079853339378 0.642184683016193 0
0.6347253948019148 0.6091828645919194 0
0.7093693380916628 0.6337745841680383 0
0.7105189176626187 0.6182437999590322 0
0.6047961503275128 0.6093651964002984 0
0.6497881346330002 0.6168707723233853 0
0.6197226269697259 0.6167996988508582 0
0.5497887134067529 0.616876033080568 0
0.5197248644528687 0.6167901538523973 0
0.4897282486109357 0.6167692700455736 0
0.5347267076565709 0.6091836413998207 0
0.4197881253444938 0.6168783551474653 0
0.5047239925857264 0.6091810522363907 0
0.3897226268221508 0.6167997980346507 0
0.4747980324588391 0.6093613783435049 0
0.3597224822263261 0.6167998154797305 0
0.3297224800383367 0.6167998157655301 0
0.4047253911704385 0.6091831355233558 0
0.3747225217802988 0.6091809783750046 0
0.3447224806513232 0.6091809468479261 0
0.3147961095262288 0.6093651691966182 0
0.2297910935242125 0.6168563181091058 0
0.2148007720522837 0.6093638267721843 0
0.1797878978780739 0.6168781302982153 0
0.1647988699305997 0.6093672232774079 0
0.05016704904225687 0.634113667342 0
0.06983339751792624 0.6178352628298005 0
0.006751000610488683 0.5948533546285899 0
1.970000000000401 0.6346410161514259 0
1.960000000000505 0.6346410161514476 0
1.949891669771905 0.6348430813991933 0
1.78003074119606 0.6343769951969003 0
1.835006754878223 0.6259754885361978 0
1.844999999999573 0.6259807621126511 0
1.8549999999996 0.6259807621126532 0
1.864987137838335 0.6260089763029119 0
1.760000000001906 0.6173205080763473 0
1.750000000002002 0.6173205080763575 0
1.740000000002039 0.6173205080763443 0
1.729959679949446 0.6172599416063125 0
1.630000000000531 0.6173205080753706 0
1.620000000000523 0.61732050807538 0
1.580000000000727 0.6173205080756351 0
1.600000000000595 0.617320508075462 0
1.610000000000567 0.6173205080754022 0
1.57000000000066 0.6173205080755985 0
1.560000000000694 0.61732050807563 0
1.590000000000747 0.6173205080755815 0
1.540000000000771 0.6173205080757204 0
1.550000000000807 0.6173205080757168 0
1.530000000000784 0.6173205080757284 0
1.519891628027443 0.617110291890955 0
1.479993006188595 0.6173252571427926 0
1.470000000001012 0.6173205080757952 0
1.460000000001034 0.6173205080758186 0
1.450000000001055 0.6173205080758244 0
1.440000000001116 0.6173205080758897 0
1.430000000001101 0.6173205080758618 0
1.420000000001146 0.6173205080759034 0
1.410000000001117 0.6173205080758765 0
1.40000000000116 0.6173205080759185 0
1.390000000001147 0.6173205080758941 0
1.170022402062225 0.6344810945841484 0
1.1598847618882 0.6344102990432124 0
1.380000000001119 0.617320508075888 0
1.370000000001372 0.6173205080761053 0
1.360000000001675 0.6173205080763191 0
1.099997080384338 0.6346290194079779 0
1.090000000000749 0.6346410161531079 0
1.349891628027767 0.6171102918910938 0
1.079898219052977 0.6344195883423269 0
1.054892767584409 0.6261762257390753 0
1.029964042139372 0.6345650390313209 0
1.019911274470953 0.6347425465109838 0
0.9799782680579388 0.6346482186398145 0
0.9698723158896554 0.6347756841047587 0
0.930000000000669 0.6346410161537041 0
0.9198767115110487 0.6348026342056332 0
1.219992988770384 0.6173252615359369 0
1.210000000000821 0.617320508075936 0
1.200000000001385 0.6173205080763672 0
1.190000000001375 0.6173205080763783 0
0.7700000000004177 0.6346410161541083 0
0.006693268986998534 0.5751027059722248 0
0.7600000000003013 0.6346410161540635 0
0.7500000000002068 0.6346410161540185 0
0.7398779465986416 0.6347855789994127 0
0.7000340353665776 0.6173903839188308 0
0.6900056725612154 0.6173321540518996 0
0.6800009454269857 0.6173224490740996 0
0.6700000000000711 0.6173205080785008 0
0.6598916280264149 0.6171102918933297 0
0.5899929890324337 0.6173252614685745 0
0.5800000000001271 0.6173205080787068 0
0.5700000000001303 0.6173205080787254 0
0.5598845544223073 0.6171173664416116 0
0.4599930792450829 0.6173251376430273 0
0.4499999999998868 0.6173205080792205 0
0.4399999999998795 0.6173205080792424 0
0.4299225597199597 0.617196881975096 0
0.280000000000902 0.6173205080796507 0
0.2700000000009407 0.6173205080796662 0
0.2600000000009827 0.6173205080796865 0
0.2500000000010436 0.6173205080797087 0
0.2398852607998316 0.6171118433002971 0
0.2900000000005101 0.6173205080796367 0
0.2999929870964608 0.6173252808596045 0
0.2000000000010864 0.6173205080797073 0
0.1899191033305574 0.6171720897635548 0
0.1499930057373297 0.6173252646996265 0
0.1400000000010609 0.6173205080795359 0
0.1300000000010054 0.6173205080795324 0
0.1200000000009482 0.6173205080795273 0
0.04011033836002749 0.6344223414435324 0
0.03030497044158706 0.6346138853246304 0
0.1100000000009278 0.6173205080795043 0
0.1000000000009144 0.6173205080794782 0
0.09000000000100203 0.6173205080793976 0
0.0798991717952959 0.6174225839137222 0
1.91969720032731 0.634643275548439 0
1.904815195827686 0.6260671512095379 0
1.889746367203166 0.6179522021448266 0
1.810325576774354 0.6341063357036079 0
1.714756756652539 0.6092703539481367 0
1.684674342897075 0.6091548341249591 0
1.654685256849308 0.6091819978301098 0
1.934814414069805 0.6424944840116552 0
1.795247520325325 0.6265882933138448 0
1.824999999999666 0.6259657257343761 0
1.875000000001307 0.6259957984921699 0
1.699664663145244 0.616822113451743 0
1.504768480544898 0.6093020672780027 0
1.669679524994743 0.6168063787072835 0
1.639961093424289 0.617254139012535 0
1.490000000001718 0.617335544454803 0
1.334756220266154 0.6092713736790915 0
1.144564678481563 0.626724676475879 0
1.110000000000717 0.6346259797745873 0
1.304670073039142 0.6091594942671532 0
1.124730769913799 0.6425111937354772 0
1.064877946948069 0.6265071613981179 0
1.274669781506002 0.6091592826994274 0
1.319670657004373 0.6168204467957417 0
1.039934899084172 0.6343087512714233 0
1.244682048659297 0.609189983277269 0
0.9900000000006288 0.6346259797749094 0
1.004828617310579 0.642489133552517 0
1.289669789946251 0.616821467511967 0
0.9400000000005218 0.6346259797750782 0
0.9548299307428449 0.6424833102155701 0
1.259669777205096 0.6168214824589967 0
0.8896983928577498 0.6351029538489457 0
0.9048155764041642 0.6425117483623318 0
0.8598892253813708 0.6346245414227626 0
0.8347896273404409 0.6092955765212251 0
0.8747549419363763 0.6425919428684717 0
1.230000000001443 0.6173355444548819 0
0.8196794371024672 0.6173491103477804 0
0.780000000000313 0.6346259797754662 0
0.7948526700987492 0.6424729116421136 0
0.724686165919521 0.6423817890470795 0
0.6447562202649124 0.6092713736818768 0
0.6146823444537506 0.6091901979219201 0
0.6296706570030178 0.6168204467978893 0
0.6000000000002408 0.6173355444573556 0
0.5296678768158327 0.6168212653220756 0
0.5447578278328185 0.609273138810808 0
0.4996696627039905 0.6168129694049025 0
0.5146721615419632 0.6091579938913313 0
0.4699999999999344 0.6173355444576191 0
0.4846852568423772 0.6091804727051402 0
0.3996706561780257 0.6168211730508824 0
0.3696697899327637 0.616821478215179 0
0.4147561939180071 0.6092729356290882 0
0.3846700726637288 0.6091595150833475 0
0.3396697772038476 0.6168214826278642 0
0.3546697814993303 0.6091592830232181 0
0.310000000000567 0.6173355444579135 0
0.3246820486585125 0.6091899832858101 0
0.2247710917339521 0.6092959254783565 0
0.210000000000991 0.6173355444583447 0
0.1747678104055758 0.6093030615313737 0
0.05505665859950912 0.626347830974376 0
0.1600000000009059 0.6173355444582507 0
0.0649481921911525 0.625668800464991 0
1.983259618942741 0.5769855715841107 0
1.983710875315424 0.5917695269154242 0
1.992679491924247 0.6426794919241899 0
1.992679491924307 0.5573205080756651 0
0.007320508075738016 0.6426794919242914 0
0.007320508075680882 0.5573205080756698 0
0.0223414707996856 0.6348606443397498 0
1.977543166625227 0.6350293055322281 0
2 2 0 1379
2942
2943
2944
2945
2946
2947
2948
2949
2950
2951
2952
2953
2954
2955
2956
2957
2958
2959
2960
2961
2962
2963
2964
2965
2966
2967
2968
2969
2970
2971
2972
2973
2974
2975
2976
2977
2978
2979
2980
2981
2982
2983
2984
2985
2986
2987
2988
2989
2990
2991
2992
2993
2994
2995
2996
2997
2998
2999
3000
3001
3002
3003
3004
3005
3006
3007
3008
3009
3010
3011
3012
3013
3014
3015
3016
3017
3018
3019
3020
3021
3022
3023
3024
3025
3026
3027
3028
3029
3030
3031
3032
3033
3034
3035
3036
3037
3038
3039
3040
3041
3042
3043
3044
3045
3046
3047
3048
3049
3050
3051
3052
3053
3054
3055
3056
3057
3058
3059
3060
3061
3062
3063
3064
3065
3066
3067
3068
3069
3070
3071
3072
3073
3074
3075
3076
3077
3078
3079
3080
3081
3082
3083
3084
3085
3086
3087
3088
3089
3090
3091
3092
3093
3094
3095
3096
3097
3098
3099
3100
3101
3102
3103
3104
3105
3106
3107
3108
3109
3110
3111
3112
3113
3114
3115
3116
3117
3118
3119
3120
3121
3122
3123
3124
3125
3126
3127
3128
3129
3130
3131
3132
3133
3134
3135
3136
3137
3138
3139
3140
3141
3142
3143
3144
3145
3146
3147
3148
3149
3150
3151
3152
3153
3154
3155
3156
3157
3158
3159
3160
3161
3162
3163
3164
3165
3166
3167
3168
3169
3170
3171
3172
3173
3174
3175
3176
3177
3178
3179
3180
3181
3182
3183
3184
3185
3186
3187
3188
3189
3190
3191
3192
3193
3194
3195
3196
3197
3198
3199
3200
3201
3202
3203
3204
3205
3206
3207
3208
3209
3210
3211
3212
3213
3214
3215
3216
3217
3218
3219
3220
3221
3222
3223
3224
3225
3226
3227
3228
3229
3230
3231
3232
3233
3234
3235
3236
3237
3238
3239
3240
3241
3242
3243
3244
3245
3246
3247
3248
3249
3250
3251
3252
3253
3254
3255
3256
3257
3258
3259
3260
3261
3262
3263
3264
3265
3266
3267
3268
3269
3270
3271
3272
3273
3274
3275
3276
3277
3278
3279
3280
3281
3282
3283
3284
3285
3286
3287
3288
3289
3290
3291
3292
3293
3294
3295
3296
3297
3298
3299
3300
3301
3302
3303
3304
3305
3306
3307
3308
3309
3310
3311
3312
3313
3314
3315
3316
3317
3318
3319
3320
3321
3322
3323
3324
3325
3326
3327
3328
3329
3330
3331
3332
3333
3334
3335
3336
3337
3338
3339
3340
3341
3342
3343
3344
3345
3346
3347
3348
3349
3350
3351
3352
3353
3354
3355
3356
3357
3358
3359
3360
3361
3362
3363
3364
3365
3366
3367
3368
3369
3370
3371
3372
3373
3374
3375
3376
3377
3378
3379
3380
3381
3382
3383
3384
3385
3386
3387
3388
3389
3390
3391
3392
3393
3394
3395
3396
3397
3398
3399
3400
3401
3402
3403
3404
3405
3406
3407
3408
3409
3410
3411
3412
3413
3414
3415
3416
3417
3418
3419
3420
3421
3422
3423
3424
3425
3426
3427
3428
3429
3430
3431
3432
3433
3434
3435
3436
3437
3438
3439
3440
3441
3442
3443
3444
3445
3446
3447
3448
3449
3450
3451
3452
3453
3454
3455
3456
3457
3458
3459
3460
3461
3462
3463
3464
3465
3466
3467
3468
3469
3470
3471
3472
3473
3474
3475
3476
3477
3478
3479
3480
3481
3482
3483
3484
3485
3486
3487
3488
3489
3490
3491
3492
3493
3494
3495
3496
3497
3498
3499
3500
3501
3502
3503
3504
3505
3506
3507
3508
3509
3510
3511
3512
3513
3514
3515
3516
3517
3518
3519
3520
3521
3522
3523
3524
3525
3526
3527
3528
3529
3530
3531
3532
3533
3534
3535
3536
3537
3538
3539
3540
3541
3542
3543
3544
3545
3546
3547
3548
3549
3550
3551
3552
3553
3554
3555
3556
3557
3558
3559
3560
3561
3562
3563
3564
3565
3566
3567
3568
3569
3570
3571
3572
3573
3574
3575
3576
3577
3578
3579
3580
3581
3582
3583
3584
3585
3586
3587
3588
3589
3590
3591
3592
3593
3594
3595
3596
3597
3598
3599
3600
3601
3602
3603
3604
3605
3606
3607
3608
3609
3610
3611
3612
3613
3614
3615
3616
3617
3618
3619
3620
3621
3622
3623
3624
3625
3626
3627
3628
3629
3630
3631
3632
3633
3634
3635
3636
3637
3638
3639
3640
3641
3642
3643
3644
3645
3646
3647
3648
3649
3650
3651
3652
3653
3654
3655
3656
3657
3658
3659
3660
3661
3662
3663
3664
3665
3666
3667
3668
3669
3670
3671
3672
3673
3674
3675
3676
3677
3678
3679
3680
3681
3682
3683
3684
3685
3686
3687
3688
3689
3690
3691
3692
3693
3694
3695
3696
3697
3698
3699
3700
3701
3702
3703
3704
3705
3706
3707
3708
3709
3710
3711
3712
3713
3714
3715
3716
3717
3718
3719
3720
3721
3722
3723
3724
3725
3726
3727
3728
3729
3730
3731
3732
3733
3734
3735
3736
3737
3738
3739
3740
3741
3742
3743
3744
3745
3746
3747
3748
3749
3750
3751
3752
3753
3754
3755
3756
3757
3758
3759
3760
3761
3762
3763
3764
3765
3766
3767
3768
3769
3770
3771
3772
3773
3774
3775
3776
3777
3778
3779
3780
3781
3782
3783
3784
3785
3786
3787
3788
3789
3790
3791
3792
3793
3794
3795
3796
3797
3798
3799
3800
3801
3802
3803
3804
3805
3806
3807
3808
3809
3810
3811
3812
3813
3814
3815
3816
3817
3818
3819
3820
3821
3822
3823
3824
3825
3826
3827
3828
3829
3830
3831
3832
3833
3834
3835
3836
3837
3838
3839
3840
3841
3842
3843
3844
3845
3846
3847
3848
3849
3850
3851
3852
3853
3854
3855
3856
3857
3858
3859
3860
3861
3862
3863
3864
3865
3866
3867
3868
3869
3870
3871
3872
3873
3874
3875
3876
3877
3878
3879
3880
3881
3882
3883
3884
3885
3886
3887
3888
3889
3890
3891
3892
3893
3894
3895
3896
3897
3898
3899
3900
3901
3902
3903
3904
3905
3906
3907
3908
3909
3910
3911
3912
3913
3914
3915
3916
3917
3918
3919
3920
3921
3922
3923
3924
3925
3926
3927
3928
3929
3930
3931
3932
3933
3934
3935
3936
3937
3938
3939
3940
3941
3942
3943
3944
3945
3946
3947
3948
3949
3950
3951
3952
3953
3954
3955
3956
3957
3958
3959
3960
3961
3962
3963
3964
3965
3966
3967
3968
3969
3970
3971
3972
3973
3974
3975
3976
3977
3978
3979
3980
3981
3982
3983
3984
3985
3986
3987
3988
3989
3990
3991
3992
3993
3994
3995
3996
3997
3998
3999
4000
4001
4002
4003
4004
4005
4006
4007
4008
4009
4010
4011
4012
4013
4014
4015
4016
4017
4018
4019
4020
4021
4022
4023
4024
4025
4026
4027
4028
4029
4030
4031
4032
4033
4034
4035
4036
4037
4038
4039
4040
4041
4042
4043
4044
4045
4046
4047
4048
4049
4050
4051
4052
4053
4054
4055
4056
4057
4058
4059
4060
4061
4062
4063
4064
4065
4066
4067
4068
4069
4070
4071
4072
4073
4074
4075
4076
4077
4078
4079
4080
4081
4082
4083
4084
4085
4086
4087
4088
4089
4090
4091
4092
4093
4094
4095
4096
4097
4098
4099
4100
4101
4102
4103
4104
4105
4106
4107
4108
4109
4110
4111
4112
4113
4114
4115
4116
4117
4118
4119
4120
4121
4122
4123
4124
4125
4126
4127
4128
4129
4130
4131
4132
4133
4134
4135
4136
4137
4138
4139
4140
4141
4142
4143
4144
4145
4146
4147
4148
4149
4150
4151
4152
4153
4154
4155
4156
4157
4158
4159
4160
4161
4162
4163
4164
4165
4166
4167
4168
4169
4170
4171
4172
4173
4174
4175
4176
4177
4178
4179
4180
4181
4182
4183
4184
4185
4186
4187
4188
4189
4190
4191
4192
4193
4194
4195
4196
4197
4198
4199
4200
4201
4202
4203
4204
4205
4206
4207
4208
4209
4210
4211
4212
4213
4214
4215
4216
4217
4218
4219
4220
4221
4222
4223
4224
4225
4226
4227
4228
4229
4230
4231
4232
4233
4234
4235
4236
4237
4238
4239
4240
4241
4242
4243
4244
4245
4246
4247
4248
4249
4250
4251
4252
4253
4254
4255
4256
4257
4258
4259
4260
4261
4262
4263
4264
4265
4266
4267
4268
4269
4270
4271
4272
4273
4274
4275
4276
4277
4278
4279
4280
4281
4282
4283
4284
4285
4286
4287
4288
4289
4290
4291
4292
4293
4294
4295
4296
4297
4298
4299
4300
4301
4302
4303
4304
4305
4306
4307
4308
4309
4310
4311
4312
4313
4314
4315
4316
4317
4318
4319
4320
0.2867849224661971 0.8753844530101573 0
0.3655683672639395 0.6583318510561021 0
0.4907831227508439 0.7843176113949332 0
0.3149992447611139 0.6586601576555122 0
0.3169078041405547 0.9023009825435528 0
0.2551830204668952 0.8503979669435886 0
0.4910212846063039 0.8346900571150868 0
0.2211355045045622 0.827301487721007 0
0.2762154219614097 0.6594346692769419 0
0.4050366364732061 0.658397494977589 0
0.3451968224593058 0.9310741216369969 0
0.2349977763372859 0.6586620611526679 0
0.4913400442493736 0.8750005525452941 0
0.4916477779022549 0.7442093752522664 0
0.1860956267816737 0.8080407900630135 0
0.1952520448827841 0.6579938208033547 0
0.491339745962147 0.9150000000005659 0
0.1505196835991419 0.7889169598731185 0
0.3715098190448841 0.9621570896355399 0
0.1453503271342945 0.6584579383095021 0
0.1124304283199773 0.7729385887180786 0
0.491386599416158 0.9541295171099764 0
0.1050026550906652 0.6581301183154218 0
0.38981629560653 0.9860061191242612 0
0.08475266586097624 0.7628406667773675 0
0.05604163093418837 0.752950809176127 0
0.4453091232200972 0.6584817808516253 0
0.4922181810028839 0.7150514810654174 0
0.4916501852140094 0.9841013948072065 0
0.07500089969632477 0.6586599626617639 0
0.4077503586003615 1.009141900005401 0
0.007709365292259532 0.7057102918216163 0
0.4915948844947021 1.015000218374292 0
0.422633672727206 1.03703162002254 0
0.04482902870601267 0.65817653447157 0
0.4910756173973782 1.044612972406566 0
0.4916908450018201 0.6854784378766665 0
0.4375001339328572 1.062858353877857 0
0.4916626952342819 1.074542759073123 0
0.02574484629567167 0.7469206791666064 0
0.3020188680280764 0.8885798497149742 0
0.2709889494498589 0.8626443479029364 0
0.3312804921373352 0.9164612663836458 0
0.238269773628888 0.8388917998036027 0
0.2042108377536397 0.8171245615627528 0
0.1687744421402304 0.7973997318474835 0
0.3586963248536071 0.9462569647196354 0
0.1321345376041326 0.7808215748360192 0
0.4465502099232356 1.081670895641286 0
0.4551748429139704 1.099577545593365 0
0.008785335154276354 0.6855911368936646 0
0.491903882820169 0.9350000694730385 0
0.124696462624691 0.6584847338889239 0
0.491339745962147 0.8950000000005469 0
0.1650000000006866 0.6586602540378804 0
0.4918374680920783 0.8550001838212823 0
0.2149990808233825 0.6586601470242207 0
0.2549984430296096 0.6585139285426826 0
0.4924107826081055 0.8148590251438793 0
0.2944169911528705 0.6582275984455116 0
0.3346267092037088 0.6584462750242421 0
0.3845496690923941 0.6602354563922179 0
0.491339745962147 0.765000000000286 0
0.4247339769831018 0.6584946067423298 0
0.4652524719422043 0.6584400116138855 0
0.4641053796500914 1.117988555488169 0
0.4923322547541266 1.09508666857363 0
0.009059276218666574 0.7257555856526492 0
0.02504049180650829 0.6583879332383231 0
0.4709321160043412 1.135935707271958 0
0.4915723768833707 1.11527281857142 0
0.4772127121129095 1.156219483328532 0
0.4849832381310633 0.6584855541300469 0
0.4902385302020059 1.135501719204781 0
0.01053843306523267 0.6653247305092383 0
0.4840268367096443 1.175879107899711 0
0.4904631906921186 1.165862771314269 0
0.4914232997035812 1.184293499996565 0
0.4976608010105182 1.275183124179882 0
0.4891399621839353 1.194649179582792 0
0.3094834565211853 0.8952707588505011 0
0.3115378409668166 0.8855462839361679 0
0.3040506307621808 0.8788291032789592 0
0.3135496524873575 0.8757151498815389 0
0.3210188464340861 0.8824354896417037 0
0.323028849742363 0.8725960288675587 0
0.3304709551103095 0.8792416668610731 0
0.3324992249521612 0.8694565183815851 0
0.3399423560045993 0.8761053410924775 0
0.341975827608672 0.8663343921362614 0
0.3345328499876924 0.8596878205073196 0
0.3440103460301298 0.8565649024158573 0
0.3365542814275023 0.8499154182614523 0
0.346043140599971 0.8467942836186662 0
0.3385858844904078 0.8401440248305134 0
0.3480775313203604 0.8370228733017011 0
0.3406244818086315 0.8303729061197809 0
0.3501135195691634 0.8272506077392526 0
0.3426598022674555 0.8205999128342409 0
0.3521493547888482 0.8174771208884886 0
0.3447018605174827 0.8108271429682358 0
0.3541870071946425 0.8077031500617904 0
0.3467388803062587 0.8010524489362754 0
0.3562230477379239 0.7979272431246459 0
0.3494184184304246 0.8729806365147632 0
0.3487743929227137 0.7912761496787868 0
0.3582592318744247 0.7881504894601724 0
0.3575616012458206 0.8339003734130357 0
0.3392898507335159 0.794401455955221 0
0.3413247642282786 0.7846257069534267 0
0.3318406116526331 0.7877505920209908 0
0.3657083768218985 0.7948023803252543 0
0.3677448840078968 0.7850248369833477 0
0.3338755496570022 0.7779746286530664 0
0.3243913015629964 0.7810995087971826 0
0.3751950310125309 0.7916776822594291 0
0.3772315957913688 0.7818988301406248 0
0.3264269421956866 0.7713227421374452 0
0.3169419823836204 0.7744482130536913 0
0.3846825451979116 0.7885524662769101 0
0.3867189952835798 0.7787725783347778 0
0.3792677315691951 0.7721189563060672 0
0.3887561425953605 0.7689924893246709 0
0.3189777520120225 0.7646712141847234 0
0.309492424939497 0.7677968246799929 0
0.3813035824943608 0.7623378513521676 0
0.3907932999798452 0.7592113618985366 0
0.3115283058879551 0.7580194496120534 0
0.3020427198809645 0.7611453908968628 0
0.3941701140495156 0.7854268373335971 0
0.3833399386295747 0.75255616725597 0
0.3928300829513839 0.7494293085651099 0
0.3040782656222156 0.751367911639091 0
0.2945928681701838 0.7544939807075234 0
0.3135644305339004 0.7482414821088884 0
0.2925575889050311 0.7642711686039374 0
0.2851079476525692 0.7576199560153531 0
0.4002835843715163 0.7560848280890726 0
0.4023206994955931 0.7463019825344661 0
0.2871421984501773 0.7478424975933065 0
0.2776580409838007 0.7509694161121613 0
0.3149033150829524 0.7842213059920013 0
0.3853764141629948 0.7427743651102781 0
0.275623946103223 0.76074632001155 0
0.2681740866844733 0.7540956355662197 0
0.2702080789834925 0.7443194841086569 0
0.260724489362695 0.7474459583979283 0
0.3921335566627036 0.7952067829983802 0
0.4016217043290532 0.792081026160866 0
0.3995847093885716 0.8018616295316839 0
0.4090737084594349 0.7987352899483116 0
0.407036390491608 0.8085164753684198 0
0.409774333417278 0.7529578281128128 0
0.4118119258504143 0.7431743891327498 0
0.2586903956692173 0.7572219301401646 0
0.2512410755767469 0.7505727248220152 0
0.2532748400279152 0.7407961561355767 0
0.2437912439742232 0.7439234962446527 0
0.3311248226694077 0.8334875551280946 0
0.2458246435678309 0.7341462024615538 0
0.2363407123144456 0.7372738137127641 0
0.2343110849855348 0.7470526961989311 0
0.2268595008802268 0.7404034467915285 0
0.4165259226021987 0.8053900374447066 0
0.4144885193373712 0.8151718531114691 0
0.2288875026100448 0.730624827294828 0
0.2194057577177188 0.7337531983117118 0
0.4192665675356261 0.7498311216697211 0
0.4213041529374695 0.7400466090184877 0
0.4138491933948825 0.7333897441015595 0
0.4233416633010979 0.7302616587960806 0
0.2173787727952922 0.7435327857575619 0
0.2099230156315191 0.736880485596787 0
0.2119549359300311 0.727104016885718 0
0.2024717547513087 0.7302318434345816 0
0.4239786510906548 0.8120452454792169 0
0.421940922402547 0.8218270644755666 0
0.4260161026408858 0.8022630173801063 0
0.2004393629052265 0.7400084864853836 0
0.192988673551914 0.7333605204852092 0
0.1950193005777775 0.7235849149308364 0
0.1855373110715107 0.7267125537995328 0
0.4124510678695617 0.8249534970147505 0
0.4199027179988996 0.8316084800713047 0
0.4104136097165183 0.8347343564915001 0
0.4178647143471027 0.8413892556371909 0
0.4083764076662633 0.8445149350946859 0
0.415827368539923 0.8511694843365298 0
0.406339329835728 0.8542946717724351 0
0.4137898572124646 0.8609490279545751 0
0.4232782502582139 0.8578239996459072 0
0.4212404247929979 0.8676037162222123 0
0.4117525960676589 0.8707285761926018 0
0.4192023642936726 0.8773829310457911 0
0.4097153151047377 0.8805078248122643 0
0.4171645279339249 0.8871614432551396 0
0.4076755073328245 0.8902776056906654 0
0.415123718496257 0.8969296774544607 0
0.4246132497382912 0.8938151307896468 0
0.4225754464791256 0.9035927512115837 0
0.4130783174313926 0.9066900375711777 0
0.4205355452378347 0.913365381997871 0
0.415885885257527 0.7236042963756458 0
0.4253794735144061 0.7204761515827403 0
0.4287590613511441 0.7467035844069616 0
0.3758862738405621 0.7459012308240405 0
0.3779228498386316 0.7361189666710277 0
0.1835142738931275 0.7364939393210564 0
0.1760607820544701 0.7298466777680962 0
0.1780849126341095 0.720067656278316 0
0.1686027615243775 0.7231944219829028 0
0.4293923783767619 0.8284824152203685 0
0.4300230166681767 0.9102506216277135 0
0.4279844347289108 0.9200240641311868 0
0.4307294258408991 0.8644796353022267 0
0.4184988741374958 0.9231465173468902 0
0.4259309659703759 0.9297880091449593 0
0.166585843350165 0.7329787498034426 0
0.1591226001030393 0.726325636410262 0
0.1611488061032837 0.7165499750371704 0
0.1516679884638557 0.7196775535480848 0
0.3684324819385281 0.7392461155240995 0
0.3704685192888493 0.7294641636272909 0
0.1496442273591742 0.729455917436043 0
0.142192296113235 0.7228097677949989 0
0.4179231336182231 0.7138183635813895 0
0.4274175471562692 0.7106900764720552 0
0.4348735689062172 0.7173477538337967 0
0.1442074962695252 0.7130317231434153 0
0.1347298201213682 0.7161659216263183 0
0.4354295810350763 0.9266837314511461 0
0.4333901361889823 0.9364547965146529 0
0.423878928476301 0.9395429754048126 0
0.4313518101560367 0.9462284377937008 0
0.4369120424954184 0.7075615887652049 0
0.3609784102342593 0.7325908789909994 0
0.3630144763190475 0.7228087247419466 0
0.3535268188465492 0.7259360253918327 0
0.3555604882788259 0.7161534311139955 0
0.3650452889797152 0.7130240799416808 0
0.3460764167044584 0.7192835722271791 0
0.1327211731797434 0.7259444626621112 0
0.1252533629182785 0.7192950255960542 0
0.3481069973028016 0.7094960930076065 0
0.3386199813889186 0.7126274822545621 0
0.1272616052886245 0.7095213776572489 0
0.1177959715680796 0.7126492576416604 0
0.4002293866675922 0.883631573295506 0
0.4408392508293039 0.9431094099927604 0
0.4388000933637382 0.9528845506223118 0
0.1157782514732206 0.7224331326150015 0
0.1083170546502638 0.7157816510217889 0
0.4293137767123676 0.9560080767248518 0
0.436760585219275 0.9626618591570694 0
0.1103232733754764 0.7060080038898349 0
0.1008598845340032 0.7091365370790508 0
0.09883483978339017 0.718913229057749 0
0.09137995856879906 0.7122687992664167 0
0.4199610784431168 0.7040321706946413 0
0.09340408479174825 0.7024940147406601 0
0.08392394220638812 0.7056241844039267 0
0.4104668536494978 0.7071608993532018 0
0.4267212801824885 0.7564884816525941 0
0.4362142429710125 0.753360949713319 0
0.4443687448752137 0.7142201557507775 0
0.4464073166671861 0.7044331327711586 0
0.08189551332555281 0.7154040202673203 0
0.07444028885849455 0.7087589353565105 0
0.4462469265548398 0.9595397025557699 0
0.4442063895677003 0.9693158433678033 0
0.4347208628297605 0.9724373726462627 0
0.4421656350729127 0.9790911854790241 0
0.3473838068618792 0.8827495610972034 0
0.3061061302039986 0.8690607831384143 0
0.3406517239595659 0.7028418720867464 0
0.3311603939011193 0.7059677420735435 0
0.3568579260347289 0.8796304689520787 0
0.3548256080410384 0.8893967584098499 0
0.3988890693107398 0.8476411389256044 0
0.4029614615088045 0.8280830617217589 0
0.3981925663600742 0.8934095183674096 0
0.3298045827275132 0.7975244598600344 0
0.3061136674384518 0.7415889784789171 0
0.433469586956831 0.8089188204416864 0
0.4355071908005161 0.7991354699861626 0
0.442961393954472 0.8057921907886072 0
0.4449993338908786 0.7960078771275152 0
0.2492079066152306 0.7603484008161356 0
0.2566560241601736 0.7669966568355481 0
0.2471749147633432 0.7701225726762715 0
0.254621436059191 0.7767701200644407 0
0.2451420176538165 0.779895547411957 0
0.2525874632591313 0.7865421776361252 0
0.2431088774341183 0.7896669270929705 0
0.2356636318426756 0.7830211506865506 0
0.2505540667763453 0.796312930077452 0
0.2600322654001 0.7931886712079353 0
0.258091123250219 0.8028556891930041 0
0.2674918966349665 0.7998179153004832 0
0.2655534819022443 0.8094814747973708 0
0.2749415752261533 0.8064576591389235 0
0.2727135931568612 0.8164453378945038 0
0.2823392456394704 0.8131552454730697 0
0.2801025480406768 0.8231525434623822 0
0.2897662159613543 0.8198197404345314 0
0.2874117991029786 0.8297173420909314 0
0.3359108103237264 0.7681984681889135 0
0.3588934426998288 0.8698742465697517 0
0.3616347341095915 0.8143536831732094 0
0.2553093296883076 0.7310186679550215 0
0.247857786288832 0.7243679189765166 0
0.2573440712171446 0.7212398950594687 0
0.2498911700269553 0.7145881121827062 0
0.2593790953879647 0.7114596195834659 0
0.2519256933800997 0.7048069339880217 0
0.2614144387991589 0.7016782480679976 0
0.2688682798411983 0.7083316318072663 0
0.2709039554426647 0.6985493486924528 0
0.2783584863634137 0.7052035790191115 0
0.3501349927558541 0.6997116195134083 0
0.2424370710006477 0.7079359509253976 0
0.453693962158976 0.966194905378262 0
0.4557351246854828 0.9564169563091439 0
0.4389499829906222 0.6977741622210261 0
0.07646775477140985 0.6989774732929744 0
0.06698390171155645 0.7021130759875194 0
0.06495687607034682 0.7118944776743918 0
0.05749967967122931 0.7052489732534266 0
0.05547479808704361 0.71503051006848 0
0.2803942599762868 0.6954202136691224 0
0.2878491560331058 0.7020748839377117 0
0.4524541814220944 0.8026650784007201 0
0.450415262260762 0.8124489153034797 0
0.4544923065923968 0.79287998818493 0
0.4484454439137606 0.6946451758908159 0
0.2444710070319092 0.6981544353073597 0
0.2349818176940396 0.7012833357934288 0
0.04801617789878772 0.7083859213801853 0
0.05004104569504992 0.6986029178013544 0
0.4125044085145111 0.6973740342795522 0
0.403009396537378 0.7005030328344281 0
0.3331958885630198 0.6961850093658357 0
0.2336306206688618 0.7927910235598612 0
0.2261859649077013 0.7861464921264036 0
0.455903160033564 0.7013046412993212 0
0.4326814568890192 0.9822124046067141 0
0.4401257402316964 0.9888681074664559 0
0.4496102831306326 0.9857462047519747 0
0.4475694414688869 0.9955222247850127 0
0.4252365408549317 0.9755578677467023 0
0.289885385542688 0.6922908990066494 0
0.4570556986393005 0.9924010392248719 0
0.455013850417402 1.002176609998391 0
0.4455280602404728 1.005297085565412 0
0.4529717019283979 1.01195143147888 0
0.2843984249698646 0.8033569199218729 0
0.3514962872678747 0.7357223242160434 0
0.4111102221973002 0.7889554581814857 0
0.371813729552788 0.7654645534983369 0
0.2858072562144652 0.7118583865641894 0
0.2952906936803049 0.7087300650643091 0
0.06901014688603974 0.6923303386493376 0
0.07849605523930962 0.6891945343876664 0
0.4579414794342294 0.6915161307139805 0
0.06293032717865478 0.7216739180674709 0
0.05345085893717673 0.7248094075219966 0
0.2488074041778038 0.8057637160264095 0
0.2972190075469085 0.8264397017717775 0
0.2992734562257708 0.8166595282737927 0
0.2945250573161669 0.8362953985416339 0
0.3643003214569114 0.8862780108743482 0
0.3622683489170242 0.8960442985129219 0
0.3799557344796628 0.7263370857698275 0
0.3156006788651388 0.7384624504271371 0
0.4375443903492859 0.7893511309341381 0
0.263448422822102 0.6918949876337435 0
0.4619477920150111 0.7995377726976987 0
0.2370162260607456 0.691500735786285 0
0.2275261586854113 0.6946299494354071 0
0.4050474687548815 0.6907157169234519 0
0.3955524039453077 0.6938445468470638 0
0.040562396940027 0.7017316685924093 0
0.04258201400522119 0.6919537725611676 0
0.03880965001148363 0.7112017647606392 0
0.3968522069108866 0.8574197634187766 0
0.3894028680171546 0.8507671373840882 0
0.3873665756540974 0.8605438960454788 0
0.2282180813052427 0.7763764708540132 0
0.2187409208638292 0.7795019820317687 0
0.3900971473912251 0.8049919475463376 0
0.2695104685502943 0.7900648069797997 0
0.4382522840500502 0.7435755948043246 0
0.4457080016110211 0.7502334531139625 0
0.327072395620101 0.8530450237376186 0
0.4327675149855856 0.8546979982362894 0
0.4402197076726908 0.8613545658465289 0
0.4422577877264715 0.8515712716385632 0
0.4497108563055051 0.8582277560381324 0
0.4476723691349463 0.8680118633908898 0
0.45174905200644 0.8484444013843071 0
0.4571640372989516 0.8648844786840083 0
0.4551255615527832 0.8746687300084665 0
0.4477459304230751 0.7404477305174793 0
0.4552018413382143 0.7471064713901321 0
0.4572407374092638 0.7373227071803929 0
0.4531597183432972 0.7568890099953023 0
0.3230519050559291 0.7451154649452589 0
0.3237047938178095 0.6993115501309162 0
0.3257418091050562 0.6895264986431557 0
0.3799182790513971 0.8538921297218989 0
0.3819542742299475 0.8441159987273125 0
0.3216735332419434 0.7091017082756952 0
0.3352285570889108 0.6863995095544537 0
0.4645017805502271 0.9990564885597124 0
0.4653292829676946 0.6981611501706469 0
0.4633491829084131 0.7079620269265912 0
0.2629603783514242 0.8191596717283534 0
0.4145417812003493 0.6875869354722355 0
0.2167089578994341 0.7892715884875803 0
0.2092643716866175 0.7826276478121145 0
0.2112958010762316 0.772857512278129 0
0.2018190667424619 0.7759835445412747 0
0.4639860059296149 0.7897519203305072 0
0.4409877628077125 0.6879860723233279 0
0.4631834884653637 0.9630737914247773 0
0.465223424838378 0.9532966469404718 0
0.4626587477710508 0.7537645832372574 0
0.4231969538265114 0.9853300633409534 0
0.2772234915342909 0.8331324329829445 0
0.4434863922675722 1.015070154213818 0
0.4509299191623733 1.021725319073095 0
0.4604153188725674 1.018606856517397 0
0.458372864176721 1.028381150916118 0
0.4360441582510449 1.008416807922217 0
0.4488880147076162 1.031499027005925 0
0.4563298337248112 1.038154613075932 0
0.2296203757153217 0.685025186514273 0
0.2200805287342516 0.6880058509900993 0
0.2180375176084388 0.6977647555532479 0
0.2105823562354185 0.6911120837447546 0
0.3975903970909087 0.6840571890072735 0
0.388095070126743 0.687186104665062 0
0.4157548366797649 0.9786780157546512 0
0.4676249766126822 1.025175925415944 0
0.2392701143875431 0.6823846392586997 0
0.4665433191592255 0.9892814215663106 0
0.3453480915180168 0.892517506629998 0
0.2824295297937608 0.6856356064971387 0
0.4673561624616947 0.6883699078457943 0
0.4645057804348467 0.8715184774634717 0
0.4625604587271168 0.8813221393960524 0
0.4530836577485756 0.8844518647634876 0
0.4605363816896782 0.8911090746797341 0
0.4662310153291299 0.8616693475996212 0
0.3067250091974419 0.8233054611086168 0
0.3717468957315991 0.8929220200199676 0
0.3697116171515861 0.9026911676128792 0
0.360122634083925 0.9062729819832298 0
0.3674616453279758 0.9130101438571965 0
0.3771137750719789 0.9094355498091626 0
0.3750761846348626 0.9192159293237202 0
0.3845783727687553 0.9160256357634267 0
0.3825510627712479 0.9257807204522359 0
0.3920396273850539 0.9226340522728674 0
0.3900017469448398 0.9324078122943493 0
0.3087605459653529 0.8135282086625717 0
0.2038501393651859 0.7662128338075825 0
0.1943731727607509 0.769339158375448 0
0.1923418638852998 0.7791092873581024 0
0.1850184539877748 0.7729951332970516 0
0.1869405633572971 0.7627831463082706 0
0.1774717191123617 0.7659267369449695 0
0.3935136154411166 0.7036316086800306 0
0.4510473813357376 0.894235772057459 0
0.4585008472781882 0.9008931107646199 0
0.4063917371703608 0.726733344256197 0
0.4077369343179734 0.7627416536658174 0
0.2085464067082638 0.7008911084724536 0
0.2010907816728529 0.6942365378594595 0
0.2030984481723224 0.684552133732873 0
0.1936301475910165 0.6875999090191192 0
0.1915991070964051 0.697369955103647 0
0.1841431104731137 0.6907175625683084 0
0.18617705198333 0.6809331414167361 0
0.1766874943852882 0.684061704214433 0
0.1746540486823904 0.6938459914211592 0
0.1671979705818655 0.6871932874570263 0
0.03310969994584594 0.6950776154601691 0
0.03512496292705142 0.6853037207161816 0
0.3250884585802085 0.7353356902926983 0
0.3081492318956532 0.7318093406107422 0
0.4341759775027341 0.7631459146784023 0
0.4565308286885681 0.7830966094407872 0
0.4660243854701046 0.7799660401370025 0
0.3737793051977324 0.8831644839702429 0
0.3162519314465772 0.6926567944357671 0
0.04460851456224475 0.6821686801691463 0
0.2918079420955851 0.6826332283258526 0
0.47144218464865 0.7964101913962931 0
0.4694031055117814 0.8061956582316886 0
0.2072333355206605 0.7923966425042142 0
0.07114473804258023 0.6828718835940594 0
0.08052492245782152 0.6794102388026352 0
0.3805235959250264 0.9355301739096664 0
0.3880003239397252 0.9421366362497932 0
0.3974509913421354 0.9390464224584099 0
0.3954681528769906 0.9488235846717035 0
0.4600182059102261 0.6818827046465455 0
0.469469238819045 0.6786208989781023 0
0.06090479108643648 0.7314514120491258 0
0.3184417192182969 0.6833373267257719 0
0.2146767640220552 0.7990395966874049 0
0.4137162158465476 0.988447462597197 0
0.4472298193517317 1.040842218769163 0
0.4547807847846817 1.047435953256864 0
0.4638543367310215 1.044728094249723 0
0.4618704121459581 1.054497807964941 0
0.1755662060600456 0.7762268613749448 0
0.1680025375742529 0.769071925307987 0
0.1700114406623947 0.7592185053212659 0
0.1605342996163749 0.7623328994327855 0
0.4679929252136802 0.8977673043243143 0
0.4659537843627178 0.9075511434601654 0
0.4564616850624932 0.9106769857532312 0
0.4639141919237845 0.9173346435809169 0
0.05142766986323376 0.7345851199623719 0
0.3656405902179354 0.9222284802831217 0
0.4739915546321252 0.9959375925795488 0
0.4712523696462007 1.051438442243477 0
0.468883271675473 1.061155467043993 0
0.4773457744832857 1.05974101894136 0
0.434003491365371 1.018187175842064 0
0.473221933492431 0.7042845150085213 0
0.4712714004537095 0.7142828281977522 0
0.1787204884803968 0.6742767675770274 0
0.3162070978357976 0.820174047748897 0
0.3141847147419359 0.8299604267929885 0
0.3724704502273576 0.8472411966444288 0
0.07038305802953736 0.7283170409974016 0
0.06835822251862803 0.7380912000029475 0
0.07783398179410397 0.7349587962182503 0
0.3745058699354856 0.8374651549387204 0
0.4208230929610777 0.9954803806311507 0
0.2133280494262401 0.7630865916499474 0
0.1651709764834376 0.6969810330522932 0
0.157709040056195 0.6903247154831036 0
0.1598759552371212 0.6809489036034431 0
0.1503605611964324 0.6840018467245234 0
0.1482378714762038 0.6935110587365975 0
0.1407832347224327 0.6868689750080641 0
0.417793898410054 0.9689073553988539 0
0.4083132671022223 0.9720267543175929 0
0.4103411935185332 0.9622354348648197 0
0.4008699546788893 0.9653746435668809 0
0.4544227633120164 0.9204598092855593 0
0.4618735607355834 0.9271136939190392 0
0.4713665364822598 0.9239924066089243 0
0.04397267290162067 0.7279446988251436 0
0.3352023495396315 0.8139429591328167 0
0.2397278708486106 0.7634758412148549 0
0.366396043937126 0.7490287305270423 0
0.3839897155307127 0.8343399802284602 0
0.3765411529774091 0.8276886727756387 0
0.3287175111766671 0.8895103712281381 0
0.4246833148378681 0.7662732643117027 0
0.4596835389618398 1.064357490699348 0
0.4667604188369303 1.070933612796001 0
0.08798377522474195 0.6860589463683615 0
0.08958745504183824 0.6758896622134136 0
0.09747304839090964 0.682923755632882 0
0.264102484758985 0.7736454445929508 0
0.1625606372213343 0.7525462822181522 0
0.1530835147026267 0.7556691567482174 0
0.1513265311607057 0.765772051023327 0
0.1438797301485095 0.7585927258738506 0
0.2986615128395024 0.7349362931795743 0
0.3731601498067812 0.8014640904941441 0
0.2329485154938364 0.7110657640765462 0
0.3602948417898171 0.778372598271859 0
0.1456690364657711 0.7489883021849508 0
0.1362077370386809 0.7521132392616412 0
0.443594928189213 0.8875785631902727 0
0.2647939190419735 0.7278914124543663 0
0.3013169323632107 0.8068795366870904 0
0.3534885135607593 0.8534525259997623 0
0.3860257992299427 0.8245631998095887 0
0.4049082164825467 0.9457240642769829 0
0.2160042282013674 0.7075449047489721 0
0.4442957239122041 0.8417886867138643 0
0.4537872572194687 0.8386605597181135 0
0.4612416832239269 0.8453174451290139 0
0.4632802010312121 0.8355328703510092 0
0.4707354897963679 0.8421905214019969 0
0.4727740381762803 0.8324050112235454 0
0.4719486866074581 1.00571464581538 0
0.4613949896581956 0.7176945759741165 0
0.468866778142194 0.7243453361154781 0
0.473258376545557 1.041691019755718 0
0.4463332145319 0.8320045209213225 0
0.4653181230480591 0.8257467487435547 0
0.3325381506036256 0.7419894167274995 0
0.3108077105043512 0.8037596995756189 0
0.3033641892560368 0.7971124233416667 0
0.4577744049070094 0.9466472303397966 0
0.468950907244263 0.9336914797983609 0
0.3778803295054172 0.8636621554687398 0
0.3853209247692565 0.8703079855286614 0
0.3940712225191932 0.9128839034432127 0
0.2227511443164325 0.6769662425183275 0
0.0371982960279547 0.6756719450957887 0
0.02766781869712693 0.6786823233067218 0
0.0758086797985613 0.7447305523663107 0
0.08530279612488907 0.7415993684754794 0
0.1343032964692831 0.7615778301071263 0
0.1267202834601842 0.7552138060606723 0
0.1287237427761378 0.7454929950878256 0
0.1192440106074867 0.7486220378116197 0
0.472616281872378 0.9599400849458776 0
0.4706230250146344 0.9697296095115294 0
0.4741751212186646 0.9503256800027896 0
0.4725049732120037 0.8780217476719836 0
0.2843323485304564 0.6759981948542366 0
0.2749503838302333 0.6790043905607567 0
0.4751498649010331 0.9043636153915566 0
0.3900949498569269 0.6774412183330882 0
0.3807086370159969 0.6807687558333183 0
0.3786118117285681 0.6903551780873454 0
0.3712338956885702 0.6839377194551207 0
0.3691248634118428 0.6934978000965437 0
0.3616690376296792 0.6868422555854956 0
0.3765648160200447 0.7001076905486979 0
0.42639633755895 1.011736572854352 0
0.1435269085129864 0.6757535432857665 0
0.1333047056839023 0.6801532910226784 0
0.1312762488437604 0.6899479740779799 0
0.12386010236005 0.6834208159470236 0
0.4803837749344763 0.9667772953223849 0
0.3642051275823173 0.675676580375143 0
0.3542838009393945 0.6799176188950404 0
0.1661659109691719 0.778883630182568 0
0.4747954555314261 0.8226613102787383 0
0.04204436953401803 0.7376139034533091 0
0.03445128917840153 0.7318622700132686 0
0.378447705327816 0.9450042106067704 0
0.4788169206155944 0.8028208603304943 0
0.4015215571036784 0.9195386973559179 0
0.3812319174077897 0.8898163222409675 0
0.1212560374028427 0.7388611088972417 0
0.1117846651411139 0.7419945599891086 0
0.1097608071865523 0.7517614347785392 0
0.1022963246831639 0.7451182636882804 0
0.1004179884056919 0.7547393380718633 0
0.1042897336333587 0.7353442038145288 0
0.3785768629254267 0.8179113575847614 0
0.08731775938301323 0.731824395004176 0
0.1726347406277088 0.7036353543152161 0
0.2058812636783098 0.7564414142366467 0
0.4469684407450704 0.9137984930100322 0
0.431492447065128 0.6911153852224554 0
0.4335302184895242 0.681326840898292 0
0.4436082643401194 0.6764707838221137 0
0.4402900945342757 0.7337906738124074 0
0.3305024084310333 0.7517685841386387 0
0.3399860815522883 0.7486410571041633 0
0.334569465127125 0.7322057838761495 0
0.3271135608638567 0.7255528928539899 0
0.06156965764943523 0.685737169000316 0
0.06419274929894959 0.6749571895622485 0
0.4415556801023835 0.8973591435498106 0
0.1720357477692953 0.7494081270139045 0
0.2065226697258591 0.710676482865599 0
0.3006950912837975 0.7251609955310363 0
0.2912093989200719 0.7282842489214389 0
0.3101727665057933 0.7220311507203365 0
0.4523738214697012 0.9302297555124343 0
0.4321371031449491 0.7729298386447454 0
0.4416294054471382 0.7698025626943954 0
0.4226413907047638 0.776053116543542 0
0.4585685470841646 0.7733124364516542 0
0.4680632658611759 0.7701859496857664 0
0.4753875096782728 0.7768111815870086 0
0.1218008264504149 0.6931009288566186 0
0.4069248825018982 0.9359302948931134 0
0.2993433682393968 0.6891799775866186 0
0.3015064475423657 0.6801601993269641 0
0.1143525335177016 0.6864502264270042 0
0.116872785066079 0.6764308449035876 0
0.4352815130272921 0.6712102311072499 0
0.426305084954663 0.6747402769011784 0
0.4817616967958863 1.002546087799937 0
0.3992847124876545 0.67462418853463 0
0.4777765338216733 0.9763453659928838 0
0.4397604209542381 1.034594033932034 0
0.4386172836313468 1.045190762052704 0
0.3554006548423981 0.6694596607177332 0
0.3466684128139773 0.6733370002207828 0
0.4250527332594364 1.022098974353597 0
0.135171814619079 0.6703261416340914 0
0.2049217228037215 0.8014617821896393 0
0.1978525535625611 0.7938915596614362 0
0.09950179119193789 0.6731383427608542 0
0.09151764705877466 0.6663015201621127 0
0.3707374456945788 0.9383343292850023 0
0.4782762392195979 0.7212844567336569 0
0.4762518805137221 0.7310619254955584 0
0.4761905076673059 0.8940900222802732 0
0.04683199784455591 0.672979034485128 0
0.4774967589639957 0.7663448547389211 0
0.4769348942870771 0.6852578540900532 0
0.4781984149153217 0.6754379381591127 0
0.4849830250316137 0.7283981530144783 0
0.1885783880917136 0.6714879841403207 0
0.1815351801228952 0.6655890060501544 0
0.124870581972796 0.7649163851140386 0
0.4606393424650254 0.6728601654691622 0
0.3481549966237049 0.6651217254976037 0
0.3995276479511449 0.9752142197929625 0
0.3923553939788825 0.9703024625344817 0
0.1728594732508661 0.7868340047182382 0
0.410971684001577 0.998849866572924 0
0.4043792564015119 0.9916369923855795 0
0.4825145095560195 0.7923478893278145 0
0.4774135989876814 0.9314223375590713 0
0.478684783373951 1.012607589130137 0
0.4865884432883761 0.9749038742477519 0
0.1085519545460339 0.7627493696736538 0
0.2116662765013091 0.8100870289653158 0
0.2219565425148857 0.8058960058951208 0
0.4581077529809946 1.073526246683231 0
0.465080821779229 1.080786260604462 0
0.4754327191525913 1.076892804158711 0
0.4725214157008116 1.08744477053878 0
0.4818225673651343 1.084753399823919 0
0.4513792728438926 1.067415477305591 0
0.3830281603308581 0.6712178506114528 0
0.2206797072642142 0.8161557888278693 0
0.2298090106248958 0.8123550133122006 0
0.06629736772421822 0.7480278442420532 0
0.07343897697446243 0.7525659406562574 0
0.479700013524475 1.094070401879062 0
0.470474243761091 1.097220545332257 0
0.4772346103971595 1.103740668953592 0
0.4683802933275607 1.107081076666768 0
0.4748120254363662 1.114079202522634 0
0.4728632371645831 1.124568805565684 0
0.4819227678197445 0.9215187290256145 0
0.4818004820205695 0.840316028397752 0
0.477326614123312 0.8504572188887214 0
0.4883942838700935 0.7999410956871834 0
0.04940272105768279 0.7443582370810684 0
0.09878916283574631 0.7646103134201545 0
0.4824402795076335 1.120038502621 0
0.4813605280312867 1.130383775628341 0
0.4809660334322058 1.140808866874493 0
0.4905783961538933 1.145306633917397 0
0.02923528894679732 0.6677838860710826 0
0.01939544313527799 0.6721928158694124 0
0.04054378158976495 0.7471644833828752 0
0.4849573951847154 0.7736171668997726 0
0.4831746664260261 0.7574600235671988 0
0.1702093271851624 0.6679150974055406 0
0.4832075803887422 0.9910622827257374 0
0.3690135677092308 0.9484132812517533 0
0.2767060515829649 0.6694870238728434 0
0.2675261483670461 0.6728813176799051 0
0.28713539101567 0.6658963346962877 0
0.1648430601746861 0.7880468247159433 0
0.1792434769943992 0.7943986199379919 0
0.1836559839551504 0.7845885795520343 0
0.401539277573099 1.00141354450432 0
0.4177154351964997 1.006385944391734 0
0.4836059630222831 0.7377891254577552 0
0.4741846519184825 0.7408678324117932 0
0.2964006080337656 0.8721746936773372 0
0.298487713003979 0.8623989163691457 0
0.3081124969426581 0.8592895572335788 0
0.300331067593135 0.8525732902631465 0
0.2903895693454856 0.8556903476093616 0
0.3101025344575153 0.8495204994087061 0
0.4151055349365846 1.017912334603432 0
0.2788900726534053 0.8689049351388874 0
0.2804454115366183 0.8590832063226906 0
0.2724058563125662 0.8527788486873059 0
0.2820187684065351 0.8493475624977732 0
0.2741758334857455 0.8430540228697639 0
0.2920019630668108 0.8459796937730268 0
0.2645650288352497 0.8466594114151587 0
0.2670150073522471 0.8365615396557622 0
0.2699620040887329 0.8261919919805651 0
0.2600088564106124 0.8289097910590639 0
0.2534349833822417 0.8212299209054186 0
0.2498876507324722 0.8301723023829812 0
0.2444455250548184 0.8225064893751516 0
0.2556529045336601 0.8390173995656969 0
0.2463511339137819 0.8446704391229654 0
0.3382934669366895 0.9237093077245717 0
0.3409909987846647 0.9140797109123404 0
0.3339724450060534 0.9068442004322472 0
0.3435528388146113 0.9040917356439775 0
0.3504348145959784 0.9105937200922668 0
0.3478169433436136 0.9211161260231894 0
0.3564027109068201 0.9281745747946492 0
0.3521681919614029 0.9384021734032776 0
0.2297433013400245 0.833288639943132 0
0.2294028471543099 0.822706060170078 0
0.1952170681135678 0.8124806859400224 0
0.1412797918570518 0.7847532420026631 0
0.1394199917051272 0.7765499364147261 0
0.1488015105833785 0.776739888519277 0
0.3772953598935042 0.9694421395260264 0
0.3814969009215289 0.960254876464043 0
0.3842939818390969 0.9766701391207778 0
0.1223907462614633 0.7751327552414528 0
0.433244250548335 1.054176984561931 0
0.4423995509446614 1.055033368445748 0
0.4511608166523445 1.090564780652909 0
0.4620513056849774 1.091333496662611 0
0.01660820789029969 0.7446966290407341 0
0.02449186937976481 0.7361683970224369 0
0.01400932448905634 0.7354421299950482 0
0.0196788329331765 0.726945086577974 0
0.01653515274768142 0.7179766064145313 0
0.02628570565650077 0.7194618670535045 0
0.02273979612163425 0.7096454003166924 0
0.4805423035795157 1.165759746333175 0
0.4969495292170589 1.265118830602061 0
0.2885663828399084 0.8656060920212633 0
0.3242447100328322 0.9093681992292391 0
0.3266098275812661 0.8996526175631937 0
0.3919568213978639 0.9598333117187398 0
0.09294408839355667 0.7480662297315182 0
0.3023102969331282 0.842874225135729 0
0.3236546157752695 0.8268176954539846 0
0.3216334356576495 0.8366125327302023 0
0.3257018631755243 0.8170579032220437 0
0.3650220159383643 0.8405900637261462 0
0.01816367338076517 0.6817968266109704 0
0.009480480789258696 0.6758175849805332 0
0.01683210315742888 0.6921171560735806 0
0.3690913190434438 0.8210373477505067 0
0.3190630350499565 0.8924836016537188 0
0.3880613870910198 0.8147817022041237 0
0.4143723289879839 0.9425964820465493 0
0.4123508771944366 0.9523984142350181 0
0.4035628170334163 0.9097543043167701 0
0.4282846008329871 1.0021098205679 0
0.4818611681531894 0.7489369479448647 0
0.432804877969407 1.027879827449538 0
0.3907417102686637 0.8867524177774151 0
0.3886892920030685 0.8965019220258882 0
0.3927701872548755 0.876966016672178 0
0.3806117493201805 0.8081236436958289 0
0.1645884092002501 0.7427635452373231 0
0.4921401338625941 1.105144082860765 0
0.130734692937101 0.7357326432055975 0
0.2153604049496994 0.7533146662178924 0
0.2228048569363027 0.7599595545607014 0
0.4067068181575071 0.9818811989608363 0
0.3521695049946892 0.6899051649226269 0
0.3975472328215989 0.8116454379573925 0
0.1172056684553718 0.7584050107651784 0
0.3670810420241897 0.7032452409792684 0
0.0587387338640646 0.7415774370856154 0
0.4305326925563137 0.9921078018440233 0
0.1123263112122412 0.6962247765330833 0
0.08298284085000125 0.752650519707503 0
0.4490087718136091 0.9040173875181009 0
0.07241088932219969 0.7185391585397239 0
0.2944765657514014 0.8819767313450241 0
0.1821170091600541 0.7005032494324519 0
0.1895770244065446 0.707155338460116 0
0.199063466540896 0.7040240964884786 0
0.2630860794609614 0.8565231473799233 0
0.2254923436030586 0.7044140258290958 0
0.2234620008251451 0.7141966640421848 0
0.3527587226617657 0.8998195002120407 0
0.3733543518028677 0.9284761179777463 0
0.445633339500404 0.8777955775519695 0
0.4361426859466359 0.880922121665435 0
0.4381808344302703 0.8711403222932658 0
0.4009254105926479 0.8378630820961882 0
0.4919219419887473 1.064924771505952 0
0.482928177454182 1.069067321892832 0
0.4915907771085303 1.054648228306386 0
0.491405636643362 0.9448954961374596 0
0.484153833926103 0.9382913515467655 0
0.241123584133041 0.799383377271446 0
0.2392681648290667 0.8086905830495401 0
0.4151902472932325 0.7693995892268352 0
0.4198227460251863 0.9591152664706264 0
0.4218484112587187 0.9493149421125932 0
0.4913401336015302 0.9249993285894651 0
0.4416455194044296 1.024825922919412 0
0.4043026653333428 0.8640739498093264 0
0.3223530913347546 0.7908728148343145 0
0.3203217194539341 0.8006516319421262 0
0.1149497353716449 0.6585420481803101 0
0.109036863185558 0.6683413172365527 0
0.1199741729425193 0.6670611914928345 0
0.1350712345384329 0.659949666478877 0
0.4914564822093487 0.9053355169948869 0
0.4913482224011789 1.034936609080054 0
0.4917809149811257 1.024990106809015 0
0.4837512317958635 1.028798997980551 0
0.3860593968371107 0.6969807967883506 0
0.3840216139256887 0.7067622978137373 0
0.3914773667276659 0.7134204112550759 0
0.4009695782156139 0.7102912866345678 0
0.3989357698649343 0.7200785627380448 0
0.381984542181644 0.71654783602792 0
0.1550585297519849 0.6586260059402091 0
0.1593184697213141 0.6669938452729705 0
0.1500014817225781 0.6673189246546043 0
0.4914806081205663 0.8847568315218919 0
0.4826810075453628 0.8799999999722756 0
0.4825528933347263 0.870383795167617 0
0.4913385955206543 0.8650019928068072 0
0.4826801648571826 0.8600000004341695 0
0.1587422728412301 0.7724805698117315 0
0.3704281853389633 0.8570099042648545 0
0.3683913724971661 0.8667814829860547 0
0.2050419732050216 0.6585486998641393 0
0.2100064040752472 0.6667897763029927 0
0.2199976206707843 0.6673197814161311 0
0.2249983417434867 0.6586605559888783 0
0.2299955726275952 0.6673213463402508 0
0.238987858274496 0.667132604566429 0
0.2448294917937188 0.6586060178906377 0
0.2496237434963113 0.6684866639704463 0
0.1985280814588236 0.6674269813159044 0
0.4913403644479552 1.005001071249564 0
0.3000073170071202 0.7709221710073324 0
0.2905230948210227 0.7740473917575806 0
0.2979673021450852 0.7806969439628857 0
0.2884803045986243 0.7838229027027032 0
0.2810364194060623 0.7771723945835378 0
0.2789930123878329 0.786944129573117 0
0.3074549266464666 0.7775711746413965 0
0.2830733714622126 0.7673971482865527 0
0.2735889217863081 0.7705233435384919 0
0.4917208759449781 0.8450009776966128 0
0.4827788693413044 0.8291095925618379 0
0.2652022361726516 0.658196907583851 0
0.3589431319387543 0.7423738707348004 0
0.3569060430608827 0.7521558153951691 0
0.3643594907663988 0.7588098956241091 0
0.3548728854486709 0.7619403027852256 0
0.2000244518916167 0.7853076321356954 0
0.3049027992748184 0.6585877393051272 0
0.3094865319372431 0.6670349917880852 0
0.3185888558685209 0.66729236439372 0
0.3247018672587929 0.6586200067093881 0
0.3290850652997903 0.6690152304991416 0
0.299286947141889 0.6663888920672033 0
0.09542697976595733 0.6927113006484118 0
0.3047083260801929 0.8330978594084602 0
0.3331562814692831 0.8237142824492125 0
0.3629744316654692 0.8503452295104605 0
0.08506588169697374 0.6585765218279948 0
0.08077290693852679 0.6686961252978318 0
0.07000264315865293 0.6673189819178288 0
0.06545227185879093 0.6584001237239191 0
0.05551425364803765 0.6595256037590468 0
0.4049987679270624 0.8183012342809421 0
0.1292483371292769 0.699725861469862 0
0.1387466017103481 0.6966161389194508 0
0.2417603058802885 0.7537002629501811 0
0.3948131549466958 0.867194335700424 0
0.2763166839787161 0.714985015255401 0
0.411020722964894 0.9164489331629923 0
0.3290996201832515 0.8432727941957798 0
0.3749996033781027 0.6586600250479246 0
0.3699999999895006 0.6673195825217499 0
0.3291384188001575 0.7157651439242462 0
0.190961754777635 0.7431379904057502 0
0.1984105597367948 0.7497854013927335 0
0.1889472377266742 0.7529344789395497 0
0.2078988966161403 0.7466605399478341 0
0.1232561889369106 0.7290855891131174 0
0.1571004595506086 0.7361043361185539 0
0.1476475554374464 0.7392383744242368 0
0.4449248808773382 0.9235747137245062 0
0.314215997462283 0.7024422733907485 0
0.3121988051174889 0.7122462708531062 0
0.2404030753622602 0.7177162285039606 0
0.1062880304868329 0.7255569619617036 0
0.09680812316220838 0.7286893076389377 0
0.08935228196954478 0.7220471980832911 0
0.4022638842291505 0.8738503794137167 0
0.3623233658063102 0.7685909336673031 0
0.3528412032925011 0.7717216952550273 0
0.3670577920497481 0.8308149317115971 0
0.09476764261655542 0.7384589679064446 0
0.2661394695210733 0.7638708483077405 0
0.3372505134755759 0.8041731521305417 0
0.1556901060898647 0.7001189276948887 0
0.2241258355471236 0.7959506317961168 0
0.03476415150106742 0.6585006353353435 0
0.3952914090480212 0.6587073903906957 0
0.1461979013631304 0.7032448701663981 0
0.4667529566992965 0.7341858668924554 0
0.4149613284496717 0.6586127403436681 0
0.4105609311025564 0.6669159336940217 0
0.4351155287881668 0.6601275933498522 0
0.4914861684037889 0.7050086688404648 0
0.482143409052085 0.7114601514233408 0
0.4826796400215656 0.7000002346542825 0
0.4915412585973599 0.6952866553742021 0
0.4550935993908014 0.6581255448693821 0
0.4509529434085893 0.6674707813751963 0
0.3738494825486838 0.755682988213828 0
0.4753436377970065 0.6586996285564477 0
0.4920689614912602 0.6757287141573636 0
0.3380955493283367 0.886242611605814 0
0.3826466965652221 0.7983361022118383 0
0.2973179727788157 0.6989463429579164 0
0.2891758341729532 0.7380638094799126 0
0.28172381620637 0.7314127817690096 0
0.4084288262960261 0.7169477921565077 0
0.3969019868561733 0.7298642680131724 0
0.0460399347740232 0.7181125244071456 0
0.4043570417135171 0.7365185222451608 0
0.4348051196488183 0.8449166239684528 0
0.4721595891284144 0.7506503904653091 0
0.4280533816652592 0.7924828048108072 0
0.4172289179009789 0.7596155251644245 0
0.4056975743822775 0.7725229920549526 0
0.3982457277826479 0.7658666551309553 0
0.2316522930529791 0.8025111058140475 0
0.4409215808522994 0.8155739498854092 0
0.4538746937487966 0.7110825288572258 0
0.451838362862141 0.720866847385861 0
0.4698877703442548 0.6678618907009959 0
0.4395132014578125 0.9071344695526293 0
0.3250557957221943 0.8628136604838593 0
0.4505947086196241 0.6847827657013025 0
0.4470374950950841 0.7862248819481323 0
0.4341025710321565 0.8906977101698237 0
0.1875614770164767 0.7169393841041332 0
0.1706239686863176 0.7134223474361284 0
0.1536851976293352 0.7099009625208968 0
0.2966273911155806 0.7447155785130541 0
0.4436660792680756 0.7600175528941252 0
0.2376960226976133 0.7732498937764803 0
0.4294554219439745 0.70090355614652 0
0.4558255912528684 0.8288752389691191 0
0.4307966497143281 0.7369188517693933 0
0.4735898430350142 0.7864365149890521 0
0.3508086355752918 0.7814998333152319 0
0.4599082561100312 0.8093211865293131 0
0.3791905148980432 0.8995692033361629 0
0.4266522703214672 0.8840389501655599 0
0.4286913342709905 0.8742612794490816 0
0.4066395826975719 0.6814224914771897 0
0.4314303409218768 0.8187005392637984 0
0.4694504009317773 0.8878650247586628 0
0.2668295101122837 0.7181117539444344 0
0.4611389786701655 0.9728501978785322 0
0.3914393103950461 0.840990545922168 0
0.2127518255347868 0.6815878692034509 0
0.3697793580862292 0.7752451181445896 0
0.08595043199992583 0.6958434089736667 0
0.45913208465105 0.8550862393601549 0
0.3636736871631024 0.8045850931110126 0
0.1964004894375021 0.7595827388433718 0
0.4734731210738066 0.9142947802761026 0
0.2620664418872353 0.7834176317211351 0
0.3176312748131485 0.7286844731132147 0
0.3210145311454424 0.7548935375972572 0
0.2918282476057819 0.8100168833456647 0
0.4185627011291422 0.7956097578423084 0
0.1692552313076966 0.6780639449796056 0
0.3278023132692076 0.6800337162361698 0
0.4253159142650902 0.848043469942907 0
0.2627586643104263 0.7376692834314904 0
0.2383705866515133 0.7274953593611847 0
0.0798655806373253 0.7251817681850272 0
0.4516517055557135 0.9759707568692553 0
0.1551119163396271 0.745891874671043 0
0.2654788133745587 0.6822072006857229 0
0.2578590294674096 0.6756391978442233 0
0.2559646828814302 0.6852883791457726 0
0.3155781483920251 0.865940695966026 0
0.359596878064644 0.8241273345971691 0
0.253954620696617 0.6950329474432474 0
0.2207728882299729 0.7697316485316326 0
0.1958354148844613 0.6778765915833933 0
0.3514499878268145 0.863218780314882 0
0.2729342275399343 0.6887852912898228 0
0.4219985516190928 0.6942450721210942 0
0.3555278723884574 0.8436842249282952 0
0.4272747350085958 0.9657812996907277 0
0.3962074090989912 0.7756470867538977 0
0.3994823113468546 0.929282110438936 0
0.2044993088102249 0.7204574522349663 0
0.2309177360981364 0.7208464447560413 0
0.4482853152099016 0.9497660540965389 0
0.3284625442161636 0.7615460063206457 0
0.3948663885624777 0.7396469199667846 0
0.4328343013226189 0.7271335902398678 0
0.3711277512600307 0.8112563301601221 0
0.462457435392334 1.008832578509734 0
0.4380141155969002 0.99872030802517 0
0.2796917820748778 0.7411924552549234 0
0.4240744836231456 0.6844692310246417 0
0.2715481700817171 0.7802946093593304 0
0.4423312077430626 0.7240037292887016 0
0.3379484065834564 0.7584205023945668 0
0.4681747584160458 0.8521639885512512 0
0.05952842667555784 0.6954755818209898 0
0.2769613764899609 0.7967065577694739 0
0.2938752303825264 0.800232745735751 0
0.4273539219674034 0.8382628683849118 0
0.4155272384461447 0.6765821712101596 0
0.3874121061952049 0.7329930733325195 0
0.4655713884860989 1.034962918545207 0
0.3934749387984307 0.8312128250483376 0
0.03544848670153179 0.7211985180873782 0
0.4036585378977309 0.78230180293572 0
0.4497877154298767 0.7306612354527717 0
0.2302498217133345 0.7666067016382073 0
0.2722417215289836 0.7345421450255749 0
0.212637041375056 0.8219992709855335 0
0.4590978700058318 0.9826258902872858 0
0.2322826532813848 0.7568284184044974 0
0.4819201593135261 1.050208470782586 0
0.3175913787281558 0.856173607886098 0
0.4593135900334946 0.7275127615001793 0
0.3955115978961431 0.8214312435036906 0
0.4368432140482091 0.8351351425482437 0
0.05207060790132693 0.68882893323384 0
0.4697315635910129 1.015472028118518 0
0.4026492026915433 0.9557315755556905 0
0.4131479093328239 0.7791769533195405 0
0.4646968047676567 0.7439823387029705 0
0.3054096328339423 0.787344205548189 0
0.246535772276081 0.6884916642482921 0
0.4388806421665267 0.8253548385054283 0
0.3433582848337766 0.7748491389932919 0
0.2248328789714067 0.7501819279885189 0
0.4206014454878502 0.785830723411171 0
0.3894445843842141 0.7232068728560932 0
0.05409398882045275 0.6790354780500658 0
0.3128570175284987 0.7939893903935507 0
0.2214350525703331 0.7239762417356582 0
0.432063860912991 0.9004749711502013 0
0.3725010150477145 0.7196821265686212 0
0.274276909749189 0.7247637316140086 0
0.4685346341593001 0.9794992348762503 0
0.4483731786811889 0.8222269930673892 0
0.24854078891703 0.6791619011358395 0
0.3745330530298328 0.7098948786466541 0
0.318249547892876 0.8104077993863663 0
0.4374739259187308 0.916911015582869 0
0.2139796993438268 0.7173259604188497 0
0.4578660323897268 0.8190992851650702 0
0.3277628339488584 0.8072911066835629 0
0.3575921787687639 0.7063676801715235 0
0.4755855072317788 0.9857919324811313 0
0.4300930678978126 0.7827062497693423 0
0.4673577875322245 0.8159780136160226 0
0.2837638261008072 0.7216364061531985 0
0.3494626089538008 0.7455083692908528 0
0.3596286032641698 0.6965949602114777 0
0.34539312231423 0.7650707236683758 0
0.4766386542887863 0.8126386313167534 0
0.4395859014174097 0.7795785341073882 0
0.2932470705691571 0.7185107592841634 0
0.3420168791351346 0.738855536793631 0
0.3426821892802692 0.6930506589732569 0
0.1970405411796298 0.7138062781806882 0
0.344047659719668 0.7290714944696897 0
0.2864365658622373 0.7935895417767586 0
0.4490771700390504 0.7764490371148158 0
0.3447155382568822 0.6832047612939922 0
0.3365942504340307 0.7224177282676361 0
0.3474281913188881 0.7552894617730589 0
0.05565706763387531 0.6694720401123879 0
0.4511159754566072 0.7666695716015436 0
0.1794836696154293 0.7560900262575541 0
0.3372607644240525 0.6766186151977931 0
0.4428763321292155 0.9333422797842232 0
0.0256861672679459 0.6884774495239572 0
0.1814991859701816 0.7462845205327688 0
0.460611362293974 0.7635375770961856 0
0.295922204179742 0.7904664605113256 0
0.3196547265570647 0.7188969399567648 0
0.45032950613095 0.9399953865441146 0
0.1800998554218685 0.7102872216710603 0
0.1740473737062482 0.7396292599460985 0
0.4597597761558224 0.9368680491015074 0
0.4667408014141199 0.9434688149518735 0
0.4695158052606748 0.7601775406138161 0
0.1631589659366579 0.7067681000094322 0
0.3027259752112864 0.7153786611566026 0
0.3609376555981668 0.8601136949409609 0
0.1381953334652732 0.7423596701319155 0
0.1367354180866185 0.7063901449869185 0
0.3120943681841438 0.8397496256604807 0
0.3663314666535281 0.8765244027127748 0
0.1401892130819955 0.7325901392758172 0
0.3758297071043476 0.8734126728031848 0
0.3832789586671109 0.8800699831654415 0
0.1198009027722471 0.7028889190779835 0
0.1137754845123799 0.7322125927317835 0
0.1028678266551385 0.6993701600489159 0
0.3195989554718027 0.8463956806031476 0
0.3047531678338045 0.7055925291290506 0
0.3866285822072644 0.9062596467361124 0
0.3067878090662216 0.6958095066655448 0
0.1048869510861224 0.6895667068806043 0
0.3088245898123583 0.6860234983258034 0
0.1070206620730514 0.6794751989735808 0
0.0240399588501093 0.6985911205962937 0
0.4056245807027717 0.9000147542325135 0
0.3961283159825477 0.9031416660388214 0
0.4089695435494217 0.9261993187845743 0
0.491241150002544 1.205505310648362 0
0.416412013738521 0.9328621500528486 0
0.03125289602490568 0.7048320663890342 0
0.336469613906035 0.8970197374701263 0
0.3615445531082237 0.9361238097570593 0
0.4201196522875751 0.6669670977955993 0
0.491127064551649 1.125142478098541 0
0.4764733833267083 1.022283746794167 0
0.4518043419861333 1.056993773329059 0
0.3854828458832363 0.951637156432571 0
0.4913472841431029 1.154936594860616 0
0.4916334347191496 0.8247636789247453 0
0.4911015540895042 1.084683876223509 0
0.3920781497589121 0.6679950442784187 0
0.48181614243564 0.9567558532182927 0
0.4825315809533 0.9110081435894377 0
0.474818801897908 0.6945510421071451 0
0.4177840647771665 1.028140631869624 0
0.3396722839109426 0.6669404897656257 0
0.4906928163227844 0.9653666485571906 0
0.42793237152366 1.045615911864943 0
0.4591532289809596 1.109032920329068 0
0.01549480627505908 0.6575760399561276 0
0.490724029767697 0.6656805887341516 0
0.3114133867111274 0.6763792775970779 0
0.1885263614111164 0.7934822131760251 0
0.44302878280924 1.071484034822564 0
0.3575109635336945 0.9176451420746377 0
0.4737028389066331 0.8671090196509994 0
0.2056213298439671 0.6752961209760516 0
0.3953529189916719 0.9937440726444625 0
0.06481893679819689 0.7570630411407941 0
0.4830723281190513 1.039324758551865 0
0.1314492276757445 0.7714104593329872 0
0.4814464760409732 0.7827060728397163 0
0.4915695677564573 0.7544769460435488 0
0.2561968415746282 0.8121682607029056 0
0.1261696118321103 0.6741173719773246 0
0.03337020665929993 0.7415804832146775 0
0.2845594854854213 0.8395877421260123 0
0.2608681963311091 0.6664201860595096 0
0.09513629421490399 0.6578832280592898 0
0.4840210302118799 0.8187141308237915 0
0.04039165333919432 0.6663656297837262 0
0.008402645204621627 0.6961814624260032 0
0.175124001022344 0.6582893042777234 0
0.4529193976113842 0.6761933230315055 0
0.4923545461765554 0.9950000000007136 0
0.2940585448042069 0.6737427449930835 0
0.007748053807889794 0.7150028949874392 0
0.4922793681792211 0.7342327756208534 0
0.2391551105879868 0.8287825257028348 0
0.4806937202460711 0.6663218878852342 0
0.3549682528509446 0.6594884270111564 0
0.232878873372776 0.675855688107021 0
0.4931826654210689 1.175207075842265 0
0.1771781672485885 0.8033768796725171 0
0.4735287144545391 1.146890120872302 0
0.1577151690352561 0.7824128982028169 0
0.4925283637279988 1.21556494824454 0
0.09172998268111529 0.7576948062013534 0
0.2855535608263091 0.6567117204837483 0
0.4742406167570634 1.031748970799317 0
0.1042968699230518 0.7711091023502249 0
0.4555617715427809 1.082099509137376 0
0.4835095101433621 0.6907918100475164 0
0.4839241836616583 1.110068129053485 0
0.4833651721099416 0.8997229558114773 0
0.3740297787091777 0.6746782388556962 0
0.4857322116560213 0.8087148484531673 0
0.3749673882763946 0.9537647844879592 0
0.1856345526065288 0.6577237003986433 0
0.4962477365502066 1.255088899007582 0
0.1942728853532473 0.8026798300336843 0
0.2464775944387649 0.8146300765304344 0
0.007879084076834318 0.7434801146104492 0
0.04671518826994832 0.7527853828453434 0
0.1538865136697002 0.6750115101323918 0
0.4283111512081598 0.6663079611792418 0
0.483594032487528 0.8891532810095358 0
0.2376986436861329 0.8180336097661756 0
0.4015076928519785 0.6667316825447178 0
0.01559806092547387 0.702139498732731 0
0.3981032185557826 0.984699058140458 0
0.4829164179600849 0.9473969502572667 0
0.3642120571893201 0.9550726637759435 0
0.4739946301857397 0.858271707957057 0
0.4313850991699693 1.03732382251362 0
0.4828544411075498 1.15019924462065 0
0.4654503007886571 1.128257502377928 0
0.4934160527795413 0.7745869556591251 0
0.4743953291528478 1.06754162590255 0
0.1588308423168036 0.7945399542039089 0
0.1419337760058547 0.7680370913527197 0
0.07371089945930172 0.6747159894990751 0
0.3435445780784122 0.6577993000180693 0
0.1282166593113665 0.6659878210944102 0
0.4928078021988521 0.7247608672815339 0
0.4829616499889159 0.9824409700509421 0
0.4418547344978176 0.6662496768655216 0
0.4936149320879861 1.225502650716496 0
0.4753925593619421 0.9405425884028673 0
0.1000280718476767 0.6649018812392165 0
0.4925003996651617 0.7929896888167356 0
0.321055964479139 0.6753051167967037 0
0.2149981037407341 0.673631504359244 0
0.4848343054171549 1.019248075348996 0
0.4844294570226503 0.6809989350072085 0
0.1419595995627648 0.6662376586434544 0
0.03065646644707782 0.7127912874642301 0
0.4852200325644924 1.099729024004073 0
0.4633416052534516 1.100850150107176 0
0.2699995774536268 0.6648031007359499 0
0.07634414139660087 0.7611066552123698 0
0.04918271795103641 0.6651626562459692 0
0.4846835130167753 1.159120313196214 0
0.116996919741406 0.7664280368998824 0
0.007206647868066677 0.6565801540930601 0
0.4926794919242745 0.6573205080757172 0
0.493307455626844 0.8067029938570047 0
0.4836421703377302 1.185882411409739 0
0.392149130626601 0.9784068523827147 0
0.2027719661657154 0.8095162798801911 0
0.02792368794161489 0.7270152140877174 0
0.4601330997805785 0.6646715809523469 0
0.4954578114919405 1.245045776984284 0
0.1921997531835608 0.7867644652605521 0
0.3624701654358913 0.6658942050021656 0
0.005904405780381354 0.7349832273146382 0
0.2456240285913644 0.8364908991217174 0
0.01400848896407402 0.7102368306567728 0
0.4860857313010065 0.7201910219036854 0
0.2418977372049952 0.6746261745333775 0
0.01994089264577507 0.6642530811288369 0
0.1850633035578051 0.8003956665766463 0
0.4854499495430115 0.8500561875891488 0
0.365574891476081 0.9300952042799273 0
0.4769003352481836 0.8853625923113168 0
0.4452759840265837 1.062468904214907 0
0.06256588599130639 0.6658054415635299 0
0.4945817875345858 1.235000000000258 0
0.485342653448233 1.059799360282083 0
0.4843833104533455 1.077522118934555 0
0.09111928646541406 0.7666185757972703 0
0.3772305252077439 0.665721091316831 0
0.03311078821866228 0.7498303778082583 0
0.3039535890248447 0.6728040300187156 0
0.4942214556033067 0.9749359099608841 0
0.1901490843739821 0.6641102383521216 0
0.4855510205613873 0.9301758193689158 0
0.450419722235904 1.074715374579755 0
0.4252707636986947 1.029874235538579 0
0.1628401519763459 0.6739879096201643 0
0.3648607300936313 0.9425227887591194 0
0.4470703384969065 1.04863205512358 0
0.4860398571034926 1.010229389666809 0
0.4067943182415213 0.6737500433929524 0
0.3851909050749945 0.9671431521650251 0
0.4860010476231671 1.090628749502355 0
0.484242141634221 0.7656055113015446 0
0.476105107545438 0.7565818884594577 0
0.4851664349264525 0.672528502572053 0
2 3 0 735
4321
4322
4323
4324
4325
4326
4327
4328
4329
4330
4331
4332
4333
4334
4335
4336
4337
4338
4339
4340
4341
4342
4343
4344
4345
4346
4347
4348
4349
4350
4351
4352
4353
4354
4355
4356
4357
4358
4359
4360
4361
4362
4363
4364
4365
4366
4367
4368
4369
4370
4371
4372
4373
4374
4375
4376
4377
4378
4379
4380
4381
4382
4383
4384
4385
4386
4387
4388
4389
4390
4391
4392
4393
4394
4395
4396
4397
4398
4399
4400
4401
4402
4403
4404
4405
4406
4407
4408
4409
4410
4411
4412
4413
4414
4415
4416
4417
4418
4419
4420
4421
4422
4423
4424
4425
4426
4427
4428
4429
4430
4431
4432
4433
4434
4435
4436
4437
4438
4439
4440
4441
4442
4443
4444
4445
4446
4447
4448
4449
4450
4451
4452
4453
4454
4455
4456
4457
4458
4459
4460
4461
4462
4463
4464
4465
4466
4467
4468
4469
4470
4471
4472
4473
4474
4475
4476
4477
4478
4479
4480
4481
4482
4483
4484
4485
4486
4487
4488
4489
4490
4491
4492
4493
4494
4495
4496
4497
4498
4499
4500
4501
4502
4503
4504
4505
4506
4507
4508
4509
4510
4511
4512
4513
4514
4515
4516
4517
4518
4519
4520
4521
4522
4523
4524
4525
4526
4527
4528
4529
4530
4531
4532
4533
4534
4535
4536
4537
4538
4539
4540
4541
4542
4543
4544
4545
4546
4547
4548
4549
4550
4551
4552
4553
4554
4555
4556
4557
4558
4559
4560
4561
4562
4563
4564
4565
4566
4567
4568
4569
4570
4571
4572
4573
4574
4575
4576
4577
4578
4579
4580
4581
4582
4583
4584
4585
4586
4587
4588
4589
4590
4591
4592
4593
4594
4595
4596
4597
4598
4599
4600
4601
4602
4603
4604
4605
4606
4607
4608
4609
4610
4611
4612
4613
4614
4615
4616
4617
4618
4619
4620
4621
4622
4623
4624
4625
4626
4627
4628
4629
4630
4631
4632
4633
4634
4635
4636
4637
4638
4639
4640
4641
4642
4643
4644
4645
4646
4647
4648
4649
4650
4651
4652
4653
4654
4655
4656
4657
4658
4659
4660
4661
4662
4663
4664
4665
4666
4667
4668
4669
4670
4671
4672
4673
4674
4675
4676
4677
4678
4679
4680
4681
4682
4683
4684
4685
4686
4687
4688
4689
4690
4691
4692
4693
4694
4695
4696
4697
4698
4699
4700
4701
4702
4703
4704
4705
4706
4707
4708
4709
4710
4711
4712
4713
4714
4715
4716
4717
4718
4719
4720
4721
4722
4723
4724
4725
4726
4727
4728
4729
4730
4731
4732
4733
4734
4735
4736
4737
4738
4739
4740
4741
4742
4743
4744
4745
4746
4747
4748
4749
4750
4751
4752
4753
4754
4755
4756
4757
4758
4759
4760
4761
4762
4763
4764
4765
4766
4767
4768
4769
4770
4771
4772
4773
4774
4775
4776
4777
4778
4779
4780
4781
4782
4783
4784
4785
4786
4787
4788
4789
4790
4791
4792
4793
4794
4795
4796
4797
4798
4799
4800
4801
4802
4803
4804
4805
4806
4807
4808
4809
4810
4811
4812
4813
4814
4815
4816
4817
4818
4819
4820
4821
4822
4823
4824
4825
4826
4827
4828
4829
4830
4831
4832
4833
4834
4835
4836
4837
4838
4839
4840
4841
4842
4843
4844
4845
4846
4847
4848
4849
4850
4851
4852
4853
4854
4855
4856
4857
4858
4859
4860
4861
4862
4863
4864
4865
4866
4867
4868
4869
4870
4871
4872
4873
4874
4875
4876
4877
4878
4879
4880
4881
4882
4883
4884
4885
4886
4887
4888
4889
4890
4891
4892
4893
4894
4895
4896
4897
4898
4899
4900
4901
4902
4903
4904
4905
4906
4907
4908
4909
4910
4911
4912
4913
4914
4915
4916
4917
4918
4919
4920
4921
4922
4923
4924
4925
4926
4927
4928
4929
4930
4931
4932
4933
4934
4935
4936
4937
4938
4939
4940
4941
4942
4943
4944
4945
4946
4947
4948
4949
4950
4951
4952
4953
4954
4955
4956
4957
4958
4959
4960
4961
4962
4963
4964
4965
4966
4967
4968
4969
4970
4971
4972
4973
4974
4975
4976
4977
4978
4979
4980
4981
4982
4983
4984
4985
4986
4987
4988
4989
4990
4991
4992
4993
4994
4995
4996
4997
4998
4999
5000
5001
5002
5003
5004
5005
5006
5007
5008
5009
5010
5011
5012
5013
5014
5015
5016
5017
5018
5019
5020
5021
5022
5023
5024
5025
5026
5027
5028
5029
5030
5031
5032
5033
5034
5035
5036
5037
5038
5039
5040
5041
5042
5043
5044
5045
5046
5047
5048
5049
5050
5051
5052
5053
5054
5055
1.897506099747498 0.4370014711595083 0
1.502620928001972 0.4371992958809764 0
1.46499999999998 0.5413397459622007 0
1.934908975638981 0.5407911038802751 0
1.991169589074718 0.476161122092475 0
1.408814527497427 0.474689959860214 0
1.526930976484894 0.4553615195357167 0
1.87319243051458 0.4569897346489291 0
1.494670367448915 0.5415310499695276 0
1.904799746860802 0.5413945442911869 0
1.919974272741779 0.4163668074958686 0
1.480025726360773 0.4163668064845763 0
1.525123488411176 0.5413374362858149 0
1.873923169231348 0.5402250584449672 0
1.408363883117283 0.4449991753348062 0
1.991383510532923 0.4450939407947638 0
1.410824711315001 0.5057186484110744 0
1.990805828734666 0.505554570717923 0
1.552038184435952 0.4706551318578303 0
1.846443844872644 0.4709621882094309 0
1.554508804438463 0.5418955533562924 0
1.844763200004367 0.5418100121871826 0
1.408890196855101 0.4156102412229655 0
1.99097585045162 0.4150229934676724 0
1.590384592723284 0.4880818344808536 0
1.810154113858685 0.489707945293952 0
1.940321816780132 0.3934646232080568 0
1.459919536127949 0.3932158374968807 0
1.795022422644728 0.54135528382723 0
1.60493850215412 0.5420741470893657 0
1.435692835443051 0.5414952435533491 0
1.96594445925992 0.5417727892140243 0
1.952586916468958 0.3772092708336018 0
1.447413082945904 0.3772092699395215 0
1.82872631457053 0.4804171553845707 0
1.571723660343118 0.4799747658230447 0
1.770332788555497 0.5017031973321734 0
1.629211183816201 0.5003201949871877 0
1.608707926402203 0.4944584071793462 0
1.790482380370254 0.4949851096131407 0
1.650057454990999 0.5040588918034077 0
1.752300673218931 0.5053904157248694 0
1.585352883803823 0.5417554781921117 0
1.814996293647612 0.5419251764509272 0
1.408388662285544 0.3939530654937144 0
1.990951949424965 0.3953703484109449 0
1.669407003195322 0.5068552676425284 0
1.730698467203597 0.5070222817827499 0
1.688803925479039 0.5078105437135753 0
1.710676004020652 0.5086798930119902 0
1.625469043273988 0.5395887346591549 0
1.775589337796977 0.5406764911379793 0
1.991570550664981 0.3764934802395666 0
1.408660254037812 0.3749999999994625 0
1.656379614892814 0.5419718761185991 0
1.744418148939842 0.5413673753209699 0
1.674999999999654 0.5413397459622031 0
1.72462883106594 0.5418928422773386 0
1.408658895326877 0.5259029068552301 0
1.990158001483815 0.525919685987477 0
1.694941570801927 0.5416459645277024 0
1.968953155336172 0.3510360854370864 0
1.430783245780712 0.3515053127980926 0
1.992286556373718 0.3455200135903943 0
1.407016977834598 0.3457914681307884 0
1.416696698635967 0.3226892261087198 0
1.983303304231773 0.3226892280962432 0
1.414789247930274 0.5415750100956167 0
1.985552796882738 0.5420478191236063 0
1.991543252442915 0.3158565236371347 0
1.40845674792889 0.3158565230189198 0
1.905106442970575 0.4304471140142224 0
1.907015054068533 0.4402749542174598 0
1.899153402320097 0.4467989598567026 0
1.908872183123823 0.4500221451462892 0
1.901121881343314 0.456580608057271 0
1.910772728914254 0.4597701826336458 0
1.903289766021957 0.4663323413945855 0
1.91276794287505 0.4695216048934673 0
1.918289638740955 0.4532087751268135 0
1.905278937634449 0.4760887662499421 0
1.914716737979663 0.479281245246038 0
1.907235507931557 0.4858493638509497 0
1.916668707992438 0.4890437851635999 0
1.924153893448411 0.482464507107951 0
1.926105010084761 0.4922397194863818 0
1.93359439603442 0.4856551126609769 0
1.935545569659849 0.4954388367503171 0
1.897803594465694 0.482655770671107 0
1.899755044320801 0.4924166512961549 0
1.890323585492754 0.4892213342887334 0
1.943037143439965 0.4888581223648892 0
1.941083910965614 0.4790707181181658 0
1.944991060200963 0.4986404479599562 0
1.892270475412188 0.4989879473328931 0
1.882839754234505 0.4957886502737 0
1.901705339526509 0.5021868685245947 0
1.928054766200263 0.5020155135531982 0
1.952486501725615 0.4920563578961362 0
1.954524294387345 0.5020006342528082 0
1.894215800743578 0.5087612772097755 0
1.94697760822055 0.508639462713292 0
1.880894139014528 0.4860243289783732 0
1.873422127181323 0.492588084561398 0
1.87535603672955 0.5023545269843537 0
1.865781278086748 0.4989018167720587 0
1.867844570134287 0.5088806150943761 0
1.858250840230476 0.5054217913212882 0
1.903657471606588 0.5119623536125533 0
1.961954224809588 0.4952819535145964 0
1.959985646850079 0.4854722367819855 0
1.964201977992837 0.5054975400462025 0
1.86034468503545 0.515437642941366 0
1.850908431297006 0.512231444248171 0
1.849001841415473 0.5025191105960853 0
1.841850536142717 0.5094707771137768 0
1.87148242705595 0.4828267848296779 0
1.895840761771475 0.518174996503967 0
1.96944281334715 0.4886718254681532 0
1.967310604998513 0.4789131244267896 0
1.869802577695427 0.5186812539867273 0
1.862316874058317 0.5252646470281886 0
1.89378370878 0.4631003988254421 0
1.914587134196542 0.4336479310245488 0
1.843701589968215 0.5187399788533411 0
1.834017569655233 0.5155838931059691 0
1.832959315862966 0.50516867468061 0
1.824587329180894 0.5124455819811253 0
1.826425435536596 0.5220957915543876 0
1.817074639361382 0.5189882770398351 0
1.815154550959367 0.5092352721617268 0
1.807658527359274 0.5157935666403392 0
1.904663773324142 0.52290643649357 0
1.878949066120856 0.4762679101092323 0
1.957997672035421 0.4756895216750922 0
1.965317598569113 0.4691318953164471 0
1.956030783482542 0.4659040172981711 0
1.963523394514786 0.4593144760246706 0
1.954101100846027 0.4561133474756492 0
1.961222331970702 0.4496019049196767 0
1.952093749302471 0.4463437328783104 0
1.95919884779027 0.4398379006444121 0
1.95014236901647 0.4365666602665054 0
1.957605065046147 0.4299924172698232 0
1.948251291555753 0.4267832530913481 0
1.955719377171357 0.4202109501150456 0
1.966343574559832 0.4328619881595369 0
1.942727166998945 0.4431601552812495 0
1.946134911051298 0.4175074549373164 0
1.952417923502028 0.4100831649691931 0
1.962983234150723 0.4135738441816597 0
1.96124341692855 0.4040851441389696 0
1.973202733058522 0.4639405760836526 0
1.970980930172899 0.4070347548571245 0
1.969108472674576 0.3972757867968115 0
1.938806778361361 0.4236757344272089 0
1.946614189164309 0.4626991306147465 0
1.972555954776934 0.4166922001344264 0
1.912943697116819 0.5153573639218194 0
1.915059655710779 0.5249477974390911 0
1.922519646309446 0.5183961832279995 0
1.8699185689265 0.4735166694927979 0
1.936432692427441 0.4136293883257086 0
1.805992422832708 0.5063326082875438 0
1.79828933047406 0.512649865526462 0
1.800166542928362 0.5223552686074687 0
1.790909389214329 0.5186830709435173 0
1.86243792534211 0.4795940712058561 0
1.95967798072282 0.3952291489409581 0
1.966982972237699 0.3878054120695631 0
1.886673193737066 0.5152719565458792 0
1.888268040161987 0.5247023566738478 0
1.924610876275681 0.5275326994077839 0
1.932016365763321 0.5215652609107648 0
1.97621077434768 0.3907126201161374 0
1.974256160834102 0.3809994117506847 0
1.976607053345314 0.4825130678114691 0
1.978844506899238 0.4919430975156987 0
1.788862518143589 0.5098318132798383 0
1.781315928781581 0.5159287179133438 0
1.783843075900608 0.5259149836504468 0
1.773941755334087 0.5224447183684683 0
1.862580932764781 0.4701540417841273 0
1.919326221552562 0.5338013101146184 0
1.871768462450513 0.5284779003998058 0
1.863803964436609 0.5351298144922353 0
1.854961657199416 0.531260701720945 0
1.818592465518371 0.5281523808923712 0
1.828622498592838 0.5323420543523029 0
1.771890904156097 0.512710844246253 0
1.764593573138237 0.5192215471328099 0
1.766622548228344 0.5284084019402492 0
1.757632956253656 0.5254588701843322 0
1.760407173434524 0.5342973903270487 0
1.762524142941348 0.5094309307890995 0
1.963209091923802 0.3772025264651541 0
1.971753713408379 0.3719434666270969 0
1.98013456453406 0.4102447340907036 0
1.983458415086588 0.3835181404205121 0
1.962944825310134 0.3671875053321446 0
1.877000078101911 0.466515978653919 0
1.813215765100784 0.4994721403876277 0
1.985727210499679 0.4849058417231217 0
1.881416638876993 0.5323464827995191 0
1.981768469560755 0.4204991191471844 0
1.494925536257705 0.4307110551150292 0
1.493219014787979 0.4404870910585144 0
1.500838502039376 0.4470732890373293 0
1.491481602111795 0.4503310490140402 0
1.483869419192325 0.4439017121813784 0
1.482193977026847 0.4537431727820503 0
1.489788407078724 0.4601038953865015 0
1.480506628808398 0.4635478944579524 0
1.488155512028758 0.4699144084225303 0
1.47882376917461 0.4733560262219756 0
1.474559942017468 0.4473762855466464 0
1.48647901888706 0.4797258792613954 0
1.477133555549754 0.4831684758616777 0
1.469481157716274 0.4767973499771901 0
1.467786572042936 0.4866120843116732 0
1.484789210543066 0.4895400601447324 0
1.494138638164374 0.4860969310863708 0
1.460128394386631 0.480239516886984 0
1.458434026038298 0.4900619742398367 0
1.4924492976845 0.495909595285064 0
1.50179569944651 0.4924667490631747 0
1.483111591507705 0.4993603662143635 0
1.450780085125456 0.48368243946138 0
1.452493421909212 0.4738709746737538 0
1.4490753329908 0.4935079548591356 0
1.456741889518934 0.499890115853625 0
1.500105211410099 0.5022835597512179 0
1.509452366490542 0.4988361279960343 0
1.447379179824974 0.5033411773468635 0
1.511141077376621 0.4890205581368887 0
1.518796280760744 0.4953880346076761 0
1.517110144363458 0.5052059542246199 0
1.526455175553619 0.5017560592907409 0
1.4414737151879 0.4871433497570759 0
1.455051389156306 0.5097265486198481 0
1.52048083151489 0.4855756260127552 0
1.512831058758759 0.4792123511822746 0
1.445683341977748 0.5131784434451597 0
1.524665285463729 0.5112917120283955 0
1.53399420733738 0.5077929253586868 0
1.515402696254917 0.5149804051572868 0
1.535802761738603 0.4983067022844921 0
1.543519893754606 0.5048287188665184 0
1.541707029649904 0.5148916779804416 0
1.551387448402441 0.5108134462338768 0
1.438010274768147 0.5067904427515526 0
1.552991233220425 0.5014194600800717 0
1.560558943426174 0.5075839954960616 0
1.436312683533062 0.5166317169718414 0
1.559112127144026 0.5170496628102654 0
1.568200877589196 0.5138891616242264 0
1.569840504125394 0.5041267069556914 0
1.577487799835342 0.5104805320163962 0
1.56651762072118 0.5237033165984135 0
1.453357342608371 0.5195655912255515 0
1.462726351955451 0.5161121422530606 0
1.476158809228043 0.4372575692599721 0
1.4669060625948 0.440958595103515 0
1.465226658836655 0.4508120520003064 0
1.457580716916461 0.4444414599646194 0
1.459275373067394 0.4346280530007917 0
1.449935447085362 0.4380758397589088 0
1.451632025524408 0.4282637322214805 0
1.442286497365584 0.4317038094385863 0
1.443985956018176 0.4218922660967052 0
1.440588101968217 0.4415199728845002 0
1.433107153354676 0.4351721520127232 0
1.45332860185598 0.418456419590967 0
1.445472893580013 0.4123377094019283 0
1.436303998279241 0.4155593193513306 0
1.437786865916259 0.4060086273456418 0
1.431262273385329 0.444968949026372 0
1.438894815450312 0.4513464639157703 0
1.429539201446628 0.4547921635386239 0
1.522522773739901 0.4755723479771139 0
1.515051855611481 0.4693042873059783 0
1.428642926707953 0.4091952059540145 0
1.430344626143367 0.3993838833728299 0
1.529720463658339 0.4820721889279977 0
1.426988648814176 0.418780504971829 0
1.455889485224343 0.4542633879075308 0
1.43719356575545 0.4611667481769892 0
1.427835939492238 0.4646217006178414 0
1.428788655172352 0.5106555968977108 0
1.430875991451223 0.5010916060347421 0
1.439626727836423 0.3968762067569448 0
1.432072015482346 0.3896871761293205 0
1.532016481983776 0.4719654382382337 0
1.524476873471114 0.5221725783018588 0
1.513814012871795 0.524928473702254 0
1.506061217183646 0.518474888777503 0
1.427052107722477 0.5201707150325416 0
1.418462718967363 0.4579940233898072 0
1.49749868127755 0.4664711404679473 0
1.463537747228209 0.4606235425521037 0
1.435597835578436 0.470867271729512 0
1.426623666256603 0.4747227196434932 0
1.424203534825775 0.4379122059324053 0
1.538630421368201 0.4792145688437571 0
1.580101093574504 0.5011906969852749 0
1.586979700551452 0.5072549724181933 0
1.585164032865954 0.5168848628956383 0
1.594218070282079 0.513780221756309 0
1.592760571181524 0.5232816071857234 0
1.602089102448577 0.5198259060552434 0
1.603667929153908 0.5097008566974581 0
1.611475071373364 0.5162870312394487 0
1.610107305719411 0.5258204086943004 0
1.619170984886034 0.5226159243463527 0
1.454757952698871 0.4092838341032375 0
1.462870964513667 0.4145801014699197 0
1.505272631855851 0.529197005851763 0
1.496289275445686 0.5237142988716247 0
1.46115762405332 0.525706833416511 0
1.470411367680016 0.522483000408504 0
1.451766899186299 0.5285550115211569 0
1.472090649028078 0.5126548469133346 0
1.479694035855426 0.5188384666450122 0
1.479322542503709 0.527743135921289 0
1.583325690449818 0.5263321235759422 0
1.512002347457892 0.5344065681985557 0
1.620925132125743 0.5132587511186921 0
1.628481568934185 0.5191755764754172 0
1.434458331604107 0.5260075208630228 0
1.425241310738586 0.5299346003126624 0
1.421040119273767 0.4027557572459367 0
1.556466313216837 0.5266386967697736 0
1.56548879942688 0.5332789680647082 0
1.572056412402583 0.4949379483843335 0
1.419259124774065 0.5136921387888873 0
1.541789389166587 0.4705118384407448 0
1.463545003283642 0.4062543085867099 0
1.626792286568732 0.5287247887510937 0
1.636024675828325 0.5251395746043123 0
1.637666015075574 0.5152819581922543 0
1.645492191431065 0.5220550430738446 0
1.643020594014424 0.5322933457593381 0
1.652474040382382 0.5279133820135471 0
1.654146037190759 0.5190329732812622 0
1.662558018762737 0.5267959840014015 0
1.487407731808455 0.4238681436023211 0
1.477947073934904 0.4267476321423405 0
1.441899633957139 0.3860386103556668 0
1.43336910684023 0.3796387062019621 0
1.424820159883101 0.3832266145107524 0
1.426295383778264 0.3733539163995592 0
1.434873890786122 0.3699457128737468 0
1.427873116802496 0.3635190890055592 0
1.416985256277825 0.3676926262384074 0
1.420221169463309 0.3570591279805093 0
1.421622161617235 0.3479172973768255 0
1.453292863756463 0.385588223650049 0
1.410806766799704 0.3603725502915517 0
1.88147209886995 0.4497130052585563 0
1.518525444133288 0.4497253224812071 0
1.83812729745581 0.4760862143138055 0
1.837206281151206 0.4859881822536317 0
1.828330843843092 0.4899675002547932 0
1.846075792756218 0.4810640191060043 0
1.845919813151001 0.4924604273402444 0
1.836137136486494 0.4957268754674448 0
1.856361636226105 0.4956872338365015 0
1.926965413207088 0.4091440526757713 0
1.56225632327108 0.4760847150336071 0
1.553682926367913 0.4814194351805877 0
1.564374875622 0.4869957293325036 0
1.581181067307958 0.4836092129267143 0
1.935079361299808 0.4029566814623816 0
1.945713481637015 0.4023787692519961 0
1.819254426376312 0.4845727636693735 0
1.799519927615722 0.4921689372990027 0
1.599669488115705 0.4917195187676295 0
1.780661977998613 0.4974272745609385 0
1.639356967391562 0.5043762367598662 0
1.61785410630584 0.4981905100123447 0
1.946660270663496 0.3852260371366496 0
1.74099636533246 0.5059784167874843 0
1.736842036861033 0.5150240289766428 0
1.72673485003032 0.5162242621762536 0
1.732826957522165 0.524142414767545 0
1.722829098576543 0.5254002359788172 0
1.742560059921189 0.5231173144734621 0
1.71675831610575 0.5172330240006302 0
1.712855977059874 0.5265275749418581 0
1.706739497274853 0.5180984443761477 0
1.703137136424264 0.5273781736011638 0
1.70881389538748 0.5346976224580149 0
1.697086068058444 0.5198170343080182 0
1.693544326953903 0.5281891172169306 0
1.687264208669462 0.5213216641876935 0
1.68324059303626 0.5306356606171536 0
1.677948153111315 0.5226514119145902 0
1.738912051477131 0.5325644881799936 0
1.746516203002394 0.5144456680400045 0
1.989683858013325 0.4050702800577989 0
1.678786562927826 0.5072999438435115 0
1.659705996917243 0.5053125016842744 0
1.699262063842305 0.50994892841976 0
1.889535797750497 0.4433932768737737 0
1.91270018772258 0.4235216011856427 0
1.922060587021671 0.4270974257730249 0
1.924001347091387 0.4368879786063734 0
1.973555820883914 0.3421950636037741 0
1.978311374572946 0.3505717275721519 0
1.974019879523939 0.3585036692486939 0
1.98371960801976 0.3580179742924225 0
1.978309647541699 0.3332179272306702 0
1.988239419142515 0.3314865078282078 0
1.421826345942983 0.3327277082872288 0
1.411595298805844 0.3311827172301672 0
1.449770297557614 0.395410220242513 0
1.990846084314129 0.4251107815611613 0
1.98268889833371 0.430288047380425 0
1.997418033723116 0.2546371612797653 0
1.402581966351993 0.2546371610294372 0
1.591127689709426 0.4982851831771156 0
1.59112444177708 0.5330358628076779 0
1.891121061263937 0.4531950562599513 0
1.990050082879497 0.4941531848346067 0
1.981394940287948 0.5017551618228462 0
1.983255246334863 0.5115996222623073 0
1.97384337630042 0.5086773792866031 0
1.976032088202833 0.5182987372864976 0
1.96661197304105 0.5156390769141197 0
1.968901935110211 0.5251867143481833 0
1.958985131680994 0.5221177892773832 0
1.978451740522873 0.5283524703358272 0
1.956717241457918 0.512210219526644 0
1.948816447193548 0.5185797967587343 0
1.951207734533253 0.528675247116599 0
1.980154133628116 0.3996774567551534 0
1.510270813177906 0.4435275191265776 0
1.508927023800982 0.4533519419656218 0
1.517353051420697 0.4594568373205694 0
1.720752760813024 0.5079609666307917 0
1.672340661965726 0.5302015576424379 0
1.66531005645063 0.5371338857509018 0
1.684999999999657 0.5400968406303903 0
1.941381957236261 0.524984000221179 0
1.943138782335495 0.5345400208279799 0
1.951591102928253 0.5386461823776685 0
1.409714142763064 0.305502187954691 0
1.990285857166232 0.3055021883693297 0
1.554090060708019 0.4918383991721942 0
1.545848699364745 0.4860901178445721 0
1.93138143485312 0.4302088759478946 0
1.929188168242202 0.4201835099168903 0
1.863331201569 0.460829820421842 0
1.505282280768498 0.472879375685279 0
1.886142657676567 0.4695454208252396 0
1.822459683757267 0.5029951858196128 0
1.408602109932478 0.3837872853989592 0
1.461132200568048 0.4244025459099039 0
1.468618681799289 0.4311962817275254 0
1.614645915250777 0.5413765646500868 0
1.785605064700248 0.5415064697485135 0
1.944660297541871 0.4529210758563694 0
1.937180747460274 0.4594981031438118 0
1.935263049981147 0.4497586789762607 0
1.939132945582292 0.4692744838826216 0
1.929695802927328 0.4660731627370837 0
1.931646478076171 0.4758514330880179 0
1.410541115796141 0.4045330150096021 0
1.805002484426233 0.5417021431867217 0
1.800184744523708 0.5324423755214923 0
1.485587930868235 0.4338288672265925 0
1.481419043573434 0.5091548911606762 0
1.63620316372581 0.541128740839503 0
1.527966900159033 0.4919051244172014 0
1.464411344043545 0.5062727689261921 0
1.574421492957448 0.5402974616091677 0
1.408658105031965 0.4249962778121602 0
1.408279924733024 0.4349974596235041 0
1.416581492726533 0.4313216843331845 0
1.948564523491087 0.4724854300646038 0
1.614117174266812 0.5074121079597614 0
1.5449999999997 0.5413397459622057 0
1.535021051463668 0.5413416826149583 0
1.539920100560457 0.5327343638788296 0
1.530025065515889 0.5323995267963437 0
1.535485742224266 0.5237451307946634 0
1.545687298080694 0.5249865459743972 0
1.834727714467145 0.5413649415506883 0
1.839909199781466 0.5335958515862116 0
1.408658567881688 0.4549970794915051 0
1.408660524497257 0.4649946293413116 0
1.418143030970373 0.4686417608775991 0
1.991349325643789 0.455013453723375 0
1.982489024242783 0.4493755517278366 0
1.991315037891806 0.4651935597271288 0
1.982676247110228 0.4697332822875963 0
1.484944425614861 0.5419206911203807 0
1.488632865448597 0.5326948998728803 0
1.474790055491254 0.5419102008033095 0
1.895007625347696 0.5416217098881493 0
1.899949842403532 0.5328641524812099 0
1.408683905189958 0.4849474436096455 0
1.417651284554901 0.4795910844739509 0
1.417188988467811 0.489741587013894 0
1.425457188139444 0.4850023541056389 0
1.455000158860726 0.5417964764923451 0
1.924453918892566 0.5420490495655513 0
1.409002637340862 0.4950679465162702 0
1.416860173423058 0.4987463567433772 0
1.445001544891422 0.5413406379056568 0
1.888327433369035 0.4794355240807376 0
1.982206486195613 0.4595176920825315 0
1.503504212437709 0.4826602390969444 0
1.495843057260658 0.4762913290034113 0
1.409472495174928 0.5164909188156667 0
1.927764916386736 0.4563486487218554 0
1.424943586307512 0.5398944090408906 0
1.976347149793058 0.5399929211798381 0
1.950527639716341 0.4822747087988255 0
1.895771016324617 0.4728597036745089 0
1.749677327219755 0.5314802279334593 0
1.911114013197357 0.5054177886125455 0
1.466095597704453 0.4964383439410097 0
1.971566473513799 0.4526491668490924 0
1.975647555921177 0.4437810762557359 0
1.922196141638991 0.4727119267264962 0
1.909183139528269 0.4956199346171811 0
1.443988407489756 0.5230170225528604 0
1.97161363993953 0.4986378262756833 0
1.937492994659229 0.5052369943098132 0
1.439864866782226 0.4972209481353317 0
1.884775230748627 0.5055469461398536 0
1.422205112623199 0.4476105998594422 0
1.475445554718498 0.4929882957816079 0
1.448239286525943 0.4478958669905926 0
1.50775455637216 0.508647411454219 0
1.8089455185597 0.5253290247021651 0
1.472874728371485 0.4571832639513909 0
1.920247861913885 0.4629390501398937 0
1.446545191573614 0.4577054967698131 0
1.853235862501132 0.5218675960231726 0
1.498395702530301 0.512103532818652 0
1.434831990640505 0.4253408753732283 0
1.423043447880608 0.3930087167182501 0
1.600928170953676 0.5288361640283471 0
1.964950452366701 0.4232576071513962 0
1.575801987981121 0.5202382312215461 0
1.824980588206538 0.5413509533661036 0
1.419143890574436 0.4123609272004904 0
1.877281696201395 0.5121062898786979 0
1.918616301190223 0.4988197667645995 0
1.471186116109768 0.4669889988952809 0
1.574115906425234 0.5301393906186602 0
1.473756800963076 0.502810444216191 0
1.461831008365079 0.4704358913387656 0
1.920543450844902 0.508629858733287 0
1.87920176818723 0.5219310400474129 0
1.490761844874949 0.5057273399934863 0
1.454196090754227 0.4640643156616627 0
1.930000651065934 0.5117931632162696 0
1.99141248187441 0.435165291928067 0
1.444865525443902 0.4674970489565214 0
1.489090222543654 0.515552094730944 0
1.443270434154587 0.4772016503289294 0
1.864072427028753 0.4893038020086649 0
1.734672867363679 0.5414530848440124 0
1.562318671584099 0.4978170399034759 0
1.796518970317461 0.5022667560932347 0
1.916448285200214 0.4434394108457118 0
1.939447670689807 0.5151331130216754 0
1.940773692978309 0.4334120084216841 0
1.790165558424111 0.5331839327404446 0
1.933345174313825 0.440003729697708 0
1.470097126121261 0.5327962854002193 0
1.92587272157933 0.4466041019358821 0
1.536117683168914 0.4619705949526897 0
1.663132148225209 0.5151581933723617 0
1.505016650944915 0.5402495669065576 0
1.472109166571359 0.4088678297651633 0
1.982013751924541 0.3741119493934673 0
1.646009503840325 0.5417964675011501 0
1.855109747067094 0.5413774973886967 0
1.499253917331649 0.4567799645359001 0
1.506989287681466 0.4633484713439607 0
1.960747255785299 0.5333667254911366 0
1.950355979815643 0.3942896704402964 0
1.617745245931917 0.5321419349147557 0
1.885098906446917 0.5413403882992283 0
1.59499999999966 0.5418120827759386 0
1.630034594661939 0.5097009703191573 0
1.883349637387722 0.4594440913087166 0
1.77555160300506 0.5313832411356791 0
1.989794551837806 0.3655866605637874 0
1.437355066580859 0.3606584563587894 0
1.718782463490409 0.534115513947817 0
1.417848718620613 0.5232361860746675 0
1.549755888286791 0.5334777225835439 0
1.408150073259195 0.5349667629248589 0
1.991940426419686 0.5353843015794264 0
1.441922416106757 0.5327727035085842 0
1.47090696704351 0.4195690902326056 0
1.933924212235594 0.5306763959180497 0
1.728923285713363 0.5331785944444567 0
1.520073631287942 0.5330201564042192 0
1.525628450193777 0.4650789718745965 0
1.956938380909996 0.3858014833760958 0
1.99146802852615 0.5155031518341487 0
1.779590406738437 0.5067564230763602 0
1.765099705633422 0.5420228871773274 0
1.984243217952657 0.341527803410757 0
1.600866174934966 0.5005531079289682 0
1.417443716503054 0.3774188401378307 0
1.991971569397812 0.3548337675837006 0
1.43413292429788 0.4810647506045448 0
1.836277235390731 0.5250029012841657 0
1.537263239838725 0.48895091959133 0
1.432716191210516 0.4909802944469791 0
1.97397493233089 0.4258799036467429 0
1.964653333917847 0.3588059328953728 0
1.646571730667713 0.5129219438999258 0
1.974550988640622 0.4733416268871631 0
1.426319690011176 0.4289372003681955 0
1.407523442367837 0.2943145065686531 0
1.99247655752943 0.2943145068141351 0
1.75584970698054 0.5158561866398925 0
1.40734974907414 0.3239456932714275 0
1.992617195163441 0.3240064519124428 0
1.983148271492618 0.4397297905410943 0
1.564316482880986 0.5421040725434612 0
1.99638815732517 0.2646014254057333 0
1.40361420830918 0.2646175233231073 0
1.48672811858648 0.5238637823482261 0
1.99166488356764 0.386235940338066 0
1.714283999730362 0.5421539975003883 0
1.416963946214664 0.4213273367913498 0
1.909799873308635 0.5331618056596291 0
1.820211172368701 0.493944913339588 0
1.890987412622481 0.5331670835355548 0
1.544919314770854 0.4952390529731964 0
1.415810777415591 0.3409026300907418 0
1.854537958384522 0.475247786037991 0
1.855164163636478 0.4854416065164001 0
1.416605305363843 0.532584979217321 0
1.760682330362973 0.5009344232060016 0
1.51518844541669 0.5421753004595546 0
1.810917695231054 0.5342563413744746 0
1.581876377129332 0.4924394249125661 0
1.673404747331813 0.5149262934879602 0
1.970078508094272 0.5337343241138018 0
1.413455049461841 0.3514628709957462 0
1.914729960102425 0.5417344516051642 0
1.459406643837785 0.534420117854987 0
1.704323824351349 0.5422521357534409 0
1.754216257229636 0.5418687557646427 0
1.416542848548486 0.387705008459058 0
1.532065827629279 0.5159788048928092 0
1.846416832707688 0.5278022269884459 0
1.983873021014107 0.5199347335412515 0
1.424492461404421 0.4943587580445418 0
1.978416354762253 0.365488812776524 0
1.608507681524855 0.5344689069685877 0
1.415580971581875 0.4408134318051405 0
1.446737203119335 0.4036296189254193 0
1.864999999999801 0.5433483943034048 0
1.427569380450618 0.341481245995716 0
1.943927772180549 0.5427954614171847 0
1.442920441155963 0.3686149307787961 0
1.498171209852318 0.5337359891855679 0
1.546870176212188 0.4769515158379765 0
1.633646476122403 0.5333268067053009 0
1.95347745112562 0.4020922920786362 0
1.966847085039143 0.4433899570013002 0
1.975088455024291 0.435153561594772 0
1.805319745121671 0.4980077281222821 0
1.581337362085695 0.5343282825833189 0
1.457226485555281 0.4011772217064355 0
1.854951976558019 0.4658461540348391 0
1.622428438235307 0.5057765068794285 0
1.699431439630644 0.5350076454513344 0
1.750447250675507 0.5220716534542301 0
1.828882027535318 0.4980636473800329 0
1.657750449245238 0.5339552766132641 0
1.550872043298781 0.5188760059537509 0
1.682546403325663 0.5150711182795582 0
1.432057782485161 0.5339796913161151 0
1.984008386229305 0.3920336729565536 0
1.983095158331867 0.4776652304854946 0
1.994010922960963 0.2842487061963079 0
1.405989077006101 0.2842487059094231 0
1.421862818598801 0.5051672987894802 0
1.407320508075678 0.5426794919243084 0
1.992679491924323 0.5426794919243237 0
1.595371912926367 0.5059148683956088 0
1.995215572831772 0.2747587363825006 0
1.404784427353429 0.2747587358736282 0
1.407278547164865 0.3673931865046027 0
1.993597580904241 0.4850314498072255 0
1.669806942757306 0.521980268881584 0
1.787166467664228 0.5018912305243739 0
1.416016610505473 0.3966113724140562 0
1.984086032929981 0.3134348671835352 0
1.415913967140289 0.3134348664658918 0
1.984490023020434 0.534339439641235 0
1.653840346720651 0.5110476161777474 0
1.414417757008504 0.4499995109763072 0
1.406108256060716 0.3541227110037533 0
1.955660161511926 0.3703090127391837 0
1.896183422497762 0.5261274110713747 0
1.793481975045292 0.5262026079962281 0
1.650628887307087 0.5354372234097537 0
1.440095231137072 0.3762894460299386 0
1.943254840684608 0.4097405361646043 0
1.841403585796568 0.5013691460119796 0
1.782510027977148 0.5343942950053269 0
1.57394255644534 0.4873820221565855 0
1.467806513544629 0.3995972602249519 0
1.545644553642677 0.463903508003334 0
1.406955331743766 0.3376978379572821 0
1.99297100699822 0.3378254269952244 0
1.479837618891459 0.535765339025985 0
1.769610576763551 0.5355622214941671 0
1.81989882297657 0.5359125861462732 0
1.557542741860026 0.5345077814176162 0
1.986106465263379 0.3500942572898853 0
1.691333466014383 0.5151273677514865 0
1.690784892708041 0.5355241136851691 0
1.66512315388771 0.5445798688721125 0
1.97002590780582 0.3644953857067406 0
1.869407155144962 0.4657084917232684 0
1.927466134916503 0.5348110155240606 0
1.608692079602903 0.5019991226312703 0
1.958009559982458 0.543047023055504 0
1.848579200027487 0.5352208900022527 0
1.450161508563204 0.5361679284330501 0
1.599852069910317 0.5364546268737985 0
$EndNodes
$Elements
15 10218 1 10218
1 1 1 140
1 1 11 
2 11 12 
3 12 13 
4 13 14 
5 14 15 
6 15 16 
7 16 17 
8 17 18 
9 18 19 
10 19 20 
11 20 21 
12 21 22 
13 22 23 
14 23 24 
15 24 25 
16 25 26 
17 26 27 
18 27 28 
19 28 29 
20 29 30 
21 30 31 
22 31 32 
23 32 33 
24 33 34 
25 34 35 
26 35 36 
27 36 37 
28 37 38 
29 38 39 
30 39 40 
31 40 41 
32 41 42 
33 42 43 
34 43 44 
35 44 45 
36 45 46 
37 46 47 
38 47 48 
39 48 49 
40 49 50 
41 50 51 
42 51 52 
43 52 53 
44 53 54 
45 54 55 
46 55 56 
47 56 57 
48 57 58 
49 58 59 
50 59 60 
51 60 61 
52 61 62 
53 62 63 
54 63 64 
55 64 65 
56 65 66 
57 66 67 
58 67 68 
59 68 69 
60 69 70 
61 70 71 
62 71 72 
63 72 73 
64 73 74 
65 74 75 
66 75 76 
67 76 77 
68 77 78 
69 78 79 
70 79 80 
71 80 81 
72 81 82 
73 82 83 
74 83 84 
75 84 85 
76 85 86 
77 86 87 
78 87 88 
79 88 89 
80 89 90 
81 90 91 
82 91 92 
83 92 93 
84 93 94 
85 94 95 
86 95 96 
87 96 97 
88 97 98 
89 98 99 
90 99 100 
91 100 101 
92 101 102 
93 102 103 
94 103 104 
95 104 105 
96 105 106 
97 106 107 
98 107 108 
99 108 109 
100 109 110 
101 110 111 
102 111 112 
103 112 113 
104 113 114 
105 114 115 
106 115 116 
107 116 117 
108 117 118 
109 118 119 
110 119 120 
111 120 121 
112 121 122 
113 122 123 
114 123 124 
115 124 125 
116 125 126 
117 126 127 
118 127 128 
119 128 129 
120 129 130 
121 130 131 
122 131 132 
123 132 133 
124 133 134 
125 134 135 
126 135 136 
127 136 137 
128 137 138 
129 138 139 
130 139 140 
131 140 141 
132 141 142 
133 142 143 
134 143 144 
135 144 145 
136 145 146 
137 146 147 
138 147 148 
139 148 149 
140 149 5 
1 2 1 60
141 5 150 
142 150 151 
143 151 152 
144 152 153 
145 153 154 
146 154 155 
147 155 156 
148 156 157 
149 157 158 
150 158 159 
151 159 160 
152 160 161 
153 161 162 
154 162 163 
155 163 164 
156 164 165 
157 165 166 
158 166 167 
159 167 168 
160 168 169 
161 169 170 
162 170 171 
163 171 172 
164 172 173 
165 173 174 
166 174 175 
167 175 176 
168 176 177 
169 177 178 
170 178 179 
171 179 180 
172 180 181 
173 181 182 
174 182 183 
175 183 184 
176 184 185 
177 185 186 
178 186 187 
179 187 188 
180 188 189 
181 189 190 
182 190 191 
183 191 192 
184 192 193 
185 193 194 
186 194 195 
187 195 196 
188 196 197 
189 197 198 
190 198 199 
191 199 200 
192 200 201 
193 201 202 
194 202 203 
195 203 204 
196 204 205 
197 205 206 
198 206 207 
199 207 208 
200 208 2 
1 3 1 10
201 2 209 
202 209 210 
203 210 211 
204 211 212 
205 212 213 
206 213 214 
207 214 215 
208 215 216 
209 216 217 
210 217 3 
1 4 1 150
211 3 218 
212 218 219 
213 219 220 
214 220 221 
215 221 222 
216 222 223 
217 223 224 
218 224 225 
219 225 226 
220 226 227 
221 227 228 
222 228 229 
223 229 230 
224 230 231 
225 231 232 
226 232 233 
227 233 234 
228 234 235 
229 235 236 
230 236 237 
231 237 238 
232 238 239 
233 239 240 
234 240 241 
235 241 242 
236 242 243 
237 243 244 
238 244 245 
239 245 246 
240 246 247 
241 247 248 
242 248 249 
243 249 250 
244 250 251 
245 251 252 
246 252 253 
247 253 254 
248 254 255 
249 255 256 
250 256 257 
251 257 258 
252 258 259 
253 259 260 
254 260 261 
255 261 262 
256 262 263 
257 263 264 
258 264 265 
259 265 266 
260 266 267 
261 267 268 
262 268 269 
263 269 270 
264 270 271 
265 271 272 
266 272 273 
267 273 274 
268 274 275 
269 275 276 
270 276 277 
271 277 278 
272 278 279 
273 279 280 
274 280 281 
275 281 282 
276 282 283 
277 283 284 
278 284 285 
279 285 286 
280 286 287 
281 287 288 
282 288 289 
283 289 290 
284 290 291 
285 291 292 
286 292 293 
287 293 294 
288 294 295 
289 295 296 
290 296 297 
291 297 298 
292 298 299 
293 299 300 
294 300 301 
295 301 302 
296 302 303 
297 303 304 
298 304 305 
299 305 306 
300 306 307 
301 307 308 
302 308 309 
303 309 310 
304 310 311 
305 311 312 
306 312 313 
307 313 314 
308 314 315 
309 315 316 
310 316 317 
311 317 318 
312 318 319 
313 319 320 
314 320 321 
315 321 322 
316 322 323 
317 323 324 
318 324 325 
319 325 326 
320 326 327 
321 327 328 
322 328 329 
323 329 330 
324 330 331 
325 331 332 
326 332 333 
327 333 334 
328 334 335 
329 335 336 
330 336 337 
331 337 338 
332 338 339 
333 339 340 
334 340 341 
335 341 342 
336 342 343 
337 343 344 
338 344 345 
339 345 346 
340 346 347 
341 347 348 
342 348 349 
343 349 350 
344 350 351 
345 351 352 
346 352 353 
347 353 354 
348 354 355 
349 355 356 
350 356 357 
351 357 358 
352 358 359 
353 359 360 
354 360 361 
355 361 362 
356 362 363 
357 363 364 
358 364 365 
359 365 366 
360 366 6 
1 5 1 50
361 6 367 
362 367 368 
363 368 369 
364 369 370 
365 370 371 
366 371 372 
367 372 373 
368 373 374 
369 374 375 
370 375 376 
371 376 377 
372 377 378 
373 378 379 
374 379 380 
375 380 381 
376 381 382 
377 382 383 
378 383 384 
379 384 385 
380 385 386 
381 386 387 
382 387 388 
383 388 389 
384 389 390 
385 390 391 
386 391 392 
387 392 393 
388 393 394 
389 394 395 
390 395 396 
391 396 397 
392 397 398 
393 398 399 
394 399 400 
395 400 401 
396 401 402 
397 402 403 
398 403 404 
399 404 405 
400 405 406 
401 406 407 
402 407 408 
403 408 409 
404 409 410 
405 410 411 
406 411 412 
407 412 413 
408 413 414 
409 414 415 
410 415 4 
1 6 1 10
411 4 416 
412 416 417 
413 417 418 
414 418 419 
415 419 420 
416 420 421 
417 421 422 
418 422 423 
419 423 424 
420 424 1 
1 10 1 95
421 7 425 
422 425 426 
423 426 427 
424 427 428 
425 428 429 
426 429 430 
427 430 431 
428 431 432 
429 432 433 
430 433 434 
431 434 435 
432 435 436 
433 436 437 
434 437 438 
435 438 439 
436 439 440 
437 440 441 
438 441 442 
439 442 443 
440 443 444 
441 444 445 
442 445 446 
443 446 447 
444 447 448 
445 448 449 
446 449 450 
447 450 451 
448 451 452 
449 452 453 
450 453 454 
451 454 455 
452 455 456 
453 456 457 
454 457 458 
455 458 459 
456 459 460 
457 460 461 
458 461 462 
459 462 463 
460 463 464 
461 464 465 
462 465 466 
463 466 467 
464 467 468 
465 468 469 
466 469 470 
467 470 471 
468 471 472 
469 472 473 
470 473 474 
471 474 475 
472 475 476 
473 476 477 
474 477 478 
475 478 479 
476 479 480 
477 480 481 
478 481 482 
479 482 483 
480 483 484 
481 484 485 
482 485 486 
483 486 487 
484 487 488 
485 488 489 
486 489 490 
487 490 491 
488 491 492 
489 492 493 
490 493 494 
491 494 495 
492 495 496 
493 496 497 
494 497 498 
495 498 499 
496 499 500 
497 500 501 
498 501 502 
499 502 503 
500 503 504 
501 504 505 
502 505 506 
503 506 507 
504 507 508 
505 508 509 
506 509 510 
507 510 511 
508 511 512 
509 512 513 
510 513 514 
511 514 515 
512 515 516 
513 516 517 
514 517 518 
515 518 8 
1 11 1 85
516 9 519 
517 519 520 
518 520 521 
519 521 522 
520 522 523 
521 523 524 
522 524 525 
523 525 526 
524 526 527 
525 527 528 
526 528 529 
527 529 530 
528 530 531 
529 531 532 
530 532 533 
531 533 534 
532 534 535 
533 535 536 
534 536 537 
535 537 538 
536 538 539 
537 539 540 
538 540 541 
539 541 542 
540 542 543 
541 543 544 
542 544 545 
543 545 546 
544 546 547 
545 547 548 
546 548 549 
547 549 550 
548 550 551 
549 551 552 
550 552 553 
551 553 554 
552 554 555 
553 555 556 
554 556 557 
555 557 558 
556 558 559 
557 559 560 
558 560 561 
559 561 562 
560 562 563 
561 563 564 
562 564 565 
563 565 566 
564 566 567 
565 567 568 
566 568 569 
567 569 570 
568 570 571 
569 571 572 
570 572 573 
571 573 574 
572 574 575 
573 575 576 
574 576 577 
575 577 578 
576 578 579 
577 579 580 
578 580 581 
579 581 582 
580 582 583 
581 583 584 
582 584 585 
583 585 586 
584 586 587 
585 587 588 
586 588 589 
587 589 590 
588 590 591 
589 591 592 
590 592 593 
591 593 594 
592 594 595 
593 595 596 
594 596 597 
595 597 598 
596 598 599 
597 599 600 
598 600 601 
599 601 602 
600 602 10 
1 12 1 10
601 4 603 
602 603 604 
603 604 605 
604 605 606 
605 606 607 
606 607 608 
607 608 609 
608 609 610 
609 610 611 
610 611 9 
1 13 1 70
611 10 612 
612 612 613 
613 613 614 
614 614 615 
615 615 616 
616 616 617 
617 617 618 
618 618 619 
619 619 620 
620 620 621 
621 621 622 
622 622 623 
623 623 624 
624 624 625 
625 625 626 
626 626 627 
627 627 628 
628 628 629 
629 629 630 
630 630 631 
631 631 632 
632 632 633 
633 633 634 
634 634 635 
635 635 636 
636 636 637 
637 637 638 
638 638 639 
639 639 640 
640 640 641 
641 641 642 
642 642 643 
643 643 644 
644 644 645 
645 645 646 
646 646 647 
647 647 648 
648 648 649 
649 649 650 
650 650 651 
651 651 652 
652 652 653 
653 653 654 
654 654 655 
655 655 656 
656 656 657 
657 657 658 
658 658 659 
659 659 660 
660 660 661 
661 661 662 
662 662 663 
663 663 664 
664 664 665 
665 665 666 
666 666 667 
667 667 668 
668 668 669 
669 669 670 
670 670 671 
671 671 672 
672 672 673 
673 673 674 
674 674 675 
675 675 676 
676 676 677 
677 677 678 
678 678 679 
679 679 680 
680 680 6 
1 14 1 35
681 8 681 
682 681 682 
683 682 683 
684 683 684 
685 684 685 
686 685 686 
687 686 687 
688 687 688 
689 688 689 
690 689 690 
691 690 691 
692 691 692 
693 692 693 
694 693 694 
695 694 695 
696 695 696 
697 696 697 
698 697 698 
699 698 699 
700 699 700 
701 700 701 
702 701 702 
703 702 703 
704 703 704 
705 704 705 
706 705 706 
707 706 707 
708 707 708 
709 708 709 
710 709 710 
711 710 711 
712 711 712 
713 712 713 
714 713 714 
715 714 5 
1 15 1 35
716 2 715 
717 715 716 
718 716 717 
719 717 718 
720 718 719 
721 719 720 
722 720 721 
723 721 722 
724 722 723 
725 723 724 
726 724 725 
727 725 726 
728 726 727 
729 727 728 
730 728 729 
731 729 730 
732 730 731 
733 731 732 
734 732 733 
735 733 734 
736 734 735 
737 735 736 
738 736 737 
739 737 738 
740 738 739 
741 739 740 
742 740 741 
743 741 742 
744 742 743 
745 743 744 
746 744 745 
747 745 746 
748 746 747 
749 747 748 
750 748 7 
2 1 2 4804
751 1977 1486 2564 
752 909 2584 2691 
753 855 1504 2579 
754 2584 909 2934 
755 1497 867 1555 
756 1499 910 2280 
757 1504 855 2776 
758 2292 2740 2742 
759 2740 806 2742 
760 2745 2435 2746 
761 1313 2745 2746 
762 1486 1977 2696 
763 1497 1555 2694 
764 910 1499 2695 
765 1492 1977 2564 
766 423 424 1506 
767 1501 864 1503 
768 1506 424 2939 
769 1499 2280 2697 
770 867 1497 2696 
771 864 1501 1504 
772 2584 913 2691 
773 2501 1493 2934 
774 2392 2749 2751 
775 2391 2392 2751 
776 2414 842 2718 
777 2717 2414 2718 
778 911 2692 2694 
779 1498 1497 2694 
780 1499 1500 2695 
781 2738 1315 2906 
782 807 2744 2902 
783 751 2707 2868 
784 1637 2711 2869 
785 2737 2613 2811 
786 2775 1343 2867 
787 1766 2772 2857 
788 1792 2770 2853 
789 2732 1298 2830 
790 2774 2583 2862 
791 1845 2760 2848 
792 2368 2756 2844 
793 2511 2752 2836 
794 2346 2754 2840 
795 2731 2243 2826 
796 2747 2390 2835 
797 2698 1495 2779 
798 2026 2727 2818 
799 2728 2254 2824 
800 2725 2181 2822 
801 2722 2495 2820 
802 2398 2720 2812 
803 2408 2726 2819 
804 1620 2714 2788 
805 907 2709 2780 
806 1991 2715 2800 
807 2700 2500 2780 
808 1278 2710 2785 
809 2773 1246 2930 
810 2771 1236 2928 
811 2769 1216 2927 
812 2768 1210 2925 
813 2767 1204 2923 
814 2766 1198 2922 
815 1865 2765 2924 
816 2763 1184 2919 
817 1858 2764 2921 
818 1851 2762 2920 
819 2761 1178 2917 
820 2259 2758 2916 
821 2759 1172 2915 
822 2265 2757 2914 
823 2353 2755 2912 
824 2753 1158 2911 
825 345 2749 2909 
826 2750 1152 2910 
827 338 2748 2908 
828 2047 2743 2899 
829 330 2741 2904 
830 327 2739 2901 
831 2040 2736 2896 
832 322 2734 2898 
833 2735 1114 2903 
834 2033 2730 2891 
835 2733 2237 2900 
836 317 2729 2895 
837 2724 1032 2893 
838 305 2723 2888 
839 2721 1026 2890 
840 2717 1802 2885 
841 2719 1020 2887 
842 2716 1014 2884 
843 2213 2712 2879 
844 2217 2713 2881 
845 1422 2708 2876 
846 224 2706 2875 
847 2705 980 2880 
848 2704 950 2874 
849 2703 944 2873 
850 2702 938 2872 
851 2701 1595 2871 
852 2699 1440 2870 
853 855 2579 2697 
854 914 2693 2695 
855 1493 2501 2935 
856 909 2501 2934 
857 2694 2692 2941 
858 1503 864 2832 
859 1773 2773 2930 
860 1762 2771 2928 
861 1873 2769 2927 
862 1866 2768 2925 
863 1859 2767 2923 
864 1852 2766 2922 
865 2765 1330 2924 
866 1837 2763 2919 
867 2764 1329 2921 
868 2263 2761 2917 
869 2762 1328 2920 
870 2758 1326 2916 
871 2270 2759 2915 
872 2757 1325 2914 
873 2755 1322 2912 
874 2358 2753 2911 
875 2749 2392 2909 
876 2351 2750 2910 
877 2748 2411 2908 
878 2743 1297 2899 
879 2741 2236 2904 
880 2739 2241 2901 
881 2736 1296 2896 
882 2734 2252 2898 
883 2432 2735 2903 
884 2730 1295 2891 
885 802 2733 2900 
886 2729 2183 2895 
887 2723 1807 2888 
888 2052 2724 2893 
889 2045 2721 2890 
890 2414 2717 2885 
891 2038 2719 2887 
892 2712 1274 2879 
893 2031 2716 2884 
894 2713 1275 2881 
895 2708 2192 2876 
896 2706 1691 2875 
897 1996 2705 2880 
898 2220 2704 2874 
899 2212 2703 2873 
900 1625 2702 2872 
901 1487 2701 2871 
902 1638 2699 2870 
903 1789 2775 2867 
904 2772 1339 2857 
905 2770 1336 2853 
906 1814 2737 2811 
907 1490 2774 2862 
908 2760 1331 2848 
909 2756 1324 2844 
910 2062 2732 2830 
911 2752 2373 2836 
912 2754 1320 2840 
913 902 2747 2835 
914 903 2731 2826 
915 2727 1293 2818 
916 895 2728 2824 
917 841 2725 2822 
918 2382 2722 2820 
919 2720 1811 2812 
920 2726 2277 2819 
921 2714 1273 2788 
922 750 2698 2779 
923 2709 1496 2780 
924 2715 1280 2800 
925 1489 2700 2780 
926 2710 1604 2785 
927 2433 2738 2906 
928 2744 2235 2902 
929 2707 1693 2868 
930 2711 1464 2869 
931 2319 1352 2320 
932 2317 1352 2319 
933 912 1505 1506 
934 1505 912 2336 
935 1507 1505 2336 
936 1507 905 1641 
937 905 1507 2336 
938 1641 905 2478 
939 1508 1641 2478 
940 770 1508 2478 
941 1508 770 1509 
942 1896 1511 2675 
943 2401 2677 2687 
944 1352 2317 2666 
945 1203 1205 2320 
946 1896 773 1898 
947 51 52 2313 
948 1898 773 2451 
949 1209 1211 2404 
950 1358 2171 2172 
951 1900 1898 2451 
952 773 1896 2675 
953 1352 1203 2320 
954 16 17 1510 
955 886 1900 2451 
956 891 2198 2199 
957 2134 2133 2649 
958 1509 770 1510 
959 1900 886 1902 
960 1359 2674 2688 
961 2200 762 2201 
962 1902 886 2470 
963 1077 1079 2626 
964 2134 774 2136 
965 1392 2316 2641 
966 1904 1902 2470 
967 828 2314 2315 
968 1951 824 1952 
969 774 2134 2649 
970 53 54 2203 
971 783 1904 2470 
972 1904 783 1906 
973 2656 1953 2679 
974 1906 783 2469 
975 2141 2138 2672 
976 1908 1906 2469 
977 55 56 2202 
978 2317 2316 2666 
979 1754 1748 2663 
980 1390 1925 1927 
981 1823 1360 1825 
982 1358 2170 2171 
983 897 1908 2469 
984 1231 1233 2664 
985 1753 2615 2646 
986 1819 1394 1821 
987 1950 824 1951 
988 1129 1131 1752 
989 1908 897 1910 
990 2136 774 2137 
991 2324 1365 2689 
992 2679 1953 2686 
993 1754 1395 1818 
994 1941 823 1942 
995 1939 823 1941 
996 770 16 1510 
997 1910 897 2464 
998 1389 1920 1922 
999 1079 1966 2626 
1000 58 59 2137 
1001 1361 1749 1751 
1002 1912 1910 2464 
1003 1395 1754 2663 
1004 1825 1360 1826 
1005 782 1912 2464 
1006 1237 1239 1975 
1007 2116 1363 2118 
1008 1912 782 1914 
1009 2112 1396 2115 
1010 35 36 2682 
1011 2201 762 2202 
1012 1351 1209 2404 
1013 2402 1351 2404 
1014 1390 1927 1928 
1015 2141 767 2143 
1016 1397 2110 2111 
1017 1143 1145 1960 
1018 1397 2111 2312 
1019 2111 2303 2312 
1020 1749 1361 1755 
1021 767 2141 2672 
1022 1233 1235 1928 
1023 2303 1398 2312 
1024 2301 1398 2303 
1025 1347 1917 1918 
1026 1139 1141 2190 
1027 780 34 1945 
1028 1398 2301 2471 
1029 1233 1928 2664 
1030 2301 2300 2471 
1031 2300 1399 2471 
1032 1399 2300 2304 
1033 1399 2304 2438 
1034 2304 2305 2438 
1035 2305 1400 2438 
1036 2105 1400 2305 
1037 1241 1243 1955 
1038 828 2313 2314 
1039 1935 879 1937 
1040 1093 1095 2654 
1041 1348 1932 1934 
1042 2098 1401 2104 
1043 1149 1151 2667 
1044 2118 1363 2119 
1045 1931 780 1945 
1046 1079 1081 1966 
1047 2164 2170 2647 
1048 2639 1359 2688 
1049 1364 2095 2097 
1050 1914 782 1915 
1051 1364 2097 2443 
1052 1752 1753 2646 
1053 1348 1934 2499 
1054 1968 1402 2101 
1055 2097 2101 2443 
1056 1349 1947 1948 
1057 1147 1149 1826 
1058 2101 1402 2443 
1059 1402 1968 2482 
1060 1511 1510 2675 
1061 1117 1119 2446 
1062 1968 1964 2482 
1063 774 58 2137 
1064 2457 2173 2685 
1065 1964 1403 2482 
1066 2167 771 2168 
1067 1403 1964 1965 
1068 2316 2314 2641 
1069 1113 1115 2394 
1070 1951 1953 2656 
1071 2143 767 2144 
1072 828 51 2313 
1073 52 891 2313 
1074 1934 1936 2499 
1075 2198 891 2203 
1076 1245 1247 2630 
1077 1349 1946 1947 
1078 762 2200 2203 
1079 2095 1364 2099 
1080 2615 1362 2646 
1081 762 55 2202 
1082 2166 771 2167 
1083 2133 2202 2649 
1084 823 1939 2187 
1085 2123 1362 2615 
1086 2173 2171 2685 
1087 1680 1404 1682 
1088 1359 2639 2667 
1089 1356 2152 2154 
1090 1133 1135 1755 
1091 1131 1361 1752 
1092 1919 1916 2660 
1093 1826 1149 2667 
1094 1936 1391 2499 
1095 1097 1099 2481 
1096 1676 1678 2379 
1097 1235 1390 1928 
1098 1123 1125 2662 
1099 1356 2154 2155 
1100 2403 2404 2659 
1101 1157 1358 2172 
1102 1155 1157 2172 
1103 1743 1405 1796 
1104 2319 2320 2321 
1105 1405 1743 2477 
1106 1121 1123 2119 
1107 1360 1823 1960 
1108 34 35 1945 
1109 1743 1742 2477 
1110 1355 2146 2147 
1111 1742 1406 2477 
1112 1357 2162 2163 
1113 891 2199 2313 
1114 1930 1926 2468 
1115 1394 1819 2190 
1116 1821 1394 1960 
1117 1391 1936 1938 
1118 1360 1147 1826 
1119 891 53 2203 
1120 54 762 2203 
1121 1357 2160 2162 
1122 2159 769 2165 
1123 1355 2147 2148 
1124 1950 1943 2671 
1125 1406 1742 2602 
1126 1361 1751 1752 
1127 1818 1395 2190 
1128 1925 1390 1975 
1129 2151 768 2157 
1130 27 28 1915 
1131 1937 879 2187 
1132 2150 768 2151 
1133 1748 1755 2663 
1134 2158 769 2159 
1135 1727 1367 1728 
1136 1365 1077 2626 
1137 2316 1392 2666 
1138 2099 1093 2654 
1139 2326 2448 2608 
1140 39 40 1942 
1141 2404 1211 2659 
1142 1367 1727 2462 
1143 1406 2602 2637 
1144 1669 1407 1731 
1145 1727 1731 2462 
1146 2150 2145 2657 
1147 1385 1909 1911 
1148 1919 776 1921 
1149 1731 1407 2462 
1150 2166 2161 2631 
1151 1920 1389 1955 
1152 1361 1133 1755 
1153 37 38 2187 
1154 1389 1922 1975 
1155 1073 1075 2323 
1156 2170 1358 2647 
1157 823 39 1942 
1158 61 62 2144 
1159 1408 1667 1668 
1160 1363 2116 2446 
1161 2119 1123 2662 
1162 824 1950 2671 
1163 1069 1071 2487 
1164 1728 1367 1729 
1165 1921 776 2485 
1166 1408 1668 2204 
1167 1946 1943 1947 
1168 794 1681 2325 
1169 2378 1679 2379 
1170 2115 1396 2446 
1171 1396 2112 2394 
1172 1930 780 1931 
1173 1679 1676 2379 
1174 2204 1668 2539 
1175 2110 1397 2394 
1176 776 1919 2660 
1177 1409 2204 2539 
1178 1247 1923 2630 
1179 1363 1121 2119 
1180 1737 1409 2539 
1181 2158 2153 2638 
1182 1091 1093 2099 
1183 1924 1921 2485 
1184 1409 1737 2486 
1185 2602 1730 2637 
1186 1081 1403 1966 
1187 1063 1065 2447 
1188 2138 2137 2672 
1189 2629 1369 2669 
1190 1347 1918 1955 
1191 1737 1738 2486 
1192 1171 1173 2644 
1193 824 42 1952 
1194 42 43 1952 
1195 1738 1410 2486 
1196 1945 35 2682 
1197 1385 1911 1923 
1198 1400 2105 2481 
1199 1177 1179 2668 
1200 1391 1938 1944 
1201 2677 2321 2687 
1202 782 27 1915 
1203 906 1924 2485 
1204 2104 1401 2481 
1205 1173 1175 2148 
1206 780 1930 2468 
1207 1167 1169 2155 
1208 1390 1237 1975 
1209 1239 1389 1975 
1210 1924 906 1926 
1211 2447 1366 2661 
1212 1510 17 2675 
1213 1659 1368 1661 
1214 767 61 2144 
1215 2683 2318 2690 
1216 1368 1659 2424 
1217 1384 1905 1907 
1218 1659 1658 2424 
1219 1217 1219 1948 
1220 1247 1249 1923 
1221 1940 1946 2627 
1222 1394 1143 1960 
1223 1145 1360 1960 
1224 2202 56 2649 
1225 771 2166 2631 
1226 2424 1658 2425 
1227 1403 1965 1966 
1228 1165 1167 2651 
1229 1926 906 2468 
1230 1661 1368 1662 
1231 1364 1091 2099 
1232 1655 1657 2426 
1233 2325 2326 2608 
1234 1141 1394 2190 
1235 1395 1139 2190 
1236 1045 1047 2445 
1237 1348 1231 2664 
1238 1129 1752 2646 
1239 1173 2148 2644 
1240 1389 1241 1955 
1241 1243 1347 1955 
1242 1219 1349 1948 
1243 1682 1404 2323 
1244 1009 1011 2652 
1245 1251 1253 1957 
1246 1404 1680 2487 
1247 1679 2378 2487 
1248 1941 1943 1946 
1249 2164 2167 2170 
1250 768 2150 2657 
1251 1169 1356 2155 
1252 2161 2165 2631 
1253 1175 1355 2148 
1254 2403 2659 2679 
1255 2425 1658 2426 
1256 1658 1655 2426 
1257 1796 1405 2447 
1258 1181 1354 2174 
1259 40 41 2671 
1260 769 2158 2638 
1261 1119 1363 2446 
1262 1396 1117 2446 
1263 1053 1055 1729 
1264 1167 2155 2651 
1265 1115 1396 2394 
1266 1397 1113 2394 
1267 1698 1371 1700 
1268 1223 1225 1944 
1269 49 2678 2683 
1270 1939 1937 2187 
1271 2059 901 2061 
1272 1161 1163 2163 
1273 1700 1371 1701 
1274 1365 2626 2689 
1275 1942 40 2671 
1276 1713 1712 2604 
1277 1007 1009 1704 
1278 2161 2159 2165 
1279 1249 1385 1923 
1280 298 299 2063 
1281 2055 818 2057 
1282 1372 1703 1886 
1283 1407 1669 2445 
1284 818 2055 2422 
1285 2153 2157 2638 
1286 1383 1901 1903 
1287 1909 1385 1957 
1288 1372 1007 1704 
1289 1163 1357 2163 
1290 2055 2053 2422 
1291 1411 1609 1632 
1292 1099 1400 2481 
1293 1667 1408 2445 
1294 1401 1097 2481 
1295 296 297 2377 
1296 2053 898 2422 
1297 1509 1510 1511 
1298 1703 1372 1704 
1299 1551 1373 1552 
1300 2050 898 2053 
1301 2164 2166 2167 
1302 1095 1401 2654 
1303 1354 2140 2174 
1304 1748 1749 1755 
1305 1367 1053 1729 
1306 2172 2171 2173 
1307 1946 1349 2627 
1308 1681 1682 2325 
1309 2137 59 2672 
1310 2048 2046 2599 
1311 1542 1412 1683 
1312 2673 851 2681 
1313 292 293 2067 
1314 2403 2679 2686 
1315 1947 1943 1950 
1316 2315 2314 2316 
1317 2513 1827 2572 
1318 1552 1373 1553 
1319 2152 1356 2644 
1320 1401 2098 2654 
1321 2320 1205 2684 
1322 1709 1702 2616 
1323 1704 1009 2652 
1324 1917 1347 2630 
1325 2043 804 2046 
1326 2321 2320 2684 
1327 1347 1245 2630 
1328 977 979 2645 
1329 1710 1370 1711 
1330 1225 1391 1944 
1331 1255 1257 1958 
1332 2153 2151 2157 
1333 1179 1181 2174 
1334 70 71 2168 
1335 2046 804 2599 
1336 771 70 2168 
1337 2041 2039 2601 
1338 1151 1359 2667 
1339 289 290 2065 
1340 2674 2173 2688 
1341 1413 1540 1541 
1342 2156 2158 2159 
1343 2160 1357 2651 
1344 1905 1384 1958 
1345 38 823 2187 
1346 879 37 2187 
1347 1384 1907 1957 
1348 1075 1365 2323 
1349 1362 2123 2662 
1350 1404 1073 2323 
1351 1031 1033 1662 
1352 1179 2174 2668 
1353 1709 1370 1710 
1354 2094 2095 2099 
1355 2036 850 2039 
1356 1410 1738 2612 
1357 2402 2401 2687 
1358 2378 1069 2487 
1359 64 65 2157 
1360 1071 1404 2487 
1361 768 64 2157 
1362 2039 850 2601 
1363 1374 975 1631 
1364 286 287 2066 
1365 285 286 2600 
1366 1366 2379 2661 
1367 2136 2137 2138 
1368 1941 1942 1943 
1369 1065 1366 2447 
1370 2149 2150 2151 
1371 1405 1063 2447 
1372 1414 1592 1593 
1373 848 1790 2293 
1374 2061 901 2063 
1375 1951 1952 1953 
1376 1660 1686 2409 
1377 86 87 2609 
1378 1630 1374 1631 
1379 1159 1161 2647 
1380 286 2066 2600 
1381 1368 1031 1662 
1382 2029 799 2032 
1383 1790 1788 2293 
1384 1730 1744 2507 
1385 2164 2162 2166 
1386 2121 2120 2122 
1387 67 68 2165 
1388 769 67 2165 
1389 1944 1940 2627 
1390 1523 1415 1815 
1391 1003 1005 2525 
1392 971 973 2640 
1393 1916 1915 2660 
1394 901 298 2063 
1395 1788 887 2293 
1396 1375 969 1531 
1397 1825 1826 1827 
1398 2027 2025 2603 
1399 788 1687 1721 
1400 283 284 2064 
1401 788 1686 1687 
1402 794 2325 2608 
1403 993 995 1885 
1404 1528 1375 1531 
1405 1932 1348 2664 
1406 1125 1362 2662 
1407 1786 887 1788 
1408 1161 2163 2647 
1409 1370 1709 2616 
1410 1928 1927 1929 
1411 1382 1897 1899 
1412 1901 1383 1954 
1413 1383 1903 1958 
1414 2612 1663 2625 
1415 975 977 1631 
1416 2156 2154 2158 
1417 1609 1411 2525 
1418 1372 1886 2525 
1419 2023 888 2025 
1420 1682 2324 2325 
1421 1408 1045 2445 
1422 1825 1827 2513 
1423 1047 1407 2445 
1424 1013 1015 1701 
1425 132 133 1721 
1426 1373 1551 1885 
1427 1411 1632 2614 
1428 2025 888 2603 
1429 1790 848 2294 
1430 1385 1251 1957 
1431 1253 1384 1957 
1432 2145 2144 2657 
1433 2135 2139 2272 
1434 989 991 2188 
1435 2133 2201 2202 
1436 959 961 1723 
1437 1949 2656 2658 
1438 1412 1542 2188 
1439 2379 1678 2661 
1440 2118 2119 2120 
1441 1683 1412 1885 
1442 2149 2147 2150 
1443 1413 1541 1633 
1444 1629 1374 1630 
1445 997 999 1553 
1446 406 407 2077 
1447 801 2122 2125 
1448 1371 1013 1701 
1449 1155 2172 2674 
1450 1712 2629 2669 
1451 2118 2120 2121 
1452 2019 810 2021 
1453 1914 1915 1916 
1454 1755 1135 2663 
1455 898 2050 2067 
1456 1540 1413 2188 
1457 901 2059 2377 
1458 2676 825 2686 
1459 1948 1947 1949 
1460 1782 812 1784 
1461 293 898 2067 
1462 280 281 2331 
1463 2057 818 2377 
1464 2143 2144 2145 
1465 1631 977 2645 
1466 36 879 2682 
1467 1819 1818 2190 
1468 1917 1916 1918 
1469 804 2043 2065 
1470 1414 1593 2222 
1471 87 2125 2609 
1472 1823 1821 1960 
1473 1911 1913 1923 
1474 801 2121 2122 
1475 1356 1171 2644 
1476 1710 1712 1713 
1477 290 804 2065 
1478 1259 1261 1954 
1479 1373 997 1553 
1480 969 971 1531 
1481 1592 1414 1633 
1482 1517 1416 1572 
1483 2015 889 2017 
1484 1897 1382 1956 
1485 985 987 1633 
1486 850 2036 2066 
1487 1382 1899 1954 
1488 818 296 2377 
1489 1915 28 2660 
1490 297 901 2377 
1491 1354 2139 2140 
1492 1477 1894 2227 
1493 2155 2154 2156 
1494 278 279 2375 
1495 404 405 2106 
1496 287 850 2066 
1497 2116 2115 2446 
1498 2112 2110 2394 
1499 1375 1528 1530 
1500 2321 2684 2687 
1501 87 88 2125 
1502 1705 1702 1706 
1503 2105 2104 2481 
1504 999 1001 2614 
1505 1369 2426 2669 
1506 828 2315 2678 
1507 2163 2162 2164 
1508 1728 1730 2507 
1509 1815 1415 2222 
1510 1554 1611 1959 
1511 799 2029 2064 
1512 2148 2147 2149 
1513 1914 1916 1917 
1514 1778 885 1780 
1515 1752 1751 1753 
1516 2011 840 2013 
1517 1597 2584 2653 
1518 284 799 2064 
1519 1616 1377 2636 
1520 1938 1940 1944 
1521 2144 62 2657 
1522 1257 1383 1958 
1523 1384 1255 1958 
1524 2612 1738 2655 
1525 1416 1517 1722 
1526 2167 2168 2169 
1527 1682 2323 2324 
1528 2067 2048 2599 
1529 276 277 2308 
1530 1553 999 2614 
1531 1357 1165 2651 
1532 981 983 2222 
1533 292 2067 2599 
1534 1680 1679 2487 
1535 1728 1729 1730 
1536 852 1706 1707 
1537 1531 971 2640 
1538 1517 1516 1722 
1539 2146 2145 2147 
1540 2063 299 2613 
1541 1375 1530 1794 
1542 1355 1177 2668 
1543 2065 2041 2601 
1544 2007 894 2009 
1545 402 403 2076 
1546 88 801 2125 
1547 1686 788 2409 
1548 274 275 2322 
1549 1011 1371 2652 
1550 1708 1713 2598 
1551 1660 1661 1686 
1552 1687 2612 2655 
1553 289 2065 2601 
1554 1730 1729 2637 
1555 1918 1920 1955 
1556 1572 1416 1794 
1557 141 142 1707 
1558 1669 1667 2445 
1559 887 1786 2077 
1560 852 1705 1706 
1561 888 2023 2331 
1562 1700 1702 1705 
1563 1411 1003 2525 
1564 2143 2145 2146 
1565 1927 1926 1930 
1566 1005 1372 2525 
1567 1952 43 2676 
1568 995 1373 1885 
1569 1774 815 1776 
1570 799 285 2600 
1571 2146 1355 2668 
1572 1412 993 1885 
1573 2639 1827 2667 
1574 1922 1925 1975 
1575 1346 1895 1956 
1576 1966 1965 1967 
1577 1661 1662 1663 
1578 1346 1894 1895 
1579 1370 1019 1711 
1580 1895 1897 1956 
1581 1019 1021 1711 
1582 871 132 1721 
1583 133 788 1721 
1584 2021 810 2331 
1585 2003 814 2005 
1586 810 2019 2375 
1587 1223 1944 2627 
1588 1899 1901 1954 
1589 2135 2136 2139 
1590 1413 989 2188 
1591 961 1722 1723 
1592 1903 1905 1958 
1593 2032 799 2600 
1594 1632 1554 2614 
1595 1377 959 1723 
1596 991 1412 2188 
1597 2139 1354 2272 
1598 272 273 2070 
1599 2064 2027 2603 
1600 1541 1592 1633 
1601 1784 812 2077 
1602 1886 1609 2525 
1603 400 401 1791 
1604 812 1782 2106 
1605 1593 1815 2222 
1606 1907 1909 1957 
1607 851 86 2609 
1608 1530 1572 1794 
1609 1948 1949 2658 
1610 407 887 2077 
1611 1744 1730 2602 
1612 812 406 2077 
1613 2200 2198 2203 
1614 283 2064 2603 
1615 1377 1723 2636 
1616 1616 1615 2526 
1617 1552 1554 1959 
1618 1217 1948 2658 
1619 1874 1871 2587 
1620 1377 1616 2526 
1621 2017 889 2375 
1622 1729 1055 2637 
1623 889 2015 2308 
1624 2156 2160 2651 
1625 1587 922 2569 
1626 1586 1587 2569 
1627 1542 1540 2188 
1628 1417 1615 2074 
1629 281 888 2331 
1630 810 280 2331 
1631 1713 787 2598 
1632 142 852 1707 
1633 1551 1683 1885 
1634 270 271 2069 
1635 400 1791 2476 
1636 1261 1382 1954 
1637 1383 1259 1954 
1638 1700 1701 1702 
1639 384 385 1875 
1640 1999 880 2001 
1641 757 1874 2587 
1642 1867 1864 2582 
1643 1414 985 1633 
1644 1965 1963 2665 
1645 987 1413 1633 
1646 1615 1417 2526 
1647 1867 756 1869 
1648 2013 840 2308 
1649 1586 1474 1588 
1650 1474 1586 2569 
1651 1477 1509 1894 
1652 840 2011 2322 
1653 1611 1554 1632 
1654 889 278 2375 
1655 405 812 2106 
1656 885 404 2106 
1657 1780 885 2106 
1658 1894 1346 2227 
1659 399 400 2476 
1660 279 810 2375 
1661 1418 1733 2551 
1662 2543 1546 2606 
1663 885 1778 2076 
1664 756 1867 2582 
1665 381 382 1876 
1666 1733 1418 2075 
1667 2315 2316 2317 
1668 1371 1698 2652 
1669 2122 2124 2125 
1670 1663 1662 2625 
1671 1860 755 1862 
1672 2149 2152 2644 
1673 1552 1553 1554 
1674 1860 1857 2575 
1675 268 269 2071 
1676 1379 2590 2605 
1677 1392 1199 2666 
1678 1417 2074 2466 
1679 2074 2075 2466 
1680 1733 1536 2551 
1681 2075 1418 2466 
1682 894 2007 2070 
1683 755 1860 2575 
1684 2009 894 2322 
1685 2156 2159 2160 
1686 840 276 2308 
1687 1796 2447 2661 
1688 277 889 2308 
1689 983 1414 2222 
1690 979 1415 2645 
1691 378 379 1877 
1692 1153 1155 2674 
1693 2590 1717 2605 
1694 1853 754 1855 
1695 1415 981 2222 
1696 1536 2376 2551 
1697 1376 2543 2606 
1698 1662 1033 2625 
1699 754 1853 2460 
1700 815 402 2076 
1701 403 885 2076 
1702 1853 1850 2460 
1703 2149 2151 2152 
1704 2005 814 2070 
1705 1994 813 1997 
1706 1410 2612 2625 
1707 1767 847 1769 
1708 894 274 2322 
1709 275 840 2322 
1710 41 824 2671 
1711 1776 815 2076 
1712 1379 2376 2586 
1713 2376 1536 2586 
1714 815 1774 1791 
1715 1850 1848 2467 
1716 2460 1850 2467 
1717 1379 2586 2590 
1718 1439 2610 2633 
1719 266 267 2576 
1720 2122 2120 2123 
1721 814 2003 2069 
1722 1706 1702 1709 
1723 1263 1265 1956 
1724 1707 1708 2598 
1725 1570 811 2578 
1726 1848 753 2467 
1727 1846 753 1848 
1728 756 384 1875 
1729 1509 1511 1894 
1730 1929 1927 1930 
1731 1869 756 1875 
1732 1378 1718 2589 
1733 1588 1474 1639 
1734 1710 1711 1712 
1735 401 815 1791 
1736 2325 2324 2326 
1737 814 272 2070 
1738 273 894 2070 
1739 2294 848 2295 
1740 1702 1701 2616 
1741 1846 1844 2463 
1742 753 1846 2463 
1743 2001 880 2069 
1744 965 967 1794 
1745 755 381 1876 
1746 973 1374 2640 
1747 879 1935 2682 
1748 2584 1494 2653 
1749 1419 1568 2588 
1750 1862 755 1876 
1751 1378 2589 2595 
1752 880 1999 2071 
1753 2368 2367 2594 
1754 860 1588 1639 
1755 271 814 2069 
1756 1949 1947 1950 
1757 2136 2138 2139 
1758 1358 1159 2647 
1759 1563 1671 2621 
1760 880 270 2069 
1761 2591 1653 2592 
1762 1918 1916 1919 
1763 2318 2319 2690 
1764 1701 1015 2616 
1765 2157 65 2638 
1766 2068 266 2576 
1767 1482 1570 2578 
1768 2572 1827 2639 
1769 397 398 1974 
1770 1419 2588 2593 
1771 2199 2197 2641 
1772 141 1707 2598 
1773 361 362 2396 
1774 754 378 1877 
1775 1871 1875 2587 
1776 1718 1558 2589 
1777 1001 1411 2614 
1778 847 399 2476 
1779 2094 2099 2654 
1780 1842 904 1844 
1781 1844 904 2463 
1782 1718 1378 2611 
1783 2165 68 2631 
1784 1855 754 1877 
1785 813 268 2071 
1786 269 880 2071 
1787 1711 1021 2629 
1788 2589 1568 2595 
1789 265 266 2068 
1790 1864 1876 2582 
1791 410 411 2295 
1792 847 1767 1974 
1793 1717 1718 2611 
1794 1997 813 2071 
1795 2604 1712 2669 
1796 2167 2169 2170 
1797 2123 2120 2662 
1798 2593 1547 2596 
1799 2588 1547 2593 
1800 1707 1706 1708 
1801 2426 1657 2669 
1802 1547 2543 2596 
1803 1857 1877 2575 
1804 1568 1419 2595 
1805 1875 385 2587 
1806 1572 1571 2556 
1807 787 1713 2604 
1808 1627 1578 2185 
1809 2147 2145 2150 
1810 2213 1624 2218 
1811 1874 2591 2592 
1812 2269 2368 2594 
1813 1769 847 2476 
1814 827 265 2068 
1815 1517 1572 2556 
1816 1716 1558 1718 
1817 1876 382 2582 
1818 1351 2402 2687 
1819 922 1587 2597 
1820 848 410 2295 
1821 1382 1263 1956 
1822 1265 1346 1956 
1823 1877 379 2575 
1824 2367 2365 2395 
1825 1722 1516 1723 
1826 1415 1523 2645 
1827 1763 884 1765 
1828 1874 757 2591 
1829 2365 837 2395 
1830 904 1842 1878 
1831 1571 858 2556 
1832 267 813 2576 
1833 1416 965 1794 
1834 1624 1623 2218 
1835 1623 834 2218 
1836 813 1994 2576 
1837 166 858 2585 
1838 1546 1570 2606 
1839 2363 837 2365 
1840 967 1375 1794 
1841 1445 2607 2632 
1842 1673 822 1798 
1843 1592 1591 1593 
1844 1967 1965 2665 
1845 884 1763 1970 
1846 1815 1594 2580 
1847 1990 827 2068 
1848 867 215 1555 
1849 860 1581 1588 
1850 1661 1663 1686 
1851 1569 811 1570 
1852 2605 1717 2611 
1853 358 359 2369 
1854 837 2363 2369 
1855 1576 1596 2185 
1856 884 397 1974 
1857 398 847 1974 
1858 1988 827 1990 
1859 1520 1524 1525 
1860 357 358 2574 
1861 2395 361 2396 
1862 2543 1376 2596 
1863 215 216 1555 
1864 860 1580 1581 
1865 362 838 2396 
1866 2059 2057 2377 
1867 155 156 1589 
1868 359 837 2369 
1869 1716 785 2455 
1870 858 1571 2585 
1871 2023 2021 2331 
1872 1573 1575 1580 
1873 2019 2017 2375 
1874 1644 1757 1759 
1875 2315 2317 2318 
1876 1523 1815 2580 
1877 2015 2013 2308 
1878 169 170 1512 
1879 1765 884 1974 
1880 188 189 915 
1881 1512 170 1612 
1882 1558 1716 2455 
1883 371 372 1878 
1884 1543 185 1569 
1885 1598 1565 1626 
1886 1590 1591 1592 
1887 358 2369 2574 
1888 2160 2159 2161 
1889 160 161 758 
1890 191 860 1639 
1891 1546 1543 1569 
1892 1982 2089 2523 
1893 1608 1611 1632 
1894 1986 1985 1987 
1895 153 154 1537 
1896 181 182 766 
1897 1520 1525 1629 
1898 1644 1756 1757 
1899 1596 861 2185 
1900 1514 1512 1612 
1901 1565 1566 1626 
1902 760 153 1537 
1903 1892 1720 2193 
1904 151 152 1548 
1905 866 1594 2566 
1906 1541 1539 1590 
1907 2152 2151 2153 
1908 1514 1612 1613 
1909 188 915 1579 
1910 176 177 1532 
1911 183 184 859 
1912 1622 1603 1971 
1913 1309 2255 2473 
1914 1520 1518 1524 
1915 193 1573 1580 
1916 1518 162 1524 
1917 2255 2253 2473 
1918 1923 1913 2630 
1919 1545 1567 1973 
1920 230 231 2193 
1921 1634 1637 1893 
1922 2367 2396 2594 
1923 1674 1446 1692 
1924 1532 177 1714 
1925 915 917 1579 
1926 1583 1586 1588 
1927 156 761 1589 
1928 2007 2005 2070 
1929 2253 1308 2473 
1930 1559 201 1879 
1931 1929 1930 1931 
1932 827 1988 2537 
1933 1567 766 1973 
1934 1760 1758 1761 
1935 2122 2123 2124 
1936 200 201 1559 
1937 1565 1598 2544 
1938 760 1537 1685 
1939 2356 836 2359 
1940 752 242 1599 
1941 1562 1559 1879 
1942 1580 1575 1581 
1943 174 175 1828 
1944 1514 1613 1616 
1945 2250 1308 2253 
1946 1522 1519 1630 
1947 193 194 1573 
1948 2248 2246 2554 
1949 242 243 1599 
1950 1568 1567 2588 
1951 2011 2009 2322 
1952 786 1695 1696 
1953 1534 1532 1714 
1954 822 1673 1879 
1955 1615 1614 2074 
1956 1719 230 2193 
1957 2367 2395 2396 
1958 1546 1569 1570 
1959 1092 1090 2256 
1960 1581 1583 1588 
1961 1984 1985 1986 
1962 1645 1648 2415 
1963 1539 1589 1590 
1964 1626 1627 2185 
1965 786 1694 1695 
1966 836 2356 2370 
1967 1983 1979 1984 
1968 2075 2073 2553 
1969 1378 939 2611 
1970 759 1648 1650 
1971 355 356 2370 
1972 2448 2326 2680 
1973 834 1623 2279 
1974 5 779 1610 
1975 2101 2100 2538 
1976 356 836 2370 
1977 216 911 1555 
1978 235 236 1595 
1979 1578 1576 2185 
1980 852 143 2224 
1981 158 159 866 
1982 2125 2124 2609 
1983 1669 1731 1972 
1984 246 834 2279 
1985 2295 411 2583 
1986 1534 1714 1715 
1987 2255 1309 2310 
1988 1918 1919 1920 
1989 766 182 1973 
1990 1949 1950 1951 
1991 1614 2072 2073 
1992 786 146 1694 
1993 162 163 1524 
1994 2246 1311 2554 
1995 882 2088 2090 
1996 846 1838 1884 
1997 1786 1784 2077 
1998 849 1891 1892 
1999 1757 1758 1760 
2000 2244 1311 2246 
2001 146 147 1694 
2002 1968 2101 2538 
2003 1608 1610 1611 
2004 1600 1599 1971 
2005 354 355 2527 
2006 1308 2250 2256 
2007 2082 2219 2571 
2008 1642 393 1756 
2009 2182 2257 2310 
2010 876 1645 2415 
2011 1090 1308 2256 
2012 868 1677 2189 
2013 370 846 1884 
2014 372 904 1878 
2015 915 832 916 
2016 2121 801 2126 
2017 1705 852 2224 
2018 2089 2088 2523 
2019 1842 1840 1878 
2020 189 832 915 
2021 1648 759 2415 
2022 1610 779 1611 
2023 1603 1600 1971 
2024 191 192 860 
2025 229 230 1719 
2026 1646 1643 1792 
2027 1614 2073 2074 
2028 857 206 1597 
2029 1519 1520 1630 
2030 243 244 865 
2031 355 2370 2527 
2032 2100 798 2538 
2033 148 869 1605 
2034 2257 2255 2310 
2035 1838 846 1840 
2036 1763 1758 1970 
2037 1733 2075 2553 
2038 1684 1550 1959 
2039 1644 1642 1756 
2040 759 1650 1732 
2041 1840 846 1878 
2042 167 168 2307 
2043 1983 1984 1986 
2044 194 781 1573 
2045 1664 1665 1972 
2046 2302 2303 2545 
2047 1988 1985 2537 
2048 1605 869 1606 
2049 1548 1550 1684 
2050 243 865 1599 
2051 186 187 811 
2052 844 1664 1972 
2053 752 1599 1600 
2054 870 1741 2510 
2055 1696 1699 2570 
2056 1598 198 2544 
2057 2209 2206 2217 
2058 1444 1446 1674 
2059 421 422 864 
2060 1979 1978 1984 
2061 849 1890 1891 
2062 1589 761 1590 
2063 196 861 1596 
2064 2417 1678 2420 
2065 1739 790 1744 
2066 1463 1689 1690 
2067 1782 1780 2106 
2068 149 5 1610 
2069 811 1579 2578 
2070 1708 1706 1709 
2071 1683 1549 1685 
2072 2170 2169 2171 
2073 2086 2085 2087 
2074 1802 1808 1809 
2075 785 179 2455 
2076 391 392 876 
2077 1614 784 2072 
2078 207 208 913 
2079 231 849 2193 
2080 1643 1644 1792 
2081 2303 2111 2545 
2082 2656 1350 2658 
2083 1549 760 1685 
2084 122 790 1739 
2085 2208 2215 2216 
2086 1542 1683 1685 
2087 1593 1591 1594 
2088 860 192 1580 
2089 1674 1692 1693 
2090 151 1548 1684 
2091 1594 1591 2566 
2092 1736 1735 1737 
2093 1573 781 1574 
2094 1541 1590 1592 
2095 216 217 911 
2096 1446 1448 1692 
2097 369 370 1884 
2098 1673 1562 1879 
2099 1374 1629 2640 
2100 185 186 1569 
2101 1594 866 2580 
2102 2096 2223 2380 
2103 2084 2085 2086 
2104 761 157 2566 
2105 1644 1759 1792 
2106 1703 1607 1886 
2107 2080 2082 2571 
2108 1463 1688 1689 
2109 2003 2001 2069 
2110 236 237 2191 
2111 1098 1096 2440 
2112 849 232 1890 
2113 789 130 1734 
2114 232 233 1890 
2115 1626 1566 1627 
2116 2286 2283 2412 
2117 1607 1606 1886 
2118 1469 1495 1688 
2119 1606 1609 1886 
2120 836 357 2574 
2121 1681 794 2189 
2122 862 155 1589 
2123 2133 2130 2201 
2124 237 749 2191 
2125 1522 1630 1631 
2126 121 122 1739 
2127 1746 1754 1816 
2128 777 1820 1822 
2129 195 196 1596 
2130 143 144 2224 
2131 798 2100 2380 
2132 1525 1527 1629 
2133 1734 1735 1736 
2134 811 187 1579 
2135 148 149 869 
2136 2208 2214 2215 
2137 1452 1469 1688 
2138 1816 1754 1818 
2139 137 138 1654 
2140 205 206 857 
2141 391 876 2415 
2142 1778 1776 2076 
2143 82 800 1745 
2144 1507 1641 1880 
2145 171 172 784 
2146 1311 2244 2440 
2147 2502 1980 2523 
2148 147 148 1605 
2149 186 811 1569 
2150 120 870 2510 
2151 160 758 2550 
2152 161 162 1518 
2153 2305 2297 2541 
2154 2073 863 2553 
2155 1665 1669 1972 
2156 252 817 2214 
2157 175 764 1828 
2158 2239 1310 2242 
2159 1550 1552 1959 
2160 1618 1622 1971 
2161 1654 138 1881 
2162 1488 1470 2184 
2163 786 1696 2570 
2164 2349 835 2352 
2165 130 131 1734 
2166 778 235 1595 
2167 5 150 779 
2168 152 760 1548 
2169 1695 1607 1703 
2170 1688 1495 1689 
2171 869 149 1610 
2172 388 389 1732 
2173 1745 1746 1816 
2174 187 188 1579 
2175 2206 2208 2217 
2176 863 174 1828 
2177 1556 766 1557 
2178 109 110 1969 
2179 1656 1660 1882 
2180 110 792 1969 
2181 1670 1562 1672 
2182 147 1605 1694 
2183 181 766 1556 
2184 2088 882 2523 
2185 834 247 2221 
2186 763 1515 2307 
2187 1595 236 2191 
2188 2135 2272 2465 
2189 2100 2096 2380 
2190 164 165 2128 
2191 1745 800 1746 
2192 1677 1681 2189 
2193 2472 1726 2507 
2194 795 229 1719 
2195 184 185 1543 
2196 1560 1562 1670 
2197 205 857 1640 
2198 389 759 1732 
2199 1767 1765 1974 
2200 115 116 868 
2201 2318 2317 2319 
2202 120 121 870 
2203 131 132 871 
2204 1822 1824 2449 
2205 877 2302 2545 
2206 2256 2248 2554 
2207 805 261 1978 
2208 1581 1575 1582 
2209 80 81 872 
2210 1613 1615 1616 
2211 1802 1799 1808 
2212 2302 877 2306 
2213 789 1734 1736 
2214 1690 1689 1691 
2215 2105 2305 2541 
2216 168 763 2307 
2217 138 139 1881 
2218 858 167 2307 
2219 2214 817 2215 
2220 79 80 1883 
2221 80 872 1883 
2222 878 255 2078 
2223 865 1617 1618 
2224 2083 2084 2086 
2225 2218 834 2221 
2226 352 353 2371 
2227 835 2349 2371 
2228 866 159 2550 
2229 1548 760 1549 
2230 1634 1635 1637 
2231 1537 1538 1685 
2232 1820 777 1883 
2233 139 787 1881 
2234 396 884 1970 
2235 178 179 785 
2236 1744 790 2507 
2237 777 1822 2449 
2238 846 371 1878 
2239 165 166 2585 
2240 2117 2126 2127 
2241 2160 2161 2162 
2242 254 878 2480 
2243 203 204 1797 
2244 260 805 2502 
2245 2132 2196 2200 
2246 1759 1757 1760 
2247 2117 2121 2126 
2248 1538 1542 1685 
2249 1980 1982 2523 
2250 1524 765 1525 
2251 2083 2079 2084 
2252 1929 1931 1932 
2253 1310 2239 2258 
2254 417 418 910 
2255 1845 1844 1846 
2256 2088 2085 2090 
2257 1529 1526 2128 
2258 1987 1985 1988 
2259 805 1978 1979 
2260 1882 1660 2409 
2261 207 913 1597 
2262 839 2264 2309 
2263 791 2417 2420 
2264 202 822 1879 
2265 2207 2211 2450 
2266 865 244 1617 
2267 1471 1502 1880 
2268 2284 2288 2289 
2269 368 369 2540 
2270 369 1884 2540 
2271 963 1416 1722 
2272 247 248 2221 
2273 854 1976 1977 
2274 878 2078 2079 
2275 2268 838 2423 
2276 868 116 1675 
2277 131 871 1734 
2278 190 191 1639 
2279 353 835 2371 
2280 839 2261 2264 
2281 870 121 1739 
2282 1450 1452 1688 
2283 858 2307 2556 
2284 1096 1311 2440 
2285 2108 2112 2113 
2286 764 1535 1828 
2287 1469 1488 1495 
2288 1102 1100 2258 
2289 2283 2284 2412 
2290 227 228 1634 
2291 2152 2153 2154 
2292 183 859 1973 
2293 1650 1652 1732 
2294 1657 1654 1881 
2295 89 90 2126 
2296 251 252 2214 
2297 791 1795 2417 
2298 801 89 2126 
2299 178 785 1714 
2300 115 868 2189 
2301 2242 1310 2440 
2302 1920 1919 1921 
2303 1686 1663 1687 
2304 81 82 1745 
2305 2130 2132 2201 
2306 1611 779 1959 
2307 779 150 1684 
2308 796 102 2091 
2309 1440 1441 1442 
2310 844 126 1664 
2311 1736 2539 2549 
2312 261 262 1978 
2313 1843 1844 1845 
2314 2132 2195 2196 
2315 2272 1185 2465 
2316 1278 926 1793 
2317 1442 1443 1444 
2318 1841 1842 1843 
2319 1887 778 1888 
2320 1310 1098 2440 
2321 859 184 1543 
2322 1634 795 1635 
2323 1843 1842 1844 
2324 1696 1695 1697 
2325 125 126 844 
2326 258 882 2090 
2327 2092 2098 2102 
2328 93 797 2107 
2329 835 354 2527 
2330 1520 1629 1630 
2331 1675 117 2420 
2332 212 213 854 
2333 1092 2256 2554 
2334 752 1600 1601 
2335 758 1521 2550 
2336 849 1892 2193 
2337 1725 844 1972 
2338 163 765 1524 
2339 1839 1840 1841 
2340 206 207 1597 
2341 1191 1193 2195 
2342 873 2114 2127 
2343 777 79 1883 
2344 2084 831 2085 
2345 1732 1652 2557 
2346 125 844 1724 
2347 1841 1840 1842 
2348 1043 1408 2204 
2349 1193 1393 2195 
2350 1645 1647 1648 
2351 1573 1574 1575 
2352 102 103 2091 
2353 1502 1507 1880 
2354 2228 1102 2258 
2355 1469 1470 1488 
2356 2488 1824 2513 
2357 1720 1719 2193 
2358 876 1643 1645 
2359 1502 1501 1503 
2360 2307 1515 2556 
2361 1036 1299 2194 
2362 234 235 778 
2363 2345 2344 2346 
2364 352 2371 2374 
2365 2539 1668 2549 
2366 1505 1503 1506 
2367 204 1640 1797 
2368 1579 917 2578 
2369 830 1559 1560 
2370 1054 1052 1799 
2371 2102 2098 2104 
2372 853 1656 1882 
2373 1741 1795 2510 
2374 2264 2266 2309 
2375 2261 839 2271 
2376 1724 844 1725 
2377 1591 761 2566 
2378 92 93 2107 
2379 2139 2138 2140 
2380 2114 2117 2127 
2381 1583 1585 1586 
2382 830 1561 2544 
2383 1444 1445 1446 
2384 859 1545 1973 
2385 805 1980 2502 
2386 108 875 1961 
2387 1961 875 1962 
2388 136 137 853 
2389 945 947 2376 
2390 142 143 852 
2391 830 200 1559 
2392 1756 816 1757 
2393 876 1642 1643 
2394 1678 1675 2420 
2395 2309 2266 2423 
2396 1799 1052 1808 
2397 171 784 1612 
2398 2449 1824 2488 
2399 2096 2093 2223 
2400 228 795 1634 
2401 1387 1471 1880 
2402 872 1817 1883 
2403 1606 869 1608 
2404 2196 2198 2200 
2405 116 117 1675 
2406 2107 2108 2113 
2407 1471 1501 1502 
2408 2093 874 2223 
2409 1463 1450 1688 
2410 1560 1559 1562 
2411 201 202 1879 
2412 1563 1560 1670 
2413 2219 2215 2571 
2414 1100 1310 2258 
2415 250 251 2205 
2416 2113 2112 2115 
2417 1708 1709 1710 
2418 2091 2092 2102 
2419 2208 2216 2217 
2420 1731 1725 1972 
2421 1448 1450 1463 
2422 1845 1846 1847 
2423 915 916 917 
2424 1734 871 1735 
2425 1058 2560 2573 
2426 2343 2344 2345 
2427 1761 1758 1763 
2428 2216 2215 2219 
2429 1586 1585 1587 
2430 6 1829 2271 
2431 2359 836 2574 
2432 1726 1728 2507 
2433 197 198 1598 
2434 257 258 2090 
2435 366 6 2271 
2436 877 96 2306 
2437 91 873 2127 
2438 395 396 1970 
2439 928 1278 2517 
2440 255 256 2078 
2441 1440 1439 1441 
2442 1808 1301 1809 
2443 1138 1136 2393 
2444 192 193 1580 
2445 875 109 1969 
2446 154 862 1537 
2447 2266 2268 2423 
2448 1050 1301 1808 
2449 1599 865 1971 
2450 796 2091 2102 
2451 1593 1594 1815 
2452 758 161 1518 
2453 1829 845 1830 
2454 103 874 2091 
2455 1567 1545 2588 
2456 108 109 875 
2457 172 173 2072 
2458 253 254 2480 
2459 419 855 2280 
2460 6 367 1829 
2461 2107 797 2108 
2462 1648 1647 1649 
2463 1493 1467 1494 
2464 166 167 858 
2465 2284 2282 2288 
2466 2072 863 2073 
2467 873 92 2107 
2468 173 863 2072 
2469 790 2472 2507 
2470 1829 1830 1832 
2471 859 1543 1544 
2472 1576 781 1596 
2473 2276 2495 2529 
2474 1645 1646 1647 
2475 234 778 1887 
2476 1993 1995 1996 
2477 775 2488 2513 
2478 394 816 1756 
2479 1470 1476 2184 
2480 1064 1062 2494 
2481 1563 1670 1671 
2482 1581 1582 1583 
2483 979 981 1415 
2484 1136 1316 2393 
2485 1386 1477 2227 
2486 1847 1846 1848 
2487 1452 1454 1469 
2488 1672 1562 1673 
2489 1759 1760 1762 
2490 1417 955 2526 
2491 1476 1498 2184 
2492 1717 1716 1718 
2493 1038 1036 2194 
2494 1980 1979 1981 
2495 1446 1447 1448 
2496 1561 1565 2544 
2497 2384 1750 2385 
2498 916 832 1474 
2499 949 1418 2551 
2500 1648 1649 1650 
2501 2342 2338 2343 
2502 861 1598 1626 
2503 1472 1387 1880 
2504 1442 1441 1443 
2505 233 1887 1890 
2506 2205 251 2214 
2507 1276 1421 1478 
2508 2129 1191 2195 
2509 1502 1503 1505 
2510 1627 1566 1628 
2511 196 197 861 
2512 961 963 1722 
2513 1191 1190 1192 
2514 2080 2079 2081 
2515 2298 2297 2304 
2516 861 197 1598 
2517 1478 1489 1496 
2518 1269 1386 2227 
2519 2284 2289 2410 
2520 1464 1444 1674 
2521 822 1797 1798 
2522 1193 1192 1194 
2523 1830 1833 2259 
2524 2126 90 2127 
2525 1189 1191 2129 
2526 154 155 862 
2527 973 975 1374 
2528 214 215 867 
2529 91 92 873 
2530 872 1745 1816 
2531 103 104 874 
2532 393 394 1756 
2533 1041 1043 2204 
2534 1590 761 1591 
2535 853 1654 1655 
2536 136 853 1882 
2537 1557 766 1567 
2538 1641 1472 1880 
2539 838 363 2423 
2540 1191 1192 1193 
2541 1438 1439 1440 
2542 967 969 1375 
2543 2273 1303 2274 
2544 1605 1606 1607 
2545 1537 862 1538 
2546 839 366 2271 
2547 1813 2453 2454 
2548 2079 2078 2084 
2549 2195 1393 2196 
2550 1832 1830 2259 
2551 1999 1997 2071 
2552 1448 1463 1692 
2553 2091 874 2092 
2554 1276 1478 1793 
2555 861 1626 2185 
2556 829 2207 2450 
2557 873 2107 2113 
2558 2338 2337 2343 
2559 865 1618 1971 
2560 214 867 1976 
2561 2207 2209 2210 
2562 2296 2297 2298 
2563 1066 1303 2273 
2564 2081 2079 2083 
2565 1353 1189 2129 
2566 1561 1560 1563 
2567 2074 2073 2075 
2568 1817 1820 1883 
2569 2237 2231 2238 
2570 202 203 822 
2571 2191 749 2192 
2572 919 918 920 
2573 1334 1224 2330 
2574 2342 2343 2345 
2575 1435 1433 2497 
2576 1294 1006 2225 
2577 1037 1039 2486 
2578 843 98 2296 
2579 1737 1735 1738 
2580 2181 2176 2332 
2581 1724 1725 1726 
2582 233 234 1887 
2583 1832 2259 2260 
2584 1269 1272 1386 
2585 863 1828 2553 
2586 870 1739 1740 
2587 241 242 752 
2588 244 245 1617 
2589 843 2296 2298 
2590 1830 1831 1833 
2591 1515 1517 2556 
2592 2282 1124 2288 
2593 1985 892 2537 
2594 874 104 2223 
2595 1406 1059 2477 
2596 1839 1838 1840 
2597 1442 1444 1464 
2598 2678 2318 2683 
2599 1987 1988 1989 
2600 963 965 1416 
2601 1829 1832 2271 
2602 96 97 2306 
2603 1189 1190 1191 
2604 1492 1467 1493 
2605 2244 2242 2440 
2606 1189 1188 1190 
2607 887 408 2293 
2608 2162 2161 2166 
2609 262 892 1978 
2610 973 974 975 
2611 1195 1194 1196 
2612 1932 1931 1933 
2613 1708 1710 1713 
2614 392 393 1642 
2615 1104 1102 2228 
2616 1448 1449 1450 
2617 2310 1309 2397 
2618 2229 2231 2237 
2619 1833 1834 1837 
2620 2304 2297 2305 
2621 1993 1994 1995 
2622 2207 2206 2209 
2623 1469 1454 1470 
2624 1618 1620 1622 
2625 1477 1472 1508 
2626 890 314 2421 
2627 991 993 1412 
2628 1817 1819 1820 
2629 2560 1805 2573 
2630 1645 1643 1646 
2631 872 81 1745 
2632 2154 2153 2158 
2633 225 226 751 
2634 2176 2175 2332 
2635 779 1684 1959 
2636 1471 1485 1501 
2637 1386 1387 1472 
2638 2177 2180 2484 
2639 1583 1584 1585 
2640 1444 1443 1445 
2641 878 2079 2080 
2642 1836 1838 1839 
2643 1980 1981 1982 
2644 367 845 1829 
2645 1574 781 1576 
2646 1386 1272 1387 
2647 1635 1636 1638 
2648 955 956 957 
2649 1526 765 2128 
2650 2261 2260 2262 
2651 314 315 2421 
2652 126 127 1664 
2653 199 200 830 
2654 924 923 925 
2655 36 37 879 
2656 2140 2138 2141 
2657 1193 1194 1195 
2658 213 214 1976 
2659 2078 831 2084 
2660 784 172 2072 
2661 1059 1061 2477 
2662 1476 1497 1498 
2663 1655 1654 1657 
2664 228 229 795 
2665 1757 816 1758 
2666 853 137 1654 
2667 1303 1064 2494 
2668 872 1816 1817 
2669 1187 1188 1189 
2670 921 920 923 
2671 2087 2085 2088 
2672 1126 1124 2282 
2673 1187 1189 1353 
2674 1453 1460 2226 
2675 2223 105 2380 
2676 2401 2399 2405 
2677 822 203 1797 
2678 1697 1695 1703 
2679 1008 1294 2461 
2680 1833 1831 1834 
2681 868 1675 1676 
2682 878 2080 2480 
2683 95 96 877 
2684 90 91 2127 
2685 123 124 2472 
2686 1010 1008 2461 
2687 1699 2224 2570 
2688 1353 2129 2130 
2689 969 970 971 
2690 971 972 973 
2691 313 890 2381 
2692 988 1288 2186 
2693 821 347 2491 
2694 1137 1138 1139 
2695 2299 2302 2306 
2696 2371 2347 2374 
2697 829 250 2205 
2698 925 1271 1276 
2699 1849 1848 1850 
2700 1261 1263 1382 
2701 2211 2221 2450 
2702 1478 1421 1489 
2703 99 100 881 
2704 918 916 2569 
2705 1122 1314 2288 
2706 1768 1770 1773 
2707 987 989 1413 
2708 1508 1472 1641 
2709 1981 1979 1983 
2710 917 916 918 
2711 1575 1574 2559 
2712 1894 1511 1895 
2713 925 923 1271 
2714 1714 785 1715 
2715 1820 1821 1822 
2716 2273 2276 2529 
2717 2180 2397 2484 
2718 267 268 813 
2719 1820 1819 1821 
2720 1265 1267 1346 
2721 2427 2434 2441 
2722 264 265 827 
2723 179 180 2455 
2724 2130 2129 2132 
2725 2180 2310 2397 
2726 84 2384 2385 
2727 1257 1259 1383 
2728 920 922 2311 
2729 1243 1245 1347 
2730 1141 1143 1394 
2731 2399 46 2405 
2732 1181 1183 1354 
2733 245 246 2279 
2734 157 158 2566 
2735 1106 1312 2504 
2736 2262 2260 2263 
2737 2434 2431 2435 
2738 2207 2210 2211 
2739 1656 1658 1659 
2740 2372 821 2491 
2741 1477 1508 1509 
2742 1369 1025 2425 
2743 1832 2260 2261 
2744 256 831 2078 
2745 883 2337 2338 
2746 805 1979 1980 
2747 370 371 846 
2748 1139 1140 1141 
2749 1239 1241 1389 
2750 1650 1651 1652 
2751 1544 1543 1546 
2752 1249 1251 1385 
2753 1197 1196 1198 
2754 1650 1649 1651 
2755 959 960 961 
2756 1253 1255 1384 
2757 829 2206 2207 
2758 2288 1314 2289 
2759 1111 1397 2312 
2760 1145 1147 1360 
2761 107 108 1961 
2762 1135 1136 1137 
2763 2216 2219 2220 
2764 892 263 2537 
2765 1386 1472 1477 
2766 1137 1139 1395 
2767 1202 1200 1328 
2768 1354 1183 2272 
2769 859 1544 1545 
2770 2132 2200 2201 
2771 2347 2344 2374 
2772 1039 1409 2486 
2773 1932 1933 1934 
2774 1934 1935 1936 
2775 54 55 762 
2776 923 920 2311 
2777 2196 1393 2197 
2778 1995 1997 1998 
2779 1887 1888 1889 
2780 1962 875 1963 
2781 2002 2003 2004 
2782 967 968 969 
2783 269 270 880 
2784 881 100 2498 
2785 2428 2431 2434 
2786 1448 1447 1449 
2787 949 951 1418 
2788 2264 2262 2265 
2789 1187 1186 1188 
2790 1830 845 1831 
2791 2480 2080 2571 
2792 943 944 945 
2793 1857 1855 1877 
2794 957 958 959 
2795 831 257 2090 
2796 262 263 892 
2797 1467 1462 2281 
2798 254 255 878 
2799 2323 1365 2324 
2800 2400 2402 2403 
2801 1612 784 1613 
2802 1195 1196 1197 
2803 1446 1445 1447 
2804 1276 1277 1421 
2805 2132 2129 2195 
2806 1582 1575 2559 
2807 928 926 1278 
2808 963 964 965 
2809 1346 1267 2227 
2810 2175 1307 2332 
2811 830 1560 1561 
2812 271 272 814 
2813 258 259 882 
2814 1220 1333 2329 
2815 917 918 919 
2816 249 250 829 
2817 256 257 831 
2818 1832 2261 2271 
2819 1922 1921 1924 
2820 1433 1457 2497 
2821 1141 1142 1143 
2822 1163 1165 1357 
2823 1226 1334 2489 
2824 1656 1659 1660 
2825 2400 2401 2402 
2826 1108 2504 2519 
2827 1771 1769 2476 
2828 2299 2300 2301 
2829 2131 2130 2133 
2830 1539 862 1589 
2831 1454 1453 2226 
2832 409 848 2293 
2833 11 12 912 
2834 1169 1171 1356 
2835 351 352 2374 
2836 1570 1482 2606 
2837 1089 1364 2443 
2838 1157 1159 1358 
2839 825 2399 2400 
2840 1936 1935 1937 
2841 983 985 1414 
2842 1208 1206 1329 
2843 1185 1186 1187 
2844 260 261 805 
2845 883 349 2337 
2846 1847 1848 1849 
2847 1864 1862 1876 
2848 1851 1850 1853 
2849 1151 1153 1359 
2850 419 420 855 
2851 252 253 817 
2852 1606 1608 1609 
2853 1353 2131 2465 
2854 2269 2267 2270 
2855 2403 2402 2404 
2856 926 925 1793 
2857 394 395 816 
2858 1214 1212 1330 
2859 1199 1198 1200 
2860 2340 2338 2342 
2861 367 368 845 
2862 1750 1747 2385 
2863 2006 2007 2008 
2864 1183 1185 2272 
2865 309 310 2408 
2866 1834 1835 1836 
2867 1871 1869 1875 
2868 1235 1237 1390 
2869 1418 951 2466 
2870 2337 833 2343 
2871 1656 1655 1658 
2872 2355 2357 2358 
2873 189 190 832 
2874 1267 1269 2227 
2875 1076 1307 2175 
2876 2206 2205 2208 
2877 2299 2298 2300 
2878 312 313 2381 
2879 1305 2175 2176 
2880 396 397 884 
2881 1133 1134 1135 
2882 1305 1078 2175 
2883 1220 1218 1333 
2884 1316 2388 2393 
2885 1920 1921 1922 
2886 2261 2262 2264 
2887 1201 1200 1202 
2888 2313 2199 2314 
2889 409 410 848 
2890 1822 1823 1824 
2891 2495 1306 2529 
2892 2348 2350 2351 
2893 1124 1122 2288 
2894 953 955 1417 
2895 1933 1931 1945 
2896 2036 2034 2066 
2897 868 1676 1677 
2898 1139 1138 1140 
2899 401 402 815 
2900 1120 1118 2483 
2901 1110 1108 2519 
2902 1314 1120 2483 
2903 953 954 955 
2904 1430 1427 2512 
2905 1175 1177 1355 
2906 919 920 921 
2907 843 2298 2299 
2908 398 399 847 
2909 1074 1072 2490 
2910 1369 2425 2426 
2911 407 408 887 
2912 1025 1027 2425 
2913 1746 1748 1754 
2914 1936 1937 1938 
2915 1726 1727 1728 
2916 937 939 1378 
2917 403 404 885 
2918 1736 1737 2539 
2919 1963 875 1969 
2920 405 406 812 
2921 961 962 963 
2922 1222 1220 2329 
2923 1143 1144 1145 
2924 2302 2301 2303 
2925 837 360 2395 
2926 2299 2301 2302 
2927 1538 862 1539 
2928 2339 2338 2340 
2929 2131 2133 2134 
2930 1135 1134 1136 
2931 227 1634 1893 
2932 2398 302 2413 
2933 1817 1818 1819 
2934 2211 2210 2213 
2935 98 99 2296 
2936 1801 1804 1805 
2937 995 997 1373 
2938 97 843 2306 
2939 2050 2048 2067 
2940 2400 2399 2401 
2941 52 53 891 
2942 333 2427 2441 
2943 2047 2046 2048 
2944 1312 2230 2504 
2945 1387 1388 1471 
2946 1934 1933 1935 
2947 1137 1136 1138 
2948 99 881 2296 
2949 1087 1089 2443 
2950 1131 1132 1133 
2951 1466 1462 1467 
2952 1109 1111 2312 
2953 273 274 894 
2954 1938 1939 1940 
2955 359 360 837 
2956 1761 1763 1764 
2957 1913 1912 1914 
2958 1438 1437 1439 
2959 925 1276 1793 
2960 1813 1810 2453 
2961 2273 2274 2276 
2962 1608 869 1610 
2963 1145 1146 1147 
2964 1911 1910 1912 
2965 2058 2059 2060 
2966 2343 833 2344 
2967 2142 2141 2143 
2968 301 302 2398 
2969 1978 892 1984 
2970 2346 2344 2347 
2971 957 959 1377 
2972 975 976 977 
2973 1460 1466 2226 
2974 788 134 2409 
2975 1660 1659 1661 
2976 825 45 2399 
2977 350 833 2337 
2978 1940 1941 1946 
2979 1056 1054 1302 
2980 1224 1222 2330 
2981 1856 1855 1857 
2982 2240 2242 2243 
2983 353 354 835 
2984 829 2205 2206 
2985 1849 1850 1851 
2986 1817 1816 1818 
2987 1795 1796 2417 
2988 1925 1924 1926 
2989 912 12 2336 
2990 853 1655 1656 
2991 1895 1511 1896 
2992 1031 1032 1033 
2993 350 351 833 
2994 1746 800 1747 
2995 1052 1050 1808 
2996 1141 1140 1142 
2997 356 357 836 
2998 1964 1963 1965 
2999 365 839 2309 
3000 1574 1576 1577 
3001 1938 1937 1939 
3002 1726 1725 1727 
3003 2230 2233 2234 
3004 1998 1999 2000 
3005 1551 1549 1683 
3006 1961 1962 2538 
3007 365 366 839 
3008 1909 1908 1910 
3009 362 363 838 
3010 308 893 2418 
3011 1226 1224 1334 
3012 1316 2387 2388 
3013 408 409 2293 
3014 1261 1262 1263 
3015 1528 1526 1529 
3016 275 276 840 
3017 1462 1473 2281 
3018 1696 1697 1698 
3019 843 2299 2306 
3020 2296 881 2297 
3021 1302 1054 1799 
3022 1006 1004 2225 
3023 1203 1202 1204 
3024 1907 1906 1908 
3025 1027 1026 1028 
3026 47 48 826 
3027 47 826 2405 
3028 2346 2347 2348 
3029 38 39 823 
3030 50 51 828 
3031 364 365 2309 
3032 1317 1126 2282 
3033 820 319 2406 
3034 1410 1037 2486 
3035 2297 881 2541 
3036 1259 1260 1261 
3037 985 986 987 
3038 1109 1110 1111 
3039 2051 2053 2054 
3040 2044 2046 2047 
3041 44 45 825 
3042 1197 1198 1199 
3043 363 364 2423 
3044 2131 2135 2465 
3045 1051 1050 1052 
3046 1055 1054 1056 
3047 2231 2228 2258 
3048 2610 1628 2633 
3049 85 851 2384 
3050 41 42 824 
3051 2238 2231 2239 
3052 1353 2130 2131 
3053 987 988 989 
3054 2092 874 2093 
3055 1196 1194 1331 
3056 1257 1258 1259 
3057 990 988 2186 
3058 2080 2081 2082 
3059 921 923 924 
3060 1057 1059 1406 
3061 1809 1301 1810 
3062 2283 2282 2284 
3063 231 232 849 
3064 1205 1204 1206 
3065 1133 1132 1134 
3066 2249 2250 2251 
3067 2056 2055 2057 
3068 1854 1853 1855 
3069 883 2338 2339 
3070 1681 1680 1682 
3071 2030 2032 2033 
3072 1783 1784 1785 
3073 2266 2265 2267 
3074 1128 1317 2493 
3075 1027 1028 1029 
3076 307 308 2418 
3077 1149 1150 1151 
3078 1822 1821 1823 
3079 1147 1148 1149 
3080 816 395 1970 
3081 1015 1016 1017 
3082 873 2113 2114 
3083 1741 1740 1742 
3084 2177 2179 2180 
3085 809 312 2381 
3086 1316 2386 2387 
3087 2095 2093 2096 
3088 2362 2363 2364 
3089 1263 1264 1265 
3090 941 942 943 
3091 1018 1016 1295 
3092 1545 1544 1547 
3093 1768 1769 1770 
3094 1057 1058 1059 
3095 1747 800 2385 
3096 1209 1208 1210 
3097 1398 1109 2312 
3098 1427 1425 2512 
3099 1222 2329 2330 
3100 1989 1988 1990 
3101 113 114 794 
3102 979 980 981 
3103 1665 896 1666 
3104 1029 1030 1031 
3105 1317 2285 2493 
3106 1049 1050 1051 
3107 1863 1862 1864 
3108 1312 1104 2228 
3109 1207 1206 1208 
3110 1128 1126 1317 
3111 2051 2050 2053 
3112 1772 1774 1775 
3113 2196 2197 2198 
3114 246 247 834 
3115 1047 1048 1049 
3116 1107 1108 1109 
3117 1131 1130 1132 
3118 1255 1256 1257 
3119 2010 2011 2012 
3120 360 361 2395 
3121 955 954 956 
3122 1253 1254 1255 
3123 1015 1014 1016 
3124 1366 2378 2379 
3125 1163 1164 1165 
3126 898 294 2422 
3127 2238 2239 2240 
3128 1167 1168 1169 
3129 1775 1776 1777 
3130 13 905 2336 
3131 2198 2197 2199 
3132 930 928 2517 
3133 796 2102 2103 
3134 870 1740 1741 
3135 971 970 972 
3136 1211 1210 1212 
3137 1213 1212 1214 
3138 2042 2044 2045 
3139 845 368 2540 
3140 2026 2027 2028 
3141 2230 2229 2232 
3142 957 956 958 
3143 1300 1038 2194 
3144 349 350 2337 
3145 2348 2349 2350 
3146 1183 1184 1185 
3147 1785 1786 1787 
3148 833 351 2374 
3149 1185 1187 2465 
3150 1106 1104 1312 
3151 1129 1130 1131 
3152 1861 1860 1862 
3153 1801 1803 1804 
3154 294 295 2422 
3155 1899 1898 1900 
3156 83 84 2385 
3157 1155 1156 1157 
3158 1017 1016 1018 
3159 1779 1780 1781 
3160 798 107 1961 
3161 1129 1128 1130 
3162 46 47 2405 
3163 1379 945 2376 
3164 1265 1266 1267 
3165 1215 1214 1216 
3166 1171 1172 1173 
3167 135 136 1882 
3168 2042 2043 2044 
3169 1858 1857 1860 
3170 45 46 2399 
3171 1111 1110 1112 
3172 277 278 889 
3173 1409 1041 2204 
3174 1161 1162 1163 
3175 1109 1108 1110 
3176 1199 1200 1201 
3177 1073 1072 1074 
3178 2114 2115 2116 
3179 2339 2340 2341 
3180 1001 1003 1411 
3181 319 320 2406 
3182 943 945 1379 
3183 1165 1166 1167 
3184 2285 2286 2287 
3185 1035 1036 1037 
3186 1111 1113 1397 
3187 1697 1703 1704 
3188 95 877 2528 
3189 1153 1154 1155 
3190 2035 2034 2036 
3191 1173 1174 1175 
3192 1652 1651 1653 
3193 1665 1666 1667 
3194 1151 1152 1153 
3195 2350 2352 2353 
3196 2054 2055 2056 
3197 1061 1063 1405 
3198 2024 2025 2026 
3199 1809 1810 1811 
3200 2251 2250 2253 
3201 1870 1869 1871 
3202 1787 1788 1789 
3203 2229 2228 2231 
3204 2230 2232 2233 
3205 1029 1028 1030 
3206 1905 1904 1906 
3207 1025 1026 1027 
3208 1061 1060 1062 
3209 977 978 979 
3210 1049 1051 2462 
3211 1305 2177 2484 
3212 2274 1303 2275 
3213 2243 2242 2244 
3214 1112 1110 1313 
3215 1677 1679 1680 
3216 793 301 2398 
3217 1407 1049 2462 
3218 1073 1074 1075 
3219 2029 2027 2064 
3220 1366 1067 2378 
3221 1925 1926 1927 
3222 1049 1048 1050 
3223 1107 1106 1108 
3224 1143 1142 1144 
3225 1159 1160 1161 
3226 1781 1782 1783 
3227 348 349 883 
3228 1023 1025 1369 
3229 1741 1742 1743 
3230 1053 1054 1055 
3231 1030 1028 1297 
3232 2238 2240 2241 
3233 1766 1767 1768 
3234 2087 2088 2089 
3235 1267 1268 1269 
3236 1565 1564 1566 
3237 2049 2048 2050 
3238 1740 1739 1744 
3239 1051 1052 1053 
3240 2289 1314 2290 
3241 1157 1158 1159 
3242 1530 1571 1572 
3243 1897 1896 1898 
3244 2300 2298 2304 
3245 1872 1871 1874 
3246 2254 2255 2257 
3247 2364 2365 2366 
3248 1251 1252 1253 
3249 1084 1082 2397 
3250 1458 1435 2497 
3251 2285 2283 2286 
3252 959 958 960 
3253 1115 1117 1396 
3254 2275 1303 2494 
3255 1037 1036 1038 
3256 1535 1733 2553 
3257 2037 2039 2040 
3258 819 307 2418 
3259 85 86 851 
3260 1613 1614 1615 
3261 97 98 843 
3262 2012 2013 2014 
3263 1307 1074 2490 
3264 2243 2244 2245 
3265 1040 1038 1300 
3266 84 85 2384 
3267 342 343 2459 
3268 1219 1218 1220 
3269 1105 1104 1106 
3270 1061 1062 1063 
3271 2355 2356 2357 
3272 965 966 967 
3273 1249 1250 1251 
3274 1609 1608 1632 
3275 1868 1867 1869 
3276 882 2502 2523 
3277 1221 1220 1222 
3278 1050 1048 1301 
3279 1770 1771 1772 
3280 2234 2233 2235 
3281 1169 1170 1171 
3282 1812 1813 1814 
3283 2240 2239 2242 
3284 1217 1216 1218 
3285 1269 1270 1272 
3286 981 982 983 
3287 1699 1705 2224 
3288 2210 2209 2212 
3289 2268 2267 2269 
3290 1851 1853 1854 
3291 1033 1032 1034 
3292 1111 1112 1113 
3293 2245 2244 2246 
3294 2037 2036 2039 
3295 809 2382 2383 
3296 1777 1778 1779 
3297 939 940 941 
3298 1865 1864 1867 
3299 1764 1765 1766 
3300 2360 2361 2362 
3301 951 952 953 
3302 1080 1078 1305 
3303 2114 2116 2117 
3304 2353 2354 2355 
3305 118 791 2420 
3306 893 309 2408 
3307 364 2309 2423 
3308 1147 1146 1148 
3309 279 280 810 
3310 2232 2229 2237 
3311 315 316 841 
3312 941 940 942 
3313 2135 2134 2136 
3314 2014 2015 2016 
3315 1077 1076 1078 
3316 2033 2034 2035 
3317 1037 1038 1039 
3318 1132 1130 1318 
3319 2408 310 2479 
3320 1201 1202 1203 
3321 300 301 793 
3322 295 818 2422 
3323 956 954 2536 
3324 1922 1924 1925 
3325 1113 1114 1115 
3326 1091 1090 1092 
3327 2092 2093 2094 
3328 1067 1066 1068 
3329 1940 1939 1941 
3330 1901 1900 1902 
3331 1031 1030 1032 
3332 2291 2290 2292 
3333 1068 1066 2273 
3334 1115 1116 1117 
3335 945 946 947 
3336 1805 1804 1806 
3337 2245 2246 2247 
3338 1145 1144 1146 
3339 295 296 818 
3340 1667 1666 1668 
3341 2020 2021 2022 
3342 2094 2093 2095 
3343 2277 2275 2278 
3344 1033 1034 1035 
3345 418 419 2280 
3346 1583 1582 1584 
3347 388 1732 2557 
3348 2366 2367 2368 
3349 1245 1246 1247 
3350 1193 1195 1393 
3351 1298 1042 2496 
3352 2181 2332 2334 
3353 1247 1248 1249 
3354 2332 1307 2333 
3355 1127 1126 1128 
3356 2097 2100 2101 
3357 1035 1034 1036 
3358 1913 1914 1917 
3359 1127 1128 1129 
3360 1746 1747 1748 
3361 1800 1799 1802 
3362 2264 2265 2266 
3363 320 895 2406 
3364 281 282 888 
3365 318 319 820 
3366 2428 2429 2430 
3367 2108 797 2109 
3368 1119 1118 1120 
3369 1119 1121 1363 
3370 2334 2333 2335 
3371 323 324 808 
3372 2352 835 2527 
3373 1791 1771 2476 
3374 1984 892 1985 
3375 1185 1184 1186 
3376 1810 1301 2453 
3377 1081 1083 1403 
3378 1113 1112 1114 
3379 315 841 2421 
3380 1230 1335 2506 
3381 1059 1060 1061 
3382 334 335 899 
3383 1991 1992 1993 
3384 2108 2109 2110 
3385 303 304 842 
3386 1433 1431 1457 
3387 1715 1716 1717 
3388 1039 1038 1040 
3389 346 347 821 
3390 2357 2359 2360 
3391 1011 1013 1371 
3392 1089 1088 1090 
3393 2247 2248 2249 
3394 2333 1307 2490 
3395 1801 1805 2560 
3396 1911 1912 1913 
3397 924 925 926 
3398 1131 1133 1361 
3399 331 332 807 
3400 1062 1060 1304 
3401 1085 1087 1402 
3402 20 21 886 
3403 1991 1990 1992 
3404 2085 831 2090 
3405 1400 1101 2438 
3406 973 972 974 
3407 1072 1070 1306 
3408 1136 1134 1316 
3409 2289 2290 2291 
3410 1089 1090 1091 
3411 1053 1052 1054 
3412 24 25 897 
3413 1181 1182 1183 
3414 1677 1680 1681 
3415 1105 1106 1107 
3416 1107 1109 1398 
3417 2430 2429 2433 
3418 2108 2110 2112 
3419 2142 2143 2146 
3420 320 321 895 
3421 336 337 806 
3422 1057 1056 1058 
3423 1087 1088 1089 
3424 1115 1114 1116 
3425 88 89 801 
3426 204 205 1640 
3427 1243 1244 1245 
3428 1065 1067 1366 
3429 1090 1088 1308 
3430 145 146 786 
3431 1091 1092 1093 
3432 1100 1098 1310 
3433 287 288 850 
3434 306 307 819 
3435 1027 2424 2425 
3436 1665 1667 1669 
3437 2177 2178 2179 
3438 2428 2430 2431 
3439 1828 1535 2553 
3440 297 298 901 
3441 1013 1014 1015 
3442 1801 1800 1803 
3443 2453 1046 2454 
3444 2266 2267 2268 
3445 93 94 797 
3446 1125 1127 1362 
3447 308 309 893 
3448 2095 2096 2097 
3449 2254 2253 2255 
3450 313 314 890 
3451 1305 2176 2177 
3452 1811 1810 1812 
3453 1483 1459 2568 
3454 117 118 2420 
3455 2249 2251 2252 
3456 1069 1070 1071 
3457 106 107 798 
3458 1071 1070 1072 
3459 1557 1567 1568 
3460 1117 1118 1119 
3461 311 312 809 
3462 1035 1037 1410 
3463 1063 1064 1065 
3464 1086 1084 1309 
3465 2042 2041 2043 
3466 1079 1078 1080 
3467 1103 1102 1104 
3468 2022 2021 2023 
3469 1103 1104 1105 
3470 1962 1963 1964 
3471 82 83 800 
3472 31 32 906 
3473 2000 2001 2002 
3474 2006 2005 2007 
3475 343 902 2459 
3476 2033 2032 2034 
3477 2353 2352 2354 
3478 1093 1092 1094 
3479 1081 1082 1083 
3480 12 13 2336 
3481 1044 1042 1298 
3482 1309 1084 2397 
3483 325 326 903 
3484 110 111 792 
3485 118 119 791 
3486 122 123 790 
3487 129 130 789 
3488 139 140 787 
3489 347 348 2491 
3490 2030 2029 2032 
3491 1561 1563 1564 
3492 2239 2231 2258 
3493 101 102 796 
3494 2180 2182 2310 
3495 1205 1206 1207 
3496 1075 1076 1077 
3497 2391 2389 2392 
3498 1117 1116 1118 
3499 1063 1062 1064 
3500 1047 1046 1048 
3501 1047 1049 1407 
3502 2180 2179 2182 
3503 1538 1540 1542 
3504 104 105 2223 
3505 2058 2057 2059 
3506 1179 1180 1181 
3507 1437 1435 1458 
3508 943 942 944 
3509 1203 1204 1205 
3510 1085 1084 1086 
3511 1019 1018 1020 
3512 32 33 2468 
3513 414 415 914 
3514 1067 1069 2378 
3515 2372 2341 2373 
3516 293 294 898 
3517 302 303 2413 
3518 343 344 902 
3519 1903 1902 1904 
3520 2284 2410 2412 
3521 1118 1116 1315 
3522 1055 1056 1057 
3523 1067 1068 1069 
3524 1083 1084 1085 
3525 2249 2248 2250 
3526 1824 1823 1825 
3527 1834 1831 1835 
3528 1854 1855 1856 
3529 2427 2428 2434 
3530 2389 2387 2390 
3531 1025 1024 1026 
3532 1858 1860 1861 
3533 1207 1208 1209 
3534 1078 1076 2175 
3535 1039 1041 1409 
3536 1095 1097 1401 
3537 1051 1053 1367 
3538 1083 1082 1084 
3539 1087 1086 1088 
3540 1096 1094 1311 
3541 1093 1094 1095 
3542 1149 1148 1150 
3543 1436 1437 1438 
3544 1317 2282 2283 
3545 1059 1058 1060 
3546 1868 1869 1870 
3547 1153 1152 1154 
3548 2140 2141 2142 
3549 1071 1073 1404 
3550 876 392 1642 
3551 1151 1150 1152 
3552 1077 1078 1079 
3553 2290 1314 2483 
3554 259 260 2502 
3555 2016 2015 2017 
3556 1741 1743 1795 
3557 2018 2017 2019 
3558 1085 1086 1087 
3559 1175 1176 1177 
3560 2360 2359 2361 
3561 339 340 900 
3562 809 2383 2479 
3563 2233 2232 2236 
3564 1071 1072 1073 
3565 133 134 788 
3566 1065 1066 1067 
3567 1676 1675 1678 
3568 2350 2349 2352 
3569 1856 1857 1858 
3570 1089 1091 1364 
3571 1062 1304 2494 
3572 2357 2356 2359 
3573 1076 1074 1307 
3574 2054 2053 2055 
3575 1122 1120 1314 
3576 284 285 799 
3577 1209 1210 1211 
3578 1450 1451 1452 
3579 2028 2027 2029 
3580 1241 1242 1243 
3581 105 106 2380 
3582 1095 1094 1096 
3583 1692 1690 1693 
3584 1289 990 2186 
3585 1029 1031 1368 
3586 2040 2041 2042 
3587 1065 1064 1066 
3588 1213 1214 1215 
3589 809 2381 2382 
3590 1081 1080 1082 
3591 1211 1212 1213 
3592 328 329 802 
3593 413 414 2444 
3594 2110 2109 2111 
3595 2388 2387 2389 
3596 2344 833 2374 
3597 1024 1022 1296 
3598 1230 1228 1335 
3599 1069 1068 1070 
3600 2092 2094 2098 
3601 1041 1042 1043 
3602 1715 785 1716 
3603 1155 1154 1156 
3604 1017 1018 1019 
3605 1079 1080 1081 
3606 2364 2363 2365 
3607 73 74 2456 
3608 1865 1867 1868 
3609 2060 2061 2062 
3610 2348 2347 2349 
3611 1528 1529 1530 
3612 2043 2041 2065 
3613 1119 1120 1121 
3614 21 22 2470 
3615 1317 2283 2285 
3616 2431 2430 2432 
3617 2362 2361 2363 
3618 341 342 803 
3619 1905 1906 1907 
3620 2458 2456 2475 
3621 1316 1134 2386 
3622 1345 1479 2452 
3623 817 253 2480 
3624 2388 2389 2391 
3625 1239 1240 1241 
3626 2419 2333 2490 
3627 1312 2228 2229 
3628 2413 842 2414 
3629 2047 2048 2049 
3630 1215 1216 1217 
3631 1425 1484 2512 
3632 1429 1427 1430 
3633 1217 1218 1219 
3634 325 903 2442 
3635 1306 2419 2490 
3636 2419 1306 2495 
3637 969 968 970 
3638 933 935 1419 
3639 13 14 905 
3640 953 952 954 
3641 1192 1190 1332 
3642 1099 1098 1100 
3643 1080 1305 2484 
3644 1870 1871 1872 
3645 1125 1126 1127 
3646 336 806 2437 
3647 1312 2229 2230 
3648 1502 1505 1507 
3649 2114 2113 2115 
3650 23 24 2469 
3651 1036 1034 1299 
3652 2493 2285 2509 
3653 1005 1007 1372 
3654 1101 1100 1102 
3655 1125 1124 1126 
3656 2428 899 2429 
3657 1863 1864 1865 
3658 1727 1725 1731 
3659 412 413 856 
3660 1041 1040 1042 
3661 2117 2118 2121 
3662 1066 1064 1303 
3663 2056 2057 2058 
3664 932 1279 2533 
3665 1075 1077 1365 
3666 180 181 1556 
3667 1095 1096 1097 
3668 2178 2176 2181 
3669 2355 2354 2356 
3670 808 324 2442 
3671 1161 1160 1162 
3672 1219 1220 1221 
3673 1223 1222 1224 
3674 2366 2365 2367 
3675 965 964 966 
3676 1023 1024 1025 
3677 2117 2116 2118 
3678 2274 2275 2277 
3679 1907 1908 1909 
3680 1101 1102 1103 
3681 249 829 2450 
3682 1785 1784 1786 
3683 1177 1178 1179 
3684 1027 1029 2424 
3685 1075 1074 1076 
3686 1123 1122 1124 
3687 1019 1020 1021 
3688 2278 2275 2327 
3689 900 340 2416 
3690 1121 1120 1122 
3691 1261 1260 1262 
3692 1097 1096 1098 
3693 2410 2291 2411 
3694 1012 1010 1293 
3695 1008 1006 1294 
3696 1895 1896 1897 
3697 1159 1158 1160 
3698 1165 1164 1166 
3699 790 123 2472 
3700 1989 1990 1991 
3701 2049 2051 2052 
3702 2429 899 2437 
3703 1121 1122 1123 
3704 2177 2176 2178 
3705 1748 1747 1749 
3706 414 914 2444 
3707 1601 1602 1604 
3708 1132 1318 2386 
3709 106 798 2380 
3710 1013 1012 1014 
3711 1163 1162 1164 
3712 1187 1353 2465 
3713 961 960 962 
3714 290 291 804 
3715 78 79 777 
3716 333 334 2427 
3717 967 966 968 
3718 1257 1256 1258 
3719 2103 2102 2104 
3720 1039 1040 1041 
3721 1099 1101 1400 
3722 1861 1862 1863 
3723 1783 1782 1784 
3724 2250 2248 2256 
3725 1779 1778 1780 
3726 899 335 2437 
3727 1097 1098 1099 
3728 803 342 2459 
3729 1061 1405 2477 
3730 340 341 2416 
3731 883 2339 2491 
3732 1259 1258 1260 
3733 1775 1774 1776 
3734 2004 2005 2006 
3735 1157 1156 1158 
3736 1171 1170 1172 
3737 2028 2030 2031 
3738 1043 1045 1408 
3739 1169 1168 1170 
3740 2179 2178 2183 
3741 1677 1676 1679 
3742 1781 1780 1782 
3743 1263 1262 1264 
3744 194 195 781 
3745 1167 1166 1168 
3746 1082 1080 2484 
3747 1909 1910 1911 
3748 1897 1898 1899 
3749 303 842 2413 
3750 1192 1332 2328 
3751 1221 1222 1223 
3752 1812 1810 1813 
3753 2247 2246 2248 
3754 1255 1254 1256 
3755 2044 2043 2046 
3756 341 803 2416 
3757 1072 1306 2490 
3758 1903 1904 1905 
3759 1103 1105 1399 
3760 2103 2104 2105 
3761 983 984 985 
3762 1043 1042 1044 
3763 1787 1786 1788 
3764 1023 1022 1024 
3765 921 924 2547 
3766 14 15 2478 
3767 932 930 1279 
3768 989 988 990 
3769 1197 1199 1392 
3770 1253 1252 1254 
3771 2251 2253 2254 
3772 1045 1046 1047 
3773 1402 1087 2443 
3774 2028 2029 2030 
3775 1265 1264 1266 
3776 1525 1526 1527 
3777 1789 1788 1790 
3778 954 1281 2536 
3779 1962 1968 2538 
3780 1770 1769 1771 
3781 856 413 2444 
3782 945 944 946 
3783 1118 1315 2483 
3784 800 83 2385 
3785 1772 1771 1774 
3786 324 325 2442 
3787 25 26 2464 
3788 1011 1012 1013 
3789 2197 1393 2503 
3790 1777 1776 1778 
3791 1045 1044 1046 
3792 2022 2023 2024 
3793 19 20 2451 
3794 1293 1010 2461 
3795 1804 1803 1807 
3796 386 387 757 
3797 2097 2096 2100 
3798 920 918 922 
3799 1463 1690 1692 
3800 2208 2205 2214 
3801 2522 2509 2530 
3802 1011 1010 1012 
3803 2339 2341 2372 
3804 377 378 754 
3805 1308 1088 2473 
3806 752 1601 2532 
3807 26 27 782 
3808 129 789 2407 
3809 18 19 773 
3810 374 375 753 
3811 380 381 755 
3812 383 384 756 
3813 2018 2019 2020 
3814 1381 1344 1481 
3815 2049 2050 2051 
3816 2131 2134 2135 
3817 1173 1172 1174 
3818 1201 1203 1352 
3819 389 390 759 
3820 1993 1992 1994 
3821 1901 1902 1903 
3822 1461 1459 1483 
3823 1836 1835 1838 
3824 1237 1238 1239 
3825 1403 1083 2482 
3826 1515 1516 1517 
3827 124 1724 2472 
3828 60 61 767 
3829 69 70 771 
3830 75 76 775 
3831 20 886 2451 
3832 66 67 769 
3833 975 974 976 
3834 1899 1900 1901 
3835 1249 1248 1250 
3836 2339 2372 2491 
3837 1272 1270 2452 
3838 1108 1106 2504 
3839 72 73 772 
3840 1123 1124 1125 
3841 886 21 2470 
3842 1251 1250 1252 
3843 63 64 768 
3844 1005 1004 1006 
3845 1043 1044 1045 
3846 2008 2007 2009 
3847 991 990 992 
3848 991 992 993 
3849 1694 1607 1695 
3850 1318 2493 2509 
3851 1004 1292 2225 
3852 241 752 2532 
3853 1766 1765 1767 
3854 1099 1100 1101 
3855 199 830 2544 
3856 1267 1266 1268 
3857 1847 1849 1852 
3858 949 948 950 
3859 1525 765 1526 
3860 917 919 2578 
3861 2397 1082 2484 
3862 1436 1438 1465 
3863 1007 1006 1008 
3864 2289 2291 2410 
3865 2016 2017 2018 
3866 1183 1182 1184 
3867 796 2103 2498 
3868 1247 1246 1248 
3869 124 125 1724 
3870 1229 1231 1348 
3871 1530 1529 1571 
3872 1142 1140 1319 
3873 2456 74 2475 
3874 1605 1607 1694 
3875 993 994 995 
3876 2427 899 2428 
3877 128 129 2407 
3878 15 16 770 
3879 1021 1020 1022 
3880 977 976 978 
3881 1621 1624 1625 
3882 1235 1236 1237 
3883 1021 1022 1023 
3884 2020 2019 2021 
3885 24 897 2469 
3886 2035 2036 2037 
3887 2230 2234 2504 
3888 989 990 991 
3889 1436 1435 1437 
3890 1998 1997 1999 
3891 949 950 951 
3892 983 982 984 
3893 985 984 986 
3894 979 978 980 
3895 1225 1227 1391 
3896 1345 1420 1479 
3897 335 336 2437 
3898 1425 1423 1484 
3899 1768 1767 1769 
3900 1795 791 2510 
3901 2376 947 2551 
3902 1617 245 2279 
3903 77 78 2449 
3904 2060 2059 2061 
3905 1270 1345 2452 
3906 1962 1964 1968 
3907 1048 1046 2453 
3908 897 25 2464 
3909 2335 2333 2419 
3910 1130 1128 2493 
3911 22 23 783 
3912 1001 1002 1003 
3913 1148 1146 2439 
3914 101 796 2498 
3915 1758 816 1970 
3916 1004 1002 1292 
3917 1150 1148 1320 
3918 237 238 749 
3919 1083 1085 2482 
3920 2332 2333 2334 
3921 1335 1228 2489 
3922 954 952 1281 
3923 797 94 2528 
3924 1146 1144 1321 
3925 1764 1763 1765 
3926 1868 1870 1873 
3927 2035 2037 2038 
3928 2386 1318 2522 
3929 1175 1174 1176 
3930 2109 797 2528 
3931 1245 1244 1246 
3932 173 174 863 
3933 2004 2003 2005 
3934 2349 2347 2371 
3935 334 899 2427 
3936 1086 1309 2473 
3937 376 377 2460 
3938 942 940 1274 
3939 2014 2013 2015 
3940 1635 795 1636 
3941 1017 1019 1370 
3942 1060 1058 2573 
3943 1088 1086 2473 
3944 1795 1743 1796 
3945 999 1000 1001 
3946 905 14 2478 
3947 348 883 2491 
3948 916 1474 2569 
3949 2528 877 2545 
3950 1302 1800 1801 
3951 996 994 1290 
3952 1219 1221 1349 
3953 1613 784 1614 
3954 1005 1006 1007 
3955 1101 1103 2438 
3956 1146 1321 2439 
3957 78 777 2449 
3958 947 948 949 
3959 2026 2025 2027 
3960 33 34 780 
3961 906 32 2468 
3962 772 73 2456 
3963 947 946 948 
3964 2285 2287 2509 
3965 29 30 776 
3966 1207 1209 1351 
3967 57 58 774 
3968 1213 1215 1350 
3969 2387 2386 2522 
3970 1223 1224 1225 
3971 2024 2023 2025 
3972 1007 1008 1009 
3973 999 998 1000 
3974 1194 1192 2328 
3975 1181 1180 1182 
3976 963 962 964 
3977 1177 1176 1178 
3978 1995 1994 1997 
3979 30 31 2485 
3980 2356 2354 2370 
3981 100 101 2498 
3982 1666 896 2407 
3983 22 783 2470 
3984 783 23 2469 
3985 1009 1008 1010 
3986 1243 1242 1244 
3987 2363 2361 2369 
3988 2040 2039 2041 
3989 1162 1160 1323 
3990 1000 998 1291 
3991 1499 1480 1500 
3992 1156 1154 1322 
3993 1003 1004 1005 
3994 1241 1240 1242 
3995 1134 1132 2386 
3996 1890 1889 1891 
3997 1318 1130 2493 
3998 2457 2456 2458 
3999 127 128 896 
4000 1051 1367 2462 
4001 2002 2001 2003 
4002 163 164 765 
4003 936 934 1273 
4004 76 77 2488 
4005 2504 2234 2519 
4006 1234 1232 1336 
4007 1170 1168 1324 
4008 377 754 2460 
4009 1085 1402 2482 
4010 1166 1164 1380 
4011 1696 1698 1699 
4012 2010 2009 2011 
4013 1561 1564 1565 
4014 1854 1856 1859 
4015 74 75 2475 
4016 987 986 988 
4017 1188 1186 1327 
4018 997 996 998 
4019 2012 2011 2013 
4020 31 906 2485 
4021 33 780 2468 
4022 332 333 2441 
4023 152 153 760 
4024 156 157 761 
4025 175 176 764 
4026 168 169 763 
4027 1107 1398 2471 
4028 1434 1435 1436 
4029 1103 1399 2438 
4030 1179 1178 1180 
4031 1304 2327 2494 
4032 1228 1226 2489 
4033 1861 1863 1866 
4034 2327 2275 2494 
4035 1724 1726 2472 
4036 881 2498 2541 
4037 1320 1148 2439 
4038 1318 2509 2522 
4039 1239 1238 1240 
4040 958 956 1282 
4041 1271 923 2311 
4042 375 376 2467 
4043 948 946 1275 
4044 1302 1799 1800 
4045 1138 2393 2511 
4046 1003 1002 1004 
4047 1190 1188 2436 
4048 924 927 2547 
4049 1001 1000 1002 
4050 1699 1698 1700 
4051 1042 1040 2496 
4052 150 151 1684 
4053 1225 1224 1226 
4054 854 213 1976 
4055 997 998 999 
4056 1176 1174 1325 
4057 773 19 2451 
4058 1835 1831 2540 
4059 2390 2522 2530 
4060 1460 1461 1462 
4061 134 135 2409 
4062 1479 1420 1480 
4063 1233 1234 1235 
4064 1749 1747 1750 
4065 1164 1162 2520 
4066 1462 1461 1473 
4067 966 964 1284 
4068 807 332 2441 
4069 1434 1433 1435 
4070 984 982 1287 
4071 26 782 2464 
4072 2140 2142 2174 
4073 937 938 939 
4074 1699 1700 1705 
4075 753 375 2467 
4076 789 1736 2549 
4077 1452 1453 1454 
4078 15 770 2478 
4079 1494 1467 2281 
4080 1258 1256 1341 
4081 390 391 2415 
4082 119 120 2510 
4083 1301 1048 2453 
4084 995 994 996 
4085 1029 1368 2424 
4086 1046 1044 2454 
4087 1387 1272 1388 
4088 1992 1990 2068 
4089 1225 1226 1227 
4090 1479 1480 1491 
4091 1009 1010 1011 
4092 177 178 1714 
4093 2008 2009 2010 
4094 1824 1825 2513 
4095 1237 1236 1238 
4096 1749 1750 1751 
4097 111 112 2448 
4098 182 183 1973 
4099 765 164 2128 
4100 1262 1260 1342 
4101 198 199 2544 
4102 1276 1271 1277 
4103 1254 1252 1340 
4104 222 223 750 
4105 1548 1549 1550 
4106 927 926 928 
4107 775 76 2488 
4108 1393 1195 2503 
4109 1044 1298 2454 
4110 772 2456 2457 
4111 763 1513 1515 
4112 239 907 2500 
4113 939 938 940 
4114 1527 1526 1528 
4115 2390 2387 2522 
4116 1664 896 1665 
4117 1250 1248 1337 
4118 170 171 1612 
4119 1420 1381 1490 
4120 1501 1485 1504 
4121 896 128 2407 
4122 1460 1462 1466 
4123 94 95 2528 
4124 1266 1264 1343 
4125 1538 1539 1540 
4126 1466 1467 1492 
4127 2221 248 2450 
4128 995 996 997 
4129 964 962 2555 
4130 1774 1771 1791 
4131 1188 1327 2436 
4132 972 970 2558 
4133 1269 1268 1270 
4134 1636 795 1719 
4135 1142 1319 2514 
4136 77 2449 2488 
4137 2224 144 2570 
4138 1313 1110 2519 
4139 1227 1228 1229 
4140 1481 1344 2515 
4141 1345 1381 1420 
4142 1491 1480 1499 
4143 1432 1434 1468 
4144 1620 1619 1621 
4145 2211 2213 2218 
4146 1380 1164 2520 
4147 951 950 952 
4148 1345 1344 1381 
4149 1521 1522 1523 
4150 1449 1447 1455 
4151 311 809 2479 
4152 1273 934 2533 
4153 970 968 1285 
4154 1227 1226 1228 
4155 1291 998 2474 
4156 1432 1431 1433 
4157 1443 1441 1456 
4158 924 926 927 
4159 1556 1557 1558 
4160 962 960 1283 
4161 992 990 1289 
4162 1068 2273 2529 
4163 776 30 2485 
4164 1168 1166 2534 
4165 2103 2105 2541 
4166 1244 1242 1339 
4167 1618 1617 1619 
4168 1391 1227 2499 
4169 1229 1230 1231 
4170 2111 2109 2545 
4171 1105 1107 2471 
4172 1162 1323 2520 
4173 1577 1576 1578 
4174 1887 1889 1890 
4175 1450 1449 1451 
4176 981 980 982 
4177 1256 1254 2508 
4178 1182 1180 1326 
4179 114 115 2189 
4180 1140 1138 2511 
4181 1471 1388 1485 
4182 1235 1234 1236 
4183 1336 1232 2506 
4184 1429 1430 1431 
4185 1231 1232 1233 
4186 919 921 1482 
4187 1618 1619 1620 
4188 1070 1068 2529 
4189 376 2460 2467 
4190 1283 960 2492 
4191 2000 1999 2001 
4192 1166 1380 2534 
4193 1286 972 2558 
4194 927 929 1376 
4195 1229 1348 2499 
4196 1144 1142 2514 
4197 1527 1528 1531 
4198 1550 1549 1551 
4199 75 775 2475 
4200 996 1290 2474 
4201 1515 1513 1516 
4202 882 259 2502 
4203 929 930 931 
4204 962 1283 2555 
4205 1884 1835 2540 
4206 764 1533 1535 
4207 372 373 904 
4208 1270 1344 1345 
4209 1643 1642 1644 
4210 1838 1835 1884 
4211 1040 1300 2496 
4212 1197 1392 2503 
4213 927 928 929 
4214 1424 1426 1487 
4215 798 1961 2538 
4216 1240 1238 1338 
4217 978 976 1280 
4218 1432 1433 1434 
4219 1341 1256 2508 
4220 1601 1600 1602 
4221 2109 2528 2545 
4222 2211 2218 2221 
4223 758 1519 1521 
4224 239 240 907 
4225 1399 1105 2471 
4226 1331 1194 2328 
4227 2577 2327 2581 
4228 1321 1144 2514 
4229 993 992 994 
4230 1260 1258 2518 
4231 387 388 2557 
4232 1319 1140 2511 
4233 1831 845 2540 
4234 931 930 932 
4235 127 896 1664 
4236 1229 1228 1230 
4237 955 957 2526 
4238 1574 1577 2559 
4239 1268 1266 2515 
4240 1270 1268 1344 
4241 1306 1070 2529 
4242 1227 1229 2499 
4243 1195 1197 2503 
4244 1254 1340 2508 
4245 1232 1230 2506 
4246 992 1289 2563 
4247 994 992 2563 
4248 1636 1719 1720 
4249 240 241 2532 
4250 988 986 1288 
4251 2498 2103 2541 
4252 310 311 2479 
4253 264 827 2537 
4254 1094 1092 2554 
4255 792 111 2448 
4256 934 932 2533 
4257 1619 1617 2279 
4258 1233 1232 1234 
4259 2407 789 2549 
4260 1279 930 2517 
4261 1343 1264 2516 
4262 929 928 930 
4263 1421 1277 1422 
4264 2509 2287 2530 
4265 144 145 2570 
4266 953 1417 2466 
4267 781 195 1596 
4268 1479 1491 2561 
4269 1342 1260 2518 
4270 759 390 2415 
4271 1264 1262 2516 
4272 1428 1427 1429 
4273 1282 956 2536 
4274 1231 1230 1232 
4275 2354 2352 2527 
4276 1324 1168 2534 
4277 986 984 2567 
4278 931 932 933 
4279 1460 1459 1461 
4280 998 996 2474 
4281 1258 1341 2518 
4282 135 1882 2409 
4283 1420 1490 2521 
4284 794 114 2189 
4285 758 1518 1519 
4286 1540 1539 1541 
4287 974 972 1286 
4288 1266 1343 2515 
4289 1480 1420 2521 
4290 951 953 2466 
4291 1340 1252 2531 
4292 1470 1454 1475 
4293 1453 1459 1460 
4294 1429 1431 1432 
4295 212 854 2501 
4296 1668 1666 2549 
4297 1500 1480 2521 
4298 248 249 2450 
4299 935 936 937 
4300 238 239 2500 
4301 1388 1272 2452 
4302 1621 1619 1623 
4303 1344 1268 2515 
4304 263 264 2537 
4305 1332 1190 2436 
4306 974 1286 2548 
4307 1388 2452 2561 
4308 1252 1250 2531 
4309 1262 1342 2516 
4310 1426 1427 1428 
4311 763 169 1512 
4312 1302 1801 2560 
4313 933 932 934 
4314 1535 1533 1536 
4315 1470 1475 1476 
4316 1426 1425 1427 
4317 933 934 935 
4318 960 958 2492 
4319 1453 1451 1459 
4320 1292 1002 2546 
4321 1242 1240 2535 
4322 937 936 938 
4323 866 2550 2580 
4324 1436 1465 2524 
4325 1339 1242 2535 
4326 1550 1551 1552 
4327 1535 1536 1733 
4328 927 1376 2547 
4329 1311 1094 2554 
4330 1452 1451 1453 
4331 2370 2354 2527 
4332 1250 1337 2531 
4333 1485 1388 2561 
4334 1475 2226 2564 
4335 1484 1423 2565 
4336 764 176 1532 
4337 935 934 936 
4338 1486 1475 2564 
4339 947 949 2551 
4340 220 221 908 
4341 379 380 2575 
4342 1521 1519 1522 
4343 1544 1546 2543 
4344 210 211 909 
4345 958 1282 2492 
4346 1621 1623 1624 
4347 1475 1454 2226 
4348 764 1532 1533 
4349 1519 1518 1520 
4350 1466 1492 2564 
4351 1240 1338 2535 
4352 2361 2359 2574 
4353 976 974 2548 
4354 1000 1291 2546 
4355 910 418 2280 
4356 1547 1544 2543 
4357 2314 2199 2641 
4358 1424 1425 1426 
4359 757 387 2557 
4360 1002 1000 2546 
4361 1533 1532 1534 
4362 1652 1653 2591 
4363 1424 1423 1425 
4364 2452 1479 2561 
4365 1666 2407 2549 
4366 1473 2643 2648 
4367 158 866 2566 
4368 1602 1600 1603 
4369 1482 921 2547 
4370 159 160 2550 
4371 1476 1486 1497 
4372 1284 964 2555 
4373 1513 1512 1514 
4374 1806 2577 2581 
4375 775 2513 2572 
4376 1056 1302 2560 
4377 1428 1429 2562 
4378 1288 986 2567 
4379 907 240 2532 
4380 763 1512 1513 
4381 957 1377 2526 
4382 1623 1619 2279 
4383 1290 994 2563 
4384 221 222 2505 
4385 373 374 2463 
4386 2475 775 2572 
4387 222 750 2505 
4388 374 753 2463 
4389 211 212 2501 
4390 1422 1423 1424 
4391 1422 1277 1423 
4392 984 1287 2567 
4393 857 1597 2653 
4394 1285 968 2552 
4395 411 412 2583 
4396 791 119 2510 
4397 970 1285 2558 
4398 1058 1056 2560 
4399 922 918 2569 
4400 1468 1434 2524 
4401 1271 2311 2565 
4402 1476 1475 1486 
4403 2226 1466 2564 
4404 382 383 2582 
4405 145 786 2570 
4406 968 966 2552 
4407 966 1284 2552 
4408 1280 976 2548 
4409 1504 1485 2579 
4410 919 1482 2578 
4411 2458 2475 2572 
4412 749 238 2500 
4413 2327 1304 2581 
4414 1304 1060 2573 
4415 1671 2607 2621 
4416 1640 857 2650 
4417 1459 1451 2568 
4418 1434 1436 2524 
4419 1485 2561 2579 
4420 380 755 2575 
4421 2369 2361 2574 
4422 385 386 2587 
4423 226 227 1893 
4424 904 373 2463 
4425 832 190 1639 
4426 1277 1271 2565 
4427 2278 2327 2577 
4428 1536 1533 2586 
4429 1805 1806 2581 
4430 751 226 1893 
4431 219 220 2542 
4432 1881 787 2604 
4433 908 221 2505 
4434 1432 1468 2562 
4435 1429 1432 2562 
4436 2550 1521 2580 
4437 2561 1491 2579 
4438 1529 2128 2585 
4439 1474 832 1639 
4440 1627 1628 2622 
4441 1521 1523 2580 
4442 838 2268 2594 
4443 180 1556 2455 
4444 1451 1449 2568 
4445 1423 1277 2565 
4446 1449 1455 2568 
4447 1597 913 2584 
4448 1534 1715 2590 
4449 220 908 2542 
4450 2311 922 2597 
4451 937 1378 2595 
4452 383 756 2582 
4453 1571 1529 2585 
4454 2573 1805 2581 
4455 1715 1717 2590 
4456 412 856 2583 
4457 2215 817 2571 
4458 1992 2068 2576 
4459 2034 2032 2600 
4460 909 211 2501 
4461 140 141 2598 
4462 943 1379 2605 
4463 933 1419 2593 
4464 1458 2619 2622 
4465 2396 838 2594 
4466 817 2480 2571 
4467 1994 1992 2576 
4468 1304 2573 2581 
4469 1556 1558 2455 
4470 288 289 2601 
4471 282 283 2603 
4472 1558 1557 2589 
4473 386 757 2587 
4474 1419 935 2595 
4475 1533 1534 2586 
4476 2128 165 2585 
4477 2650 857 2653 
4478 1740 1744 2602 
4479 2619 1578 2622 
4480 291 292 2599 
4481 2586 1534 2590 
4482 1439 1437 2610 
4483 1376 929 2596 
4484 1545 1547 2588 
4485 2448 112 2608 
4486 1687 1663 2612 
4487 2557 1652 2591 
4488 1557 1568 2589 
4489 757 2557 2591 
4490 113 794 2608 
4491 1482 2547 2606 
4492 1443 1456 2607 
4493 2607 1671 2632 
4494 1584 2620 2623 
4495 1872 1874 2592 
4496 2268 2269 2594 
4497 1484 2565 2597 
4498 931 933 2593 
4499 787 140 2598 
4500 1657 1881 2604 
4501 939 941 2611 
4502 2098 2094 2654 
4503 929 931 2596 
4504 1673 1798 2642 
4505 935 937 2595 
4506 2066 2034 2600 
4507 850 288 2601 
4508 931 2593 2596 
4509 1742 1740 2602 
4510 1585 2623 2624 
4511 888 282 2603 
4512 804 291 2599 
4513 1587 1585 2624 
4514 1585 1584 2623 
4515 2565 2311 2597 
4516 1628 2610 2622 
4517 299 300 2613 
4518 2617 1457 2620 
4519 941 943 2605 
4520 2547 1376 2606 
4521 2618 1577 2619 
4522 1445 1443 2607 
4523 112 113 2608 
4524 1712 1711 2629 
4525 1913 1917 2630 
4526 1564 1563 2621 
4527 1457 1431 2620 
4528 1437 1458 2610 
4529 2559 1577 2618 
4530 1015 1017 2616 
4531 1753 2673 2681 
4532 1582 2559 2617 
4533 1483 2635 2642 
4534 1577 1578 2619 
4535 1554 1553 2614 
4536 1033 1035 2625 
4537 1021 1023 2629 
4538 1221 1223 2627 
4539 2597 1587 2624 
4540 1484 2597 2624 
4541 1628 2628 2633 
4542 68 69 2631 
4543 1514 1616 2636 
4544 2168 71 2670 
4545 1670 1672 2634 
4546 1447 1445 2632 
4547 1723 1516 2636 
4548 1441 1439 2633 
4549 1516 1513 2636 
4550 300 793 2613 
4551 1629 1527 2640 
4552 1628 1566 2628 
4553 1055 1057 2637 
4554 2617 2559 2618 
4555 65 66 2638 
4556 1578 1627 2622 
4557 941 2605 2611 
4558 2315 2318 2678 
4559 1483 2568 2635 
4560 1473 1461 2643 
4561 56 57 2649 
4562 1127 1129 2646 
4563 2197 2503 2641 
4564 2643 1798 2648 
4565 1523 1522 2645 
4566 1797 1640 2648 
4567 1698 1697 2652 
4568 2610 1458 2622 
4569 2124 2123 2615 
4570 1966 1967 2626 
4571 1584 2617 2620 
4572 2497 2618 2619 
4573 1678 2417 2661 
4574 1584 1582 2617 
4575 1017 1370 2616 
4576 62 63 2657 
4577 2634 1672 2635 
4578 2620 1430 2623 
4579 1431 1430 2620 
4580 1458 2497 2619 
4581 2642 1798 2643 
4582 2497 1457 2618 
4583 1753 1751 2673 
4584 1215 1217 2658 
4585 28 29 2660 
4586 1211 1213 2659 
4587 2607 1456 2621 
4588 2319 2321 2690 
4589 1963 1969 2665 
4590 2628 1456 2633 
4591 2623 2512 2624 
4592 1430 2512 2623 
4593 1135 1137 2663 
4594 2635 1672 2642 
4595 2512 1484 2624 
4596 1035 1410 2625 
4597 2148 2149 2644 
4598 1457 2617 2618 
4599 2163 2164 2647 
4600 1566 1564 2628 
4601 1023 1369 2629 
4602 1349 1221 2627 
4603 1199 1201 2666 
4604 871 1721 2655 
4605 2142 2146 2668 
4606 1735 871 2655 
4607 2155 2156 2651 
4608 69 771 2631 
4609 1455 1447 2632 
4610 1456 1441 2633 
4611 1671 1670 2634 
4612 59 60 2672 
4613 851 2609 2681 
4614 1513 1514 2636 
4615 2384 851 2673 
4616 1751 1750 2673 
4617 1057 1406 2637 
4618 2568 1455 2635 
4619 66 769 2638 
4620 1672 1673 2642 
4621 1527 1531 2640 
4622 2503 1392 2641 
4623 1522 1631 2645 
4624 2458 2572 2639 
4625 1738 1735 2655 
4626 72 772 2670 
4627 1362 1127 2646 
4628 1461 1483 2643 
4629 1798 1797 2648 
4630 2120 2119 2662 
4631 57 774 2649 
4632 2648 1640 2650 
4633 1455 2634 2635 
4634 1455 2632 2634 
4635 1697 1704 2652 
4636 2281 1473 2650 
4637 2632 1671 2634 
4638 2281 2650 2653 
4639 2621 1456 2628 
4640 1564 2621 2628 
4641 1928 1929 2664 
4642 17 18 2675 
4643 1494 2281 2653 
4644 1953 2676 2686 
4645 1827 1826 2667 
4646 43 44 2676 
4647 1721 1687 2655 
4648 1949 1951 2656 
4649 63 768 2657 
4650 1359 1153 2674 
4651 1953 1952 2676 
4652 1943 1942 2671 
4653 1483 2642 2643 
4654 1350 1215 2658 
4655 1213 1350 2659 
4656 2417 1796 2661 
4657 29 776 2660 
4658 2169 2168 2670 
4659 1657 2604 2669 
4660 71 72 2670 
4661 2326 2324 2689 
4662 1137 1395 2663 
4663 2405 826 2677 
4664 1929 1932 2664 
4665 1969 792 2665 
4666 1473 2648 2650 
4667 1201 1352 2666 
4668 49 50 2678 
4669 2174 2142 2668 
4670 2172 2173 2674 
4671 792 2448 2680 
4672 60 767 2672 
4673 1750 2384 2673 
4674 1935 1933 2682 
4675 2124 2615 2681 
4676 2615 1753 2681 
4677 48 49 2683 
4678 1205 1207 2684 
4679 18 773 2675 
4680 44 825 2676 
4681 2401 2405 2677 
4682 825 2400 2686 
4683 50 828 2678 
4684 2670 772 2685 
4685 2321 2677 2690 
4686 1350 2656 2679 
4687 2609 2124 2681 
4688 2659 1350 2679 
4689 1933 1945 2682 
4690 2169 2670 2685 
4691 2173 2457 2688 
4692 772 2457 2685 
4693 2457 2458 2688 
4694 2665 792 2680 
4695 1967 2665 2680 
4696 826 48 2683 
4697 1207 1351 2684 
4698 2684 1351 2687 
4699 2171 2169 2685 
4700 826 2683 2690 
4701 2400 2403 2686 
4702 2680 2326 2689 
4703 1967 2680 2689 
4704 2458 2639 2688 
4705 2626 1967 2689 
4706 2677 826 2690 
4707 914 2695 2940 
4708 2062 1814 2732 
4709 1814 2062 2737 
4710 2433 2292 2738 
4711 2292 2433 2740 
4712 2373 2391 2751 
4713 2391 2373 2752 
4714 2435 2235 2744 
4715 2235 2435 2745 
4716 1496 1604 2710 
4717 1604 1496 2709 
4718 416 417 2693 
4719 209 210 2691 
4720 218 219 2692 
4721 864 1504 2776 
4722 1977 1976 2696 
4723 1497 1486 2696 
4724 1491 1499 2697 
4725 219 2542 2692 
4726 210 909 2691 
4727 417 910 2693 
4728 2063 2613 2737 
4729 1689 1495 2698 
4730 1438 1440 2699 
4731 778 1595 2701 
4732 940 938 2702 
4733 749 2500 2700 
4734 946 944 2703 
4735 952 950 2704 
4736 982 980 2705 
4737 224 225 2706 
4738 1637 1635 2711 
4739 751 1893 2707 
4740 1278 1793 2710 
4741 1478 1496 2710 
4742 1422 1424 2708 
4743 1601 1604 2709 
4744 2213 2210 2712 
4745 907 2532 2709 
4746 1620 1621 2714 
4747 1991 1993 2715 
4748 2217 2216 2713 
4749 1016 1014 2716 
4750 1800 1802 2717 
4751 1022 1020 2719 
4752 1028 1026 2721 
4753 2398 2413 2720 
4754 305 306 2723 
4755 2419 2495 2722 
4756 1034 1032 2724 
4757 2408 2479 2726 
4758 2178 2181 2725 
4759 2026 2028 2727 
4760 317 318 2729 
4761 2251 2254 2728 
4762 2240 2243 2731 
4763 1814 1813 2732 
4764 2454 1298 2732 
4765 2033 2035 2730 
4766 322 323 2734 
4767 2040 2042 2736 
4768 2232 2237 2733 
4769 1116 1114 2735 
4770 2292 2290 2738 
4771 327 328 2739 
4772 2483 1315 2738 
4773 2437 806 2740 
4774 2433 2429 2740 
4775 330 331 2741 
4776 2291 2292 2742 
4777 2434 2435 2744 
4778 807 2441 2744 
4779 1313 2519 2745 
4780 2047 2049 2743 
4781 2435 2431 2746 
4782 2234 2235 2745 
4783 2389 2390 2747 
4784 338 339 2748 
4785 2368 2269 2756 
4786 1154 1152 2750 
4787 2511 2393 2752 
4788 345 346 2749 
4789 2372 2373 2751 
4790 2062 2061 2737 
4791 2388 2391 2752 
4792 1160 1158 2753 
4793 2346 2348 2754 
4794 2353 2355 2755 
4795 2265 2262 2757 
4796 2259 1833 2758 
4797 1174 1172 2759 
4798 1845 1847 2760 
4799 1180 1178 2761 
4800 1851 1854 2762 
4801 1186 1184 2763 
4802 1858 1861 2764 
4803 1200 1198 2766 
4804 1865 1868 2765 
4805 1206 1204 2767 
4806 1212 1210 2768 
4807 1218 1216 2769 
4808 1792 1759 2770 
4809 1238 1236 2771 
4810 1766 1768 2772 
4811 1248 1246 2773 
4812 2295 2583 2774 
4813 2515 1343 2775 
4814 855 420 2776 
4815 421 864 2776 
4816 864 422 2832 
4817 1674 1693 2869 
4818 1690 1691 2868 
4819 1442 1464 2870 
4820 2191 2192 2871 
4821 936 1273 2872 
4822 948 1275 2874 
4823 750 223 2875 
4824 942 1274 2873 
4825 1625 1624 2879 
4826 1489 1421 2876 
4827 1487 1426 2877 
4828 2220 2219 2882 
4829 1638 1636 2878 
4830 978 1280 2880 
4831 2212 2209 2881 
4832 1996 1995 2883 
4833 1789 1790 2933 
4834 1012 1293 2884 
4835 1804 1807 2886 
4836 1809 1811 2885 
4837 842 304 2888 
4838 1018 1295 2887 
4839 2274 2277 2889 
4840 1024 1296 2890 
4841 2031 2030 2891 
4842 2382 2381 2892 
4843 2038 2037 2896 
4844 2179 2183 2894 
4845 1030 1297 2893 
4846 841 316 2895 
4847 2249 2252 2897 
4848 895 321 2898 
4849 2045 2044 2899 
4850 2238 2241 2900 
4851 2233 2236 2902 
4852 2052 2051 2905 
4853 903 326 2901 
4854 1112 1313 2903 
4855 802 329 2904 
4856 2432 2430 2906 
4857 806 337 2908 
4858 2410 2411 2907 
4859 902 344 2909 
4860 1150 1320 2910 
4861 2351 2350 2912 
4862 1156 1322 2911 
4863 2358 2357 2913 
4864 2270 2267 2914 
4865 1170 1324 2915 
4866 2263 2260 2916 
4867 1176 1325 2917 
4868 1837 1834 2918 
4869 1182 1326 2919 
4870 1852 1849 2920 
4871 1196 1331 2922 
4872 1859 1856 2921 
4873 1202 1328 2923 
4874 1866 1863 2924 
4875 1208 1329 2925 
4876 1214 1330 2927 
4877 1873 1870 2926 
4878 1762 1760 2929 
4879 1234 1336 2928 
4880 1773 1770 2932 
4881 1490 1381 2931 
4882 1244 1339 2930 
4883 1494 2584 2934 
4884 2501 854 2935 
4885 912 1506 2939 
4886 217 3 2936 
4887 3 218 2936 
4888 415 4 2938 
4889 4 416 2938 
4890 208 2 2937 
4891 2 209 2937 
4892 1 11 2939 
4893 424 1 2939 
4894 1555 911 2694 
4895 2280 855 2697 
4896 1976 867 2696 
4897 2579 1491 2697 
4898 423 1506 2832 
4899 1977 1492 2935 
4900 2693 910 2695 
4901 2444 914 2940 
4902 2698 750 2875 
4903 2702 1625 2879 
4904 2700 1489 2876 
4905 2701 1487 2877 
4906 2699 1638 2878 
4907 1693 2707 2869 
4908 2704 2220 2882 
4909 2703 2212 2881 
4910 1691 2706 2868 
4911 2192 2708 2871 
4912 1464 2711 2870 
4913 1273 2714 2872 
4914 1275 2713 2874 
4915 2705 1996 2883 
4916 1274 2712 2873 
4917 1280 2715 2880 
4918 2718 842 2888 
4919 2716 2031 2891 
4920 1811 2720 2885 
4921 1807 2723 2886 
4922 2719 2038 2896 
4923 2722 2382 2892 
4924 1293 2727 2884 
4925 2277 2726 2889 
4926 2721 2045 2899 
4927 2725 841 2895 
4928 1295 2730 2887 
4929 2724 2052 2905 
4930 2183 2729 2894 
4931 2728 895 2898 
4932 1296 2736 2890 
4933 2252 2734 2897 
4934 2731 903 2901 
4935 2733 802 2904 
4936 1297 2743 2893 
4937 2241 2739 2900 
4938 2236 2741 2902 
4939 2735 2432 2906 
4940 1313 2746 2903 
4941 2742 806 2908 
4942 2775 1789 2933 
4943 2747 902 2909 
4944 2411 2748 2907 
4945 2750 2351 2912 
4946 1320 2754 2910 
4947 2753 2358 2913 
4948 1322 2755 2911 
4949 1324 2756 2915 
4950 2759 2270 2914 
4951 1325 2757 2917 
4952 2761 2263 2916 
4953 1326 2758 2919 
4954 1331 2760 2922 
4955 2763 1837 2918 
4956 1328 2762 2923 
4957 1329 2764 2925 
4958 2766 1852 2920 
4959 2767 1859 2921 
4960 1330 2765 2927 
4961 2768 1866 2924 
4962 2769 1873 2926 
4963 2771 1762 2929 
4964 1336 2770 2928 
4965 1339 2772 2930 
4966 2773 1773 2932 
4967 2774 1490 2931 
4968 1691 1689 2698 
4969 1465 1438 2699 
4970 2192 749 2700 
4971 1888 778 2701 
4972 1274 940 2702 
4973 1275 946 2703 
4974 1281 952 2704 
4975 1287 982 2705 
4976 1893 1637 2707 
4977 225 751 2706 
4978 1424 1487 2708 
4979 2532 1601 2709 
4980 1635 1638 2711 
4981 1793 1478 2710 
4982 2210 2212 2712 
4983 2216 2220 2713 
4984 1621 1625 2714 
4985 1993 1996 2715 
4986 1295 1016 2716 
4987 1803 1800 2717 
4988 1807 1803 2718 
4989 1296 1022 2719 
4990 1803 2717 2718 
4991 2413 2414 2720 
4992 1297 1028 2721 
4993 2061 2063 2737 
4994 2335 2419 2722 
4995 306 819 2723 
4996 1299 1034 2724 
4997 2183 2178 2725 
4998 2479 2383 2726 
4999 2028 2031 2727 
5000 2252 2251 2728 
5001 318 820 2729 
5002 1813 2454 2732 
5003 2241 2240 2731 
5004 2035 2038 2730 
5005 2236 2232 2733 
5006 323 808 2734 
5007 1315 1116 2735 
5008 2042 2045 2736 
5009 2290 2483 2738 
5010 328 802 2739 
5011 2429 2437 2740 
5012 331 807 2741 
5013 2411 2291 2742 
5014 2049 2052 2743 
5015 2441 2434 2744 
5016 2519 2234 2745 
5017 2431 2432 2746 
5018 2392 2389 2747 
5019 339 900 2748 
5020 2749 821 2751 
5021 346 821 2749 
5022 1322 1154 2750 
5023 821 2372 2751 
5024 2393 2388 2752 
5025 1323 1160 2753 
5026 2348 2351 2754 
5027 2355 2358 2755 
5028 2269 2270 2756 
5029 2262 2263 2757 
5030 1833 1837 2758 
5031 1325 1174 2759 
5032 1847 1852 2760 
5033 1326 1180 2761 
5034 1854 1859 2762 
5035 1327 1186 2763 
5036 1861 1866 2764 
5037 1868 1873 2765 
5038 1328 1200 2766 
5039 1329 1206 2767 
5040 1330 1212 2768 
5041 1333 1218 2769 
5042 1759 1762 2770 
5043 1338 1238 2771 
5044 1768 1773 2772 
5045 1337 1248 2773 
5046 2294 2295 2774 
5047 1481 2515 2775 
5048 1492 1493 2935 
5049 420 421 2776 
5050 2784 1465 2878 
5051 2789 1281 2882 
5052 2781 1888 2877 
5053 2801 1287 2883 
5054 2827 1299 2905 
5055 2821 2335 2892 
5056 819 2816 2886 
5057 2383 2820 2889 
5058 820 2823 2894 
5059 808 2825 2897 
5060 900 2831 2907 
5061 2841 1323 2913 
5062 2855 1333 2926 
5063 2845 1327 2918 
5064 2856 1338 2929 
5065 2858 1337 2932 
5066 2294 2931 2933 
5067 2931 1481 2933 
5068 422 423 2832 
5069 1495 1488 2779 
5070 1488 2184 2778 
5071 1720 1892 2784 
5072 2184 1498 2777 
5073 2517 1278 2785 
5074 2184 2777 2778 
5075 2533 2787 2788 
5076 1279 2786 2787 
5077 1496 1489 2780 
5078 2517 2785 2786 
5079 1279 2517 2786 
5080 1488 2778 2779 
5081 2533 1279 2787 
5082 1891 2782 2783 
5083 1891 1889 2782 
5084 1892 1891 2783 
5085 1889 1888 2781 
5086 1892 2783 2784 
5087 1273 2533 2788 
5088 1889 2781 2782 
5089 2082 2081 2789 
5090 2789 2081 2790 
5091 2081 2083 2790 
5092 2083 2086 2793 
5093 2086 2087 2792 
5094 2089 1982 2791 
5095 2790 2083 2793 
5096 2792 2087 2796 
5097 2086 2792 2793 
5098 2087 2089 2796 
5099 2777 908 2778 
5100 1982 1981 2794 
5101 2791 1982 2794 
5102 908 2505 2778 
5103 2542 908 2777 
5104 2505 750 2779 
5105 1981 1983 2795 
5106 2089 2791 2796 
5107 1983 1986 2798 
5108 2794 1981 2795 
5109 2795 1983 2798 
5110 2778 2505 2779 
5111 1986 1987 2797 
5112 2797 1987 2799 
5113 1987 1989 2799 
5114 1986 2797 2798 
5115 2500 907 2780 
5116 2799 1989 2800 
5117 1989 1991 2800 
5118 1428 2562 2781 
5119 2782 1468 2783 
5120 1603 1622 2787 
5121 1468 2524 2783 
5122 2524 1465 2784 
5123 2562 1468 2782 
5124 1604 1602 2785 
5125 2787 1622 2788 
5126 2783 2524 2784 
5127 2786 1603 2787 
5128 2781 2562 2782 
5129 2785 1602 2786 
5130 1602 1603 2786 
5131 1622 1620 2788 
5132 1998 2000 2801 
5133 2000 2002 2802 
5134 2536 2789 2790 
5135 2801 2000 2802 
5136 2536 1281 2789 
5137 1283 2492 2792 
5138 1283 2792 2796 
5139 1284 2555 2791 
5140 2802 2002 2803 
5141 1282 2536 2790 
5142 2002 2004 2803 
5143 1284 2791 2794 
5144 2492 1282 2793 
5145 2792 2492 2793 
5146 2552 1284 2794 
5147 2791 2555 2796 
5148 2552 2794 2795 
5149 1285 2552 2795 
5150 2555 1283 2796 
5151 1282 2790 2793 
5152 1286 2558 2797 
5153 1286 2797 2799 
5154 2803 2004 2804 
5155 2004 2006 2804 
5156 1285 2795 2798 
5157 2558 1285 2798 
5158 2797 2558 2798 
5159 2548 1286 2799 
5160 2804 2006 2805 
5161 2548 2799 2800 
5162 2006 2008 2805 
5163 1280 2548 2800 
5164 2008 2010 2806 
5165 2805 2008 2806 
5166 2806 2010 2807 
5167 2010 2012 2807 
5168 2012 2014 2808 
5169 2807 2012 2808 
5170 2808 2014 2809 
5171 2567 1287 2801 
5172 2014 2016 2809 
5173 2567 2801 2802 
5174 1288 2567 2802 
5175 1288 2802 2803 
5176 2186 1288 2803 
5177 2810 2018 2813 
5178 2016 2018 2810 
5179 2809 2016 2810 
5180 2186 2803 2804 
5181 2018 2020 2813 
5182 1289 2186 2804 
5183 1289 2804 2805 
5184 2813 2020 2814 
5185 2563 1289 2805 
5186 2020 2022 2814 
5187 2563 2805 2806 
5188 1290 2806 2807 
5189 2461 1294 2815 
5190 1290 2563 2806 
5191 2461 2815 2818 
5192 2474 1290 2807 
5193 1293 2461 2818 
5194 2474 2807 2808 
5195 1291 2474 2808 
5196 1291 2808 2809 
5197 1811 1812 2812 
5198 2546 1291 2809 
5199 1292 2810 2813 
5200 1292 2546 2810 
5201 1812 1814 2811 
5202 2546 2809 2810 
5203 793 2398 2812 
5204 2225 1292 2813 
5205 819 2418 2816 
5206 2816 2418 2817 
5207 1294 2225 2814 
5208 2418 893 2817 
5209 2225 2813 2814 
5210 893 2408 2819 
5211 2817 893 2819 
5212 2613 793 2811 
5213 2022 2024 2815 
5214 2383 2382 2820 
5215 2815 2024 2818 
5216 2577 2816 2817 
5217 2577 1806 2816 
5218 2024 2026 2818 
5219 2811 793 2812 
5220 1812 2811 2812 
5221 2277 2278 2819 
5222 2278 2817 2819 
5223 2278 2577 2817 
5224 890 2421 2821 
5225 2821 2421 2822 
5226 2421 841 2822 
5227 2495 2276 2820 
5228 2823 2406 2824 
5229 2334 2335 2821 
5230 2334 2821 2822 
5231 2181 2334 2822 
5232 2827 2056 2828 
5233 820 2406 2823 
5234 2257 2823 2824 
5235 2406 895 2824 
5236 2257 2182 2823 
5237 2054 2056 2827 
5238 2056 2058 2828 
5239 2245 2247 2825 
5240 2245 2825 2826 
5241 2254 2257 2824 
5242 2243 2245 2826 
5243 2496 1300 2829 
5244 2496 2829 2830 
5245 1298 2496 2830 
5246 808 2442 2825 
5247 2825 2442 2826 
5248 2442 903 2826 
5249 2287 2833 2834 
5250 2833 803 2834 
5251 1294 2814 2815 
5252 2814 2022 2815 
5253 2194 2827 2828 
5254 2194 1299 2827 
5255 2286 2412 2831 
5256 2286 2831 2833 
5257 2287 2286 2833 
5258 1300 2194 2828 
5259 2058 2060 2829 
5260 803 2459 2834 
5261 2834 2459 2835 
5262 2459 902 2835 
5263 2829 2060 2830 
5264 2060 2062 2830 
5265 900 2416 2831 
5266 2373 2341 2836 
5267 1506 1503 2832 
5268 2831 2416 2833 
5269 2836 2341 2837 
5270 2416 803 2833 
5271 2341 2340 2837 
5272 2530 2287 2834 
5273 2530 2834 2835 
5274 2340 2342 2838 
5275 2390 2530 2835 
5276 2837 2340 2838 
5277 2838 2342 2839 
5278 2342 2345 2839 
5279 2345 2346 2840 
5280 2839 2345 2840 
5281 1319 2511 2836 
5282 1319 2836 2837 
5283 2514 1319 2837 
5284 1321 2514 2838 
5285 2514 2837 2838 
5286 1321 2838 2839 
5287 2439 1321 2839 
5288 2439 2839 2840 
5289 1320 2439 2840 
5290 2436 2845 2846 
5291 2845 1839 2846 
5292 2360 2362 2841 
5293 2362 2364 2842 
5294 2841 2362 2842 
5295 2842 2364 2843 
5296 2364 2366 2843 
5297 2520 1323 2841 
5298 2520 2841 2842 
5299 2366 2368 2844 
5300 1380 2520 2842 
5301 2843 2366 2844 
5302 1380 2842 2843 
5303 2534 1380 2843 
5304 2534 2843 2844 
5305 1324 2534 2844 
5306 2828 2058 2829 
5307 1332 2846 2847 
5308 1836 1839 2845 
5309 1300 2828 2829 
5310 2328 1332 2847 
5311 2328 2847 2848 
5312 1332 2436 2846 
5313 1331 2328 2848 
5314 2854 2329 2855 
5315 2436 1327 2845 
5316 1839 1841 2846 
5317 2846 1841 2847 
5318 1841 1843 2847 
5319 2847 1843 2848 
5320 1843 1845 2848 
5321 2330 2329 2854 
5322 1334 2330 2849 
5323 2592 2854 2855 
5324 1653 1651 2849 
5325 2849 1651 2850 
5326 1334 2849 2850 
5327 2489 1334 2850 
5328 1651 1649 2850 
5329 2850 1649 2851 
5330 2489 2850 2851 
5331 1649 1647 2851 
5332 1335 2489 2851 
5333 2329 1333 2855 
5334 2851 1647 2852 
5335 1335 2851 2852 
5336 2506 1335 2852 
5337 1647 1646 2852 
5338 1646 1792 2853 
5339 1336 2506 2853 
5340 2506 2852 2853 
5341 2852 1646 2853 
5342 2592 1653 2854 
5343 1872 2592 2855 
5344 1761 1764 2856 
5345 1764 1766 2857 
5346 2535 1338 2856 
5347 2856 1764 2857 
5348 2535 2856 2857 
5349 2849 2330 2854 
5350 856 2444 2863 
5351 1653 2849 2854 
5352 2862 856 2863 
5353 1339 2535 2857 
5354 2583 856 2862 
5355 1772 1775 2858 
5356 1775 1777 2859 
5357 2858 1775 2859 
5358 2859 1777 2860 
5359 1777 1779 2860 
5360 2531 1337 2858 
5361 2860 1779 2861 
5362 2531 2858 2859 
5363 1779 1781 2861 
5364 1340 2531 2859 
5365 2861 1781 2864 
5366 1340 2859 2860 
5367 1781 1783 2864 
5368 2508 1340 2860 
5369 1783 1785 2865 
5370 2864 1783 2865 
5371 2508 2860 2861 
5372 1341 2508 2861 
5373 2865 1785 2866 
5374 2521 1490 2862 
5375 1785 1787 2866 
5376 1341 2861 2864 
5377 2521 2862 2863 
5378 1500 2521 2863 
5379 2518 1341 2864 
5380 1787 1789 2867 
5381 2866 1787 2867 
5382 2518 2864 2865 
5383 1342 2518 2865 
5384 1342 2865 2866 
5385 2516 1342 2866 
5386 2516 2866 2867 
5387 1343 2516 2867 
5388 1720 2784 2878 
5389 2082 2789 2882 
5390 1998 2801 2883 
5391 1428 2781 2877 
5392 2054 2827 2905 
5393 890 2821 2892 
5394 2816 1806 2886 
5395 2820 2276 2889 
5396 2823 2182 2894 
5397 2825 2247 2897 
5398 2831 2412 2907 
5399 2360 2841 2913 
5400 1836 2845 2918 
5401 1872 2855 2926 
5402 1761 2856 2929 
5403 1772 2858 2932 
5404 1693 1690 2868 
5405 1464 1674 2869 
5406 1440 1442 2870 
5407 1595 2191 2871 
5408 938 936 2872 
5409 944 942 2873 
5410 950 948 2874 
5411 223 224 2875 
5412 1421 1422 2876 
5413 1426 1428 2877 
5414 1624 2213 2879 
5415 1636 1720 2878 
5416 2209 2217 2881 
5417 980 978 2880 
5418 2219 2082 2882 
5419 1995 1998 2883 
5420 1802 1809 2885 
5421 1014 1012 2884 
5422 1806 1804 2886 
5423 1020 1018 2887 
5424 304 305 2888 
5425 2276 2274 2889 
5426 1026 1024 2890 
5427 2381 890 2892 
5428 2030 2033 2891 
5429 1032 1030 2893 
5430 2182 2179 2894 
5431 316 317 2895 
5432 2037 2040 2896 
5433 2247 2249 2897 
5434 321 322 2898 
5435 2044 2047 2899 
5436 2237 2238 2900 
5437 326 327 2901 
5438 2235 2233 2902 
5439 1114 1112 2903 
5440 329 330 2904 
5441 2051 2054 2905 
5442 2430 2433 2906 
5443 2412 2410 2907 
5444 337 338 2908 
5445 344 345 2909 
5446 1152 1150 2910 
5447 1158 1156 2911 
5448 2350 2353 2912 
5449 2357 2360 2913 
5450 2267 2265 2914 
5451 1172 1170 2915 
5452 2260 2259 2916 
5453 1178 1176 2917 
5454 1834 1836 2918 
5455 1184 1182 2919 
5456 1849 1851 2920 
5457 1198 1196 2922 
5458 1856 1858 2921 
5459 1204 1202 2923 
5460 1863 1865 2924 
5461 1210 1208 2925 
5462 1870 1872 2926 
5463 1216 1214 2927 
5464 1236 1234 2928 
5465 1760 1761 2929 
5466 1790 2294 2933 
5467 1246 1244 2930 
5468 1381 1481 2931 
5469 1770 1772 2932 
5470 1493 1494 2934 
5471 854 1977 2935 
5472 2692 2542 2941 
5473 416 2693 2938 
5474 209 2691 2937 
5475 218 2692 2936 
5476 911 217 2936 
5477 913 208 2937 
5478 914 415 2938 
5479 11 912 2939 
5480 2691 913 2937 
5481 2693 914 2938 
5482 2692 911 2936 
5483 1691 2698 2875 
5484 1465 2699 2878 
5485 2192 2700 2876 
5486 1888 2701 2877 
5487 1274 2702 2879 
5488 1275 2703 2881 
5489 1281 2704 2882 
5490 2706 751 2868 
5491 2708 1487 2871 
5492 2707 1637 2869 
5493 1287 2705 2883 
5494 2711 1638 2870 
5495 2712 2212 2873 
5496 2714 1625 2872 
5497 2713 2220 2874 
5498 2715 1996 2880 
5499 1295 2716 2891 
5500 1807 2718 2888 
5501 1296 2719 2896 
5502 2720 2414 2885 
5503 2723 819 2886 
5504 2335 2722 2892 
5505 1297 2721 2899 
5506 2726 2383 2889 
5507 2183 2725 2895 
5508 2727 2031 2884 
5509 1299 2724 2905 
5510 2729 820 2894 
5511 2252 2728 2898 
5512 2730 2038 2887 
5513 2241 2731 2901 
5514 2734 808 2897 
5515 2736 2045 2890 
5516 2236 2733 2904 
5517 1315 2735 2906 
5518 2739 802 2900 
5519 2743 2052 2893 
5520 2741 807 2902 
5521 2411 2742 2908 
5522 2746 2432 2903 
5523 2748 900 2907 
5524 2392 2747 2909 
5525 1322 2750 2912 
5526 1323 2753 2913 
5527 2754 2351 2910 
5528 2755 2358 2911 
5529 2756 2270 2915 
5530 2757 2263 2917 
5531 1325 2759 2914 
5532 2758 1837 2919 
5533 1326 2761 2916 
5534 2760 1852 2922 
5535 2762 1859 2923 
5536 1327 2763 2918 
5537 2764 1866 2925 
5538 1328 2766 2920 
5539 2765 1873 2927 
5540 1329 2767 2921 
5541 1330 2768 2924 
5542 1333 2769 2926 
5543 2770 1762 2928 
5544 1338 2771 2929 
5545 2772 1773 2930 
5546 1337 2773 2932 
5547 2294 2774 2931 
5548 1481 2775 2933 
5549 1498 2694 2941 
5550 2695 1500 2940 
5551 2863 2444 2940 
5552 1500 2863 2940 
5553 2542 2777 2941 
5554 2777 1498 2941 
2 2 2 2971
5555 593 594 4231 
5556 3750 3515 4252 
5557 568 569 3721 
5558 620 621 4231 
5559 3411 3459 3710 
5560 3668 2986 4064 
5561 3444 3510 3901 
5562 3510 3643 3901 
5563 3694 3015 4165 
5564 2967 3679 3804 
5565 3684 3007 3685 
5566 3484 3712 3787 
5567 3001 3707 3895 
5568 2950 3705 3707 
5569 3400 3399 4186 
5570 3515 3750 3860 
5571 3015 3694 3695 
5572 3660 2987 3709 
5573 3677 2949 3746 
5574 2950 3707 4220 
5575 3865 3550 3867 
5576 3685 3007 3686 
5577 3691 2967 3804 
5578 3677 3668 4064 
5579 3562 3856 3857 
5580 3661 2972 3712 
5581 3839 3642 4154 
5582 3698 3016 3779 
5583 3475 3645 3947 
5584 2972 3661 3711 
5585 3895 3707 4207 
5586 3721 569 4176 
5587 3016 3698 4292 
5588 3726 3370 3729 
5589 3731 3733 3735 
5590 3686 3011 3694 
5591 3015 3695 3696 
5592 3867 3550 4213 
5593 2987 3660 3708 
5594 3631 3872 4206 
5595 3562 3857 4187 
5596 3017 3018 3766 
5597 3780 4203 4241 
5598 2948 3688 3882 
5599 3894 4014 4122 
5600 2944 3663 4262 
5601 626 627 3021 
5602 3749 3750 4252 
5603 3410 3411 3710 
5604 3628 3839 4154 
5605 3399 3741 4186 
5606 3693 3694 4165 
5607 3663 2944 4193 
5608 3703 3631 4206 
5609 4173 3578 4178 
5610 4190 525 4272 
5611 3602 3951 4258 
5612 3729 3370 3730 
5613 3474 3475 3947 
5614 3825 4067 4300 
5615 4217 2959 4251 
5616 3680 4190 4272 
5617 3678 3677 3746 
5618 3741 3399 3817 
5619 3011 3686 4248 
5620 3825 2977 4067 
5621 3708 4217 4251 
5622 3871 3653 4028 
5623 3892 3891 4183 
5624 3018 3017 4214 
5625 2955 3788 4194 
5626 3003 3676 4172 
5627 3459 3660 3710 
5628 3484 3661 3712 
5629 3712 3573 3787 
5630 3727 3718 3773 
5631 3892 4183 4263 
5632 4014 3894 4263 
5633 4212 381 4254 
5634 3882 3688 4294 
5635 604 605 3779 
5636 2944 3700 4193 
5637 3573 3712 3721 
5638 2972 568 3721 
5639 3740 3741 3817 
5640 3951 3602 4205 
5641 3944 4055 4164 
5642 3788 3701 4194 
5643 3700 2944 4249 
5644 3584 3760 4197 
5645 3656 3951 4205 
5646 3311 3247 4198 
5647 3638 3573 3721 
5648 3955 3505 4162 
5649 2958 3687 3833 
5650 3629 3945 4237 
5651 3945 3629 4258 
5652 3743 3468 4186 
5653 3760 3584 4282 
5654 3951 3656 4283 
5655 2962 3667 4222 
5656 3667 2962 4275 
5657 3723 3719 3725 
5658 3974 3006 4283 
5659 3245 3243 3730 
5660 4203 2973 4241 
5661 3657 4212 4254 
5662 4226 2995 4238 
5663 3735 3733 4288 
5664 4067 3472 4300 
5665 3673 3671 3758 
5666 3953 3006 3974 
5667 2949 3677 4064 
5668 3009 3761 3762 
5669 3555 4192 4252 
5670 3009 3762 3763 
5671 3643 3900 3901 
5672 398 4204 4230 
5673 627 3019 3021 
5674 3388 3740 3817 
5675 4022 3870 4092 
5676 3729 3731 3735 
5677 2963 4173 4178 
5678 626 3021 4159 
5679 3010 3697 3939 
5680 3771 3752 4316 
5681 3857 3859 4187 
5682 3468 3743 4295 
5683 3635 3755 3756 
5684 3824 3472 4250 
5685 3754 3655 4275 
5686 3682 3673 3758 
5687 3688 2948 3883 
5688 631 632 3696 
5689 3746 4210 4239 
5690 3505 3770 4162 
5691 3561 4243 4260 
5692 3472 3824 4300 
5693 3017 3019 4214 
5694 2960 4229 4244 
5695 3007 3684 4180 
5696 2966 3807 4272 
5697 632 3015 3696 
5698 3016 604 3779 
5699 3468 3400 4186 
5700 3752 3771 4168 
5701 3539 4191 4221 
5702 3311 3727 3773 
5703 4187 3859 4245 
5704 3725 3719 3727 
5705 3647 4226 4238 
5706 3719 3718 3727 
5707 3740 3388 4162 
5708 3019 3017 4279 
5709 4155 3765 4161 
5710 4243 3827 4260 
5711 3679 2967 4190 
5712 3702 2996 3853 
5713 3657 3636 4212 
5714 4210 3734 4239 
5715 3687 2958 4174 
5716 2970 3666 4257 
5717 3653 3871 4307 
5718 4107 4201 4228 
5719 3727 3311 4198 
5720 4055 3944 4315 
5721 3574 3854 4267 
5722 605 2992 3779 
5723 3474 3947 3948 
5724 3719 3723 3768 
5725 3666 2970 4306 
5726 567 2972 3711 
5727 3676 3003 4303 
5728 3655 3754 4192 
5729 4192 3749 4252 
5730 3656 3974 4283 
5731 3370 3245 3730 
5732 3243 3358 3730 
5733 3947 3645 4290 
5734 3854 3574 4236 
5735 566 567 3711 
5736 4212 3636 4286 
5737 4204 3654 4230 
5738 4229 3704 4244 
5739 4155 3780 4241 
5740 3688 3689 4294 
5741 3868 3867 4213 
5742 3894 4122 4177 
5743 3388 3955 4162 
5744 3859 3689 4245 
5745 3578 3666 4178 
5746 3444 3901 4253 
5747 3642 3839 4261 
5748 544 545 3736 
5749 3940 3003 4172 
5750 619 595 3020 
5751 3715 3716 3768 
5752 3689 3859 4294 
5753 3629 3602 4258 
5754 3770 3505 3782 
5755 3807 3680 4272 
5756 3839 3628 3840 
5757 3638 3721 4176 
5758 3894 3892 4263 
5759 3660 3709 3710 
5760 3579 3914 4286 
5761 3685 3686 3693 
5762 3693 3012 4225 
5763 3659 3771 4316 
5764 3694 3011 3695 
5765 3807 2966 4219 
5766 2946 3770 3782 
5767 2962 3754 4275 
5768 4191 3845 4221 
5769 3733 3734 4210 
5770 3868 4213 4291 
5771 2942 3715 3768 
5772 2985 544 3736 
5773 3939 3697 4202 
5774 3370 3726 4198 
5775 3639 3841 4255 
5776 3870 4022 4199 
5777 3635 3756 4313 
5778 4201 3000 4228 
5779 2986 3668 4281 
5780 3692 528 4222 
5781 3765 4155 4241 
5782 3914 3579 4227 
5783 3841 3639 4267 
5784 4055 3630 4164 
5785 3582 3535 3883 
5786 3535 3688 3883 
5787 3716 3719 3768 
5788 4232 4184 4293 
5789 3860 3750 4217 
5790 3736 3735 4288 
5791 3690 666 4262 
5792 3247 3370 4198 
5793 631 3696 4169 
5794 3026 3023 3782 
5795 3871 4028 4188 
5796 4067 2977 4191 
5797 3012 3693 4165 
5798 4092 3870 4291 
5799 3741 3738 3742 
5800 545 2947 3736 
5801 3753 3659 4316 
5802 3641 4184 4232 
5803 3763 3762 3764 
5804 3474 3948 4175 
5805 3744 2988 4163 
5806 3701 3004 4194 
5807 3685 3693 4225 
5808 3712 2972 3721 
5809 595 619 3767 
5810 3707 3001 4220 
5811 564 2965 3753 
5812 3663 3690 4262 
5813 2946 3769 3770 
5814 528 3692 4302 
5815 2947 3728 3735 
5816 2955 3713 3788 
5817 3715 2942 3810 
5818 3728 2947 3814 
5819 2970 3703 4206 
5820 4182 3014 4211 
5821 3723 3722 3768 
5822 3738 3737 3742 
5823 3733 4210 4288 
5824 4233 3829 4239 
5825 3659 3753 4280 
5826 3023 3022 3782 
5827 3505 3026 3782 
5828 3748 2959 3750 
5829 2984 3739 3769 
5830 3722 2942 3768 
5831 549 2942 3722 
5832 553 2946 3022 
5833 555 2984 3769 
5834 557 2952 3737 
5835 543 2985 3745 
5836 3737 2952 3742 
5837 559 2988 3744 
5838 531 2989 3754 
5839 577 2991 3757 
5840 2958 3842 4174 
5841 3757 2991 3758 
5842 3755 3635 4179 
5843 3709 2987 4215 
5844 3729 3730 3731 
5845 2967 3691 4235 
5846 3693 3686 3694 
5847 3758 3671 4223 
5848 563 564 3753 
5849 3697 3010 4292 
5850 3022 2946 3782 
5851 3672 3824 4250 
5852 4207 3626 4305 
5853 2982 3024 3810 
5854 2983 3724 3814 
5855 3528 3448 4074 
5856 3448 3771 4074 
5857 3785 3494 3831 
5858 2996 3702 4204 
5859 3730 3358 3731 
5860 2947 3735 3736 
5861 3769 3739 3770 
5862 3751 563 3753 
5863 2989 3748 3749 
5864 3755 2979 3756 
5865 3759 2981 3760 
5866 596 618 3020 
5867 3742 3743 4186 
5868 3772 3554 3807 
5869 3174 3158 4160 
5870 666 3690 4278 
5871 3763 3764 3765 
5872 3702 3853 4311 
5873 3592 3594 3934 
5874 3743 2952 3744 
5875 3594 3928 3934 
5876 3785 3831 3832 
5877 3024 3715 3810 
5878 3724 3728 3814 
5879 3833 3687 4308 
5880 3174 3784 3832 
5881 548 549 3722 
5882 552 553 3022 
5883 556 557 3737 
5884 542 543 3745 
5885 554 555 3769 
5886 558 559 3744 
5887 530 531 3754 
5888 562 563 3751 
5889 2942 550 3810 
5890 551 2982 3810 
5891 547 2983 3814 
5892 2947 546 3814 
5893 576 577 3757 
5894 539 2986 3747 
5895 2956 538 3747 
5896 533 2959 3748 
5897 2989 532 3748 
5898 541 2949 4064 
5899 2986 540 4064 
5900 573 2979 3755 
5901 625 626 4159 
5902 520 2981 3759 
5903 3034 3036 3912 
5904 3013 584 3766 
5905 3784 3785 3832 
5906 585 3017 3766 
5907 3785 3528 4074 
5908 3142 3786 3911 
5909 3786 3587 3911 
5910 3494 3785 4074 
5911 3478 3897 4140 
5912 3192 3927 4146 
5913 3790 3792 4144 
5914 3100 3774 3775 
5915 3742 2952 3743 
5916 3554 3772 3934 
5917 3623 3806 4145 
5918 3703 2970 4257 
5919 3790 3588 3791 
5920 2992 3778 3779 
5921 3791 3588 3992 
5922 3311 3773 3897 
5923 3772 3592 3934 
5924 3784 3174 4160 
5925 3907 3906 4139 
5926 3862 3861 4137 
5927 3594 3927 3928 
5928 3021 588 4159 
5929 3038 3040 3898 
5930 3353 3925 4128 
5931 3883 2948 4170 
5932 3796 3183 3920 
5933 3589 3796 3920 
5934 3335 3034 3912 
5935 3486 3937 4135 
5936 3774 3100 3898 
5937 3036 3100 3912 
5938 3396 3309 3897 
5939 3731 3358 3732 
5940 3500 3776 3898 
5941 3921 3922 4020 
5942 3150 3159 4131 
5943 3794 3159 3921 
5944 3922 3521 4020 
5945 3588 3790 4144 
5946 3811 3597 4130 
5947 3794 3921 4020 
5948 3518 4005 4042 
5949 3749 3748 3750 
5950 3937 3941 3982 
5951 3941 3170 3982 
5952 3142 3139 4156 
5953 3899 3777 4032 
5954 3543 3837 4085 
5955 3778 2992 3780 
5956 3776 3500 4098 
5957 3927 3594 4146 
5958 3925 3615 4128 
5959 3526 3899 4032 
5960 3186 3915 4117 
5961 3100 3775 3912 
5962 3793 3518 4042 
5963 3759 3760 3761 
5964 3806 3196 4145 
5965 3100 3038 3898 
5966 3518 3793 3956 
5967 3040 3500 3898 
5968 3923 3599 4095 
5969 3813 3812 4112 
5970 3906 3187 4139 
5971 3049 3777 3933 
5972 3777 3049 4032 
5973 3917 3918 4006 
5974 3775 4140 4148 
5975 3933 3781 4025 
5976 3837 3836 4085 
5977 3918 3412 4006 
5978 3249 3862 4137 
5979 3166 3183 4142 
5980 3797 3113 3919 
5981 3049 3933 4025 
5982 3309 3311 3897 
5983 3596 3928 3929 
5984 3754 2989 4192 
5985 3917 3598 3919 
5986 4094 3776 4098 
5987 3478 3396 3897 
5988 3929 3208 4018 
5989 3598 3917 4006 
5990 3775 3478 4140 
5991 3897 3773 4140 
5992 3159 3794 4131 
5993 3878 3877 4047 
5994 3598 3797 3919 
5995 3912 3775 4148 
5996 3915 3607 4117 
5997 3250 3781 4042 
5998 3848 3851 4083 
5999 4077 3875 4127 
6000 3596 3929 4018 
6001 3771 3448 4168 
6002 3104 3113 4081 
6003 3332 3878 4047 
6004 3781 3250 4025 
6005 3937 3982 4135 
6006 3529 3612 4096 
6007 4005 3250 4042 
6008 3793 3331 3956 
6009 3331 3783 3801 
6010 3548 3792 3909 
6011 3287 3369 3805 
6012 3837 4094 4098 
6013 3783 3331 3793 
6014 3928 3596 3934 
6015 3975 3610 4087 
6016 3905 3801 4070 
6017 3776 3774 3898 
6018 3837 3543 4094 
6019 3172 3923 4095 
6020 3789 3634 3834 
6021 3786 3142 4156 
6022 3484 3787 3805 
6023 3699 522 4235 
6024 3500 3936 4098 
6025 3597 3981 4130 
6026 3175 3174 3832 
6027 3113 3797 4081 
6028 3158 3157 4160 
6029 3965 3714 4076 
6030 3731 3732 3733 
6031 3467 3691 3804 
6032 3194 3175 3832 
6033 3157 3911 4158 
6034 3678 3829 3970 
6035 3909 3792 3930 
6036 2999 3869 3870 
6037 3369 3484 3805 
6038 4017 3926 4037 
6039 3792 3548 4144 
6040 3812 3980 4112 
6041 3831 3194 3832 
6042 3300 3931 4002 
6043 3571 3800 4105 
6044 3512 3881 3935 
6045 3915 3353 4128 
6046 3979 3820 3993 
6047 3851 3314 4083 
6048 3012 635 3795 
6049 3544 3543 4085 
6050 3208 3809 4018 
6051 3877 3881 4047 
6052 3801 3783 4070 
6053 3552 3778 4124 
6054 391 392 3869 
6055 3572 3803 4093 
6056 3881 3085 3935 
6057 641 2977 3825 
6058 3140 3979 3993 
6059 3183 3796 4142 
6060 3520 3931 3932 
6061 3662 3454 3799 
6062 3596 3554 3934 
6063 3829 3828 3970 
6064 627 628 3019 
6065 3288 3287 3805 
6066 3290 3288 4044 
6067 3850 3417 3960 
6068 2999 391 3869 
6069 3686 3007 4248 
6070 3520 3932 3990 
6071 3451 3467 3804 
6072 644 2974 3844 
6073 3154 3975 4087 
6074 3402 3468 3818 
6075 629 630 3018 
6076 3655 3556 3802 
6077 3107 4017 4037 
6078 3195 3194 4033 
6079 3634 3376 3834 
6080 3157 4158 4160 
6081 3417 3850 3961 
6082 3835 3909 3930 
6083 3519 3815 3816 
6084 3896 3509 4003 
6085 3208 3209 3809 
6086 2953 3866 3867 
6087 3942 3538 4069 
6088 3454 3384 3799 
6089 2953 3867 3868 
6090 3300 3887 3931 
6091 3878 3332 4052 
6092 3612 3419 3813 
6093 3931 3520 4002 
6094 4077 3544 4085 
6095 3279 3325 3962 
6096 2980 3823 3824 
6097 3337 3156 3821 
6098 3490 3907 3941 
6099 3201 3896 4003 
6100 3194 3831 4033 
6101 3368 3965 4076 
6102 3473 3789 3834 
6103 2953 393 3866 
6104 411 2976 3904 
6105 609 610 3009 
6106 3419 3420 3813 
6107 660 2997 3858 
6108 3803 3181 4093 
6109 3415 3610 3808 
6110 3288 3805 4044 
6111 3002 3893 3894 
6112 3800 3261 4105 
6113 3363 3410 3889 
6114 3371 3473 3834 
6115 3670 3507 3675 
6116 3340 3337 3821 
6117 632 633 3015 
6118 3203 3282 3849 
6119 3612 4036 4096 
6120 3519 3278 3815 
6121 636 3008 3795 
6122 3683 3682 3684 
6123 3306 3307 3451 
6124 3556 3558 3802 
6125 3455 3634 3635 
6126 3858 2997 3859 
6127 3467 3583 3691 
6128 3002 383 3893 
6129 3423 3811 3812 
6130 3778 3780 4124 
6131 3490 3491 3907 
6132 3826 2993 3827 
6133 3268 3270 3306 
6134 3553 3680 3807 
6135 3099 3103 3908 
6136 3857 3858 3859 
6137 3691 3583 3699 
6138 3134 3835 3930 
6139 3843 3844 3845 
6140 3903 410 3904 
6141 3838 3839 3840 
6142 3887 3300 3952 
6143 2994 3838 3840 
6144 3091 3331 3801 
6145 634 635 3012 
6146 3455 3376 3634 
6147 3219 3388 3817 
6148 3836 3083 4085 
6149 392 2953 3869 
6150 3451 3307 3467 
6151 3306 3270 3307 
6152 3404 3402 3818 
6153 3308 3828 3829 
6154 3220 3128 3822 
6155 3473 3573 3638 
6156 3371 3375 3473 
6157 3880 3085 3881 
6158 3093 3801 3905 
6159 3508 3507 3670 
6160 3308 3237 3828 
6161 3877 3874 3880 
6162 3820 3821 3994 
6163 2996 3852 3853 
6164 3423 3424 3811 
6165 3199 3208 3929 
6166 3849 3850 3960 
6167 3473 3375 3573 
6168 3371 3295 3375 
6169 3414 3846 3847 
6170 652 2993 3826 
6171 3830 3418 3968 
6172 2980 639 3823 
6173 3900 2971 3901 
6174 3733 3732 3734 
6175 3113 3114 3919 
6176 3223 3836 3837 
6177 636 637 3008 
6178 3553 3679 3680 
6179 3544 4077 4127 
6180 3480 3451 3481 
6181 3874 3077 3880 
6182 3416 3415 3808 
6183 3581 3460 3860 
6184 3823 640 3825 
6185 3278 3320 3815 
6186 3553 3481 3679 
6187 3209 3268 3809 
6188 2993 653 3833 
6189 3377 3376 3455 
6190 3661 3662 3711 
6191 3414 3847 3848 
6192 393 394 3866 
6193 3287 3291 3369 
6194 3369 3384 3454 
6195 409 410 3903 
6196 3599 3808 3975 
6197 3093 3091 3801 
6198 2998 3863 3864 
6199 3083 3060 3879 
6200 2994 404 3838 
6201 3223 3052 3836 
6202 3819 3340 3821 
6203 3343 3340 3819 
6204 3418 3830 3967 
6205 3134 3131 3835 
6206 638 639 2980 
6207 3306 3480 3809 
6208 3993 3820 3994 
6209 408 2971 3900 
6210 3030 3028 3955 
6211 3414 3322 3846 
6212 403 2994 3841 
6213 2977 642 3843 
6214 3681 3673 3682 
6215 3920 3192 4146 
6216 3144 3167 3960 
6217 656 2995 3842 
6218 3287 3212 3291 
6219 3369 3291 3384 
6220 3667 3593 3692 
6221 3661 3454 3662 
6222 3482 3481 3553 
6223 3376 3372 3834 
6224 410 411 3904 
6225 3938 3669 3970 
6226 2996 400 3852 
6227 3843 643 3844 
6228 3493 3495 3658 
6229 2995 657 3855 
6230 640 641 3825 
6231 383 384 3893 
6232 3328 3548 3909 
6233 3296 3295 3371 
6234 3484 3454 3661 
6235 3926 3519 4037 
6236 3927 3198 3928 
6237 3873 3077 3874 
6238 3591 3593 3667 
6239 3106 3093 3905 
6240 2945 3890 3891 
6241 3658 3495 3659 
6242 3213 3212 3287 
6243 3471 3458 3507 
6244 3921 3165 3922 
6245 3838 2964 3839 
6246 3028 3505 3955 
6247 3479 3777 3899 
6248 3910 3258 3998 
6249 3317 4021 4023 
6250 3585 3644 3704 
6251 3877 3880 3881 
6252 659 660 3858 
6253 3502 3885 3886 
6254 641 642 2977 
6255 3554 3553 3807 
6256 2998 395 3863 
6257 3792 3189 3930 
6258 3184 3192 3920 
6259 3420 3423 3813 
6260 3128 3126 3822 
6261 3268 3306 3809 
6262 3496 3599 3923 
6263 635 636 3795 
6264 3852 2961 3854 
6265 3850 3848 4083 
6266 3193 3198 3927 
6267 2974 645 3872 
6268 3042 3044 3936 
6269 3326 3328 3909 
6270 3599 3975 4095 
6271 2997 661 3882 
6272 3306 3451 3480 
6273 3660 3581 3708 
6274 3160 3165 3921 
6275 3203 3849 3960 
6276 3189 3136 3930 
6277 3861 3899 4137 
6278 3669 3678 3970 
6279 3222 3790 3791 
6280 3873 3875 3879 
6281 643 644 3844 
6282 3500 3042 3936 
6283 3917 3916 3918 
6284 2950 389 3884 
6285 607 608 2973 
6286 3346 3942 4069 
6287 3941 3907 4139 
6288 3070 3077 3873 
6289 3427 3486 3597 
6290 3502 3163 3885 
6291 3121 3149 3916 
6292 3157 3143 3911 
6293 3446 3445 3585 
6294 3828 3284 3970 
6295 3853 3852 3854 
6296 3374 3372 3376 
6297 3138 3189 3222 
6298 3591 3592 3593 
6299 3462 3515 3860 
6300 3237 3235 3828 
6301 3282 3414 3849 
6302 3585 3445 3644 
6303 3529 3419 3612 
6304 3863 2957 3871 
6305 2945 385 3890 
6306 3555 3556 3655 
6307 644 645 2974 
6308 3328 3351 3547 
6309 3547 3861 3862 
6310 3460 3462 3860 
6311 3384 3493 3799 
6312 3453 3442 3640 
6313 3496 3465 3599 
6314 3958 3081 3983 
6315 3467 3499 3583 
6316 3351 3479 3861 
6317 3294 3290 3295 
6318 3120 3916 3917 
6319 3138 3136 3189 
6320 3459 3581 3660 
6321 3453 3669 3938 
6322 3380 3419 3529 
6323 3192 3193 3927 
6324 3222 3189 3790 
6325 3143 3142 3911 
6326 3061 3057 3956 
6327 3326 3327 3328 
6328 3183 3184 3920 
6329 3487 3490 3937 
6330 3415 3523 3610 
6331 3417 3144 3960 
6332 3517 3958 3983 
6333 3313 3219 3817 
6334 3360 3453 3938 
6335 3234 3233 3235 
6336 3459 3460 3581 
6337 3232 3231 3233 
6338 3230 3512 3935 
6339 3230 3229 3231 
6340 2963 651 3826 
6341 3096 3230 3935 
6342 3384 3492 3493 
6343 3864 3863 3871 
6344 3137 3136 3138 
6345 3480 3481 3482 
6346 3855 2954 3856 
6347 3159 3160 3921 
6348 3415 3393 3523 
6349 3399 3313 3817 
6350 3875 3874 3876 
6351 3547 3351 3861 
6352 3130 3220 3326 
6353 3901 2971 3902 
6354 3328 3327 3351 
6355 3322 3383 3846 
6356 3402 3400 3468 
6357 3211 3195 3212 
6358 3406 3404 3445 
6359 3623 3627 3806 
6360 3360 3361 3442 
6361 3398 3313 3399 
6362 3453 3640 3668 
6363 3067 3072 3952 
6364 3057 3518 3956 
6365 3481 3451 3804 
6366 647 648 2970 
6367 3326 3220 3327 
6368 2998 3864 3865 
6369 3120 3121 3916 
6370 3191 3175 3194 
6371 3239 3237 3308 
6372 3576 3577 3623 
6373 3126 3221 3822 
6374 3372 3371 3834 
6375 3360 3442 3453 
6376 3861 3479 3899 
6377 3873 3874 3875 
6378 3103 3104 4081 
6379 3516 3522 3555 
6380 3493 3494 3495 
6381 3173 3158 3174 
6382 654 2958 3833 
6383 3890 3001 3895 
6384 3558 3590 3591 
6385 3230 3231 3232 
6386 3848 3847 3851 
6387 3268 3269 3270 
6388 405 2964 3838 
6389 3486 3487 3937 
6390 3491 3576 3907 
6391 3219 3214 3388 
6392 3243 3241 3358 
6393 3130 3128 3220 
6394 3235 3284 3828 
6395 3247 3245 3370 
6396 3232 3233 3234 
6397 3096 3229 3230 
6398 3235 3236 3284 
6399 3815 3529 3816 
6400 3361 3363 3889 
6401 3135 3134 3136 
6402 3193 3197 3198 
6403 3234 3235 3237 
6404 3126 3124 3221 
6405 3876 3877 3878 
6406 639 640 3823 
6407 3473 3638 3789 
6408 3184 3188 3192 
6409 3155 3143 3157 
6410 408 409 2971 
6411 3462 3514 3515 
6412 3109 3094 3967 
6413 3558 3591 3802 
6414 3377 3455 3456 
6415 2958 655 3842 
6416 3096 3097 3229 
6417 650 651 2963 
6418 3300 3067 3952 
6419 3424 3427 3811 
6420 3497 3496 3616 
6421 2961 402 3841 
6422 3411 3413 3459 
6423 3160 3162 3165 
6424 3220 3822 4000 
6425 3363 3409 3410 
6426 3427 3428 3486 
6427 3166 3171 3183 
6428 3564 4021 4030 
6429 3252 3254 3926 
6430 3466 3465 3496 
6431 3493 3658 3799 
6432 401 2961 3852 
6433 3301 3260 3910 
6434 3078 3085 3880 
6435 3060 3066 3879 
6436 3465 3416 3808 
6437 3808 3610 3975 
6438 3150 3152 3159 
6439 3508 3670 3671 
6440 3260 3258 3910 
6441 3285 3330 3360 
6442 407 408 3900 
6443 3141 3139 3142 
6444 3423 3812 3813 
6445 652 653 2993 
6446 658 2954 3855 
6447 642 643 3843 
6448 3380 3381 3419 
6449 3369 3454 3484 
6450 3221 3905 4070 
6451 3891 3890 3895 
6452 3217 3353 3915 
6453 3052 3056 3836 
6454 3056 3060 3083 
6455 3066 3873 3879 
6456 3121 3123 3149 
6457 3887 3886 3888 
6458 3078 3082 3085 
6459 3320 3380 3815 
6460 3129 3128 3130 
6461 3070 3075 3077 
6462 3261 4099 4105 
6463 3502 3886 3887 
6464 3086 3088 3096 
6465 3482 3553 3554 
6466 405 406 2964 
6467 3822 3221 4058 
6468 3066 3070 3873 
6469 3077 3078 3880 
6470 3114 3120 3919 
6471 3050 3052 3223 
6472 3254 3262 3926 
6473 3502 3887 3952 
6474 3127 3126 3128 
6475 3576 3623 3906 
6476 396 2957 3863 
6477 3114 3116 3120 
6478 3354 4111 4116 
6479 3056 3083 3836 
6480 3491 3575 3576 
6481 3523 3819 3820 
6482 3683 3684 3685 
6483 654 655 2958 
6484 3003 378 3913 
6485 403 404 2994 
6486 3394 3393 3415 
6487 2945 3891 3892 
6488 3393 3343 3819 
6489 3094 3418 3967 
6490 3104 3108 3113 
6491 3125 3124 3126 
6492 3398 3399 3400 
6493 3097 3099 3908 
6494 3487 3489 3490 
6495 3099 3102 3103 
6496 3213 3287 3288 
6497 401 402 2961 
6498 662 2948 3882 
6499 3286 3207 3972 
6500 3424 3426 3427 
6501 656 657 2995 
6502 390 2999 3884 
6503 3167 3203 3960 
6504 399 400 2996 
6505 3640 3442 3641 
6506 3856 2954 3857 
6507 3572 3570 3803 
6508 3262 3519 3926 
6509 3420 3422 3423 
6510 3406 3445 3446 
6511 3519 3816 4037 
6512 3523 3820 3979 
6513 386 3001 3890 
6514 3296 3371 3372 
6515 3351 3352 3479 
6516 3931 3888 3932 
6517 658 659 2954 
6518 3199 3202 3208 
6519 3044 3050 3936 
6520 3417 3961 3963 
6521 3353 3924 3925 
6522 3913 2943 3914 
6523 645 646 3872 
6524 3805 3787 4044 
6525 396 397 2957 
6526 3137 3138 3139 
6527 3511 3509 3896 
6528 3876 3874 3877 
6529 3619 3506 3830 
6530 3133 3131 3134 
6531 3262 3278 3519 
6532 3464 3416 3465 
6533 3163 3177 3885 
6534 3214 3030 3955 
6535 3328 3547 3548 
6536 3445 3404 3818 
6537 3568 3570 3572 
6538 3479 3483 3777 
6539 660 661 2997 
6540 394 395 2998 
6541 3177 3298 3885 
6542 3091 3089 3331 
6543 3124 3106 3905 
6544 3669 3668 3677 
6545 3374 3376 3377 
6546 4062 3501 4066 
6547 3155 3157 3158 
6548 3284 3285 3938 
6549 3320 3379 3380 
6550 3079 3068 3969 
6551 3235 3233 3236 
6552 3177 3179 3298 
6553 392 393 2953 
6554 394 2998 3866 
6555 3906 3623 4145 
6556 3209 3267 3268 
6557 3360 3330 3361 
6558 390 391 2999 
6559 3284 3236 3285 
6560 3593 3592 3772 
6561 3679 3481 3804 
6562 3085 3086 3935 
6563 3427 3597 3811 
6564 388 389 2950 
6565 662 663 2948 
6566 3617 3506 3619 
6567 3147 3163 3502 
6568 3231 3229 3501 
6569 3077 3075 3078 
6570 3459 3413 3460 
6571 3131 3130 3835 
6572 3471 3507 3508 
6573 3410 3409 3411 
6574 3555 3522 3556 
6575 651 652 3826 
6576 386 387 3001 
6577 3830 3506 3967 
6578 3211 3212 3213 
6579 3504 3781 3933 
6580 384 2945 3893 
6581 3616 3496 3923 
6582 3085 3082 3086 
6583 3191 3194 3195 
6584 664 665 3000 
6585 3515 3514 3516 
6586 3238 3237 3239 
6587 3568 3569 3570 
6588 3136 3134 3930 
6589 4021 3317 4030 
6590 3573 3375 3787 
6591 3173 3174 3175 
6592 3835 3326 3909 
6593 653 654 3833 
6594 3392 3343 3393 
6595 384 385 2945 
6596 3141 3142 3143 
6597 3068 3064 3969 
6598 3217 3349 3353 
6599 2953 3868 3869 
6600 3272 3260 3301 
6601 382 383 3002 
6602 3186 3217 3915 
6603 3240 3239 3241 
6604 2971 409 3903 
6605 404 405 3838 
6606 667 668 2944 
6607 3380 3529 3815 
6608 3096 3088 3097 
6609 3118 3106 3124 
6610 402 403 3841 
6611 3135 3136 3137 
6612 3591 3590 3592 
6613 3130 3326 3835 
6614 3599 3465 3808 
6615 379 2943 3913 
6616 3282 3322 3414 
6617 3242 3241 3243 
6618 379 380 2943 
6619 655 656 3842 
6620 3869 3868 3870 
6621 3591 3667 3802 
6622 605 606 2992 
6623 3212 3195 4033 
6624 3887 3888 3931 
6625 3523 3393 3819 
6626 3149 3150 4131 
6627 3383 3567 3568 
6628 657 658 3855 
6629 3027 3029 3976 
6630 400 401 3852 
6631 2954 659 3858 
6632 3433 3204 3506 
6633 3414 3848 3849 
6634 3207 3206 3972 
6635 3611 4121 4125 
6636 3821 3156 3994 
6637 3183 3171 3184 
6638 3159 3152 3160 
6639 3571 3580 3800 
6640 3165 3162 3166 
6641 3149 3123 3150 
6642 3120 3116 3121 
6643 3295 3290 4044 
6644 3384 3291 3492 
6645 3192 3188 3193 
6646 3113 3108 3114 
6647 3294 3295 3296 
6648 3504 3595 3781 
6649 3846 3572 3847 
6650 3089 3061 3956 
6651 3086 3096 3935 
6652 413 3010 3939 
6653 395 396 3863 
6654 3244 3243 3245 
6655 3849 3848 3850 
6656 661 662 3882 
6657 3103 3102 3104 
6658 3120 3917 3919 
6659 3246 3245 3247 
6660 3072 3147 3952 
6661 3309 3247 3311 
6662 3943 2951 3944 
6663 389 390 3884 
6664 3050 3223 3936 
6665 3285 3360 3938 
6666 3129 3130 3131 
6667 4021 4022 4023 
6668 677 2978 3949 
6669 3383 3568 3846 
6670 385 386 3890 
6671 3127 3128 3129 
6672 3475 3357 3537 
6673 3681 3682 3683 
6674 3542 3348 3604 
6675 3774 3478 3775 
6676 3466 3496 3497 
6677 3866 3865 3867 
6678 3486 3428 3487 
6679 3221 3124 3905 
6680 3714 3646 3942 
6681 3181 4088 4093 
6682 3063 3300 4002 
6683 3133 3134 3135 
6684 3419 3381 3420 
6685 3125 3126 3127 
6686 3790 3189 3792 
6687 3928 3198 3929 
6688 2951 376 3940 
6689 3761 3760 3762 
6690 3353 3349 3924 
6691 3509 3304 4003 
6692 3394 3415 3416 
6693 669 670 3004 
6694 3623 3577 3627 
6695 3659 3495 3771 
6696 3568 3567 3569 
6697 377 378 3003 
6698 411 412 2976 
6699 3937 3490 3941 
6700 2976 412 3939 
6701 3820 3819 3821 
6702 3570 3569 3571 
6703 3464 3465 3466 
6704 3433 3506 3617 
6705 3537 3972 3973 
6706 3493 3492 3494 
6707 3118 3124 3125 
6708 4039 3248 4049 
6709 3231 3501 3985 
6710 3423 3422 3424 
6711 3427 3426 3428 
6712 3616 3923 4123 
6713 3351 3327 3352 
6714 3728 3729 3735 
6715 3236 3233 3985 
6716 377 3003 3940 
6717 3490 3489 3491 
6718 676 677 3949 
6719 3576 3575 3577 
6720 3204 3109 3967 
6721 3713 3646 3714 
6722 3380 3379 3381 
6723 3950 2968 3951 
6724 3947 3946 3948 
6725 3083 3879 4077 
6726 378 379 3913 
6727 2969 3946 3947 
6728 3272 3301 3302 
6729 3477 3396 3478 
6730 3893 3892 3894 
6731 3349 3437 3924 
6732 3475 3537 3538 
6733 3392 3393 3394 
6734 3644 3445 3818 
6735 3050 3051 3052 
6736 3024 3215 3715 
6737 3568 3572 3846 
6738 3453 3668 3669 
6739 3052 3055 3056 
6740 3230 3232 3512 
6741 3444 3304 3509 
6742 3056 3059 3060 
6743 3972 3206 3973 
6744 4141 3436 4143 
6745 3032 3034 3335 
6746 3968 3418 3969 
6747 3724 3726 3728 
6748 3357 3286 3972 
6749 413 414 3010 
6750 3518 3053 4005 
6751 3029 3032 3976 
6752 3540 3531 3987 
6753 3576 3906 3907 
6754 3479 3352 3483 
6755 412 413 3939 
6756 3234 3237 3238 
6757 3881 3512 4047 
6758 3388 3214 3955 
6759 2969 675 3946 
6760 3036 3038 3100 
6761 3713 3714 3788 
6762 675 676 3946 
6763 375 2951 3943 
6764 3716 3718 3719 
6765 3040 3042 3500 
6766 3401 3400 3402 
6767 3147 3502 3952 
6768 376 377 3940 
6769 3044 3047 3050 
6770 3182 3186 4117 
6771 3060 3065 3066 
6772 2978 678 3954 
6773 3331 3089 3956 
6774 678 679 3954 
6775 671 672 2955 
6776 603 604 3016 
6777 3946 676 3949 
6778 375 376 2951 
6779 3066 3069 3070 
6780 3005 374 3943 
6781 373 3005 3945 
6782 3163 3164 3177 
6783 3070 3074 3075 
6784 3777 3483 3933 
6785 3147 3148 3163 
6786 374 375 3943 
6787 373 374 3005 
6788 3218 3214 3219 
6789 3198 3199 3929 
6790 3177 3178 3179 
6791 2968 372 3945 
6792 674 675 2969 
6793 3669 3677 3678 
6794 372 373 3945 
6795 3397 3313 3398 
6796 371 2968 3950 
6797 3948 3946 3949 
6798 371 372 2968 
6799 3063 3067 3300 
6800 3006 370 3950 
6801 369 3006 3953 
6802 370 371 3950 
6803 369 370 3006 
6804 3908 3103 4066 
6805 3014 368 3953 
6806 368 369 3953 
6807 677 678 2978 
6808 3329 3236 3985 
6809 367 368 3014 
6810 3403 3402 3404 
6811 3312 3219 3313 
6812 3028 3026 3505 
6813 3078 3081 3082 
6814 3542 3604 3605 
6815 3238 3239 3240 
6816 3203 3281 3282 
6817 3510 3509 3511 
6818 3418 3079 3969 
6819 3282 3321 3322 
6820 3285 3329 3330 
6821 3646 3538 3942 
6822 3240 3241 3242 
6823 3111 3144 3417 
6824 3057 3053 3518 
6825 3442 3361 3889 
6826 3604 3348 4010 
6827 3284 3938 3970 
6828 3474 3357 3475 
6829 3072 3084 3147 
6830 3405 3404 3406 
6831 3361 3362 3363 
6832 3322 3382 3383 
6833 3090 3089 3091 
6834 3094 3079 3418 
6835 3086 3087 3088 
6836 3179 3180 3182 
6837 3265 3365 3600 
6838 3356 3286 3357 
6839 3167 3200 3203 
6840 3071 3061 3089 
6841 3383 3566 3567 
6842 2945 3892 3893 
6843 3604 4039 4049 
6844 3447 3446 3448 
6845 3242 3243 3244 
6846 3205 3204 3433 
6847 3601 3629 3630 
6848 3227 3225 3971 
6849 3229 3097 3908 
6850 3272 3302 3957 
6851 3467 3307 3499 
6852 3182 3185 3186 
6853 2998 3865 3866 
6854 3571 3579 3580 
6855 3046 3030 3214 
6856 3506 3204 3967 
6857 3097 3098 3099 
6858 3411 3412 3413 
6859 3111 3417 3963 
6860 3857 2954 3858 
6861 3517 3613 3614 
6862 3198 3197 3199 
6863 3517 3614 3958 
6864 3714 3942 4076 
6865 3265 3600 3986 
6866 3146 3109 3204 
6867 3244 3245 3246 
6868 3217 3283 3349 
6869 3645 3538 3646 
6870 3246 3247 3309 
6871 3345 3334 3347 
6872 3460 3461 3462 
6873 3530 3531 3540 
6874 3363 3408 3409 
6875 3305 3390 3449 
6876 3537 3357 3972 
6877 3275 3364 3434 
6878 3032 3335 3976 
6879 3610 3523 3979 
6880 3140 3139 3141 
6881 3533 3535 3541 
6882 3958 3959 4045 
6883 3092 3091 3093 
6884 3516 3521 3522 
6885 3224 3432 3517 
6886 3186 3216 3217 
6887 3349 3350 3437 
6888 3434 3435 3620 
6889 3449 3450 3656 
6890 3477 3478 3774 
6891 3224 3517 3983 
6892 3154 3143 3155 
6893 3958 3614 3959 
6894 3788 3714 3965 
6895 3274 3227 3971 
6896 3450 3390 3650 
6897 3279 3323 3325 
6898 3450 3650 3651 
6899 3652 3646 3713 
6900 3580 3636 3637 
6901 3475 3538 3645 
6902 3226 3228 3316 
6903 3597 3486 4135 
6904 3781 3595 4042 
6905 3531 3533 3987 
6906 3449 3390 3450 
6907 3333 3344 3603 
6908 3119 3226 3966 
6909 3226 3316 3966 
6910 3105 3093 3106 
6911 3132 3131 3133 
6912 3600 3365 3601 
6913 3356 3357 3474 
6914 3338 3530 3964 
6915 3338 3341 3530 
6916 3339 3337 3340 
6917 3270 3279 3962 
6918 3104 3107 3108 
6919 3552 3698 3778 
6920 3462 3513 3514 
6921 3271 3260 3272 
6922 3121 3122 3123 
6923 3336 3338 3964 
6924 3203 3200 3281 
6925 3439 3292 3625 
6926 3273 3227 3274 
6927 3099 3101 3102 
6928 3715 3215 3716 
6929 3282 3281 3321 
6930 3233 3231 3985 
6931 3163 3148 3164 
6932 3342 3340 3343 
6933 3177 3164 3178 
6934 3208 3202 3209 
6935 3114 3115 3116 
6936 3645 3646 3652 
6937 3050 3047 3051 
6938 3556 3557 3558 
6939 3147 3084 3148 
6940 3168 3145 3169 
6941 3117 3106 3118 
6942 3728 3726 3729 
6943 3571 3569 3579 
6944 3352 3327 4000 
6945 3784 3528 3785 
6946 3276 3207 3286 
6947 3796 4138 4142 
6948 3433 3617 3618 
6949 3172 3158 3173 
6950 3322 3321 3382 
6951 3440 3318 3441 
6952 3052 3051 3055 
6953 3264 3367 3545 
6954 3056 3055 3059 
6955 3305 3356 3390 
6956 3259 3258 3260 
6957 3999 3263 4019 
6958 3902 2971 3903 
6959 3265 3276 3365 
6960 3150 3151 3152 
6961 3450 3651 3974 
6962 3176 3207 3265 
6963 3383 3382 3566 
6964 3656 3450 3974 
6965 3567 3566 3676 
6966 3262 3277 3278 
6967 3257 3255 3258 
6968 3190 3175 3191 
6969 3146 3204 3205 
6970 3431 3348 3542 
6971 3069 3065 4010 
6972 3095 3110 3111 
6973 3179 3178 3180 
6974 3595 3783 3793 
6975 3078 3075 3081 
6976 3160 3161 3162 
6977 3389 3563 3564 
6978 3601 3365 3602 
6979 3558 3589 3590 
6980 3564 3705 3706 
6981 3166 3170 3171 
6982 3345 3347 3368 
6983 3305 3286 3356 
6984 3060 3059 3065 
6985 3391 3343 3392 
6986 3463 3416 3464 
6987 3265 3207 3276 
6988 3253 3251 3524 
6989 3071 3089 3090 
6990 3601 3602 3629 
6991 3492 3291 4033 
6992 3176 3169 3206 
6993 3483 3503 3504 
6994 3688 3534 3689 
6995 3254 3256 3262 
6996 3483 3504 3933 
6997 3317 4023 4026 
6998 3276 3286 3305 
6999 3315 3076 3348 
7000 3278 3319 3320 
7001 3080 3095 3963 
7002 549 550 2942 
7003 3205 3433 3984 
7004 3641 3442 3889 
7005 3424 3425 3426 
7006 3498 3497 3546 
7007 3504 3527 3595 
7008 3420 3421 3422 
7009 3434 3364 3435 
7010 3184 3187 3188 
7011 3333 3603 3988 
7012 3268 3267 3269 
7013 3620 3435 3621 
7014 3285 3236 3329 
7015 3070 3069 3074 
7016 3275 3434 3978 
7017 3066 3065 3069 
7018 3580 3579 3636 
7019 3182 3180 3185 
7020 553 554 2946 
7021 3176 3206 3207 
7022 3541 3535 3582 
7023 3086 3082 3087 
7024 3512 3232 4008 
7025 3073 3068 3079 
7026 551 552 2982 
7027 3167 3145 3168 
7028 3111 3112 3144 
7029 3347 3334 3984 
7030 3398 3400 3401 
7031 3193 3196 3197 
7032 550 551 3810 
7033 3316 3228 3978 
7034 3090 3091 3092 
7035 3144 3145 3167 
7036 3320 3378 3379 
7037 3167 3168 3200 
7038 547 548 2983 
7039 3186 3185 3216 
7040 3058 3062 3063 
7041 3234 3238 4008 
7042 3210 3195 3211 
7043 3361 3330 3362 
7044 3118 3125 3153 
7045 3487 3488 3489 
7046 545 546 2947 
7047 3144 3112 3145 
7048 3168 3169 3176 
7049 3501 3229 3908 
7050 3787 3375 4044 
7051 3321 3281 3359 
7052 3289 3288 3290 
7053 546 547 3814 
7054 3129 3131 3132 
7055 3349 3283 3350 
7056 3119 3966 4012 
7057 3137 3139 3140 
7058 3476 3702 4013 
7059 555 556 2984 
7060 3111 3110 3112 
7061 3344 3345 3346 
7062 3217 3216 3283 
7063 3797 3485 3798 
7064 557 558 2952 
7065 3503 3352 4000 
7066 3530 3341 3531 
7067 3440 3586 3663 
7068 543 544 2985 
7069 3110 3109 3146 
7070 3095 3109 3110 
7071 3625 3292 3957 
7072 3305 3449 3977 
7073 3092 3093 3105 
7074 3095 3094 3109 
7075 3433 3618 3984 
7076 3270 3269 3279 
7077 3146 3205 3333 
7078 3491 3574 3575 
7079 3366 3263 3999 
7080 3097 3088 3098 
7081 541 542 2949 
7082 3440 3441 3586 
7083 3333 3205 3334 
7084 3778 3698 3779 
7085 3067 3068 3072 
7086 3566 3382 3632 
7087 3072 3073 3084 
7088 3621 3435 3622 
7089 3437 3350 3452 
7090 3105 3106 3117 
7091 3637 3636 3657 
7092 3536 3355 4043 
7093 3344 3334 3345 
7094 3533 3541 3987 
7095 3063 3064 3067 
7096 3292 3272 3957 
7097 3095 3111 3963 
7098 3048 3045 3053 
7099 3517 3432 3613 
7100 3048 3054 3520 
7101 3275 3318 3364 
7102 3333 3334 3344 
7103 2983 548 3722 
7104 2982 552 3022 
7105 3649 3622 3700 
7106 3164 3148 3314 
7107 3080 3079 3094 
7108 3072 3068 3073 
7109 3621 3622 3649 
7110 3406 3446 3447 
7111 539 540 2986 
7112 537 538 2956 
7113 3365 3276 3977 
7114 3169 4041 4048 
7115 538 539 3747 
7116 3228 3273 3275 
7117 3411 3409 3412 
7118 3076 3069 4010 
7119 3046 3214 3218 
7120 3439 3625 3626 
7121 3080 3094 3095 
7122 3075 3074 3983 
7123 3218 3219 3312 
7124 3619 3830 4075 
7125 3812 3811 4130 
7126 3141 3143 3154 
7127 3067 3064 3068 
7128 3460 3413 3461 
7129 3310 3309 3396 
7130 3180 3178 3181 
7131 3476 3654 3702 
7132 3062 3061 3071 
7133 3276 3305 3977 
7134 3364 3318 3440 
7135 3312 3313 3397 
7136 3339 3340 3342 
7137 3043 3041 3250 
7138 3216 3185 3261 
7139 3971 3225 3996 
7140 3401 3402 3403 
7141 3602 3365 3977 
7142 3058 3057 3061 
7143 3226 3227 3228 
7144 535 536 2987 
7145 3389 3564 4030 
7146 3275 3273 3318 
7147 3044 3045 3047 
7148 3373 3372 3374 
7149 559 560 2988 
7150 2946 554 3769 
7151 3117 3118 3996 
7152 3431 3542 3606 
7153 533 534 2959 
7154 3273 3274 3991 
7155 3104 3102 3107 
7156 3407 3396 3477 
7157 3583 3499 3584 
7158 3394 3416 3463 
7159 2984 556 3737 
7160 3271 3272 3292 
7161 3058 3061 3062 
7162 3228 3227 3273 
7163 3073 3079 3080 
7164 3327 3220 4000 
7165 3114 3108 3115 
7166 3315 3348 3431 
7167 3121 3116 3122 
7168 3063 3062 3064 
7169 3350 3283 3354 
7170 3029 3031 3032 
7171 3259 3260 3271 
7172 3105 3117 3119 
7173 2949 542 3745 
7174 3483 3352 3503 
7175 3444 3509 3510 
7176 3155 3158 3172 
7177 3441 3318 3991 
7178 532 533 3748 
7179 3090 3092 3299 
7180 3228 3275 3978 
7181 3612 3813 4112 
7182 3663 3586 3690 
7183 3047 3045 3048 
7184 3334 3205 3984 
7185 3042 3043 3044 
7186 3533 3534 3535 
7187 3132 3133 3156 
7188 3595 3527 3783 
7189 3099 3098 3101 
7190 3516 3514 3521 
7191 3403 3404 3405 
7192 3531 3341 3532 
7193 3531 3532 3533 
7194 3560 3366 3999 
7195 3293 3290 3294 
7196 3024 3025 3215 
7197 3359 4031 4046 
7198 3074 3076 3224 
7199 3226 3225 3227 
7200 3363 3362 3408 
7201 3457 3456 3458 
7202 561 562 2960 
7203 3584 3499 4059 
7204 3342 3343 3391 
7205 531 532 2989 
7206 3119 3225 3226 
7207 3054 3053 3057 
7208 3431 3606 3607 
7209 3080 3963 4040 
7210 3559 3366 3560 
7211 2952 558 3744 
7212 3310 3407 3525 
7213 3038 3039 3040 
7214 3564 3563 3705 
7215 3032 3033 3034 
7216 529 530 2962 
7217 3119 3117 3225 
7218 3054 3057 3058 
7219 3525 3543 3544 
7220 3059 3055 3248 
7221 3232 3234 4008 
7222 2982 3023 3024 
7223 3040 3041 3042 
7224 3044 3043 3045 
7225 3034 3035 3036 
7226 3430 3324 3438 
7227 3238 3332 4008 
7228 3036 3037 3038 
7229 3238 3240 3332 
7230 3504 3503 3527 
7231 3150 3123 3151 
7232 3391 3392 3562 
7233 2983 3723 3724 
7234 4058 3221 4070 
7235 3025 3023 3026 
7236 3420 3381 3421 
7237 3556 3522 3557 
7238 3535 3534 3688 
7239 3533 3532 3534 
7240 3578 3560 3633 
7241 3257 3258 3259 
7242 3200 3168 3986 
7243 3724 3725 3726 
7244 3798 4062 4066 
7245 3482 3554 3596 
7246 3039 3037 3049 
7247 3716 3717 3718 
7248 3224 3315 3432 
7249 3176 3265 3986 
7250 3242 3244 3297 
7251 3342 3391 3395 
7252 3338 3339 3341 
7253 3074 3224 3983 
7254 3168 3176 3986 
7255 3246 3309 3310 
7256 3510 3511 3642 
7257 3424 3422 3425 
7258 3831 3492 4033 
7259 3048 3053 3054 
7260 3224 3076 3315 
7261 3262 3256 3277 
7262 3477 3774 3776 
7263 3074 3069 3076 
7264 3718 3720 3773 
7265 3160 3152 3161 
7266 526 527 2966 
7267 3118 3153 3996 
7268 3487 3428 3488 
7269 3447 3448 3528 
7270 3613 3432 3615 
7271 2984 3738 3739 
7272 3552 3697 3698 
7273 3466 3497 3498 
7274 3705 3563 3707 
7275 3191 3195 3210 
7276 3278 3277 3319 
7277 3027 3026 3028 
7278 3112 3110 3988 
7279 3166 3162 3170 
7280 3462 3461 3513 
7281 3551 3438 3648 
7282 3397 3398 3992 
7283 564 565 2965 
7284 3338 3337 3339 
7285 3132 3156 3336 
7286 3336 3337 3338 
7287 3081 3075 3983 
7288 3110 3146 3988 
7289 3258 3255 3998 
7290 3271 3292 3389 
7291 3253 3524 3998 
7292 3042 3041 3043 
7293 3809 3480 4018 
7294 3173 3175 3190 
7295 3184 3171 3187 
7296 3469 3355 3536 
7297 3435 3364 3989 
7298 3035 3033 3526 
7299 3029 3028 3030 
7300 3389 3292 3439 
7301 3320 3319 3378 
7302 523 524 2967 
7303 3463 3464 3565 
7304 3409 3408 4006 
7305 3592 3590 3594 
7306 3310 3396 3407 
7307 3040 3039 3041 
7308 3986 3600 4031 
7309 3038 3037 3039 
7310 3379 3378 3550 
7311 3631 3536 3665 
7312 3146 3333 3988 
7313 3440 3663 3989 
7314 3716 3215 3717 
7315 3382 3321 3995 
7316 3463 3565 3647 
7317 3225 3117 3996 
7318 3364 3440 3989 
7319 3321 3359 3995 
7320 2962 530 3754 
7321 3336 3156 3337 
7322 3389 3439 3563 
7323 3318 3273 3991 
7324 2982 3022 3023 
7325 3525 3407 3543 
7326 3491 3489 3574 
7327 3034 3033 3035 
7328 3051 3047 3990 
7329 3740 3738 3741 
7330 2983 3722 3723 
7331 3036 3035 3037 
7332 3032 3031 3033 
7333 3303 3266 3304 
7334 3048 3520 3990 
7335 3257 3259 3317 
7336 2960 562 3751 
7337 3601 3630 4046 
7338 3348 3076 4010 
7339 3024 3023 3025 
7340 3336 3964 4015 
7341 3193 3188 3196 
7342 3031 3030 3046 
7343 3378 3319 3386 
7344 3256 3255 3257 
7345 3252 3926 4017 
7346 3102 3101 4017 
7347 3098 3088 4016 
7348 3362 3330 4027 
7349 3622 3435 3989 
7350 3029 3030 3031 
7351 567 568 2972 
7352 3213 3288 3289 
7353 3610 3979 4087 
7354 3133 3135 3994 
7355 3025 3026 3027 
7356 3027 3028 3029 
7357 3632 3382 3995 
7358 3254 3253 3255 
7359 3088 3087 4016 
7360 3291 3212 4033 
7361 3426 3425 3476 
7362 3127 3129 4015 
7363 3047 3048 3990 
7364 3724 3723 3725 
7365 3123 3122 3980 
7366 3101 3098 3251 
7367 3514 3513 4020 
7368 3058 3063 4002 
7369 4031 3600 4046 
7370 3718 3717 3720 
7371 3443 3304 3444 
7372 3498 3546 3664 
7373 3558 3557 3589 
7374 2949 3745 3746 
7375 3252 3251 3253 
7376 3627 3577 3628 
7377 3297 4011 4053 
7378 3169 3145 4041 
7379 3359 3281 4031 
7380 3330 3329 4027 
7381 3135 3137 3993 
7382 3254 3255 3256 
7383 3101 3251 3252 
7384 3252 3253 3254 
7385 3116 3115 4036 
7386 3156 3133 3994 
7387 3436 3397 3588 
7388 3152 3151 3981 
7389 3199 3201 3202 
7390 3046 3218 3249 
7391 4021 3706 4022 
7392 4041 3603 4048 
7393 3430 3551 3552 
7394 3082 3081 4045 
7395 2984 3737 3738 
7396 3494 3492 3831 
7397 3392 3394 3997 
7398 3430 3438 3551 
7399 3538 3537 4069 
7400 3312 3397 3436 
7401 3081 3958 4045 
7402 3739 3738 3740 
7403 3303 3443 3608 
7404 3564 3706 4021 
7405 3476 3425 3653 
7406 3470 3458 3471 
7407 3962 3325 4059 
7408 3162 3161 3982 
7409 3422 3421 4028 
7410 3498 3664 3687 
7411 3408 3362 3485 
7412 3552 3551 3697 
7413 3129 3132 4015 
7414 3520 3054 4002 
7415 4011 3525 4053 
7416 3412 3409 4006 
7417 3408 3485 3598 
7418 3406 3447 4035 
7419 570 571 2975 
7420 3281 3200 4031 
7421 3200 3986 4031 
7422 3575 3574 3639 
7423 3398 3401 3992 
7424 3588 3397 3992 
7425 3562 3392 3997 
7426 3053 3045 4005 
7427 3137 3140 3993 
7428 3107 3102 4017 
7429 3524 3251 4016 
7430 3968 3969 4034 
7431 3672 3671 3673 
7432 3381 3379 4001 
7433 3244 3246 4011 
7434 3963 3961 4040 
7435 3043 3250 4005 
7436 3598 3485 3797 
7437 3064 3062 4034 
7438 3151 3123 3980 
7439 3054 3058 4002 
7440 3073 3080 4040 
7441 3969 3064 4034 
7442 4061 3346 4069 
7443 3988 3603 4041 
7444 3255 3253 3998 
7445 3521 3514 4020 
7446 3429 3324 3430 
7447 3549 3405 3587 
7448 3532 3341 4004 
7449 3513 3461 3611 
7450 3425 3422 4028 
7451 3210 3211 3263 
7452 3296 3372 3373 
7453 3209 3266 3267 
7454 3476 3653 3654 
7455 3464 3466 4007 
7456 3403 3405 3549 
7457 3405 3406 4035 
7458 3341 3339 4004 
7459 3161 3152 3981 
7460 3375 3295 4044 
7461 572 573 3755 
7462 3604 4010 4039 
7463 3062 3071 4034 
7464 3559 3560 3578 
7465 3513 3611 3794 
7466 3170 3162 3982 
7467 3045 3043 4005 
7468 3122 3116 4036 
7469 3092 3105 4012 
7470 3394 3463 3997 
7471 3105 3119 4012 
7472 3379 3550 4001 
7473 3264 3545 4038 
7474 3350 3354 4014 
7475 3323 3324 3429 
7476 3210 3263 3264 
7477 3624 3528 3784 
7478 3251 3098 4016 
7479 3339 3342 4004 
7480 3299 3092 4012 
7481 3452 3350 4014 
7482 3447 3528 3624 
7483 3608 3443 3609 
7484 3279 3280 3323 
7485 3315 3431 4009 
7486 3665 3536 4073 
7487 3084 3073 4040 
7488 3199 3197 3201 
7489 3689 3534 4050 
7490 3798 3485 4027 
7491 3112 3988 4041 
7492 3135 3993 3994 
7493 3432 3315 4009 
7494 3431 3607 4009 
7495 573 574 2979 
7496 3816 3529 4096 
7497 3065 3059 4039 
7498 3615 3432 4009 
7499 3027 3976 4024 
7500 3264 3366 3367 
7501 3250 3041 4025 
7502 3549 3587 3786 
7503 3485 3362 4027 
7504 3303 3304 3443 
7505 3215 3025 4024 
7506 3202 3201 4003 
7507 3310 3525 4011 
7508 3289 3290 3293 
7509 3342 3395 4004 
7510 3589 3557 3796 
7511 3973 3206 4048 
7512 3428 3426 4013 
7513 3510 3642 3643 
7514 3408 3598 4006 
7515 3132 3336 4015 
7516 3145 3112 4041 
7517 3565 3464 4007 
7518 3499 3962 4059 
7519 3532 4004 4050 
7520 3717 3215 4024 
7521 3246 3310 4011 
7522 3377 3456 3457 
7523 3367 3559 3561 
7524 2960 3751 3752 
7525 3101 3252 4017 
7526 3307 3270 3962 
7527 3191 3210 4038 
7528 3297 3244 4011 
7529 3985 3501 4062 
7530 3190 3191 4038 
7531 3421 3381 4001 
7532 3578 3633 3666 
7533 3039 3049 4025 
7534 4010 3065 4039 
7535 3209 3202 3266 
7536 3595 3793 4042 
7537 3426 3476 4013 
7538 3264 3263 3366 
7539 3463 3647 3997 
7540 3059 3248 4039 
7541 3041 3039 4025 
7542 3367 3366 3559 
7543 3267 3266 3303 
7544 3293 3294 3355 
7545 3323 3280 3324 
7546 3257 3317 4026 
7547 3466 3498 4007 
7548 3304 3266 4003 
7549 3259 3271 4030 
7550 3256 3257 4026 
7551 3653 3425 4028 
7552 3153 3125 4054 
7553 3447 3624 4035 
7554 3469 3536 3631 
7555 3025 3027 4024 
7556 3271 3389 4030 
7557 4004 3395 4050 
7558 4045 3959 4063 
7559 3211 3213 4019 
7560 3049 3037 4032 
7561 577 578 2991 
7562 575 576 2990 
7563 3530 3540 4071 
7564 3616 4123 4129 
7565 3513 3794 4020 
7566 3277 3256 4026 
7567 3033 3031 4029 
7568 3031 3046 4029 
7569 3526 3033 4029 
7570 3488 3428 4013 
7571 3279 3269 3280 
7572 3293 3355 3387 
7573 3674 3673 3681 
7574 3615 3925 4136 
7575 3600 3601 4046 
7576 3035 3526 4032 
7577 3317 3259 4030 
7578 3373 3374 3385 
7579 3087 3082 4045 
7580 3469 3631 3703 
7581 3480 3482 4018 
7582 3037 3035 4032 
7583 3266 3202 4003 
7584 3332 3240 4052 
7585 3242 3297 4052 
7586 3046 3249 4029 
7587 3344 3346 4061 
7588 3210 3264 4038 
7589 3206 3169 4048 
7590 3605 3604 4049 
7591 3314 3148 4056 
7592 3240 3242 4052 
7593 3498 3687 4007 
7594 3508 3671 3672 
7595 3587 3405 4035 
7596 3387 3355 3469 
7597 3263 3211 4019 
7598 520 521 2981 
7599 3127 4015 4054 
7600 4129 3545 4132 
7601 3213 3289 4019 
7602 3482 3596 4018 
7603 3457 3458 3470 
7604 4015 3964 4054 
7605 3512 4008 4047 
7606 3090 3299 4060 
7607 3269 3267 4051 
7608 3495 3494 4074 
7609 3303 3608 4051 
7610 2990 576 3757 
7611 3084 4040 4056 
7612 3534 3532 4050 
7613 4008 3332 4047 
7614 3125 3127 4054 
7615 579 580 3007 
7616 3525 3544 4053 
7617 4034 3071 4060 
7618 3968 4034 4060 
7619 3280 3269 4051 
7620 4000 3822 4058 
7621 3294 3296 4043 
7622 3301 3910 4103 
7623 3499 3307 3962 
7624 4046 3630 4055 
7625 3355 3294 4043 
7626 3942 3346 4076 
7627 3470 3471 3472 
7628 3973 4061 4069 
7629 3457 3470 3539 
7630 3153 4054 4071 
7631 3876 3878 4114 
7632 4088 3851 4093 
7633 3717 4024 4068 
7634 519 520 3759 
7635 3302 3301 4109 
7636 3374 3377 4057 
7637 3148 3084 4056 
7638 3503 4000 4058 
7639 3267 3303 4051 
7640 581 582 3011 
7641 3990 3932 4080 
7642 3346 3345 4076 
7643 3619 4075 4082 
7644 3886 4104 4118 
7645 3071 3090 4060 
7646 3995 3359 4055 
7647 3296 3373 4043 
7648 540 541 4064 
7649 4040 3961 4056 
7650 3603 3344 4061 
7651 3314 3851 4088 
7652 3438 3324 4072 
7653 3910 3998 4089 
7654 3527 3503 4058 
7655 3672 3673 3674 
7656 4099 3803 4105 
7657 3385 3374 4057 
7658 3847 3572 4093 
7659 3329 3985 4062 
7660 3976 3335 4068 
7661 3181 3803 4099 
7662 4037 3816 4086 
7663 4060 3299 4075 
7664 4024 3976 4068 
7665 3377 3457 4057 
7666 3936 3223 4098 
7667 3087 4045 4063 
7668 3359 4046 4055 
7669 4027 3329 4062 
7670 3248 3055 4080 
7671 583 584 3013 
7672 3537 3973 4069 
7673 3051 3990 4080 
7674 3347 4120 4126 
7675 3633 3560 4090 
7676 4071 3540 4079 
7677 3108 3107 4086 
7678 3386 3319 4078 
7679 4054 3964 4071 
7680 3293 3387 4065 
7681 4048 3603 4061 
7682 3606 4110 4113 
7683 3973 4048 4061 
7684 3971 4079 4091 
7685 3501 3908 4066 
7686 3797 3798 4081 
7687 3301 4103 4109 
7688 3140 3141 4087 
7689 4016 3087 4063 
7690 3979 3140 4087 
7691 3999 4019 4065 
7692 3648 3438 4084 
7693 3875 3876 4127 
7694 584 585 3766 
7695 3720 3717 4068 
7696 3885 3298 4104 
7697 3164 3314 4088 
7698 3181 3178 4088 
7699 3798 4027 4062 
7700 3289 3293 4065 
7701 4019 3289 4065 
7702 3527 4058 4070 
7703 4051 3608 4072 
7704 3277 4026 4078 
7705 3280 4051 4072 
7706 3971 3996 4079 
7707 3107 4037 4086 
7708 3261 3800 4111 
7709 3783 3527 4070 
7710 3879 3875 4077 
7711 3524 4016 4063 
7712 4065 3387 4090 
7713 3607 3915 4128 
7714 585 586 3017 
7715 3964 3530 4071 
7716 3457 3539 4057 
7717 3386 4078 4092 
7718 4111 3800 4116 
7719 3968 4060 4075 
7720 3083 4077 4085 
7721 3438 4072 4084 
7722 3830 3968 4075 
7723 3536 4043 4073 
7724 3570 3571 4105 
7725 4063 3959 4089 
7726 4086 3816 4096 
7727 4082 3966 4101 
7728 3477 3776 4094 
7729 3324 3280 4072 
7730 3975 3154 4095 
7731 3771 3495 4074 
7732 3154 3155 4095 
7733 4012 3966 4082 
7734 3524 4063 4089 
7735 4026 4023 4078 
7736 3896 4147 4152 
7737 4110 3298 4113 
7738 3543 3407 4094 
7739 3999 4065 4090 
7740 3373 3385 4073 
7741 3345 3368 4076 
7742 4043 3373 4073 
7743 3261 3185 4099 
7744 3798 4066 4081 
7745 3412 3918 4121 
7746 3180 3181 4099 
7747 4079 3540 4091 
7748 4121 3918 4125 
7749 3996 3153 4079 
7750 4066 3103 4081 
7751 3055 3051 4080 
7752 3539 3470 4067 
7753 3319 3277 4078 
7754 3179 3182 4113 
7755 3153 4071 4079 
7756 3961 3850 4083 
7757 3434 3620 4115 
7758 587 588 3021 
7759 4072 3608 4084 
7760 4150 3549 4157 
7761 3470 3472 4067 
7762 3876 4114 4127 
7763 3619 4082 4101 
7764 3932 3888 4106 
7765 3580 3637 4116 
7766 4078 4023 4092 
7767 3299 4012 4082 
7768 3216 3261 4111 
7769 3469 3703 4100 
7770 3354 3283 4111 
7771 3608 3609 4084 
7772 3248 4080 4106 
7773 3542 3605 4110 
7774 3314 4056 4083 
7775 3274 3971 4091 
7776 3916 3149 4125 
7777 4075 3299 4082 
7778 3115 3108 4086 
7779 3178 3164 4088 
7780 4104 3605 4118 
7781 3141 3154 4087 
7782 4106 3888 4118 
7783 3413 3412 4121 
7784 3998 3524 4089 
7785 3540 3987 4091 
7786 3923 3172 4123 
7787 3607 3606 4117 
7788 3851 3847 4093 
7789 4023 4022 4092 
7790 3122 4036 4112 
7791 3274 4091 4097 
7792 3347 3984 4120 
7793 3616 4129 4132 
7794 3560 3999 4090 
7795 3172 3173 4123 
7796 4056 3961 4083 
7797 3617 3619 4101 
7798 3991 3274 4097 
7799 3407 3477 4094 
7800 3991 4097 4102 
7801 3910 4089 4103 
7802 4052 3297 4114 
7803 3611 3461 4121 
7804 3430 3552 4124 
7805 4091 3987 4097 
7806 3115 4086 4096 
7807 3617 4101 4108 
7808 3223 3837 4098 
7809 4036 3612 4112 
7810 3888 3886 4118 
7811 3155 3172 4095 
7812 4036 3115 4096 
7813 4080 3932 4106 
7814 3633 4090 4100 
7815 3185 3180 4099 
7816 3546 3497 4132 
7817 4097 3541 4102 
7818 3878 4052 4114 
7819 3987 3541 4097 
7820 3618 3617 4108 
7821 3895 4207 4305 
7822 4120 3620 4126 
7823 3886 3885 4104 
7824 3966 3316 4101 
7825 4102 3582 4107 
7826 3441 4102 4107 
7827 3541 3582 4102 
7828 3803 3570 4105 
7829 3151 3980 4130 
7830 3959 3614 4103 
7831 3387 3469 4100 
7832 3441 3991 4102 
7833 4101 3316 4108 
7834 3521 3922 4138 
7835 3606 3542 4110 
7836 4089 3959 4103 
7837 4009 3607 4128 
7838 4104 3298 4110 
7839 4103 3614 4109 
7840 4115 3620 4120 
7841 3586 3441 4107 
7842 3316 3978 4108 
7843 3618 4108 4115 
7844 4138 3922 4142 
7845 3614 3613 4109 
7846 4038 3545 4129 
7847 4049 3248 4106 
7848 3980 3812 4130 
7849 4049 4106 4118 
7850 3605 4104 4110 
7851 3298 3179 4113 
7852 3161 3981 4135 
7853 3283 3216 4111 
7854 4090 3387 4100 
7855 3165 3166 4142 
7856 3862 4141 4143 
7857 3522 3521 4138 
7858 3980 3122 4112 
7859 3613 3615 4136 
7860 4014 3354 4122 
7861 4108 3978 4115 
7862 3170 3941 4139 
7863 3978 3434 4115 
7864 3862 3249 4141 
7865 3981 3597 4135 
7866 3800 3580 4116 
7867 3548 3547 4143 
7868 3171 3170 4139 
7869 4113 3182 4117 
7870 3297 4053 4114 
7871 3606 4113 4117 
7872 3368 3347 4126 
7873 3367 3561 4133 
7874 3796 3557 4138 
7875 3984 3618 4120 
7876 3589 3920 4146 
7877 3461 3413 4121 
7878 3899 3526 4137 
7879 3249 3218 4141 
7880 4116 3637 4122 
7881 3312 3436 4141 
7882 3794 3611 4131 
7883 3605 4049 4118 
7884 3648 4084 4119 
7885 522 3699 4304 
7886 3918 3916 4125 
7887 3173 3190 4123 
7888 3187 3906 4145 
7889 3526 4029 4137 
7890 3429 3430 4124 
7891 4114 4053 4127 
7892 3620 3621 4126 
7893 3188 3187 4145 
7894 3590 3589 4146 
7895 3196 3806 4147 
7896 3791 3992 4150 
7897 3621 3649 4134 
7898 4123 3190 4129 
7899 3615 4009 4128 
7900 3190 4038 4129 
7901 4084 3609 4119 
7902 4136 3925 4149 
7903 4053 3544 4127 
7904 3545 3367 4133 
7905 4125 3149 4131 
7906 3618 4115 4120 
7907 3197 3196 4147 
7908 3981 3151 4130 
7909 3354 4116 4122 
7910 3497 3616 4132 
7911 3911 3587 4158 
7912 4147 3806 4152 
7913 3896 3201 4147 
7914 3139 3138 4156 
7915 3546 4132 4133 
7916 3965 3368 4134 
7917 3368 4126 4134 
7918 3302 4109 4136 
7919 3403 3549 4150 
7920 3992 3401 4150 
7921 3982 3161 4135 
7922 3611 4125 4131 
7923 3302 4136 4149 
7924 4126 3621 4134 
7925 3335 3912 4148 
7926 4068 3335 4148 
7927 4029 3249 4137 
7928 3557 3522 4138 
7929 3791 4150 4157 
7930 3187 3171 4139 
7931 3773 3720 4140 
7932 3922 3165 4142 
7933 4132 3545 4133 
7934 3218 3312 4141 
7935 3587 4035 4158 
7936 3436 3588 4144 
7937 3547 3862 4143 
7938 3325 3323 4161 
7939 3925 3924 4149 
7940 3548 4143 4144 
7941 4109 3613 4136 
7942 3924 3437 4151 
7943 4149 3924 4151 
7944 4151 3437 4153 
7945 3196 3188 4145 
7946 3437 3452 4153 
7947 4140 3720 4148 
7948 4156 3222 4157 
7949 3594 3590 4146 
7950 3201 3197 4147 
7951 3900 3643 4200 
7952 3786 4156 4157 
7953 3720 4068 4148 
7954 3957 3302 4149 
7955 3806 3627 4152 
7956 3401 3403 4150 
7957 4152 3627 4154 
7958 3957 4149 4151 
7959 3625 4151 4153 
7960 3625 3957 4151 
7961 3222 3791 4157 
7962 3511 4152 4154 
7963 3511 3896 4152 
7964 4143 3436 4144 
7965 3626 3625 4153 
7966 3627 3628 4154 
7967 3642 3511 4154 
7968 3138 3222 4156 
7969 3770 3739 4162 
7970 588 589 4159 
7971 3549 3786 4157 
7972 4035 3624 4158 
7973 3429 4124 4155 
7974 4181 3016 4292 
7975 3429 4155 4161 
7976 4158 3624 4160 
7977 4124 3780 4155 
7978 3624 3784 4160 
7979 3649 3701 4319 
7980 3761 3009 4287 
7981 3640 3641 4232 
7982 3323 3429 4161 
7983 3739 3740 4162 
7984 3743 3744 4163 
7985 3713 2955 4209 
7986 3853 3854 4236 
7987 3726 3725 4198 
7988 3009 3763 4208 
7989 3015 633 4165 
7990 634 3012 4165 
7991 570 2975 4176 
7992 3005 3943 4164 
7993 3675 3507 4167 
7994 566 3711 4189 
7995 3458 3456 4167 
7996 2979 4185 4297 
7997 3636 3579 4286 
7998 4174 3842 4226 
7999 4073 3385 4166 
8000 3446 3585 4168 
8001 630 631 4169 
8002 3004 3700 4249 
8003 3760 2981 4197 
8004 3008 637 4171 
8005 638 2980 4171 
8006 2948 663 4170 
8007 664 3000 4170 
8008 3762 3760 4282 
8009 3566 3632 4172 
8010 2975 571 4179 
8011 572 3755 4179 
8012 3746 3745 4210 
8013 3559 3578 4173 
8014 2991 578 4180 
8015 579 3007 4180 
8016 4007 3687 4174 
8017 3704 2988 4244 
8018 2979 574 4185 
8019 575 2990 4185 
8020 3650 3390 4175 
8021 3356 3474 4175 
8022 3902 3609 4253 
8023 3640 4232 4281 
8024 649 650 4178 
8025 2965 565 4189 
8026 3639 3574 4267 
8027 3701 3649 4318 
8028 4169 3696 4247 
8029 3004 3701 4318 
8030 3943 3944 4164 
8031 414 415 4181 
8032 679 680 4182 
8033 633 634 4165 
8034 3695 3011 4216 
8035 3953 3974 4211 
8036 3665 4073 4166 
8037 4169 4247 4274 
8038 3507 3458 4167 
8039 4182 4211 4320 
8040 3734 4233 4239 
8041 3448 3446 4168 
8042 3539 4067 4191 
8043 3824 3672 4301 
8044 625 4159 4218 
8045 3018 630 4169 
8046 3391 3562 4187 
8047 2987 3708 4251 
8048 663 664 4170 
8049 3626 4153 4183 
8050 637 638 4171 
8051 3676 3566 4172 
8052 2977 3843 4191 
8053 4122 3637 4177 
8054 3637 3657 4177 
8055 3004 670 4194 
8056 671 2955 4194 
8057 3732 3358 4195 
8058 3700 3622 4193 
8059 3561 3559 4173 
8060 3989 3663 4193 
8061 3239 3308 4195 
8062 3358 3241 4195 
8063 3840 3628 4196 
8064 3699 3583 4197 
8065 3575 3639 4196 
8066 3628 3577 4196 
8067 2999 3870 4199 
8068 3565 4007 4174 
8069 3772 3807 4219 
8070 3904 4119 4298 
8071 3741 3742 4186 
8072 407 3900 4200 
8073 2964 406 4200 
8074 537 2956 4215 
8075 2987 536 4215 
8076 4185 3675 4297 
8077 3011 582 4216 
8078 583 3013 4216 
8079 4166 3385 4221 
8080 524 525 4190 
8081 3780 2992 4203 
8082 3750 2959 4217 
8083 607 2973 4203 
8084 3697 3551 4202 
8085 2992 606 4203 
8086 398 399 4204 
8087 3390 3356 4175 
8088 3449 3656 4205 
8089 3870 3868 4291 
8090 3602 3977 4205 
8091 4168 3585 4229 
8092 3872 646 4206 
8093 569 570 4176 
8094 647 2970 4206 
8095 609 3009 4208 
8096 2973 608 4208 
8097 3555 3655 4192 
8098 3710 3709 4184 
8099 3707 3563 4207 
8100 3439 3626 4207 
8101 2955 672 4209 
8102 4246 3789 4310 
8103 4159 589 4218 
8104 528 529 4222 
8105 380 381 4212 
8106 3019 628 4214 
8107 3002 3894 4177 
8108 629 3018 4214 
8109 3764 4059 4268 
8110 3853 4236 4311 
8111 3550 3378 4213 
8112 650 2963 4178 
8113 3581 3860 4217 
8114 3421 4001 4188 
8115 3692 3593 4219 
8116 2969 3947 4290 
8117 3609 3902 4298 
8118 649 4178 4306 
8119 3702 3654 4204 
8120 571 572 4179 
8121 4028 3421 4188 
8122 611 9 4234 
8123 388 2950 4220 
8124 3001 387 4220 
8125 3759 3761 4234 
8126 9 519 4234 
8127 3845 4166 4221 
8128 578 579 4180 
8129 3711 3662 4189 
8130 4057 3539 4221 
8131 3010 414 4181 
8132 3954 679 4182 
8133 3682 3758 4270 
8134 3949 2978 4224 
8135 4059 3764 4282 
8136 3021 3019 4279 
8137 2988 560 4244 
8138 561 2960 4244 
8139 4153 3452 4183 
8140 3567 3676 4227 
8141 3579 3569 4227 
8142 3752 4168 4229 
8143 4107 3582 4201 
8144 2967 524 4190 
8145 397 398 4230 
8146 3308 3829 4233 
8147 3007 580 4248 
8148 581 3011 4248 
8149 574 575 4185 
8150 4171 2980 4301 
8151 3586 4107 4228 
8152 535 2987 4251 
8153 2959 534 4251 
8154 2976 3939 4202 
8155 3574 3489 4236 
8156 2995 3855 4238 
8157 3550 3865 4264 
8158 4167 3456 4313 
8159 3799 3658 4242 
8160 2963 3826 4243 
8161 3827 3664 4260 
8162 3757 3758 4223 
8163 3689 4050 4245 
8164 3652 3713 4209 
8165 621 622 4284 
8166 3582 3883 4201 
8167 620 594 3767 
8168 3395 3391 4187 
8169 3945 3005 4237 
8170 3743 4163 4295 
8171 3725 3727 4198 
8172 4022 3706 4199 
8173 3698 3697 4292 
8174 3751 3753 4316 
8175 2944 668 4249 
8176 669 3004 4249 
8177 3634 3789 4246 
8178 3472 3471 4250 
8179 3864 3871 4188 
8180 3508 3672 4250 
8181 525 526 4272 
8182 4170 3000 4201 
8183 592 593 4284 
8184 4178 3666 4306 
8185 3516 3555 4252 
8186 3678 3746 4239 
8187 3841 2994 4255 
8188 3609 3443 4253 
8189 565 566 4189 
8190 381 382 4254 
8191 674 2969 4256 
8192 3017 586 4279 
8193 3666 3633 4257 
8194 587 3021 4279 
8195 2968 3945 4258 
8196 3842 2995 4226 
8197 521 522 4304 
8198 527 528 4302 
8199 2989 3749 4192 
8200 3680 3679 4190 
8201 3664 3546 4260 
8202 4059 3325 4268 
8203 3664 3827 4308 
8204 4100 3703 4257 
8205 3843 3845 4191 
8206 666 667 4262 
8207 3845 3844 4265 
8208 3674 4171 4301 
8209 3756 4167 4313 
8210 3839 2964 4261 
8211 2961 3841 4267 
8212 3701 3788 4319 
8213 3622 3989 4193 
8214 670 671 4194 
8215 522 523 4235 
8216 3745 2985 4210 
8217 2965 4189 4242 
8218 3802 3667 4275 
8219 4133 3561 4260 
8220 415 4 4276 
8221 4 603 4276 
8222 6 367 4277 
8223 680 6 4277 
8224 3241 3239 4195 
8225 3788 3965 4319 
8226 3565 4174 4226 
8227 3944 2951 4240 
8228 3009 610 4287 
8229 3950 3951 4283 
8230 3641 3889 4285 
8231 3455 3635 4313 
8232 3577 3575 4196 
8233 3827 2993 4308 
8234 3644 3818 4295 
8235 3859 2997 4294 
8236 3995 4055 4315 
8237 3824 3823 4300 
8238 2970 648 4306 
8239 3583 3584 4197 
8240 3014 3953 4211 
8241 3903 3904 4298 
8242 4013 3702 4311 
8243 3003 3913 4303 
8244 3650 4175 4224 
8245 3584 4059 4282 
8246 4173 2963 4243 
8247 3766 3018 4274 
8248 3687 3664 4308 
8249 3884 2999 4199 
8250 4134 3649 4319 
8251 406 407 4200 
8252 3696 3695 4247 
8253 4163 3644 4295 
8254 2990 3757 4223 
8255 3883 4170 4201 
8256 4166 3845 4265 
8257 4177 3657 4254 
8258 3667 3692 4222 
8259 3551 3648 4202 
8260 4216 3013 4247 
8261 606 607 4203 
8262 399 2996 4204 
8263 2975 4246 4310 
8264 3977 3449 4205 
8265 3871 2957 4307 
8266 646 647 4206 
8267 3563 3439 4207 
8268 4227 3676 4303 
8269 608 609 4208 
8270 3410 3710 4285 
8271 672 673 4209 
8272 3974 3651 4211 
8273 3700 3004 4318 
8274 4188 4001 4264 
8275 3652 4209 4256 
8276 2943 380 4212 
8277 3002 4177 4254 
8278 3901 3902 4253 
8279 624 625 4218 
8280 4119 3609 4298 
8281 3944 4240 4315 
8282 4195 3308 4233 
8283 3378 3386 4213 
8284 2978 3954 4266 
8285 628 629 4214 
8286 536 537 4215 
8287 4175 3948 4224 
8288 3395 4187 4245 
8289 582 583 4216 
8290 4184 3641 4285 
8291 2960 3752 4229 
8292 4242 3658 4280 
8293 3708 3581 4217 
8294 3668 3640 4281 
8295 2976 4202 4273 
8296 589 590 4218 
8297 4183 3452 4263 
8298 3758 2991 4270 
8299 3705 2950 4271 
8300 4224 2978 4266 
8301 3593 3772 4219 
8302 3856 3562 4296 
8303 3658 3659 4280 
8304 3012 3795 4225 
8305 4119 3904 4273 
8306 4199 3706 4271 
8307 3864 4188 4264 
8308 387 388 4220 
8309 3385 4057 4221 
8310 529 2962 4222 
8311 3671 3670 4223 
8312 2956 4232 4293 
8313 523 2967 4235 
8314 3997 3647 4296 
8315 4189 3662 4242 
8316 3948 3949 4224 
8317 624 4218 4259 
8318 3683 3685 4225 
8319 3647 3565 4226 
8320 2956 3747 4232 
8321 2991 4180 4270 
8322 3569 3567 4227 
8323 3005 4164 4237 
8324 4209 673 4256 
8325 3884 4199 4271 
8326 3672 3674 4301 
8327 2990 4223 4309 
8328 4218 590 4259 
8329 3829 3678 4239 
8330 594 620 4231 
8331 3585 3704 4229 
8332 3690 3586 4228 
8333 3692 4219 4302 
8334 4202 3648 4273 
8335 2951 3940 4240 
8336 2957 397 4230 
8337 3734 3732 4233 
8338 3665 4166 4265 
8339 2988 3704 4312 
8340 3699 4197 4304 
8341 4266 3954 4320 
8342 519 3759 4234 
8343 3691 3699 4235 
8344 2975 4179 4246 
8345 4163 2988 4312 
8346 3489 3488 4236 
8347 3630 3629 4237 
8348 3855 3856 4238 
8349 4225 3795 4269 
8350 2943 4212 4286 
8351 3000 665 4278 
8352 4232 3747 4281 
8353 4164 3630 4237 
8354 3665 4265 4314 
8355 4256 2969 4290 
8356 4172 3632 4240 
8357 2964 4200 4261 
8358 4213 3386 4291 
8359 3561 4173 4243 
8360 3732 4195 4233 
8361 3635 3634 4246 
8362 4234 3761 4287 
8363 3662 3799 4242 
8364 3826 3827 4243 
8365 560 561 4244 
8366 4050 3395 4245 
8367 3654 3653 4307 
8368 3683 4225 4269 
8369 4240 3632 4315 
8370 3940 4172 4240 
8371 665 666 4278 
8372 4210 2985 4288 
8373 3753 2965 4280 
8374 580 581 4248 
8375 4223 3670 4309 
8376 3914 4227 4303 
8377 668 669 4249 
8378 3471 3508 4250 
8379 3695 4216 4247 
8380 621 593 4231 
8381 534 535 4251 
8382 3763 3765 4289 
8383 4196 3639 4255 
8384 3872 3631 4314 
8385 3649 3700 4318 
8386 3515 3516 4252 
8387 3443 3444 4253 
8388 4001 3550 4264 
8389 382 3002 4254 
8390 2994 3840 4255 
8391 673 674 4256 
8392 2985 3736 4288 
8393 3765 3764 4268 
8394 4247 3013 4274 
8395 4180 3684 4270 
8396 3633 4100 4257 
8397 3951 2968 4258 
8398 4185 2990 4309 
8399 4236 3488 4311 
8400 4215 2956 4293 
8401 623 624 4259 
8402 3904 2976 4273 
8403 4161 3765 4268 
8404 590 591 4259 
8405 3018 4169 4274 
8406 3795 3008 4269 
8407 622 592 4284 
8408 3643 3642 4261 
8409 3706 3705 4271 
8410 3546 4133 4260 
8411 667 2944 4262 
8412 623 4259 4299 
8413 4259 591 4299 
8414 3865 3864 4264 
8415 3452 4014 4263 
8416 3631 3665 4314 
8417 4179 3635 4246 
8418 3013 3766 4274 
8419 4181 415 4276 
8420 4182 680 4277 
8421 3844 2974 4265 
8422 3650 4224 4266 
8423 3747 2986 4281 
8424 3651 3650 4266 
8425 3854 2961 4267 
8426 3325 4161 4268 
8427 4197 2981 4304 
8428 3764 3762 4282 
8429 3681 3683 4269 
8430 3684 3682 4270 
8431 2950 3884 4271 
8432 3562 3997 4296 
8433 3675 4167 4297 
8434 526 2966 4272 
8435 4269 3008 4317 
8436 3655 3802 4275 
8437 2965 4242 4280 
8438 3648 4119 4273 
8439 603 3016 4276 
8440 367 3014 4277 
8441 3647 4238 4296 
8442 3789 3638 4310 
8443 4265 2974 4314 
8444 586 587 4279 
8445 2973 4208 4289 
8446 4176 2975 4310 
8447 4219 2966 4302 
8448 3006 3950 4283 
8449 4200 3643 4261 
8450 3681 4269 4317 
8451 3889 3410 4285 
8452 610 611 4287 
8453 3914 2943 4286 
8454 3645 3652 4290 
8455 3386 4092 4291 
8456 622 623 4299 
8457 3756 2979 4297 
8458 3818 3468 4295 
8459 2997 3882 4294 
8460 3954 4182 4320 
8461 591 592 4299 
8462 3710 4184 4285 
8463 3008 4171 4317 
8464 3891 3895 4305 
8465 3902 3903 4298 
8466 3823 3825 4300 
8467 2980 3824 4301 
8468 2966 527 4302 
8469 3913 3914 4303 
8470 592 622 4299 
8471 2981 521 4304 
8472 648 649 4306 
8473 3651 4266 4320 
8474 2993 3833 4308 
8475 4167 3756 4297 
8476 3704 3644 4312 
8477 3670 3675 4309 
8478 3488 4013 4311 
8479 3456 3455 4313 
8480 2974 3872 4314 
8481 3632 3995 4315 
8482 3752 3751 4316 
8483 3674 3681 4317 
8484 3840 4196 4255 
8485 593 621 4284 
8486 3965 4134 4319 
8487 4228 3000 4278 
8488 3626 4183 4305 
8489 3016 4181 4276 
8490 3014 4182 4277 
8491 3675 4185 4309 
8492 4230 3654 4307 
8493 3638 4176 4310 
8494 3644 4163 4312 
8495 4171 3674 4317 
8496 3010 4181 4292 
8497 4184 3709 4293 
8498 4183 3891 4305 
8499 3765 4241 4289 
8500 611 4234 4287 
8501 3652 4256 4290 
8502 3709 4215 4293 
8503 4208 3763 4289 
8504 3690 4228 4278 
8505 4211 3651 4320 
8506 4241 2973 4289 
8507 4238 3856 4296 
8508 2957 4230 4307 
8509 602 10 612 
8510 594 595 3767 
8511 595 596 3020 
8512 599 600 614 
8513 600 601 613 
8514 601 602 612 
8515 601 612 613 
8516 618 619 3020 
8517 619 620 3767 
8518 596 597 617 
8519 596 617 618 
8520 597 598 616 
8521 597 616 617 
8522 598 599 615 
8523 598 615 616 
8524 599 614 615 
8525 600 613 614 
2 3 2 1693
8526 4337 4655 5010 
8527 4832 4814 4844 
8528 4761 4665 4762 
8529 4699 4660 4940 
8530 4334 4505 4506 
8531 4651 4788 4869 
8532 4377 4716 4761 
8533 4716 4377 4763 
8534 4614 4805 4806 
8535 4618 4810 4811 
8536 4655 4337 4835 
8537 719 720 4744 
8538 4473 4832 4844 
8539 4900 4913 4980 
8540 4673 4383 4675 
8541 4660 4699 4910 
8542 4515 4362 4945 
8543 4752 4838 5023 
8544 4838 4752 4969 
8545 4510 4357 4515 
8546 4677 4668 4736 
8547 4505 4334 4524 
8548 4668 4611 4736 
8549 4956 4330 4971 
8550 4701 4906 4926 
8551 4693 4483 5032 
8552 4688 4483 4693 
8553 4900 4373 4913 
8554 4504 4956 4971 
8555 4333 4924 4965 
8556 4618 4811 4812 
8557 4788 4343 4869 
8558 4625 4626 4741 
8559 4829 4337 5010 
8560 4653 4796 4873 
8561 728 729 4720 
8562 4805 4614 4924 
8563 4601 4600 4925 
8564 4625 4741 4967 
8565 4646 4637 4898 
8566 4371 4658 4907 
8567 4762 4665 5002 
8568 4713 4710 4723 
8569 4655 4835 4916 
8570 4906 4489 4926 
8571 4898 4637 4988 
8572 4778 4779 4921 
8573 4662 4793 4901 
8574 4924 4646 4965 
8575 4638 4818 4988 
8576 4380 4752 5023 
8577 4675 4383 4676 
8578 4812 4326 4823 
8579 499 500 4677 
8580 4752 4380 4978 
8581 4361 4699 4940 
8582 4710 4370 4723 
8583 4475 4474 4756 
8584 4694 4693 5032 
8585 4338 719 4744 
8586 4793 4662 4990 
8587 4658 4371 4990 
8588 4942 4605 4955 
8589 4835 4379 4916 
8590 4744 720 5017 
8591 4362 4515 4964 
8592 4383 4673 4914 
8593 4796 4653 4949 
8594 4374 4674 5016 
8595 4759 4758 4904 
8596 4674 4374 4932 
8597 4775 4443 4911 
8598 4654 4691 4887 
8599 4357 4510 4928 
8600 4676 4960 4970 
8601 4428 4426 4687 
8602 4680 4758 4759 
8603 4720 4366 4756 
8604 4362 4719 4945 
8605 4844 4814 4845 
8606 4755 4766 4905 
8607 4518 4344 4720 
8608 4960 4385 4970 
8609 4445 4935 4977 
8610 4509 4808 4809 
8611 4344 4518 4525 
8612 4818 4638 4952 
8613 4353 4516 5027 
8614 4652 4807 4917 
8615 4837 4650 4963 
8616 4348 499 4677 
8617 4788 4651 5020 
8618 185 4929 4974 
8619 4759 4601 4925 
8620 4665 4761 5018 
8621 4656 4339 5037 
8622 4339 4656 4989 
8623 4473 4816 4832 
8624 4644 4818 4952 
8625 729 4366 4720 
8626 4667 4582 4791 
8627 4344 728 4720 
8628 4751 4754 4755 
8629 4387 4390 5021 
8630 4391 4386 5022 
8631 4515 4357 4964 
8632 4685 4435 4687 
8633 4386 4391 4946 
8634 4390 4387 4947 
8635 4622 4812 4823 
8636 4483 4688 4772 
8637 4751 4753 4754 
8638 4807 4652 5003 
8639 4486 4790 4857 
8640 4470 4694 5032 
8641 4340 4961 4997 
8642 4779 4667 4921 
8643 4694 4470 4991 
8644 4516 4353 4926 
8645 4936 4567 4959 
8646 4818 4644 5040 
8647 4396 4394 4743 
8648 4334 4506 4984 
8649 441 4520 4939 
8650 4657 4636 4899 
8651 4613 4656 4896 
8652 4707 4718 4841 
8653 4453 4821 4956 
8654 4734 4960 4985 
8655 4899 4636 4921 
8656 4495 4475 4756 
8657 4435 4428 4687 
8658 4816 4473 4941 
8659 4799 4942 4955 
8660 4328 4521 4911 
8661 4388 4837 4963 
8662 4696 4360 4888 
8663 4801 4700 5051 
8664 177 178 4763 
8665 4700 4359 5051 
8666 4346 4522 4957 
8667 4610 4979 5010 
8668 4811 4326 4812 
8669 738 739 4768 
8670 690 691 4767 
8671 4519 4373 4900 
8672 4374 4777 4932 
8673 4708 4370 4710 
8674 4348 4996 5036 
8675 4443 4743 4911 
8676 4751 4755 4905 
8677 4613 4896 4925 
8678 500 4354 4677 
8679 4756 4366 5006 
8680 4569 4806 4807 
8681 4821 4453 5028 
8682 4614 4806 4976 
8683 4935 4809 4977 
8684 4474 4518 4756 
8685 4961 4503 4997 
8686 4582 4667 4779 
8687 4601 4759 4904 
8688 4520 441 5027 
8689 4688 4331 4772 
8690 4691 4769 4887 
8691 4718 4376 4841 
8692 4929 4514 4974 
8693 4467 4992 4993 
8694 4370 4708 4760 
8695 4524 4492 4877 
8696 4505 4524 4877 
8697 4979 4829 5010 
8698 4996 4657 5036 
8699 4420 4422 4753 
8700 4932 4777 4975 
8701 4747 4432 4749 
8702 693 4735 4946 
8703 4733 736 4947 
8704 4394 4724 4743 
8705 4780 4371 4907 
8706 4749 4432 4753 
8707 4913 4731 4980 
8708 4443 4396 4743 
8709 4373 4519 4953 
8710 4699 4358 4910 
8711 4960 4676 4985 
8712 4857 4790 4966 
8713 4680 4757 4758 
8714 4992 4845 4993 
8715 4559 4934 4937 
8716 4808 4509 4868 
8717 4687 4426 4885 
8718 4600 4613 4925 
8719 4331 4725 4726 
8720 4338 4745 4746 
8721 4324 4765 4922 
8722 4707 4841 5000 
8723 4666 4667 4791 
8724 4913 733 4933 
8725 4894 4819 5040 
8726 4636 4778 4921 
8727 4338 4744 4745 
8728 4905 4766 5052 
8729 4703 4707 4719 
8730 4770 4936 4959 
8731 4432 4420 4753 
8732 492 4322 4757 
8733 495 4332 4666 
8734 4435 4685 5033 
8735 4521 4328 5049 
8736 4506 4507 4902 
8737 4735 693 5038 
8738 736 4733 5039 
8739 4522 4346 4994 
8740 4637 4638 4988 
8741 4684 4685 4962 
8742 4351 4830 4920 
8743 691 4391 4767 
8744 4390 738 4768 
8745 178 4381 4763 
8746 4377 177 4763 
8747 4432 4747 4849 
8748 4509 4809 4935 
8749 4331 4726 4772 
8750 4348 4677 4736 
8751 4684 4682 4685 
8752 4810 4618 5025 
8753 4371 4793 4990 
8754 4376 4718 4886 
8755 4753 4422 4754 
8756 4666 4332 4667 
8757 4806 4569 4976 
8758 4354 4668 4677 
8759 4696 4888 4994 
8760 4685 4687 4962 
8761 180 4954 4973 
8762 4521 4775 4911 
8763 4713 4723 5045 
8764 725 726 4881 
8765 4322 4528 4757 
8766 4766 204 5052 
8767 4516 4520 5027 
8768 4691 4690 4769 
8769 4323 4819 4894 
8770 4681 4682 4684 
8771 4689 4690 4691 
8772 4706 4915 4923 
8773 4702 4703 4719 
8774 726 4737 4881 
8775 4654 4625 4967 
8776 4771 4476 4772 
8777 4691 4654 5035 
8778 4683 4355 4695 
8779 4704 4368 4760 
8780 4751 4749 4753 
8781 726 727 4737 
8782 4394 4321 4724 
8783 4392 4444 4725 
8784 4777 4365 4975 
8785 486 4339 4689 
8786 4725 4444 4726 
8787 458 4355 4681 
8788 446 4688 4693 
8789 4689 4339 4690 
8790 4681 4355 4682 
8791 482 4345 4697 
8792 4838 4389 5023 
8793 444 4347 4701 
8794 480 4359 4700 
8795 4697 4345 4741 
8796 476 4361 4722 
8797 468 4368 4702 
8798 4708 4704 4760 
8799 4702 4368 4703 
8800 204 4766 4986 
8801 4344 4525 4737 
8802 4494 4764 4890 
8803 4644 4894 5040 
8804 4747 4745 4849 
8805 4764 4754 4890 
8806 4654 4967 5035 
8807 4333 4805 4924 
8808 4768 739 4944 
8809 690 4767 4943 
8810 4695 4346 4957 
8811 4903 4619 4904 
8812 4823 4824 4825 
8813 491 492 4757 
8814 494 495 4666 
8815 4622 4823 4825 
8816 4755 4754 4764 
8817 727 4344 4737 
8818 4682 4683 4686 
8819 4726 4771 4772 
8820 4934 4825 4937 
8821 4353 4701 4926 
8822 4701 4347 4906 
8823 4523 4744 5017 
8824 4351 4920 5005 
8825 4530 4527 4791 
8826 4506 4902 4984 
8827 4975 4365 5020 
8828 4679 4328 4911 
8829 4336 725 4881 
8830 4731 4913 4933 
8831 4325 4523 5017 
8832 4518 4720 4756 
8833 4393 4395 4889 
8834 4352 4905 5052 
8835 4698 4357 4928 
8836 4650 4837 5005 
8837 4680 491 4757 
8838 4526 494 4666 
8839 4392 4321 4393 
8840 4724 4679 4743 
8841 4757 4528 4758 
8842 4746 4745 4747 
8843 4728 4382 4729 
8844 4734 4386 4735 
8845 4387 4732 4733 
8846 4622 4608 4812 
8847 4524 4334 4908 
8848 4608 4618 4812 
8849 4476 4483 4772 
8850 4869 4343 4955 
8851 4685 4682 4686 
8852 4954 4712 4973 
8853 4770 4624 4936 
8854 490 491 4680 
8855 454 455 4773 
8856 493 494 4526 
8857 485 486 4689 
8858 445 446 4693 
8859 457 458 4681 
8860 481 482 4697 
8861 443 444 4701 
8862 4527 4526 4791 
8863 4624 4770 4989 
8864 479 480 4700 
8865 475 476 4722 
8866 467 468 4702 
8867 4765 4764 4922 
8868 4321 451 4724 
8869 452 4679 4724 
8870 453 4328 4679 
8871 450 4321 4392 
8872 449 4392 4725 
8873 4331 448 4725 
8874 447 4331 4688 
8875 4582 4530 4791 
8876 484 4356 4692 
8877 4355 459 4695 
8878 4345 483 4692 
8879 460 4346 4695 
8880 4346 461 4696 
8881 462 4360 4696 
8882 4360 463 4698 
8883 464 4357 4698 
8884 478 4358 4699 
8885 4361 477 4699 
8886 4368 469 4760 
8887 474 4367 4721 
8888 470 4370 4760 
8889 4369 473 4721 
8890 472 4369 4723 
8891 4370 471 4723 
8892 4359 4697 4931 
8893 439 4382 4728 
8894 438 4728 4732 
8895 506 4386 4734 
8896 4387 437 4732 
8897 4737 4525 4738 
8898 4682 4355 4683 
8899 4762 4375 5047 
8900 4726 4444 4727 
8901 4444 4393 4889 
8902 4703 4368 4704 
8903 4377 4761 4762 
8904 488 489 4896 
8905 4915 4378 4923 
8906 4367 4722 4897 
8907 4758 4903 4904 
8908 686 513 4740 
8909 430 743 4739 
8910 496 497 4899 
8911 4755 4764 4765 
8912 4468 4891 4893 
8913 4769 4690 4770 
8914 4395 4400 4889 
8915 4572 4573 4887 
8916 4746 4747 4748 
8917 4786 4836 4859 
8918 4393 4321 4394 
8919 4392 4393 4444 
8920 4769 4572 4887 
8921 4405 4407 4787 
8922 4400 4836 4895 
8923 4836 4400 4859 
8924 4754 4422 4890 
8925 4526 4666 4791 
8926 4729 4382 4730 
8927 4443 4775 4840 
8928 4774 4619 4834 
8929 4787 4786 4846 
8930 4846 4786 4859 
8931 4407 4413 4787 
8932 4642 4792 4874 
8933 4457 4477 4800 
8934 4785 4413 4800 
8935 4782 4468 4784 
8936 4726 4727 4771 
8937 4413 4785 4787 
8938 4583 4582 4779 
8939 192 4808 4868 
8940 4534 4537 4834 
8941 4405 4787 4846 
8942 4778 4586 4779 
8943 4816 4815 4832 
8944 4401 4398 4840 
8945 4792 4547 4874 
8946 4448 4447 4776 
8947 4558 4567 4794 
8948 4477 4785 4800 
8949 4586 4583 4779 
8950 691 692 4391 
8951 737 738 4390 
8952 4374 698 4777 
8953 171 4371 4780 
8954 4372 187 4781 
8955 4748 4747 4749 
8956 4703 4704 4705 
8957 4461 4468 4782 
8958 4588 4586 4778 
8959 704 4335 4798 
8960 4365 700 4788 
8961 4755 4765 4766 
8962 4805 4804 4806 
8963 190 4364 4789 
8964 4619 4534 4834 
8965 4398 4443 4840 
8966 4803 4804 4805 
8967 4775 4831 4840 
8968 4333 4803 4805 
8969 4455 4457 4800 
8970 4516 4517 4520 
8971 4808 4342 4809 
8972 707 4326 4811 
8973 4632 4647 4801 
8974 4349 4789 4790 
8975 4824 4828 4829 
8976 167 4363 4796 
8977 4484 4451 4522 
8978 4833 4774 4834 
8979 4459 4461 4782 
8980 4476 4469 4483 
8981 4325 4815 4816 
8982 694 695 4385 
8983 734 735 4384 
8984 4635 4636 4657 
8985 4671 4669 4672 
8986 4333 162 4803 
8987 193 4342 4808 
8988 4577 4625 4654 
8989 4631 4632 4801 
8990 4511 4510 4515 
8991 4813 4336 4814 
8992 164 4341 4802 
8993 4612 4611 4668 
8994 4820 4330 4821 
8995 4537 4542 4834 
8996 4797 4798 4799 
8997 4371 172 4793 
8998 4806 4804 4807 
8999 699 4365 4777 
9000 4465 4466 4469 
9001 4452 4451 4484 
9002 4325 722 4815 
9003 4465 4469 4476 
9004 4594 4593 4635 
9005 4635 4593 4636 
9006 4577 4578 4625 
9007 4817 4329 4818 
9008 4350 170 4780 
9009 188 4349 4781 
9010 4803 4802 4804 
9011 4437 4454 4482 
9012 724 4336 4813 
9013 178 179 4381 
9014 4409 4401 4840 
9015 4661 4663 4664 
9016 4502 4500 4510 
9017 4431 4455 4839 
9018 4349 189 4789 
9019 4393 4394 4395 
9020 176 177 4377 
9021 181 182 4378 
9022 4783 4782 4784 
9023 701 4343 4788 
9024 157 4817 4819 
9025 199 4330 4820 
9026 4632 4634 4647 
9027 4562 4561 4600 
9028 4488 4482 4503 
9029 4613 4624 4656 
9030 4490 4496 4516 
9031 4461 4463 4468 
9032 183 184 4376 
9033 174 175 4375 
9034 4648 4659 4660 
9035 4463 4464 4465 
9036 4472 4475 4489 
9037 4454 4423 4831 
9038 4775 4454 4831 
9039 697 698 4374 
9040 731 732 4373 
9041 4451 4448 4776 
9042 158 4329 4817 
9043 4590 4588 4593 
9044 4600 4604 4613 
9045 4487 4485 4499 
9046 4482 4454 4521 
9047 4424 4423 4437 
9048 171 172 4371 
9049 186 187 4372 
9050 4477 4459 4782 
9051 4603 4596 4611 
9052 4728 4729 4930 
9053 699 700 4365 
9054 729 730 4366 
9055 4437 4423 4454 
9056 4822 709 4828 
9057 4824 4822 4828 
9058 4477 4782 4783 
9059 4555 4556 4561 
9060 4628 4630 4631 
9061 202 4324 4827 
9062 169 170 4350 
9063 188 189 4349 
9064 4461 4462 4463 
9065 4343 702 4797 
9066 4562 4600 4601 
9067 4450 4448 4451 
9068 4457 4459 4477 
9069 4551 4560 4795 
9070 4815 4813 4832 
9071 4555 4562 4833 
9072 4797 703 4798 
9073 4568 4570 4572 
9074 4573 4576 4577 
9075 4555 4561 4562 
9076 4546 4553 4555 
9077 167 168 4363 
9078 190 191 4364 
9079 701 702 4343 
9080 727 728 4344 
9081 155 4323 4826 
9082 4434 4428 4435 
9083 4446 4436 4447 
9084 4459 4460 4461 
9085 4562 4774 4833 
9086 4556 4558 4794 
9087 4558 4565 4567 
9088 166 167 4796 
9089 4416 4411 4423 
9090 4469 4466 4470 
9091 163 4802 4803 
9092 4326 4822 4823 
9093 4457 4458 4459 
9094 4593 4588 4778 
9095 703 704 4798 
9096 192 193 4808 
9097 4335 705 4810 
9098 4437 4482 4488 
9099 4455 4456 4457 
9100 4642 4643 4792 
9101 4810 706 4811 
9102 164 165 4341 
9103 193 194 4342 
9104 4786 4783 4836 
9105 704 705 4335 
9106 724 725 4336 
9107 723 4813 4815 
9108 4560 4581 4795 
9109 4613 4604 4624 
9110 4411 4409 4831 
9111 4600 4561 4604 
9112 698 699 4777 
9113 172 173 4793 
9114 4671 4672 4673 
9115 4625 4578 4626 
9116 163 164 4802 
9117 170 171 4780 
9118 187 188 4781 
9119 4581 4642 4795 
9120 4516 4496 4517 
9121 4465 4464 4466 
9122 700 701 4788 
9123 4323 156 4819 
9124 4455 4800 4839 
9125 4581 4640 4642 
9126 706 707 4811 
9127 4590 4593 4594 
9128 4785 4783 4786 
9129 158 159 4329 
9130 161 162 4333 
9131 199 200 4330 
9132 196 197 4334 
9133 4555 4553 4556 
9134 4452 4484 4485 
9135 4612 4668 4669 
9136 4542 4546 4833 
9137 198 199 4820 
9138 4431 4440 4455 
9139 189 190 4789 
9140 4522 4451 4776 
9141 4855 4598 4860 
9142 723 724 4813 
9143 707 708 4326 
9144 721 722 4325 
9145 4326 708 4822 
9146 4416 4423 4424 
9147 4577 4576 4578 
9148 4463 4462 4464 
9149 155 156 4323 
9150 202 203 4324 
9151 201 202 4827 
9152 157 158 4817 
9153 4572 4570 4573 
9154 4606 4855 4860 
9155 4487 4499 4500 
9156 4706 4704 4708 
9157 4631 4630 4632 
9158 4647 4634 4648 
9159 4489 4475 4490 
9160 4567 4565 4568 
9161 4828 4337 4829 
9162 702 703 4797 
9163 4748 4749 4750 
9164 4434 4435 4436 
9165 4502 4510 4511 
9166 4450 4451 4452 
9167 4542 4833 4834 
9168 162 163 4803 
9169 154 155 4826 
9170 4351 153 4830 
9171 4709 4708 4710 
9172 4660 4659 4661 
9173 4603 4611 4612 
9174 4423 4411 4831 
9175 4823 4822 4824 
9176 4664 4663 4665 
9177 4446 4447 4448 
9178 722 723 4815 
9179 4642 4640 4643 
9180 4711 4710 4713 
9181 4461 4460 4462 
9182 705 706 4810 
9183 156 157 4819 
9184 4459 4458 4460 
9185 154 4826 4830 
9186 4831 4409 4840 
9187 4714 4713 4715 
9188 4457 4456 4458 
9189 4540 4544 4843 
9190 4455 4440 4456 
9191 4813 4814 4832 
9192 4750 4749 4751 
9193 4733 4732 4930 
9194 709 710 4828 
9195 4716 4715 4717 
9196 4477 4783 4785 
9197 4783 4784 4836 
9198 4546 4555 4833 
9199 4742 4363 4909 
9200 710 4337 4828 
9201 708 709 4822 
9202 4551 4795 4843 
9203 4636 4593 4778 
9204 4542 4545 4546 
9205 4856 4552 4862 
9206 712 4379 4835 
9207 710 711 4337 
9208 718 719 4338 
9209 4410 4409 4411 
9210 4546 4552 4553 
9211 153 154 4830 
9212 4337 711 4835 
9213 4521 4454 4775 
9214 152 4351 4837 
9215 4352 206 4838 
9216 4419 4431 4839 
9217 4785 4786 4787 
9218 152 153 4351 
9219 205 206 4352 
9220 4532 4534 4619 
9221 4398 4396 4443 
9222 4388 151 4837 
9223 207 4389 4838 
9224 151 152 4837 
9225 206 207 4838 
9226 4544 4551 4843 
9227 711 712 4835 
9228 4587 4586 4588 
9229 712 713 4379 
9230 716 717 4380 
9231 4800 4413 4839 
9232 4560 4580 4581 
9233 207 208 4389 
9234 150 151 4388 
9235 4581 4639 4640 
9236 4562 4601 4774 
9237 4537 4541 4542 
9238 4561 4556 4794 
9239 4536 4530 4582 
9240 4407 4412 4413 
9241 4419 4430 4431 
9242 4609 4571 4610 
9243 4403 4401 4409 
9244 4470 4471 4472 
9245 4425 4424 4426 
9246 4610 4571 4851 
9247 4585 4583 4586 
9248 4556 4557 4558 
9249 4548 4543 4549 
9250 4415 4411 4416 
9251 4431 4439 4440 
9252 4413 4412 4839 
9253 4427 4426 4428 
9254 4595 4594 4596 
9255 4589 4588 4590 
9256 4616 4856 4862 
9257 4558 4564 4565 
9258 4412 4419 4839 
9259 4748 4750 4752 
9260 4744 4498 4745 
9261 4581 4580 4639 
9262 4573 4575 4576 
9263 4438 4421 4491 
9264 4479 4480 4481 
9265 4598 4599 4607 
9266 4395 4394 4396 
9267 4607 4608 4621 
9268 4626 4627 4628 
9269 4568 4569 4570 
9270 4429 4453 4479 
9271 4481 4493 4494 
9272 4472 4474 4475 
9273 4445 4436 4446 
9274 4574 4617 4649 
9275 4429 4479 4842 
9276 4417 4429 4842 
9277 4637 4616 4638 
9278 4542 4541 4545 
9279 4591 4597 4598 
9280 4615 4566 4616 
9281 4546 4545 4552 
9282 4431 4430 4439 
9283 4433 4428 4434 
9284 4643 4640 4644 
9285 4604 4561 4794 
9286 4649 4617 4650 
9287 4729 4730 4731 
9288 4403 4409 4410 
9289 4458 4456 4473 
9290 4602 4596 4603 
9291 4703 4705 4707 
9292 4449 4448 4450 
9293 4440 4439 4497 
9294 4632 4633 4634 
9295 4486 4485 4487 
9296 4556 4553 4557 
9297 4544 4550 4551 
9298 4416 4424 4425 
9299 4795 4642 4874 
9300 4617 4609 4655 
9301 450 451 4321 
9302 492 493 4322 
9303 4464 4462 4467 
9304 4536 4582 4583 
9305 4460 4458 4844 
9306 4584 4606 4620 
9307 4501 4500 4502 
9308 4563 4554 4571 
9309 451 452 4724 
9310 452 453 4679 
9311 4420 4414 4422 
9312 453 454 4328 
9313 489 490 4327 
9314 4628 4629 4630 
9315 4551 4554 4560 
9316 4560 4563 4580 
9317 448 449 4725 
9318 449 450 4392 
9319 4585 4586 4587 
9320 4410 4411 4415 
9321 4402 4404 4405 
9322 4574 4609 4617 
9323 4481 4480 4493 
9324 4506 4442 4507 
9325 4670 4669 4671 
9326 4408 4406 4418 
9327 4639 4580 4641 
9328 456 457 4340 
9329 486 487 4339 
9330 4479 4453 4480 
9331 4538 4535 4539 
9332 4470 4466 4471 
9333 4574 4571 4609 
9334 495 496 4332 
9335 447 448 4331 
9336 4705 4704 4706 
9337 4497 4439 4498 
9338 4621 4608 4622 
9339 4399 4402 4846 
9340 4607 4599 4608 
9341 4490 4495 4496 
9342 4497 4498 4523 
9343 4419 4420 4430 
9344 4523 4498 4744 
9345 4648 4658 4659 
9346 4560 4554 4563 
9347 4430 4420 4432 
9348 446 447 4688 
9349 4661 4662 4663 
9350 4327 490 4680 
9351 4407 4408 4412 
9352 4598 4597 4599 
9353 4551 4550 4554 
9354 4322 493 4526 
9355 4412 4414 4419 
9356 4563 4571 4574 
9357 4425 4426 4427 
9358 4328 454 4773 
9359 4558 4557 4564 
9360 4550 4548 4559 
9361 4573 4570 4575 
9362 4706 4708 4709 
9363 4568 4565 4569 
9364 4438 4491 4492 
9365 4529 4531 4532 
9366 4544 4543 4548 
9367 4745 4498 4849 
9368 4512 4511 4513 
9369 4493 4480 4504 
9370 4405 4406 4407 
9371 458 459 4355 
9372 484 485 4356 
9373 4590 4594 4595 
9374 4397 4396 4398 
9375 4615 4616 4637 
9376 4532 4533 4534 
9377 4540 4539 4543 
9378 4534 4535 4537 
9379 4322 4527 4528 
9380 4434 4436 4445 
9381 4587 4588 4589 
9382 4544 4548 4550 
9383 4537 4538 4541 
9384 444 445 4347 
9385 498 499 4348 
9386 4709 4710 4711 
9387 483 484 4692 
9388 459 460 4695 
9389 4419 4414 4420 
9390 4412 4408 4414 
9391 460 461 4346 
9392 482 483 4345 
9393 4395 4397 4400 
9394 4626 4578 4627 
9395 4711 4713 4714 
9396 4545 4541 4547 
9397 4399 4398 4401 
9398 4458 4473 4844 
9399 4537 4535 4538 
9400 4407 4406 4408 
9401 4584 4620 4858 
9402 4402 4401 4403 
9403 4395 4396 4397 
9404 191 192 4868 
9405 4402 4403 4404 
9406 4714 4715 4716 
9407 4540 4543 4544 
9408 4415 4416 4852 
9409 461 462 4696 
9410 4340 457 4681 
9411 4476 4771 4891 
9412 4399 4401 4402 
9413 4427 4428 4433 
9414 4514 4513 4841 
9415 4472 4471 4474 
9416 4674 4673 4675 
9417 462 463 4360 
9418 480 481 4359 
9419 4716 4717 4761 
9420 4429 4438 4453 
9421 464 465 4357 
9422 478 479 4358 
9423 4534 4533 4535 
9424 4491 4421 4852 
9425 4402 4405 4846 
9426 4608 4599 4618 
9427 4397 4398 4399 
9428 4356 485 4689 
9429 463 464 4698 
9430 4446 4448 4449 
9431 4538 4539 4540 
9432 4405 4404 4406 
9433 4529 4527 4530 
9434 4439 4430 4849 
9435 4430 4432 4849 
9436 4553 4552 4856 
9437 4557 4553 4856 
9438 4429 4421 4438 
9439 4584 4583 4585 
9440 4532 4531 4533 
9441 4347 445 4693 
9442 4531 4530 4536 
9443 4452 4485 4486 
9444 4595 4596 4602 
9445 4539 4872 4875 
9446 4574 4649 4848 
9447 442 443 4353 
9448 500 501 4354 
9449 477 478 4699 
9450 4536 4583 4584 
9451 4417 4421 4429 
9452 4632 4630 4633 
9453 4576 4575 4579 
9454 4564 4557 4566 
9455 4410 4415 4417 
9456 4641 4580 4848 
9457 4615 4637 4646 
9458 4417 4842 4847 
9459 4580 4563 4848 
9460 4322 4526 4527 
9461 4591 4592 4597 
9462 476 477 4361 
9463 466 467 4362 
9464 4417 4415 4421 
9465 4416 4425 4852 
9466 4591 4598 4855 
9467 4584 4585 4606 
9468 4528 4527 4529 
9469 4614 4566 4615 
9470 4327 4680 4759 
9471 4597 4592 4623 
9472 474 475 4367 
9473 468 469 4368 
9474 4529 4530 4531 
9475 4564 4566 4614 
9476 4359 481 4697 
9477 4498 4439 4849 
9478 469 470 4760 
9479 472 473 4369 
9480 470 471 4370 
9481 4408 4418 4850 
9482 4490 4475 4495 
9483 473 474 4721 
9484 4422 4414 4850 
9485 4571 4554 4851 
9486 4487 4500 4501 
9487 4628 4627 4629 
9488 471 472 4723 
9489 4591 4589 4592 
9490 4358 479 4700 
9491 4433 4434 4861 
9492 4563 4574 4848 
9493 4449 4450 4508 
9494 4587 4589 4591 
9495 4427 4433 4441 
9496 4353 443 4701 
9497 4648 4634 4658 
9498 4616 4566 4856 
9499 4441 4442 4505 
9500 4550 4559 4851 
9501 4554 4550 4851 
9502 4598 4607 4860 
9503 4403 4410 4847 
9504 4540 4843 4854 
9505 4505 4442 4506 
9506 4414 4408 4850 
9507 4441 4433 4442 
9508 4566 4557 4856 
9509 4502 4511 4512 
9510 4340 4681 4684 
9511 4579 4575 4652 
9512 4590 4595 4863 
9513 4612 4669 4670 
9514 4602 4603 4651 
9515 4404 4403 4847 
9516 4449 4508 4509 
9517 4474 4471 4478 
9518 4541 4538 4854 
9519 4661 4659 4662 
9520 4595 4602 4605 
9521 4362 467 4702 
9522 4589 4590 4863 
9523 4356 4689 4691 
9524 4466 4464 4866 
9525 4367 475 4722 
9526 4507 4442 4861 
9527 439 440 4382 
9528 503 504 4383 
9529 4421 4415 4852 
9530 4638 4616 4862 
9531 4464 4467 4866 
9532 4547 4541 4854 
9533 4434 4445 4861 
9534 4579 4652 4653 
9535 4474 4478 4518 
9536 4599 4597 4853 
9537 4671 4673 4674 
9538 4347 4693 4694 
9539 4399 4846 4859 
9540 4538 4540 4854 
9541 4630 4629 4865 
9542 4629 4627 4645 
9543 4518 4478 4525 
9544 4578 4576 4867 
9545 4471 4466 4866 
9546 4867 4579 4873 
9547 4585 4587 4855 
9548 4549 4543 4875 
9549 4410 4417 4847 
9550 4496 4495 4519 
9551 4450 4452 4857 
9552 4531 4536 4858 
9553 4400 4397 4859 
9554 4364 191 4868 
9555 4533 4531 4858 
9556 4597 4623 4853 
9557 4629 4645 4742 
9558 4618 4599 4853 
9559 438 439 4728 
9560 4536 4584 4858 
9561 4512 4513 4514 
9562 4397 4399 4859 
9563 4481 4494 4880 
9564 4595 4605 4863 
9565 4606 4585 4855 
9566 4576 4579 4867 
9567 4508 4450 4857 
9568 4442 4433 4861 
9569 4872 4620 4875 
9570 4627 4578 4867 
9571 4587 4591 4855 
9572 4633 4630 4865 
9573 4547 4854 4874 
9574 4707 4705 4718 
9575 4891 4771 4893 
9576 505 506 4734 
9577 437 438 4732 
9578 4418 4406 4871 
9579 4539 4535 4872 
9580 4479 4481 4876 
9581 4452 4486 4857 
9582 4478 4471 4866 
9583 4592 4589 4863 
9584 4709 4711 4712 
9585 4603 4612 4864 
9586 4674 4678 5016 
9587 436 437 4387 
9588 506 507 4386 
9589 4362 4702 4719 
9590 4674 4675 4678 
9591 4854 4843 4874 
9592 4629 4742 4865 
9593 4651 4603 4864 
9594 4404 4847 4871 
9595 4858 4620 4872 
9596 4645 4867 4873 
9597 4427 4441 4870 
9598 4645 4627 4867 
9599 4852 4425 4870 
9600 4847 4842 4871 
9601 4547 4792 4878 
9602 4425 4427 4870 
9603 4533 4858 4872 
9604 4406 4404 4871 
9605 4535 4533 4872 
9606 4612 4670 4864 
9607 4491 4852 4870 
9608 4605 4602 4869 
9609 4870 4441 4877 
9610 4418 4871 4876 
9611 4602 4651 4869 
9612 4737 4738 4881 
9613 4545 4547 4878 
9614 434 435 4768 
9615 508 509 4767 
9616 4843 4795 4874 
9617 4579 4653 4873 
9618 4543 4539 4875 
9619 4799 4623 4942 
9620 4491 4870 4877 
9621 4378 182 4886 
9622 183 4376 4886 
9623 4871 4842 4876 
9624 4876 4481 4880 
9625 4437 4488 4885 
9626 4492 4491 4877 
9627 4549 4875 4879 
9628 4607 4621 4882 
9629 4842 4479 4876 
9630 4889 4400 4895 
9631 4426 4424 4885 
9632 4862 4552 4878 
9633 4552 4545 4878 
9634 4441 4505 4877 
9635 4549 4879 4882 
9636 4606 4860 4879 
9637 4620 4606 4879 
9638 4573 4577 4887 
9639 4559 4548 4884 
9640 4821 4330 4956 
9641 4879 4860 4882 
9642 4850 4418 4880 
9643 4418 4876 4880 
9644 4499 4485 4888 
9645 4862 4878 4883 
9646 4875 4620 4879 
9647 4878 4792 4883 
9648 4792 4643 4883 
9649 4882 4621 4884 
9650 4919 4380 5023 
9651 4781 4349 4892 
9652 4465 4476 4891 
9653 4468 4463 4891 
9654 4424 4437 4885 
9655 4860 4607 4882 
9656 4548 4549 4884 
9657 4638 4862 4883 
9658 503 4383 4914 
9659 4897 4722 5024 
9660 4640 4639 4894 
9661 4369 4721 5004 
9662 4366 4953 5006 
9663 4727 4444 4889 
9664 182 183 4886 
9665 4422 4850 4890 
9666 4549 4882 4884 
9667 159 160 4898 
9668 4577 4654 4887 
9669 4880 4494 4890 
9670 4485 4484 4888 
9671 4841 4513 5000 
9672 4496 4519 4900 
9673 4619 4774 4904 
9674 4793 173 4901 
9675 4784 4468 4893 
9676 4899 497 5036 
9677 174 4375 4901 
9678 4758 4528 4903 
9679 4941 4497 5007 
9680 4983 4635 4996 
9681 488 4896 5037 
9682 4676 4383 4985 
9683 4741 4345 4967 
9684 4836 4784 4895 
9685 4463 4465 4891 
9686 4342 194 4902 
9687 4349 4790 4892 
9688 4771 4727 4893 
9689 4850 4880 4890 
9690 4644 4640 4894 
9691 4532 4619 4903 
9692 4673 4672 4914 
9693 4675 4676 4970 
9694 4528 4529 4903 
9695 4678 696 5016 
9696 489 4327 4896 
9697 4664 4665 4897 
9698 4881 4738 4948 
9699 4329 159 4898 
9700 4686 4447 5033 
9701 4378 4886 4923 
9702 4332 496 4899 
9703 4773 455 4997 
9704 4517 4496 4900 
9705 4338 4746 4927 
9706 744 429 4739 
9707 514 685 4740 
9708 4893 4727 4895 
9709 4605 4869 4955 
9710 4784 4893 4895 
9711 4727 4889 4895 
9712 4916 4379 4963 
9713 4365 4788 5020 
9714 4886 4718 4923 
9715 169 4350 4909 
9716 4334 197 4908 
9717 198 4820 4908 
9718 4363 168 4909 
9719 4634 4633 4907 
9720 4523 4325 5007 
9721 4379 4918 4963 
9722 4647 4648 4910 
9723 4332 4899 4921 
9724 732 733 4913 
9725 4873 4796 4995 
9726 4502 4512 4912 
9727 4623 4799 4982 
9728 4802 4341 4917 
9729 173 174 4901 
9730 4706 4709 4915 
9731 4807 4804 4917 
9732 440 441 4939 
9733 4617 4655 4916 
9734 4730 4382 4939 
9735 4841 4376 4974 
9736 4514 4841 4974 
9737 4685 4686 5033 
9738 4346 4696 4994 
9739 713 714 4918 
9740 715 716 4919 
9741 194 195 4902 
9742 4508 4857 4966 
9743 4664 4897 5024 
9744 4641 4848 4920 
9745 4668 4354 5031 
9746 4657 4899 5036 
9747 4503 4773 4997 
9748 4896 4656 5037 
9749 4529 4532 4903 
9750 4767 509 4943 
9751 434 4768 4944 
9752 4614 4615 4924 
9753 4622 4825 4934 
9754 4774 4601 4904 
9755 4490 4516 4926 
9756 4705 4706 4923 
9757 4572 4769 4959 
9758 4853 4623 4982 
9759 4770 4690 4989 
9760 4500 4499 4928 
9761 718 4338 4927 
9762 4380 717 4927 
9763 4948 4738 4993 
9764 185 186 4929 
9765 4769 4770 4959 
9766 4733 4930 5039 
9767 4750 4751 4905 
9768 4341 4949 5043 
9769 4621 4622 4934 
9770 4723 4369 5045 
9771 4827 4504 4971 
9772 4794 4567 4936 
9773 733 734 4933 
9774 4844 4845 4992 
9775 4671 4674 4932 
9776 4375 4762 5002 
9777 4896 4327 4925 
9778 4445 4446 4935 
9779 4347 4694 4906 
9780 4738 4525 4938 
9781 4624 4604 4936 
9782 4369 5004 5045 
9783 4449 4509 4935 
9784 4357 465 4964 
9785 466 4362 4964 
9786 4845 4814 4948 
9787 4743 4679 4911 
9788 4851 4559 4937 
9789 4661 4664 4940 
9790 4825 4824 4979 
9791 4525 4478 4938 
9792 4328 4773 5049 
9793 4658 4634 4907 
9794 4866 4467 4938 
9795 4440 4497 4941 
9796 4667 4332 4921 
9797 4473 4456 4941 
9798 197 198 4908 
9799 4648 4660 4910 
9800 4623 4592 4942 
9801 168 169 4909 
9802 4513 4511 4945 
9803 4501 4502 4912 
9804 4863 4605 4942 
9805 4373 732 4913 
9806 4633 4865 4981 
9807 692 693 4946 
9808 736 737 4947 
9809 502 503 4914 
9810 4816 4941 5007 
9811 4559 4884 4934 
9812 4736 4611 4983 
9813 4643 4644 4952 
9814 166 4796 4949 
9815 4341 165 4949 
9816 4898 160 4965 
9817 4953 4519 5006 
9818 4709 4712 4915 
9819 731 4373 4953 
9820 4366 730 4953 
9821 181 4378 4954 
9822 4721 4367 4968 
9823 4343 4797 4955 
9824 4765 4324 4986 
9825 4700 4801 4998 
9826 4480 4453 4956 
9827 4914 4672 4987 
9828 4567 4568 4959 
9829 4650 4617 4916 
9830 4804 4802 4917 
9831 4764 4494 4922 
9832 4957 4776 5001 
9833 4383 504 4985 
9834 505 4734 4985 
9835 4354 501 4987 
9836 4379 713 4918 
9837 716 4380 4919 
9838 4363 4742 4995 
9839 4512 4514 5041 
9840 4853 4982 5025 
9841 4646 4898 4965 
9842 4790 4789 4966 
9843 4848 4649 4920 
9844 161 4333 4965 
9845 4356 4691 5035 
9846 456 4340 4997 
9847 4494 4493 4922 
9848 4767 4391 5022 
9849 4390 4768 5021 
9850 4638 4883 4952 
9851 4732 4728 4930 
9852 4330 200 4971 
9853 201 4827 4971 
9854 4885 4488 4962 
9855 441 442 5027 
9856 4339 487 5037 
9857 498 4348 5036 
9858 179 180 4973 
9859 184 185 4974 
9860 4752 4750 4969 
9861 4718 4705 4923 
9862 436 4387 5021 
9863 4386 507 5022 
9864 4768 435 5021 
9865 508 4767 5022 
9866 4615 4646 4924 
9867 4327 4759 4925 
9868 4569 4565 4976 
9869 4564 4614 4976 
9870 4799 4798 4982 
9871 4687 4885 4962 
9872 4504 4827 5050 
9873 4508 4966 5042 
9874 4861 4445 4977 
9875 4611 4596 4983 
9876 4820 4821 4958 
9877 4594 4635 4983 
9878 4748 4752 4978 
9879 196 4334 4984 
9880 4492 4524 4958 
9881 4324 203 4986 
9882 4372 4781 5034 
9883 4522 4776 4957 
9884 4489 4490 4926 
9885 4569 4807 5003 
9886 4683 4695 4957 
9887 4472 4489 4991 
9888 4697 4741 4931 
9889 4662 4659 4990 
9890 4773 4503 5049 
9891 4460 4844 4992 
9892 4378 4915 4954 
9893 4467 4462 4992 
9894 4949 4653 5043 
9895 687 688 5015 
9896 741 742 5014 
9897 717 718 4927 
9898 4377 4762 5047 
9899 4510 4500 4928 
9900 4742 4645 4995 
9901 4570 4569 5003 
9902 4628 4631 5013 
9903 4652 4575 5003 
9904 4503 4482 5049 
9905 176 4377 5047 
9906 4375 175 5047 
9907 696 697 5016 
9908 5 150 5011 
9909 714 5 5011 
9910 2 715 5012 
9911 208 2 5012 
9912 4609 4610 5010 
9913 4814 4336 4948 
9914 721 4325 5017 
9915 204 205 5052 
9916 186 4372 4929 
9917 4736 4983 4996 
9918 4817 4818 5040 
9919 4981 4865 5055 
9920 4469 4470 5032 
9921 4669 4668 5031 
9922 693 694 5038 
9923 735 736 5039 
9924 4447 4436 5033 
9925 4888 4484 4994 
9926 511 512 5015 
9927 431 432 5014 
9928 4453 4438 5028 
9929 4324 4922 5050 
9930 4329 4898 4988 
9931 4487 4501 5029 
9932 4735 4386 4946 
9933 4387 4733 4947 
9934 4656 4624 4989 
9935 502 4914 4987 
9936 4670 4671 4932 
9937 4837 4351 5005 
9938 4908 4820 4958 
9939 734 4384 4933 
9940 4514 4929 5041 
9941 4902 195 4984 
9942 4446 4449 4935 
9943 4447 4686 5001 
9944 4665 4663 5002 
9945 4501 4892 5029 
9946 4604 4794 4936 
9947 4359 4931 5051 
9948 4610 4851 4937 
9949 4639 4641 4972 
9950 4493 4504 5050 
9951 4884 4621 4934 
9952 4683 4957 5001 
9953 4912 4372 5034 
9954 4478 4866 4938 
9955 4489 4906 4991 
9956 4382 440 4939 
9957 4660 4661 4940 
9958 696 4678 5026 
9959 513 686 4951 
9960 4456 4440 4941 
9961 4801 4647 4998 
9962 509 510 4943 
9963 433 434 4944 
9964 4592 4863 4942 
9965 4385 695 5026 
9966 739 740 4944 
9967 689 690 4943 
9968 743 430 4950 
9969 4511 4515 4945 
9970 4761 4717 5018 
9971 4930 4384 5039 
9972 4618 4853 5025 
9973 4391 692 4946 
9974 737 4390 4947 
9975 4488 4503 4961 
9976 4524 4908 4958 
9977 4336 4881 4948 
9978 165 166 4949 
9979 730 731 4953 
9980 4797 4799 4955 
9981 180 181 4954 
9982 4883 4643 4952 
9983 4920 4649 5005 
9984 4504 4480 4956 
9985 4345 4692 4967 
9986 4631 4931 5013 
9987 4930 4729 5044 
9988 4670 4932 4975 
9989 4352 4838 4969 
9990 4827 4324 5050 
9991 4734 4735 4960 
9992 4568 4572 4959 
9993 4967 4692 5035 
9994 4894 4639 4972 
9995 4937 4825 4979 
9996 4719 4707 5000 
9997 4790 4486 5029 
9998 4824 4829 4979 
9999 4845 4948 4993 
10000 4495 4756 5006 
10001 4340 4684 4961 
10002 4972 4641 5054 
10003 5009 511 5015 
10004 432 5008 5014 
10005 4380 4927 4978 
10006 4928 4499 5019 
10007 4766 4765 4986 
10008 688 5009 5015 
10009 5008 741 5014 
10010 465 466 4964 
10011 4323 4894 4972 
10012 4915 4712 4954 
10013 4789 4364 4966 
10014 160 161 4965 
10015 4354 4987 5031 
10016 4796 4363 4995 
10017 4958 4821 5028 
10018 433 4944 5008 
10019 4943 510 5009 
10020 4722 4361 5024 
10021 4686 4683 5001 
10022 4944 740 5008 
10023 689 4943 5009 
10024 4918 4388 4963 
10025 4729 4731 5044 
10026 4905 4352 4969 
10027 4938 4467 4993 
10028 4961 4684 4962 
10029 431 742 4950 
10030 687 512 4951 
10031 4712 4711 4999 
10032 4711 4714 4999 
10033 4499 4888 5019 
10034 4906 4694 4991 
10035 4678 4675 4970 
10036 200 201 4971 
10037 4826 4323 4972 
10038 4517 4980 5048 
10039 4381 179 4973 
10040 4350 4780 4981 
10041 4376 184 4974 
10042 4888 4360 5019 
10043 4367 4897 4968 
10044 4635 4657 4996 
10045 4721 4968 5004 
10046 4509 4508 5042 
10047 4868 4509 5042 
10048 4565 4564 4976 
10049 4746 4748 4978 
10050 4980 4730 5048 
10051 4864 4670 4975 
10052 4507 4861 4977 
10053 4517 4900 4980 
10054 4731 4730 4980 
10055 4716 4763 5046 
10056 4647 4910 4998 
10057 4798 4335 4982 
10058 4907 4633 4981 
10059 4690 4339 4989 
10060 4650 4916 4963 
10061 4865 4742 5055 
10062 4596 4594 4983 
10063 4892 4790 5029 
10064 195 196 4984 
10065 4750 4905 4969 
10066 504 505 4985 
10067 203 204 4986 
10068 4970 4385 5026 
10069 4348 4736 4996 
10070 4714 4716 5046 
10071 4966 4364 5042 
10072 501 502 4987 
10073 4741 4626 5013 
10074 4818 4329 4988 
10075 4488 4961 4962 
10076 4631 4801 5051 
10077 4342 4902 5053 
10078 4698 4928 5019 
10079 4360 4698 5019 
10080 4927 4746 4978 
10081 4780 4907 4981 
10082 4897 4665 5018 
10083 4659 4658 4990 
10084 4826 4972 5054 
10085 4864 4975 5020 
10086 4730 4939 5048 
10087 4809 4342 5053 
10088 4776 4447 5001 
10089 4470 4472 4991 
10090 4350 4981 5055 
10091 4484 4522 4994 
10092 4982 4335 5025 
10093 4462 4460 4992 
10094 4325 4816 5007 
10095 4692 4356 5035 
10096 4641 4920 5054 
10097 4645 4873 4995 
10098 4513 4945 5000 
10099 4918 714 5011 
10100 715 4919 5012 
10101 4492 4958 5028 
10102 4731 4933 5044 
10103 455 456 4997 
10104 4358 4700 4998 
10105 4742 4909 5055 
10106 4717 4715 5004 
10107 4910 4358 4998 
10108 4901 4375 5030 
10109 4649 4650 5005 
10110 4497 4523 5007 
10111 4575 4570 5003 
10112 4519 4495 5006 
10113 4902 4507 5053 
10114 510 511 5009 
10115 432 433 5008 
10116 4892 4501 5034 
10117 740 741 5008 
10118 688 689 5009 
10119 4738 4938 4993 
10120 4917 4341 5043 
10121 4655 4609 5010 
10122 4389 208 5012 
10123 150 4388 5011 
10124 695 696 5026 
10125 4626 4628 5013 
10126 4940 4664 5024 
10127 697 4374 5016 
10128 720 721 5017 
10129 5004 4715 5045 
10130 4651 4864 5020 
10131 435 436 5021 
10132 507 508 5022 
10133 4335 4810 5025 
10134 4763 4381 5046 
10135 442 4353 5027 
10136 4438 4492 5028 
10137 4662 4901 5030 
10138 4486 4487 5029 
10139 4672 4669 5031 
10140 4483 4469 5032 
10141 4663 4662 5030 
10142 4781 4892 5034 
10143 4436 4435 5033 
10144 4384 4930 5044 
10145 694 4385 5038 
10146 4384 735 5039 
10147 4610 4937 4979 
10148 4999 4714 5046 
10149 4819 4817 5040 
10150 497 498 5036 
10151 487 488 5037 
10152 4909 4350 5055 
10153 4912 4512 5041 
10154 4501 4912 5034 
10155 4715 4713 5045 
10156 4364 4868 5042 
10157 4653 4652 5043 
10158 4520 4517 5048 
10159 4482 4521 5049 
10160 175 176 5047 
10161 742 431 5014 
10162 512 687 5015 
10163 4830 4826 5054 
10164 205 4352 5052 
10165 4920 4830 5054 
10166 4388 4918 5011 
10167 4919 4389 5012 
10168 4931 4631 5051 
10169 4973 4712 4999 
10170 4385 4960 5038 
10171 4960 4735 5038 
10172 4968 4717 5004 
10173 4652 4917 5043 
10174 4372 4912 5041 
10175 4945 4719 5000 
10176 4389 4919 5023 
10177 4968 4897 5018 
10178 4361 4940 5024 
10179 4931 4741 5013 
10180 4381 4999 5046 
10181 4929 4372 5041 
10182 4977 4809 5053 
10183 4922 4493 5050 
10184 4987 4672 5031 
10185 4939 4520 5048 
10186 4381 4973 4999 
10187 4933 4384 5044 
10188 4717 4968 5018 
10189 4678 4970 5026 
10190 5002 4663 5030 
10191 4375 5002 5030 
10192 4507 4977 5053 
10193 425 748 7 
10194 8 681 518 
10195 748 425 426 
10196 747 748 426 
10197 429 430 4739 
10198 430 431 4950 
10199 512 513 4951 
10200 513 514 4740 
10201 516 682 683 
10202 681 517 518 
10203 517 681 682 
10204 685 686 4740 
10205 686 687 4951 
10206 742 743 4950 
10207 743 744 4739 
10208 427 747 426 
10209 746 427 428 
10210 746 747 427 
10211 745 428 429 
10212 745 746 428 
10213 745 429 744 
10214 515 684 514 
10215 514 684 685 
10216 515 516 683 
10217 684 515 683 
10218 516 517 682 
$EndElements
