$MeshFormat
2.2 0 8
$EndMeshFormat
$PhysicalNames
10
2 4 "sgh"
2 5 "sge"
2 6 "sgb"
2 7 "sgi"
2 8 "sse"
2 9 "ssb"
2 10 "ssh"
3 1 "comb"
3 2 "gaine"
3 3 "stiffeners"
$EndPhysicalNames
$Nodes
1233
1 0.01286189734159397 -0.01747745967737582 0.12
2 0.01316369890067438 -0.0180001953115066 0.12
3 0.01316369890067438 -0.0180001953115066 0.72
4 0.01286189734159397 -0.01747745967737582 0.72
5 0.01286189734159397 0.01747745967737582 0.12
6 0.01316369890067438 0.0180001953115066 0.12
7 0.01316369890067438 0.0180001953115066 0.72
8 0.01286189734159397 0.01747745967737582 0.72
9 0.01233499851092005 -0.01736484413219997 0.07000000000000001
10 0.01303791211929564 -0.01858232621523806 0.07000000000000001
11 0.01303791211929564 -0.01858232621523806 0.77
12 0.01233499851092005 -0.01736484413219997 0.77
13 0.01233499851092005 0.01736484413219997 0.07000000000000001
14 0.01303791211929564 0.01858232621523806 0.07000000000000001
15 0.01303791211929564 0.01858232621523806 0.77
16 0.01233499851092005 0.01736484413219997 0.77
17 0.01163205080756888 0.01614730299493188 0
18 0.01360705080756888 0.01956810333988042 0
19 0.01360705080756888 0.01956810333988042 0.8400000000000001
20 0.01163205080756888 0.01614730299493188 0.8400000000000001
21 0.008167949192431122 0.01814730299493188 0
22 0.01014294919243113 0.02156810333988042 0
23 0.01014294919243113 0.02156810333988042 0.8400000000000001
24 0.008167949192431122 0.01814730299493188 0.8400000000000001
25 0.008704975403428662 0.01987745967737582 0.12
26 0.009006776962509075 0.0204001953115066 0.12
27 0.009006776962509075 0.0204001953115066 0.72
28 0.008704975403428662 0.01987745967737582 0.72
29 -0.02156687274502263 0.002400000000000003 0.12
30 -0.02217047586318345 0.002400000000000003 0.12
31 -0.02217047586318345 0.002400000000000003 0.72
32 -0.02156687274502263 0.002400000000000003 0.72
33 0.0088708968957823 0.01936484413219998 0.07000000000000001
34 0.009573810504157889 0.02058232621523806 0.07000000000000001
35 0.009573810504157889 0.02058232621523806 0.77
36 0.0088708968957823 0.01936484413219998 0.77
37 -0.02120589540670235 0.002000000000000003 0.07000000000000001
38 -0.02261172262345353 0.002000000000000003 0.07000000000000001
39 -0.02261172262345353 0.002000000000000003 0.77
40 -0.02120589540670235 0.002000000000000003 0.77
41 -0.01979999999999999 0.002000000000000003 0
42 -0.02375 0.002000000000000003 0
43 -0.02375 0.002000000000000003 0.8400000000000001
44 -0.01979999999999999 0.002000000000000003 0.8400000000000001
45 -0.01979999999999999 -0.001999999999999997 0
46 -0.02375 -0.001999999999999997 0
47 -0.02375 -0.001999999999999997 0.8400000000000001
48 -0.01979999999999999 -0.001999999999999997 0.8400000000000001
49 -0.02156687274502263 -0.002399999999999998 0.12
50 -0.02217047586318345 -0.002399999999999998 0.12
51 -0.02217047586318345 -0.002399999999999998 0.72
52 -0.02156687274502263 -0.002399999999999998 0.72
53 0.008704975403428662 -0.01987745967737582 0.12
54 0.009006776962509075 -0.0204001953115066 0.12
55 0.009006776962509075 -0.0204001953115066 0.72
56 0.008704975403428662 -0.01987745967737582 0.72
57 -0.02120589540670235 -0.001999999999999997 0.07000000000000001
58 -0.02261172262345353 -0.001999999999999997 0.07000000000000001
59 -0.02261172262345353 -0.001999999999999997 0.77
60 -0.02120589540670235 -0.001999999999999997 0.77
61 0.0088708968957823 -0.01936484413219998 0.07000000000000001
62 0.009573810504157889 -0.02058232621523806 0.07000000000000001
63 0.009573810504157889 -0.02058232621523806 0.77
64 0.0088708968957823 -0.01936484413219998 0.77
65 0.008167949192431122 -0.01814730299493188 0
66 0.01014294919243113 -0.02156810333988042 0
67 0.01014294919243113 -0.02156810333988042 0.8400000000000001
68 0.008167949192431122 -0.01814730299493188 0.8400000000000001
69 0.01163205080756888 -0.01614730299493188 0
70 0.01360705080756888 -0.01956810333988042 0
71 0.01360705080756888 -0.01956810333988042 0.8400000000000001
72 0.01163205080756888 -0.01614730299493188 0.8400000000000001
73 0.01301279812113359 -0.0177388274944402 0.12
74 0.01316369890067438 -0.0180001953115066 0.2699999999996434
75 0.01316369890067438 -0.0180001953115066 0.419999999999238
76 0.01316369890067438 -0.0180001953115066 0.5699999999996352
77 0.01301279812113397 -0.01773882749444085 0.72
78 0.01286189734159397 -0.01747745967737582 0.5700000000002384
79 0.01286189734159397 -0.01747745967737582 0.4200000000005957
80 0.01286189734159397 -0.01747745967737582 0.2700000000002925
81 0.01301279812113359 0.0177388274944402 0.12
82 0.01316369890067438 0.0180001953115066 0.2699999999996434
83 0.01316369890067438 0.0180001953115066 0.419999999999238
84 0.01316369890067438 0.0180001953115066 0.5699999999996352
85 0.01301279812113397 0.01773882749444085 0.72
86 0.01286189734159397 0.01747745967737582 0.5700000000002384
87 0.01286189734159397 0.01747745967737582 0.4200000000005957
88 0.01286189734159397 0.01747745967737582 0.2700000000002925
89 0.01702459106460348 -0.01345560474609086 0.12
90 0.01997600275543587 -0.008476397460880306 0.12
91 0.02150614252451452 -0.002894103266172099 0.12
92 0.02150614251235805 0.002894103356507079 0.12
93 0.01997600273282275 0.008476397514171785 0.12
94 0.01702459104850266 0.0134556047664623 0.12
95 0.0174657093077828 -0.01386502788947895 0.12
96 0.02051714194456795 -0.008737098284124441 0.12
97 0.02209950846942746 -0.002983575943344479 0.12
98 0.02209950845498884 0.002983576050292116 0.12
99 0.0205171419160178 0.008737098351168177 0.12
100 0.01746570928893972 0.01386502791321549 0.12
101 0.0174657093077828 -0.01386502788947895 0.72
102 0.02051714194456795 -0.008737098284124441 0.72
103 0.02209950846942746 -0.002983575943344479 0.72
104 0.02209950845498884 0.002983576050292116 0.72
105 0.0205171419160178 0.008737098351168177 0.72
106 0.01746570928893972 0.01386502791321549 0.72
107 0.01702459106460348 -0.01345560474609086 0.72
108 0.01997600275543587 -0.008476397460880306 0.72
109 0.02150614252451452 -0.002894103266172099 0.72
110 0.02150614251235805 0.002894103356507079 0.72
111 0.01997600273282275 0.008476397514171785 0.72
112 0.01702459104850266 0.0134556047664623 0.72
113 0.0126864553151073 -0.01797358517371807 0.07000000000000001
114 0.01303791211929564 -0.01858232621523806 0.2449999999995771
115 0.01303791211929564 -0.01858232621523806 0.4199999999990023
116 0.01303791211929564 -0.01858232621523806 0.5949999999993278
117 0.0126864553151084 -0.01797358517371997 0.77
118 0.01233499851092005 -0.01736484413219997 0.5950000000003848
119 0.01233499851092005 -0.01736484413219997 0.4200000000008567
120 0.01233499851092005 -0.01736484413219997 0.2450000000004388
121 0.0126864553151073 0.01797358517371807 0.07000000000000001
122 0.01303791211929564 0.01858232621523806 0.2449999999995771
123 0.01303791211929564 0.01858232621523806 0.4199999999990023
124 0.01303791211929564 0.01858232621523806 0.5949999999993278
125 0.0126864553151084 0.01797358517371997 0.77
126 0.01233499851092005 0.01736484413219997 0.5950000000003848
127 0.01233499851092005 0.01736484413219997 0.4200000000008567
128 0.01233499851092005 0.01736484413219997 0.2450000000004388
129 0.01655117379015921 -0.01340703718828087 0.07000000000000001
130 0.0195474029131473 -0.008461030631730402 0.07000000000000001
131 0.02110284122683884 -0.002891382395123638 0.07000000000000001
132 0.02110284121469556 0.002891382483751691 0.07000000000000001
133 0.01954740289132059 0.00846103068215635 0.07000000000000001
134 0.01655117377308945 0.01340703720935374 0.07000000000000001
135 0.0175795438463229 -0.01436139401852101 0.07000000000000001
136 0.02080967155344331 -0.009069044593440514 0.07000000000000001
137 0.02248731483567579 -0.003100108301526893 0.07000000000000001
138 0.02248731482177714 0.003100108402343761 0.07000000000000001
139 0.02080967152838806 0.009069044650931852 0.07000000000000001
140 0.01757954382905649 0.01436139403965653 0.07000000000000001
141 0.0175795438463229 -0.01436139401852101 0.77
142 0.02080967155344331 -0.009069044593440514 0.77
143 0.02248731483567579 -0.003100108301526893 0.77
144 0.02248731482177714 0.003100108402343761 0.77
145 0.02080967152838806 0.009069044650931852 0.77
146 0.01757954382905649 0.01436139403965653 0.77
147 0.01655117379015921 -0.01340703718828087 0.77
148 0.0195474029131473 -0.008461030631730402 0.77
149 0.02110284122683884 -0.002891382395123638 0.77
150 0.02110284121469556 0.002891382483751691 0.77
151 0.01954740289132059 0.00846103068215635 0.77
152 0.01655117377308945 0.01340703720935374 0.77
153 0.01259844792625767 -0.01742115190478804 0.09500000000006233
154 0.01310080550998517 -0.01829126076337161 0.09500000000006233
155 0.01310080550998518 -0.01829126076337157 0.7449999999999349
156 0.0125984479262577 -0.01742115190478805 0.7449999999999349
157 0.01259844792625767 0.01742115190478804 0.09500000000006233
158 0.01310080550998517 0.01829126076337161 0.09500000000006233
159 0.01310080550998518 0.01829126076337157 0.7449999999999349
160 0.0125984479262577 0.01742115190478805 0.7449999999999349
161 0.01261955080756767 0.01785770316740405 0
162 0.01360705080756888 0.01956810333988042 0.2099999999995106
163 0.01360705080756888 0.01956810333988042 0.4199999999988963
164 0.01360705080756888 0.01956810333988042 0.6299999999994428
165 0.01261955080757009 0.01785770316740825 0.8400000000000001
166 0.01163205080756888 0.01614730299493188 0.6300000000005253
167 0.01163205080756888 0.01614730299493188 0.4200000000011481
168 0.01163205080756888 0.01614730299493188 0.2100000000005794
169 0.009155449192429912 0.01985770316740405 0
170 0.01014294919243113 0.02156810333988042 0.2099999999995106
171 0.01014294919243113 0.02156810333988042 0.4199999999988963
172 0.01014294919243113 0.02156810333988042 0.6299999999994428
173 0.009155449192432337 0.01985770316740825 0.8400000000000001
174 0.008167949192431122 0.01814730299493188 0.6300000000005253
175 0.008167949192431122 0.01814730299493188 0.4200000000011481
176 0.008167949192431122 0.01814730299493188 0.2100000000005794
177 0.009900000000012694 0.01714730299492455 0
178 0.0118750000000127 0.02056810333987309 0
179 0.0118750000000127 0.02056810333987309 0.8400000000000001
180 0.009900000000012694 0.01714730299492455 0.8400000000000001
181 0.008519423044107664 0.01875607356356758 0.03500000000009488
182 0.009858379848293736 0.02107521477755791 0.03500000000009487
183 0.009858379848293979 0.02107521477755833 0.804999999999935
184 0.008519423044107365 0.01875607356356706 0.8049999999999349
185 0.01198352465924542 0.01675607356356758 0.03500000000009488
186 0.01332248146343149 0.0190752147775579 0.03500000000009487
187 0.01332248146343173 0.01907521477755832 0.804999999999935
188 0.01198352465924512 0.01675607356356706 0.8049999999999349
189 0.01060294770336387 0.01836484413219265 0.07000000000000001
190 0.01130586131173946 0.01958232621523074 0.07000000000000001
191 0.01130586131173946 0.01958232621523074 0.77
192 0.01060294770336387 0.01836484413219265 0.77
193 0.008855876182968282 0.0201388274944402 0.12
194 0.009006776962509075 0.0204001953115066 0.2699999999996434
195 0.009006776962509075 0.0204001953115066 0.419999999999238
196 0.009006776962509075 0.0204001953115066 0.5699999999996352
197 0.00885587618296866 0.02013882749444085 0.72
198 0.008704975403428662 0.01987745967737582 0.5700000000002384
199 0.008704975403428662 0.01987745967737582 0.4200000000005957
200 0.008704975403428662 0.01987745967737582 0.2700000000002925
201 -0.02186867430410304 0.002400000000000003 0.12
202 -0.02217047586318345 0.002400000000000003 0.2699999999996434
203 -0.02217047586318345 0.002400000000000003 0.419999999999238
204 -0.02217047586318345 0.002400000000000003 0.5699999999996352
205 -0.02186867430410304 0.002400000000000003 0.72
206 -0.02156687274502263 0.002400000000000003 0.5700000000002384
207 -0.02156687274502263 0.002400000000000003 0.4200000000005957
208 -0.02156687274502263 0.002400000000000003 0.2700000000002925
209 0.003140599991596494 0.021471530725423 0.12
210 -0.002647225863124131 0.02153792458036768 0.12
211 -0.008246704321228451 0.02007191739316978 0.12
212 -0.01325943828890782 0.0171778140711397 0.12
213 -0.01732877694321576 0.01306152707964401 0.12
214 -0.02016519107352346 0.008015925958258945 0.12
215 0.003274611726461043 0.02205826189981712 0.12
216 -0.002692021896616852 0.02213691527986985 0.12
217 -0.008465901671142268 0.02063052371837784 0.12
218 -0.01363360687724833 0.01764694771105324 0.12
219 -0.01782512008316421 0.01339981693982332 0.12
220 -0.02074032104292928 0.008193233979096708 0.12
221 0.003274611726461043 0.02205826189981712 0.72
222 -0.002692021896616852 0.02213691527986985 0.72
223 -0.008465901671142268 0.02063052371837784 0.72
224 -0.01363360687724833 0.01764694771105324 0.72
225 -0.01782512008316421 0.01339981693982332 0.72
226 -0.02074032104292928 0.008193233979096708 0.72
227 0.003140599991596494 0.021471530725423 0.72
228 -0.002647225863124131 0.02153792458036768 0.72
229 -0.008246704321228451 0.02007191739316978 0.72
230 -0.01325943828890782 0.0171778140711397 0.72
231 -0.01732877694321576 0.01306152707964401 0.72
232 -0.02016519107352346 0.008015925958258945 0.72
233 0.009222353699969547 0.01997358517371807 0.07000000000000001
234 0.009573810504157889 0.02058232621523806 0.2449999999995771
235 0.009573810504157889 0.02058232621523806 0.4199999999990023
236 0.009573810504157889 0.02058232621523806 0.5949999999993278
237 0.009222353699970643 0.01997358517371997 0.77
238 0.0088708968957823 0.01936484413219998 0.5950000000003848
239 0.0088708968957823 0.01936484413219998 0.4200000000008567
240 0.0088708968957823 0.01936484413219998 0.2450000000004388
241 -0.02190880901507591 0.002000000000000003 0.07000000000000001
242 -0.02261172262345353 0.002000000000000003 0.2449999999995771
243 -0.02261172262345353 0.002000000000000003 0.4199999999990023
244 -0.02261172262345353 0.002000000000000003 0.5949999999993278
245 -0.02190880901507997 0.002000000000000003 0.77
246 -0.02120589540670235 0.002000000000000003 0.5950000000003848
247 -0.02120589540670235 0.002000000000000003 0.4200000000008567
248 -0.02120589540670235 0.002000000000000003 0.2450000000004388
249 0.003335247896411195 0.02103725555935195 0.07000000000000001
250 -0.002446233992680763 0.02115906281603826 0.07000000000000001
251 -0.00804741000740912 0.01972128779194329 0.07000000000000001
252 -0.01305543129044836 0.01682990534199114 0.07000000000000001
253 -0.01710116896099931 0.01269803213759334 0.07000000000000001
254 -0.01988642169995249 0.007630218343642504 0.07000000000000001
255 0.003647560127368376 0.02240502856765044 0.07000000000000001
256 -0.002550812773806555 0.02255622650606669 0.07000000000000001
257 -0.008558884873013206 0.02102464006185376 0.07000000000000001
258 -0.01392843004354975 0.01792453169602879 0.07000000000000001
259 -0.01825885882037526 0.01348718186196082 0.07000000000000001
260 -0.02122710398721303 0.008043634521535949 0.07000000000000001
261 0.003647560127368376 0.02240502856765044 0.77
262 -0.002550812773806555 0.02255622650606669 0.77
263 -0.008558884873013206 0.02102464006185376 0.77
264 -0.01392843004354975 0.01792453169602879 0.77
265 -0.01825885882037526 0.01348718186196082 0.77
266 -0.02122710398721303 0.008043634521535949 0.77
267 0.003335247896411195 0.02103725555935195 0.77
268 -0.002446233992680763 0.02115906281603826 0.77
269 -0.00804741000740912 0.01972128779194329 0.77
270 -0.01305543129044836 0.01682990534199114 0.77
271 -0.01710116896099931 0.01269803213759334 0.77
272 -0.01988642169995249 0.007630218343642504 0.77
273 0.008787936149605274 0.01962115190478854 0.09500000000006233
274 0.009290293733332775 0.02049126076337211 0.09500000000006237
275 0.009290293733332745 0.0204912607633721 0.7449999999999349
276 0.008787936149605265 0.01962115190478857 0.7449999999999349
277 -0.02138638407586294 0.002200000000000501 0.0950000000000623
278 -0.02239109924331794 0.002200000000000501 0.09500000000006233
279 -0.02239109924331792 0.002200000000000523 0.7449999999999349
280 -0.02138638407586296 0.002200000000000523 0.7449999999999349
281 -0.02177499999999458 0.002000000000000003 0
282 -0.02375 0.002000000000000003 0.2099999999995106
283 -0.02375 0.002000000000000003 0.4199999999988963
284 -0.02375 0.002000000000000003 0.6299999999994428
285 -0.02177500000000542 0.002000000000000003 0.8400000000000001
286 -0.01979999999999999 0.002000000000000003 0.6300000000005253
287 -0.01979999999999999 0.002000000000000003 0.4200000000011481
288 -0.01979999999999999 0.002000000000000003 0.2100000000005794
289 -0.02177499999999458 -0.001999999999999997 0
290 -0.02375 -0.001999999999999997 0.2099999999995106
291 -0.02375 -0.001999999999999997 0.4199999999988963
292 -0.02375 -0.001999999999999997 0.6299999999994428
293 -0.02177500000000542 -0.001999999999999997 0.8400000000000001
294 -0.01979999999999999 -0.001999999999999997 0.6300000000005253
295 -0.01979999999999999 -0.001999999999999997 0.4200000000011481
296 -0.01979999999999999 -0.001999999999999997 0.2100000000005794
297 -0.01979999999999999 5.131312041939395e-15 0
298 -0.02375 5.13174572280839e-15 0
299 -0.02375 5.13174572280839e-15 0.8400000000000001
300 -0.01979999999999999 5.131312041939395e-15 0.8400000000000001
301 -0.02050294770335308 -0.001999999999999997 0.03500000000009491
302 -0.02318086131172522 -0.001999999999999997 0.03500000000009486
303 -0.0231808613117257 -0.001999999999999997 0.804999999999935
304 -0.02050294770335248 -0.001999999999999997 0.804999999999935
305 -0.02050294770335308 0.002000000000000003 0.03500000000009491
306 -0.02318086131172522 0.002000000000000003 0.03500000000009486
307 -0.0231808613117257 0.002000000000000003 0.804999999999935
308 -0.02050294770335248 0.002000000000000003 0.804999999999935
309 -0.02120589540670235 5.131312041939395e-15 0.07000000000000001
310 -0.02261172262345353 5.131312041939395e-15 0.07000000000000001
311 -0.02261172262345353 5.131312041939395e-15 0.77
312 -0.02120589540670235 5.131312041939395e-15 0.77
313 -0.02186867430410304 -0.002399999999999998 0.12
314 -0.02217047586318345 -0.002399999999999998 0.2699999999996434
315 -0.02217047586318345 -0.002399999999999998 0.419999999999238
316 -0.02217047586318345 -0.002399999999999998 0.5699999999996352
317 -0.02186867430410304 -0.002399999999999998 0.72
318 -0.02156687274502263 -0.002399999999999998 0.5700000000002384
319 -0.02156687274502263 -0.002399999999999998 0.4200000000005957
320 -0.02156687274502263 -0.002399999999999998 0.2700000000002925
321 0.008855876182968282 -0.0201388274944402 0.12
322 0.009006776962509075 -0.0204001953115066 0.2699999999996434
323 0.009006776962509075 -0.0204001953115066 0.419999999999238
324 0.009006776962509075 -0.0204001953115066 0.5699999999996352
325 0.00885587618296866 -0.02013882749444085 0.72
326 0.008704975403428662 -0.01987745967737582 0.5700000000002384
327 0.008704975403428662 -0.01987745967737582 0.4200000000005957
328 0.008704975403428662 -0.01987745967737582 0.2700000000002925
329 -0.02016519106486495 -0.008015925980040639 0.12
330 -0.01732877690955539 -0.01306152712430134 0.12
331 -0.01325943820960695 -0.0171778141323515 0.12
332 -0.008246704225048099 -0.02007191743268623 0.12
333 -0.002647225781838722 -0.02153792459035847 0.12
334 0.003140600029656299 -0.02147153071985606 0.12
335 -0.0207403210305179 -0.008193234010514812 0.12
336 -0.01782512005097152 -0.01339981698264767 0.12
337 -0.0136336068186096 -0.0176469477563561 0.12
338 -0.008465901599380697 -0.02063052374782577 0.12
339 -0.00269202184697359 -0.02213691528590686 0.12
340 0.003274611748141438 -0.02205826189659861 0.12
341 -0.0207403210305179 -0.008193234010514812 0.72
342 -0.01782512005097152 -0.01339981698264767 0.72
343 -0.0136336068186096 -0.0176469477563561 0.72
344 -0.008465901599380697 -0.02063052374782577 0.72
345 -0.00269202184697359 -0.02213691528590686 0.72
346 0.003274611748141438 -0.02205826189659861 0.72
347 -0.02016519106486495 -0.008015925980040639 0.72
348 -0.01732877690955539 -0.01306152712430134 0.72
349 -0.01325943820960695 -0.0171778141323515 0.72
350 -0.008246704225048099 -0.02007191743268623 0.72
351 -0.002647225781838722 -0.02153792459035847 0.72
352 0.003140600029656299 -0.02147153071985606 0.72
353 -0.02190880901507591 -0.001999999999999997 0.07000000000000001
354 -0.02261172262345353 -0.001999999999999997 0.2449999999995771
355 -0.02261172262345353 -0.001999999999999997 0.4199999999990023
356 -0.02261172262345353 -0.001999999999999997 0.5949999999993278
357 -0.02190880901507997 -0.001999999999999997 0.77
358 -0.02120589540670235 -0.001999999999999997 0.5950000000003848
359 -0.02120589540670235 -0.001999999999999997 0.4200000000008567
360 -0.02120589540670235 -0.001999999999999997 0.2450000000004388
361 0.009222353699969547 -0.01997358517371807 0.07000000000000001
362 0.009573810504157889 -0.02058232621523806 0.2449999999995771
363 0.009573810504157889 -0.02058232621523806 0.4199999999990023
364 0.009573810504157889 -0.02058232621523806 0.5949999999993278
365 0.009222353699970643 -0.01997358517371997 0.77
366 0.0088708968957823 -0.01936484413219998 0.5950000000003848
367 0.0088708968957823 -0.01936484413219998 0.4200000000008567
368 0.0088708968957823 -0.01936484413219998 0.2450000000004388
369 -0.01988642168907303 -0.007630218371997331 0.07000000000000001
370 -0.01710116892494956 -0.01269803218614362 0.07000000000000001
371 -0.01305543121882554 -0.01682990539755097 0.07000000000000001
372 -0.008047409923974983 -0.01972128782598917 0.07000000000000001
373 -0.002446233928070557 -0.02115906282350795 0.07000000000000001
374 0.003335247925939238 -0.02103725555467057 0.07000000000000001
375 -0.02122710397622553 -0.00804363455053188 0.07000000000000001
376 -0.01825885878091724 -0.01348718191537882 0.07000000000000001
377 -0.01392842996094204 -0.01792453176021991 0.07000000000000001
378 -0.008558884779311542 -0.02102464009999861 0.07000000000000001
379 -0.002550812706969464 -0.02255622651362509 0.07000000000000001
380 0.003647560156082101 -0.02240502856297583 0.07000000000000001
381 -0.02122710397622553 -0.00804363455053188 0.77
382 -0.01825885878091724 -0.01348718191537882 0.77
383 -0.01392842996094204 -0.01792453176021991 0.77
384 -0.008558884779311542 -0.02102464009999861 0.77
385 -0.002550812706969464 -0.02255622651362509 0.77
386 0.003647560156082101 -0.02240502856297583 0.77
387 -0.01988642168907303 -0.007630218371997331 0.77
388 -0.01710116892494956 -0.01269803218614362 0.77
389 -0.01305543121882554 -0.01682990539755097 0.77
390 -0.008047409923974983 -0.01972128782598917 0.77
391 -0.002446233928070557 -0.02115906282350795 0.77
392 0.003335247925939238 -0.02103725555467057 0.77
393 -0.02138638407586294 -0.002200000000000496 0.0950000000000623
394 -0.02239109924331794 -0.002200000000000496 0.09500000000006233
395 -0.02239109924331792 -0.002200000000000518 0.7449999999999349
396 -0.02138638407586296 -0.002200000000000518 0.7449999999999349
397 0.008787936149605274 -0.01962115190478854 0.09500000000006233
398 0.009290293733332775 -0.02049126076337211 0.09500000000006237
399 0.009290293733332745 -0.0204912607633721 0.7449999999999349
400 0.008787936149605265 -0.01962115190478857 0.7449999999999349
401 0.009155449192429912 -0.01985770316740405 0
402 0.01014294919243113 -0.02156810333988042 0.2099999999995106
403 0.01014294919243113 -0.02156810333988042 0.4199999999988963
404 0.01014294919243113 -0.02156810333988042 0.6299999999994428
405 0.009155449192432337 -0.01985770316740825 0.8400000000000001
406 0.008167949192431122 -0.01814730299493188 0.6300000000005253
407 0.008167949192431122 -0.01814730299493188 0.4200000000011481
408 0.008167949192431122 -0.01814730299493188 0.2100000000005794
409 0.01261955080756767 -0.01785770316740405 0
410 0.01360705080756888 -0.01956810333988042 0.2099999999995106
411 0.01360705080756888 -0.01956810333988042 0.4199999999988963
412 0.01360705080756888 -0.01956810333988042 0.6299999999994428
413 0.01261955080757009 -0.01785770316740825 0.8400000000000001
414 0.01163205080756888 -0.01614730299493188 0.6300000000005253
415 0.01163205080756888 -0.01614730299493188 0.4200000000011481
416 0.01163205080756888 -0.01614730299493188 0.2100000000005794
417 0.009899999999987304 -0.01714730299493921 0
418 0.01187499999998731 -0.02056810333988774 0
419 0.01187499999998731 -0.02056810333988774 0.8400000000000001
420 0.009899999999987304 -0.01714730299493921 0.8400000000000001
421 0.01198352465924542 -0.01675607356356758 0.03500000000009488
422 0.01332248146343149 -0.0190752147775579 0.03500000000009487
423 0.01332248146343173 -0.01907521477755832 0.804999999999935
424 0.01198352465924512 -0.01675607356356706 0.8049999999999349
425 0.008519423044107664 -0.01875607356356758 0.03500000000009488
426 0.009858379848293736 -0.02107521477755791 0.03500000000009487
427 0.009858379848293979 -0.02107521477755833 0.804999999999935
428 0.008519423044107365 -0.01875607356356706 0.8049999999999349
429 0.01060294770333848 -0.0183648441322073 0.07000000000000001
430 0.01130586131171407 -0.01958232621524539 0.07000000000000001
431 0.01130586131171407 -0.01958232621524539 0.77
432 0.01060294770333848 -0.0183648441322073 0.77
433 0.01301279812113368 -0.01773882749444036 0.2699999999999681
434 0.01301279812113378 -0.01773882749444052 0.4199999999999169
435 0.01301279812113388 -0.01773882749444068 0.5699999999999368
436 0.01301279812113368 0.01773882749444036 0.2699999999999681
437 0.01301279812113378 0.01773882749444052 0.4199999999999169
438 0.01301279812113388 0.01773882749444068 0.5699999999999368
439 0.01724515018616971 -0.01366031631780883 0.12
440 0.02024657234997682 -0.008606747872552398 0.12
441 0.02180282549696414 -0.002938839604796333 0.12
442 0.02180282548368203 0.002938839703334134 0.12
443 0.02024657232443772 0.008606747932630585 0.12
444 0.0172451501687157 0.01366031633984317 0.12
445 0.0174657093077828 -0.01386502788947895 0.2699999999996434
446 0.02051714194456795 -0.00873709828412444 0.2699999999996434
447 0.02209950846942746 -0.002983575943344479 0.2699999999996434
448 0.02209950845498884 0.002983576050292116 0.2699999999996434
449 0.0205171419160178 0.008737098351168173 0.2699999999996434
450 0.01746570928893972 0.01386502791321549 0.2699999999996434
451 0.0174657093077828 -0.01386502788947895 0.419999999999238
452 0.02051714194456796 -0.008737098284124438 0.419999999999238
453 0.02209950846942746 -0.002983575943344481 0.419999999999238
454 0.02209950845498884 0.002983576050292116 0.4199999999992379
455 0.0205171419160178 0.008737098351168173 0.4199999999992379
456 0.01746570928893972 0.01386502791321549 0.419999999999238
457 0.0174657093077828 -0.01386502788947895 0.5699999999996352
458 0.02051714194456795 -0.008737098284124441 0.5699999999996355
459 0.02209950846942746 -0.002983575943344479 0.569999999999635
460 0.02209950845498884 0.002983576050292115 0.5699999999996351
461 0.0205171419160178 0.008737098351168173 0.5699999999996351
462 0.01746570928893972 0.0138650279132155 0.5699999999996351
463 0.01724515018617026 -0.01366031631780934 0.7199999999999999
464 0.0202465723499775 -0.008606747872552726 0.72
465 0.02180282549696488 -0.002938839604796445 0.72
466 0.02180282548368277 0.002938839703334245 0.72
467 0.0202465723244384 0.008606747932630913 0.72
468 0.01724515016871625 0.01366031633984369 0.72
469 0.01702459106460348 -0.01345560474609086 0.5700000000002384
470 0.01997600275543588 -0.008476397460880311 0.5700000000002383
471 0.02150614252451452 -0.002894103266172102 0.5700000000002384
472 0.02150614251235805 0.002894103356507085 0.5700000000002384
473 0.01997600273282276 0.008476397514171783 0.5700000000002384
474 0.01702459104850266 0.0134556047664623 0.5700000000002383
475 0.01702459106460348 -0.01345560474609086 0.4200000000005956
476 0.01997600275543588 -0.008476397460880311 0.4200000000005957
477 0.02150614252451452 -0.002894103266172102 0.4200000000005958
478 0.02150614251235805 0.002894103356507078 0.4200000000005958
479 0.01997600273282275 0.008476397514171785 0.4200000000005957
480 0.01702459104850266 0.0134556047664623 0.4200000000005958
481 0.01702459106460348 -0.01345560474609086 0.2700000000002925
482 0.01997600275543587 -0.008476397460880305 0.2700000000002925
483 0.02150614252451452 -0.002894103266172099 0.2700000000002926
484 0.02150614251235805 0.002894103356507086 0.2700000000002923
485 0.01997600273282276 0.008476397514171785 0.2700000000002925
486 0.01702459104850266 0.0134556047664623 0.2700000000002925
487 0.01268645531510757 -0.01797358517371854 0.245000000000008
488 0.01268645531510785 -0.01797358517371902 0.4199999999999295
489 0.01268645531510812 -0.01797358517371949 0.5949999999998565
490 0.01706535881825705 -0.0138842156033819 0.07000000000000001
491 0.02017853723328004 -0.008765037612614882 0.07000000000000001
492 0.02179507803124608 -0.002995745348392994 0.07000000000000001
493 0.0217950780182397 0.00299574544301797 0.07000000000000001
494 0.02017853720986665 0.008765037666515766 0.07000000000000001
495 0.01706535880106859 0.01388421562450829 0.07000000000000001
496 0.0175795438463229 -0.01436139401852101 0.2449999999995771
497 0.02080967155344331 -0.009069044593440517 0.2449999999995771
498 0.02248731483567579 -0.003100108301526894 0.244999999999577
499 0.02248731482177714 0.003100108402343762 0.244999999999577
500 0.02080967152838806 0.009069044650931855 0.2449999999995771
501 0.01757954382905649 0.01436139403965653 0.244999999999577
502 0.0175795438463229 -0.01436139401852101 0.4199999999990023
503 0.02080967155344331 -0.009069044593440514 0.4199999999990024
504 0.02248731483567579 -0.003100108301526892 0.4199999999990022
505 0.02248731482177714 0.003100108402343761 0.4199999999990024
506 0.02080967152838806 0.009069044650931852 0.4199999999990024
507 0.01757954382905649 0.01436139403965653 0.4199999999990024
508 0.0175795438463229 -0.01436139401852101 0.5949999999993281
509 0.02080967155344331 -0.009069044593440517 0.594999999999328
510 0.02248731483567579 -0.00310010830152689 0.5949999999993283
511 0.02248731482177714 0.003100108402343761 0.5949999999993281
512 0.02080967152838806 0.009069044650931854 0.5949999999993281
513 0.01757954382905649 0.01436139403965653 0.5949999999993281
514 0.01706535881825865 -0.01388421560338339 0.77
515 0.02017853723328202 -0.008765037612615828 0.77
516 0.02179507803124824 -0.002995745348393319 0.77
517 0.02179507801824185 0.002995745443018292 0.77
518 0.02017853720986861 0.008765037666516713 0.77
519 0.01706535880107019 0.01388421562450978 0.77
520 0.01655117379015922 -0.01340703718828087 0.5950000000003846
521 0.0195474029131473 -0.008461030631730398 0.5950000000003849
522 0.02110284122683884 -0.002891382395123638 0.5950000000003848
523 0.02110284121469556 0.002891382483751691 0.5950000000003848
524 0.01954740289132059 0.008461030682156352 0.5950000000003848
525 0.01655117377308945 0.01340703720935374 0.5950000000003848
526 0.01655117379015922 -0.01340703718828087 0.4200000000008565
527 0.0195474029131473 -0.008461030631730407 0.4200000000008566
528 0.02110284122683884 -0.002891382395123639 0.4200000000008566
529 0.02110284121469557 0.002891382483751691 0.4200000000008567
530 0.01954740289132059 0.00846103068215635 0.4200000000008567
531 0.01655117377308944 0.01340703720935374 0.4200000000008567
532 0.01655117379015922 -0.01340703718828087 0.2450000000004388
533 0.0195474029131473 -0.008461030631730407 0.2450000000004389
534 0.02110284122683884 -0.002891382395123638 0.2450000000004389
535 0.02110284121469557 0.002891382483751689 0.2450000000004388
536 0.01954740289132059 0.00846103068215635 0.2450000000004388
537 0.01655117377308944 0.01340703720935374 0.2450000000004388
538 0.01284962671812074 -0.01785620633407863 0.09500000000006233
539 0.01310080550998517 -0.0182912607633716 0.2574999999996419
540 0.01310080550998517 -0.0182912607633716 0.4199999999991241
541 0.01310080550998518 -0.01829126076337158 0.5824999999994582
542 0.01284962671812146 -0.01785620633407985 0.7449999999999348
543 0.01259844792625768 -0.01742115190478804 0.2575000000003936
544 0.01259844792625768 -0.01742115190478804 0.4200000000007205
545 0.01259844792625768 -0.01742115190478805 0.5825000000002755
546 0.01284962671812074 0.01785620633407863 0.09500000000006233
547 0.01310080550998517 0.0182912607633716 0.2574999999996419
548 0.01310080550998517 0.0182912607633716 0.4199999999991241
549 0.01310080550998518 0.01829126076337158 0.5824999999994582
550 0.01284962671812146 0.01785620633407985 0.7449999999999348
551 0.01259844792625768 0.01742115190478804 0.2575000000003936
552 0.01259844792625768 0.01742115190478804 0.4200000000007205
553 0.01259844792625768 0.01742115190478805 0.5825000000002755
554 0.01678788242738174 -0.01343132096718574 0.09500000000006233
555 0.01976170283429369 -0.008468714046306277 0.09500000000006234
556 0.02130449187567931 -0.002892742830648946 0.09500000000006233
557 0.02130449186352852 0.002892742920130007 0.09500000000006233
558 0.01976170281206924 0.008468714098162383 0.09500000000006231
559 0.01678788241079904 0.01343132098791028 0.09500000000006231
560 0.01752262657710423 -0.01411321095396825 0.09500000000006233
561 0.02066340674904382 -0.008903071438728294 0.09500000000006231
562 0.0222934116525615 -0.003041842122386552 0.09500000000006233
563 0.02229341163837258 0.003041842226364777 0.09500000000006233
564 0.02066340672216795 0.008903071501097882 0.09500000000006234
565 0.01752262655901339 0.01411321097642607 0.09500000000006233
566 0.01752262657710422 -0.01411321095396822 0.7449999999999352
567 0.0206634067490438 -0.008903071438728278 0.744999999999935
568 0.02229341165256148 -0.003041842122386544 0.7449999999999352
569 0.02229341163837256 0.003041842226364767 0.7449999999999352
570 0.02066340672216793 0.008903071501097863 0.744999999999935
571 0.01752262655901338 0.01411321097642605 0.7449999999999352
572 0.01678788242738176 -0.01343132096718574 0.7449999999999349
573 0.01976170283429372 -0.00846871404630628 0.7449999999999348
574 0.02130449187567933 -0.002892742830648946 0.7449999999999347
575 0.02130449186352855 0.002892742920129997 0.7449999999999349
576 0.01976170281206927 0.008468714098162385 0.7449999999999349
577 0.01678788241079906 0.01343132098791029 0.7449999999999348
578 0.01268645531510757 0.01797358517371854 0.245000000000008
579 0.01268645531510785 0.01797358517371902 0.4199999999999295
580 0.01268645531510812 0.01797358517371949 0.5949999999998565
581 0.01088750000001149 0.01885770316739671 0
582 0.0118750000000127 0.02056810333987309 0.2099999999995106
583 0.01187500000001269 0.02056810333987309 0.4199999999988961
584 0.01187500000001269 0.02056810333987309 0.6299999999994427
585 0.01088750000001391 0.01885770316740093 0.84
586 0.00990000000001269 0.01714730299492455 0.6300000000005253
587 0.00990000000001269 0.01714730299492455 0.4200000000011481
588 0.00990000000001269 0.01714730299492455 0.2100000000005793
589 0.009188901446199819 0.01991564417056121 0.03500000000009486
590 0.009858379848293793 0.02107521477755801 0.2274999999995987
591 0.009858379848293859 0.02107521477755813 0.4199999999989642
592 0.009858379848293916 0.02107521477755823 0.6124999999993602
593 0.009188901446201558 0.01991564417056422 0.8049999999999348
594 0.008519423044107591 0.01875607356356745 0.2275000000005639
595 0.008519423044107513 0.01875607356356732 0.4200000000010171
596 0.008519423044107436 0.01875607356356719 0.6125000000004295
597 0.01265300306133757 0.01791564417056122 0.03500000000009486
598 0.01332248146343155 0.019075214777558 0.2274999999995987
599 0.01332248146343161 0.01907521477755812 0.4199999999989642
600 0.01332248146343167 0.01907521477755823 0.6124999999993602
601 0.01265300306133931 0.01791564417056422 0.8049999999999348
602 0.01198352465924534 0.01675607356356745 0.2275000000005639
603 0.01198352465924526 0.01675607356356732 0.4200000000010171
604 0.01198352465924519 0.01675607356356719 0.6125000000004295
605 0.01025147385168923 0.01775607356356025 0.03500000000009487
606 0.01159043065587531 0.02007521477755058 0.03500000000009486
607 0.01159043065587555 0.02007521477755099 0.804999999999935
608 0.01025147385168894 0.01775607356355973 0.8049999999999347
609 0.01060294770336387 0.01836484413219265 0.2450000000004387
610 0.01060294770336387 0.01836484413219265 0.4200000000008566
611 0.01060294770336387 0.01836484413219265 0.5950000000003848
612 0.01130586131173946 0.01958232621523073 0.2449999999995771
613 0.01130586131173946 0.01958232621523073 0.4199999999990024
614 0.01130586131173946 0.01958232621523073 0.5949999999993278
615 0.01095440450755221 0.01897358517371263 0.7699999999999999
616 0.01095440450755112 0.01897358517371074 0.07000000000000002
617 0.008855876182968377 0.02013882749444035 0.2699999999999681
618 0.008855876182968469 0.02013882749444052 0.4199999999999169
619 0.008855876182968568 0.02013882749444068 0.5699999999999368
620 -0.02186867430410304 0.002400000000000003 0.2699999999999679
621 -0.02186867430410304 0.002400000000000002 0.4199999999999169
622 -0.02186867430410304 0.002400000000000003 0.5699999999999368
623 0.003207605858959704 0.02176489631263423 0.12
624 -0.002669623880010316 0.02183741993010679 0.12
625 -0.008356302996235462 0.02035122055575334 0.12
626 -0.01344652258309202 0.01741238089108474 0.12
627 -0.01757694851315951 0.01323067200977732 0.12
628 -0.0204527560582082 0.008104579968734565 0.12
629 0.003274611726461041 0.02205826189981713 0.2699999999996434
630 -0.002692021896616849 0.02213691527986986 0.2699999999996434
631 -0.008465901671142275 0.02063052371837784 0.2699999999996434
632 -0.01363360687724833 0.01764694771105325 0.2699999999996434
633 -0.01782512008316422 0.01339981693982331 0.2699999999996434
634 -0.02074032104292928 0.008193233979096711 0.2699999999996434
635 0.003274611726461041 0.02205826189981713 0.4199999999992379
636 -0.002692021896616849 0.02213691527986986 0.419999999999238
637 -0.008465901671142272 0.02063052371837784 0.419999999999238
638 -0.01363360687724833 0.01764694771105324 0.419999999999238
639 -0.01782512008316422 0.01339981693982331 0.4199999999992379
640 -0.02074032104292928 0.008193233979096708 0.419999999999238
641 0.003274611726461041 0.02205826189981713 0.5699999999996351
642 -0.002692021896616849 0.02213691527986986 0.5699999999996352
643 -0.008465901671142265 0.02063052371837783 0.5699999999996352
644 -0.01363360687724833 0.01764694771105324 0.5699999999996351
645 -0.01782512008316422 0.01339981693982331 0.5699999999996351
646 -0.02074032104292929 0.008193233979096702 0.5699999999996351
647 0.003207605858959846 0.02176489631263485 0.7200000000000002
648 -0.002669623880010356 0.02183741993010732 0.7200000000000001
649 -0.008356302996235607 0.02035122055575374 0.72
650 -0.01344652258309223 0.017412380891085 0.72
651 -0.01757694851315969 0.01323067200977744 0.72
652 -0.0204527560582083 0.008104579968734598 0.72
653 0.003140599991596493 0.02147153072542299 0.5700000000002381
654 -0.002647225863124132 0.02153792458036768 0.5700000000002384
655 -0.008246704321228451 0.02007191739316978 0.5700000000002384
656 -0.01325943828890782 0.0171778140711397 0.5700000000002383
657 -0.01732877694321574 0.01306152707964403 0.5700000000002383
658 -0.02016519107352346 0.008015925958258945 0.5700000000002384
659 0.003140599991596494 0.02147153072542299 0.4200000000005958
660 -0.002647225863124131 0.02153792458036768 0.4200000000005958
661 -0.008246704321228451 0.02007191739316978 0.4200000000005958
662 -0.01325943828890781 0.0171778140711397 0.4200000000005958
663 -0.01732877694321574 0.01306152707964403 0.4200000000005958
664 -0.02016519107352346 0.008015925958258945 0.4200000000005958
665 0.003140599991596494 0.02147153072542299 0.2700000000002925
666 -0.002647225863124131 0.02153792458036768 0.2700000000002926
667 -0.008246704321228451 0.02007191739316978 0.2700000000002925
668 -0.01325943828890782 0.0171778140711397 0.2700000000002925
669 -0.01732877694321576 0.01306152707964401 0.2700000000002926
670 -0.02016519107352346 0.008015925958258945 0.2700000000002925
671 0.009222353699969821 0.01997358517371855 0.245000000000008
672 0.009222353699970095 0.01997358517371902 0.4199999999999295
673 0.009222353699970371 0.01997358517371949 0.5949999999998565
674 0.003491404011865374 0.02172114206350537 0.07000000000000001
675 -0.002498523383256455 0.02185764466105011 0.07000000000000001
676 -0.008303147440171407 0.02037296392691258 0.07000000000000001
677 -0.01349193066694753 0.01737721851904888 0.07000000000000001
678 -0.01768001389070268 0.01309260699975157 0.07000000000000001
679 -0.02055676284358366 0.007836926432580068 0.07000000000000001
680 0.003647560127368379 0.02240502856765044 0.2449999999995771
681 -0.002550812773806556 0.02255622650606668 0.2449999999995769
682 -0.008558884873013206 0.02102464006185376 0.244999999999577
683 -0.01392843004354975 0.01792453169602879 0.2449999999995771
684 -0.01825885882037526 0.01348718186196082 0.2449999999995771
685 -0.02122710398721303 0.008043634521535954 0.244999999999577
686 0.003647560127368377 0.02240502856765044 0.4199999999990024
687 -0.002550812773806555 0.02255622650606668 0.4199999999990024
688 -0.008558884873013206 0.02102464006185376 0.4199999999990024
689 -0.01392843004354975 0.01792453169602879 0.4199999999990024
690 -0.01825885882037526 0.01348718186196082 0.4199999999990024
691 -0.02122710398721303 0.008043634521535954 0.4199999999990024
692 0.003647560127368377 0.02240502856765044 0.5949999999993277
693 -0.002550812773806555 0.02255622650606668 0.5949999999993281
694 -0.008558884873013206 0.02102464006185376 0.594999999999328
695 -0.01392843004354975 0.01792453169602879 0.594999999999328
696 -0.01825885882037526 0.01348718186196082 0.5949999999993281
697 -0.02122710398721304 0.008043634521535954 0.5949999999993282
698 0.003491404011865917 0.02172114206350776 0.7699999999999998
699 -0.002498523383256658 0.02185764466105282 0.7700000000000001
700 -0.008303147440172494 0.02037296392691535 0.77
701 -0.01349193066694955 0.01737721851905142 0.77
702 -0.01768001389070558 0.01309260699975355 0.77
703 -0.02055676284358728 0.00783692643258118 0.77
704 0.003335247896411193 0.02103725555935195 0.5950000000003847
705 -0.002446233992680763 0.02115906281603826 0.5950000000003847
706 -0.008047410007409127 0.01972128779194329 0.5950000000003848
707 -0.01305543129044837 0.01682990534199114 0.5950000000003848
708 -0.01710116896099932 0.01269803213759335 0.5950000000003848
709 -0.0198864216999525 0.007630218343642504 0.5950000000003848
710 0.003335247896411192 0.02103725555935195 0.4200000000008567
711 -0.002446233992680762 0.02115906281603826 0.4200000000008566
712 -0.008047410007409127 0.01972128779194329 0.4200000000008566
713 -0.01305543129044836 0.01682990534199114 0.4200000000008566
714 -0.01710116896099931 0.01269803213759335 0.4200000000008566
715 -0.01988642169995249 0.007630218343642503 0.4200000000008567
716 0.003335247896411194 0.02103725555935195 0.2450000000004388
717 -0.002446233992680762 0.02115906281603826 0.2450000000004389
718 -0.008047410007409127 0.01972128779194329 0.2450000000004388
719 -0.01305543129044837 0.01682990534199114 0.2450000000004386
720 -0.01710116896099932 0.01269803213759335 0.2450000000004387
721 -0.01988642169995249 0.007630218343642504 0.2450000000004387
722 0.009039114941468342 0.02005620633407913 0.09500000000006235
723 0.009290293733332766 0.02049126076337211 0.257499999999642
724 0.009290293733332761 0.0204912607633721 0.4199999999991241
725 0.009290293733332752 0.02049126076337209 0.582499999999458
726 0.009039114941469029 0.02005620633408037 0.7449999999999349
727 0.008787936149605272 0.01962115190478855 0.2575000000003936
728 0.008787936149605269 0.01962115190478856 0.4200000000007205
729 0.008787936149605265 0.01962115190478856 0.5825000000002758
730 -0.02188874165958971 0.002200000000000501 0.09500000000006231
731 -0.02239109924331793 0.002200000000000507 0.2574999999996419
732 -0.02239109924331793 0.002200000000000512 0.4199999999991241
733 -0.02239109924331792 0.002200000000000518 0.582499999999458
734 -0.02188874165959116 0.002200000000000523 0.7449999999999349
735 -0.02138638407586294 0.002200000000000507 0.2575000000003936
736 -0.02138638407586295 0.002200000000000511 0.4200000000007206
737 -0.02138638407586296 0.002200000000000518 0.5825000000002758
738 0.003237923944007814 0.02125439314240684 0.09500000000006233
739 -0.0025467299279028 0.02134849369823028 0.09500000000006231
740 -0.008147057164319481 0.01989660259256512 0.09500000000006234
741 -0.01315743478967632 0.01700385970656453 0.09500000000006228
742 -0.01721497295211905 0.01287977960862568 0.0950000000000623
743 -0.02002580638676015 0.007823072150958028 0.0950000000000623
744 0.003461085926926478 0.02223164523372661 0.09500000000006237
745 -0.002621417335185291 0.02234657089296513 0.09500000000006234
746 -0.008512393272111674 0.0208275818901042 0.09500000000006235
747 -0.01378101846038263 0.01778573970355508 0.09500000000006234
748 -0.01804198945177492 0.01344349940087931 0.09500000000006235
749 -0.02098371251507068 0.008118434250310355 0.09500000000006234
750 0.003461085926926462 0.02223164523372659 0.7449999999999348
751 -0.002621417335185297 0.0223465708929651 0.7449999999999349
752 -0.008512393272111668 0.02082758189010418 0.7449999999999349
753 -0.01378101846038262 0.01778573970355507 0.7449999999999347
754 -0.0180419894517749 0.0134434994008793 0.7449999999999348
755 -0.02098371251507065 0.008118434250310363 0.7449999999999349
756 0.003237923944007817 0.02125439314240688 0.7449999999999348
757 -0.002546729927902811 0.0213484936982303 0.7449999999999352
758 -0.008147057164319493 0.01989660259256515 0.7449999999999353
759 -0.01315743478967633 0.01700385970656455 0.744999999999935
760 -0.01721497295211907 0.01287977960862569 0.7449999999999352
761 -0.02002580638676016 0.007823072150958049 0.7449999999999348
762 -0.02190880901507692 0.002000000000000003 0.245000000000008
763 -0.02190880901507794 0.002000000000000003 0.4199999999999295
764 -0.02190880901507896 0.002000000000000003 0.5949999999998565
765 -0.02177499999999458 5.131312041939395e-15 0
766 -0.02375 5.131637302591141e-15 0.2099999999995106
767 -0.02375 5.131528882373892e-15 0.4199999999988963
768 -0.02375 5.13174572280839e-15 0.6299999999994428
769 -0.02177500000000542 5.13174572280839e-15 0.84
770 -0.01979999999999999 5.131095201504898e-15 0.6300000000005253
771 -0.01979999999999999 5.131203621722147e-15 0.4200000000011481
772 -0.01979999999999999 5.131312041939395e-15 0.2100000000005793
773 -0.02184190450753542 -0.001999999999999997 0.03500000000009489
774 -0.02318086131172534 -0.001999999999999998 0.2274999999995987
775 -0.02318086131172546 -0.001999999999999998 0.4199999999989642
776 -0.02318086131172558 -0.001999999999999998 0.6124999999993602
777 -0.02184190450754282 -0.001999999999999998 0.8049999999999349
778 -0.02050294770335293 -0.001999999999999997 0.227500000000564
779 -0.02050294770335278 -0.001999999999999997 0.4200000000010173
780 -0.02050294770335262 -0.001999999999999997 0.6125000000004299
781 -0.02184190450753542 0.002000000000000003 0.03500000000009489
782 -0.02318086131172534 0.002000000000000002 0.2274999999995987
783 -0.02318086131172546 0.002000000000000002 0.4199999999989642
784 -0.02318086131172558 0.002000000000000002 0.6124999999993602
785 -0.02184190450754282 0.002000000000000002 0.8049999999999349
786 -0.02050294770335293 0.002000000000000003 0.227500000000564
787 -0.02050294770335278 0.002000000000000003 0.4200000000010173
788 -0.02050294770335262 0.002000000000000003 0.6125000000004299
789 -0.02050294770335308 5.131312041939395e-15 0.03500000000009491
790 -0.02318086131172522 5.131203621722147e-15 0.03500000000009486
791 -0.02318086131172571 5.131312041939395e-15 0.8049999999999352
792 -0.02050294770335248 5.131312041939395e-15 0.8049999999999351
793 -0.02120589540670235 5.131420462156644e-15 0.2450000000004388
794 -0.02120589540670235 5.131095201504898e-15 0.4200000000008567
795 -0.02120589540670235 5.13098678128765e-15 0.5950000000003848
796 -0.02261172262345353 5.131203621722147e-15 0.2449999999995769
797 -0.02261172262345353 5.131312041939395e-15 0.4199999999990022
798 -0.02261172262345353 5.131420462156644e-15 0.5949999999993277
799 -0.02190880901507997 5.131095201504898e-15 0.7699999999999999
800 -0.02190880901507591 5.131095201504898e-15 0.07000000000000002
801 -0.02186867430410304 -0.002399999999999998 0.2699999999999679
802 -0.02186867430410304 -0.002399999999999997 0.4199999999999169
803 -0.02186867430410304 -0.002399999999999998 0.5699999999999368
804 0.008855876182968377 -0.02013882749444035 0.2699999999999681
805 0.008855876182968469 -0.02013882749444052 0.4199999999999169
806 0.008855876182968568 -0.02013882749444068 0.5699999999999368
807 -0.02045275604769512 -0.008104579995265534 0.12
808 -0.01757694848021563 -0.01323067205354336 0.12
809 -0.01344652251395088 -0.01741238094447828 0.12
810 -0.008356302912057694 -0.02035122059031708 0.12
811 -0.002669623814288347 -0.02183741993814122 0.12
812 0.003207605888960078 -0.02176489630821285 0.12
813 -0.02074032103051789 -0.008193234010514812 0.2699999999996434
814 -0.01782512005097152 -0.01339981698264766 0.2699999999996434
815 -0.0136336068186096 -0.0176469477563561 0.2699999999996434
816 -0.008465901599380682 -0.02063052374782578 0.2699999999996434
817 -0.002692021846973591 -0.02213691528590686 0.2699999999996434
818 0.00327461174814144 -0.02205826189659861 0.2699999999996434
819 -0.02074032103051789 -0.008193234010514812 0.419999999999238
820 -0.01782512005097152 -0.01339981698264766 0.4199999999992379
821 -0.0136336068186096 -0.0176469477563561 0.4199999999992379
822 -0.008465901599380678 -0.02063052374782578 0.4199999999992379
823 -0.00269202184697359 -0.02213691528590686 0.419999999999238
824 0.00327461174814144 -0.02205826189659861 0.419999999999238
825 -0.02074032103051789 -0.008193234010514812 0.5699999999996349
826 -0.01782512005097152 -0.01339981698264766 0.5699999999996352
827 -0.01363360681860958 -0.01764694775635611 0.5699999999996354
828 -0.008465901599380678 -0.02063052374782578 0.5699999999996351
829 -0.002692021846973591 -0.02213691528590686 0.5699999999996351
830 0.00327461174814144 -0.02205826189659861 0.5699999999996351
831 -0.02045275604769523 -0.008104579995265565 0.7200000000000003
832 -0.01757694848021581 -0.01323067205354348 0.72
833 -0.01344652251395108 -0.01741238094447853 0.72
834 -0.008356302912057845 -0.02035122059031748 0.72
835 -0.002669623814288387 -0.02183741993814175 0.72
836 0.003207605888960221 -0.02176489630821348 0.72
837 -0.02016519106486494 -0.008015925980040636 0.5700000000002383
838 -0.01732877690955539 -0.01306152712430134 0.5700000000002384
839 -0.01325943820960695 -0.0171778141323515 0.5700000000002383
840 -0.008246704225048099 -0.02007191743268624 0.5700000000002384
841 -0.002647225781838711 -0.02153792459035847 0.5700000000002384
842 0.003140600029656299 -0.02147153071985606 0.5700000000002384
843 -0.02016519106486495 -0.008015925980040639 0.4200000000005957
844 -0.01732877690955539 -0.01306152712430134 0.4200000000005958
845 -0.01325943820960695 -0.0171778141323515 0.4200000000005958
846 -0.008246704225048099 -0.02007191743268623 0.4200000000005956
847 -0.002647225781838721 -0.02153792459035847 0.4200000000005958
848 0.003140600029656303 -0.02147153071985606 0.4200000000005958
849 -0.02016519106486495 -0.008015925980040639 0.2700000000002925
850 -0.01732877690955539 -0.01306152712430135 0.2700000000002925
851 -0.01325943820960695 -0.0171778141323515 0.2700000000002925
852 -0.008246704225048099 -0.02007191743268624 0.2700000000002925
853 -0.002647225781838721 -0.02153792459035847 0.2700000000002926
854 0.003140600029656298 -0.02147153071985606 0.2700000000002925
855 -0.02190880901507692 -0.001999999999999997 0.245000000000008
856 -0.02190880901507794 -0.001999999999999997 0.4199999999999295
857 -0.02190880901507896 -0.001999999999999997 0.5949999999998565
858 -0.0205567628326423 -0.007836926461280491 0.07000000000000001
859 -0.01768001385296378 -0.01309260705071387 0.07000000000000001
860 -0.01349193058993009 -0.01737721857884653 0.07000000000000001
861 -0.008303147351674749 -0.02037296396297989 0.07000000000000001
862 -0.00249852331749122 -0.02185764466856741 0.07000000000000001
863 0.003491404041035084 -0.02172114205881651 0.07000000000000001
864 -0.02122710397622554 -0.008043634550531881 0.2449999999995771
865 -0.01825885878091724 -0.01348718191537882 0.2449999999995771
866 -0.01392842996094204 -0.01792453176021991 0.2449999999995771
867 -0.008558884779311545 -0.02102464009999861 0.2449999999995771
868 -0.00255081270696947 -0.02255622651362509 0.244999999999577
869 0.003647560156082107 -0.02240502856297583 0.244999999999577
870 -0.02122710397622554 -0.008043634550531881 0.4199999999990023
871 -0.01825885878091724 -0.01348718191537882 0.4199999999990024
872 -0.01392842996094204 -0.01792453176021991 0.4199999999990024
873 -0.008558884779311543 -0.02102464009999861 0.4199999999990024
874 -0.002550812706969471 -0.02255622651362509 0.4199999999990024
875 0.003647560156082107 -0.02240502856297583 0.4199999999990024
876 -0.02122710397622554 -0.008043634550531881 0.594999999999328
877 -0.01825885878091724 -0.01348718191537882 0.5949999999993282
878 -0.01392842996094204 -0.01792453176021991 0.5949999999993282
879 -0.008558884779311545 -0.02102464009999861 0.5949999999993281
880 -0.00255081270696947 -0.02255622651362509 0.5949999999993281
881 0.003647560156082108 -0.02240502856297583 0.5949999999993282
882 -0.02055676283264592 -0.007836926461281608 0.77
883 -0.01768001385296669 -0.01309260705071585 0.7699999999999999
884 -0.01349193058993211 -0.01737721857884907 0.77
885 -0.008303147351675838 -0.02037296396298266 0.77
886 -0.002498523317491422 -0.02185764466857012 0.77
887 0.003491404041035628 -0.02172114205881891 0.77
888 -0.01988642168907303 -0.007630218371997333 0.5950000000003848
889 -0.01710116892494956 -0.01269803218614362 0.5950000000003848
890 -0.01305543121882554 -0.01682990539755097 0.5950000000003848
891 -0.008047409923974987 -0.01972128782598917 0.5950000000003848
892 -0.002446233928070553 -0.02115906282350795 0.5950000000003848
893 0.003335247925939241 -0.02103725555467057 0.5950000000003848
894 -0.01988642168907303 -0.007630218371997332 0.4200000000008567
895 -0.01710116892494956 -0.01269803218614362 0.4200000000008568
896 -0.01305543121882554 -0.01682990539755097 0.4200000000008567
897 -0.008047409923974987 -0.01972128782598917 0.4200000000008566
898 -0.002446233928070558 -0.02115906282350795 0.4200000000008567
899 0.00333524792593924 -0.02103725555467057 0.4200000000008567
900 -0.01988642168907303 -0.007630218371997332 0.2450000000004389
901 -0.01710116892494956 -0.01269803218614362 0.2450000000004386
902 -0.01305543121882554 -0.01682990539755097 0.2450000000004386
903 -0.008047409923974989 -0.01972128782598917 0.2450000000004388
904 -0.002446233928070557 -0.02115906282350796 0.2450000000004388
905 0.00333524792593924 -0.02103725555467057 0.2450000000004388
906 -0.02188874165958971 -0.002200000000000495 0.09500000000006231
907 -0.02239109924331793 -0.002200000000000502 0.2574999999996419
908 -0.02239109924331793 -0.002200000000000507 0.4199999999991241
909 -0.02239109924331792 -0.002200000000000513 0.582499999999458
910 -0.02188874165959116 -0.002200000000000518 0.7449999999999349
911 -0.02138638407586294 -0.002200000000000501 0.2575000000003936
912 -0.02138638407586295 -0.002200000000000506 0.4200000000007206
913 -0.02138638407586296 -0.002200000000000512 0.5825000000002758
914 0.009039114941468342 -0.02005620633407913 0.09500000000006235
915 0.009290293733332766 -0.02049126076337211 0.257499999999642
916 0.009290293733332761 -0.0204912607633721 0.4199999999991241
917 0.009290293733332752 -0.02049126076337209 0.582499999999458
918 0.009039114941469029 -0.02005620633408037 0.7449999999999349
919 0.008787936149605272 -0.01962115190478855 0.2575000000003936
920 0.008787936149605269 -0.01962115190478856 0.4200000000007205
921 0.008787936149605265 -0.01962115190478856 0.5825000000002758
922 -0.02002580637697122 -0.007823072176020053 0.0950000000000623
923 -0.0172149729172568 -0.01287977965522528 0.09500000000006228
924 -0.01315743471421951 -0.01700385976495363 0.0950000000000623
925 -0.008147057074511761 -0.01989660262933755 0.09500000000006233
926 -0.002546729854954885 -0.02134849370693011 0.09500000000006233
927 0.003237923977796133 -0.02125439313725765 0.09500000000006231
928 -0.02098371250337042 -0.008118434280558473 0.09500000000006234
929 -0.0180419894159923 -0.0134434994489061 0.09500000000006234
930 -0.01378101838995357 -0.01778573975812763 0.09500000000006234
931 -0.008512393189564822 -0.02082758192384034 0.09500000000006234
932 -0.002621417277091997 -0.02234657089977733 0.09500000000006234
933 0.003461085952068049 -0.02223164522981063 0.09500000000006235
934 -0.0209837125033704 -0.008118434280558482 0.7449999999999349
935 -0.01804198941599228 -0.01344349944890609 0.7449999999999347
936 -0.01378101838995355 -0.01778573975812762 0.7449999999999352
937 -0.008512393189564815 -0.02082758192384032 0.7449999999999348
938 -0.002621417277092003 -0.02234657089977731 0.744999999999935
939 0.003461085952068015 -0.02223164522981062 0.7449999999999349
940 -0.02002580637697123 -0.007823072176020074 0.7449999999999348
941 -0.01721497291725681 -0.0128797796552253 0.744999999999935
942 -0.01315743471421952 -0.01700385976495365 0.744999999999935
943 -0.008147057074511761 -0.01989660262933758 0.744999999999935
944 -0.002546729854954897 -0.02134849370693013 0.7449999999999353
945 0.003237923977796124 -0.02125439313725767 0.7449999999999348
946 0.009222353699969821 -0.01997358517371855 0.245000000000008
947 0.009222353699970095 -0.01997358517371902 0.4199999999999295
948 0.009222353699970371 -0.01997358517371949 0.5949999999998565
949 0.0108874999999861 -0.01885770316741138 0
950 0.01187499999998731 -0.02056810333988775 0.2099999999995106
951 0.01187499999998731 -0.02056810333988775 0.4199999999988961
952 0.0118749999999873 -0.02056810333988775 0.6299999999994427
953 0.01088749999998852 -0.01885770316741558 0.84
954 0.009899999999987306 -0.01714730299493921 0.6300000000005253
955 0.009899999999987308 -0.01714730299493921 0.4200000000011481
956 0.009899999999987308 -0.01714730299493921 0.2100000000005793
957 0.01265300306133757 -0.01791564417056122 0.03500000000009486
958 0.01332248146343155 -0.019075214777558 0.2274999999995987
959 0.01332248146343161 -0.01907521477755812 0.4199999999989642
960 0.01332248146343167 -0.01907521477755823 0.6124999999993602
961 0.01265300306133931 -0.01791564417056422 0.8049999999999348
962 0.01198352465924534 -0.01675607356356745 0.2275000000005639
963 0.01198352465924526 -0.01675607356356732 0.4200000000010171
964 0.01198352465924519 -0.01675607356356719 0.6125000000004295
965 0.009188901446199819 -0.01991564417056121 0.03500000000009486
966 0.009858379848293793 -0.02107521477755801 0.2274999999995987
967 0.009858379848293859 -0.02107521477755813 0.4199999999989642
968 0.009858379848293916 -0.02107521477755823 0.6124999999993602
969 0.009188901446201554 -0.01991564417056422 0.8049999999999348
970 0.008519423044107591 -0.01875607356356745 0.2275000000005639
971 0.008519423044107513 -0.01875607356356732 0.4200000000010171
972 0.008519423044107436 -0.01875607356356719 0.6125000000004295
973 0.01025147385166385 -0.01775607356357491 0.03500000000009487
974 0.01159043065584992 -0.02007521477756524 0.03500000000009486
975 0.01159043065585016 -0.02007521477756566 0.804999999999935
976 0.01025147385166355 -0.0177560735635744 0.8049999999999347
977 0.01060294770333848 -0.01836484413220731 0.2450000000004387
978 0.01060294770333848 -0.01836484413220731 0.4200000000008566
979 0.01060294770333848 -0.0183648441322073 0.5950000000003848
980 0.01130586131171408 -0.01958232621524539 0.2449999999995771
981 0.01130586131171407 -0.01958232621524538 0.4199999999990024
982 0.01130586131171408 -0.01958232621524538 0.5949999999993278
983 0.01095440450752683 -0.01897358517372729 0.7699999999999999
984 0.01095440450752573 -0.0189735851737254 0.07000000000000002
985 0.01724515018616984 -0.01366031631780896 0.2699999999999679
986 0.02024657234997698 -0.008606747872552478 0.2699999999999681
987 0.02180282549696432 -0.00293883960479636 0.269999999999968
988 0.02180282548368221 0.002938839703334163 0.2699999999999679
989 0.02024657232443789 0.008606747932630663 0.2699999999999679
990 0.01724515016871583 0.0136603163398433 0.2699999999999681
991 0.01724515018616999 -0.01366031631780909 0.4199999999999168
992 0.02024657234997717 -0.008606747872552559 0.4199999999999169
993 0.02180282549696451 -0.002938839604796393 0.419999999999917
994 0.0218028254836824 0.002938839703334189 0.4199999999999168
995 0.02024657232443807 0.00860674793263075 0.4199999999999167
996 0.01724515016871598 0.01366031633984343 0.4199999999999168
997 0.01724515018617013 -0.01366031631780921 0.5699999999999366
998 0.02024657234997735 -0.00860674787255265 0.569999999999937
999 0.02180282549696469 -0.00293883960479642 0.5699999999999368
1000 0.02180282548368258 0.00293883970333422 0.5699999999999368
1001 0.02024657232443824 0.008606747932630825 0.5699999999999368
1002 0.01724515016871611 0.01366031633984357 0.5699999999999368
1003 0.01715525450223915 -0.01377226596057928 0.09500000000006235
1004 0.02021255479164847 -0.008685892742556914 0.0950000000000624
1005 0.02179895176411125 -0.002967292476570602 0.09500000000006234
1006 0.0217989517509564 0.002967292573199751 0.09500000000006235
1007 0.02021255476713337 0.008685892799596178 0.09500000000006234
1008 0.01715525448490117 0.01377226598217175 0.0950000000000623
1009 0.01752262657710423 -0.01411321095396826 0.257499999999642
1010 0.02066340674904382 -0.008903071438728292 0.2574999999996417
1011 0.0222934116525615 -0.003041842122386553 0.257499999999642
1012 0.02229341163837258 0.003041842226364777 0.257499999999642
1013 0.02066340672216794 0.008903071501097877 0.2574999999996422
1014 0.01752262655901339 0.01411321097642607 0.257499999999642
1015 0.01752262657710423 -0.01411321095396824 0.4199999999991241
1016 0.0206634067490438 -0.008903071438728285 0.4199999999991245
1017 0.02229341165256149 -0.003041842122386553 0.4199999999991244
1018 0.02229341163837257 0.003041842226364774 0.4199999999991241
1019 0.02066340672216794 0.008903071501097874 0.4199999999991242
1020 0.01752262655901338 0.01411321097642607 0.4199999999991241
1021 0.01752262657710423 -0.01411321095396822 0.5824999999994586
1022 0.0206634067490438 -0.00890307143872828 0.5824999999994582
1023 0.02229341165256149 -0.003041842122386547 0.5824999999994586
1024 0.02229341163837257 0.003041842226364768 0.5824999999994582
1025 0.02066340672216794 0.008903071501097861 0.5824999999994587
1026 0.01752262655901338 0.01411321097642606 0.5824999999994587
1027 0.01715525450224021 -0.01377226596058024 0.7449999999999353
1028 0.02021255479164976 -0.008685892742557532 0.744999999999935
1029 0.02179895176411266 -0.002967292476570811 0.7449999999999349
1030 0.02179895175095781 0.002967292573199949 0.7449999999999353
1031 0.02021255476713466 0.008685892799596787 0.7449999999999352
1032 0.01715525448490221 0.01377226598217271 0.7449999999999349
1033 0.01678788242738176 -0.01343132096718574 0.5825000000002751
1034 0.0197617028342937 -0.008468714046306289 0.5825000000002755
1035 0.02130449187567933 -0.002892742830648948 0.5825000000002754
1036 0.02130449186352852 0.002892742920130002 0.5825000000002755
1037 0.01976170281206924 0.008468714098162385 0.5825000000002754
1038 0.01678788241079904 0.0134313209879103 0.5825000000002754
1039 0.01678788242738176 -0.01343132096718574 0.4200000000007204
1040 0.01976170283429372 -0.008468714046306289 0.4200000000007205
1041 0.02130449187567932 -0.002892742830648947 0.4200000000007203
1042 0.02130449186352853 0.002892742920130002 0.4200000000007208
1043 0.01976170281206925 0.008468714098162383 0.4200000000007206
1044 0.01678788241079904 0.01343132098791029 0.4200000000007207
1045 0.01678788242738177 -0.01343132096718574 0.2575000000003937
1046 0.01976170283429371 -0.008468714046306279 0.2575000000003938
1047 0.02130449187567931 -0.002892742830648946 0.2575000000003935
1048 0.02130449186352852 0.002892742920130006 0.2575000000003936
1049 0.01976170281206925 0.008468714098162381 0.2575000000003936
1050 0.01678788241079904 0.01343132098791029 0.2575000000003937
1051 0.01284962671812092 -0.01785620633407892 0.2575000000000179
1052 0.01284962671812109 -0.01785620633407924 0.4199999999999222
1053 0.01284962671812127 -0.01785620633407954 0.5824999999998666
1054 0.01284962671812092 0.01785620633407892 0.2575000000000179
1055 0.01284962671812109 0.01785620633407924 0.4199999999999222
1056 0.01284962671812127 0.01785620633407954 0.5824999999998666
1057 0.01095440450755139 0.01897358517371121 0.2450000000000079
1058 0.01095440450755167 0.01897358517371169 0.4199999999999295
1059 0.01095440450755194 0.01897358517371216 0.5949999999998565
1060 0.01092095225378139 0.01891564417055388 0.03500000000009487
1061 0.01159043065587536 0.02007521477755067 0.2274999999995987
1062 0.01159043065587543 0.0200752147775508 0.4199999999989641
1063 0.01159043065587548 0.02007521477755089 0.6124999999993602
1064 0.01092095225378313 0.0189156441705569 0.8049999999999349
1065 0.01025147385168901 0.01775607356355987 0.6125000000004293
1066 0.01025147385168908 0.01775607356355999 0.420000000001017
1067 0.01025147385168916 0.01775607356356011 0.2275000000005637
1068 0.003207605858959743 0.02176489631263437 0.2699999999999681
1069 -0.002669623880010322 0.02183741993010692 0.2699999999999681
1070 -0.0083563029962355 0.02035122055575343 0.269999999999968
1071 -0.01344652258309208 0.0174123808910848 0.2699999999999679
1072 -0.01757694851315955 0.01323067200977735 0.269999999999968
1073 -0.02045275605820822 0.008104579968734571 0.2699999999999679
1074 0.003207605858959774 0.02176489631263454 0.4199999999999169
1075 -0.002669623880010336 0.02183741993010705 0.419999999999917
1076 -0.008356302996235535 0.02035122055575354 0.4199999999999167
1077 -0.01344652258309213 0.01741238089108487 0.4199999999999167
1078 -0.0175769485131596 0.01323067200977738 0.4199999999999168
1079 -0.02045275605820825 0.008104579968734583 0.4199999999999168
1080 0.003207605858959813 0.02176489631263469 0.5699999999999367
1081 -0.002669623880010344 0.02183741993010719 0.5699999999999368
1082 -0.008356302996235569 0.02035122055575363 0.5699999999999368
1083 -0.01344652258309218 0.01741238089108493 0.5699999999999368
1084 -0.01757694851315965 0.01323067200977741 0.5699999999999369
1085 -0.02045275605820828 0.008104579968734586 0.5699999999999368
1086 0.003349504935420268 0.02174301918807572 0.09500000000006231
1087 -0.00258407363162052 0.02184753229559038 0.09500000000006234
1088 -0.008329725218220941 0.02036209224133134 0.09500000000006237
1089 -0.0134692266250109 0.01739479970507331 0.09500000000006228
1090 -0.01762848120193969 0.0131616395047615 0.09500000000006237
1091 -0.02050475945090704 0.007970753200657951 0.09500000000006233
1092 0.00346108592692647 0.02223164523372662 0.2574999999996418
1093 -0.002621417335185292 0.02234657089296512 0.2574999999996419
1094 -0.008512393272111679 0.0208275818901042 0.2574999999996419
1095 -0.01378101846038263 0.01778573970355508 0.2574999999996417
1096 -0.01804198945177491 0.0134434994008793 0.2574999999996417
1097 -0.02098371251507068 0.008118434250310362 0.2574999999996419
1098 0.00346108592692647 0.0222316452337266 0.4199999999991241
1099 -0.00262141733518529 0.0223465708929651 0.419999999999124
1100 -0.008512393272111667 0.02082758189010419 0.4199999999991241
1101 -0.01378101846038262 0.01778573970355508 0.4199999999991241
1102 -0.01804198945177491 0.0134434994008793 0.4199999999991242
1103 -0.02098371251507066 0.008118434250310358 0.4199999999991242
1104 0.003461085926926464 0.02223164523372659 0.5824999999994581
1105 -0.002621417335185294 0.0223465708929651 0.5824999999994582
1106 -0.008512393272111667 0.02082758189010418 0.582499999999458
1107 -0.01378101846038262 0.01778573970355507 0.582499999999458
1108 -0.0180419894517749 0.01344349940087929 0.582499999999458
1109 -0.02098371251507067 0.008118434250310358 0.5824999999994582
1110 0.003349504935420665 0.0217430191880772 0.7449999999999347
1111 -0.002584073631620508 0.02184753229559197 0.7449999999999356
1112 -0.00832972521822133 0.02036209224133289 0.7449999999999352
1113 -0.01346922662501169 0.01739479970507469 0.7449999999999349
1114 -0.0176284812019408 0.01316163950476254 0.7449999999999352
1115 -0.02050475945090839 0.007970753200658529 0.7449999999999349
1116 0.003237923944007814 0.02125439314240687 0.5825000000002757
1117 -0.00254672992790281 0.0213484936982303 0.582500000000276
1118 -0.0081470571643195 0.01989660259256514 0.582500000000276
1119 -0.01315743478967633 0.01700385970656455 0.5825000000002759
1120 -0.01721497295211906 0.0128797796086257 0.582500000000276
1121 -0.02002580638676016 0.007823072150958038 0.5825000000002756
1122 0.003237923944007815 0.02125439314240686 0.4200000000007207
1123 -0.002546729927902807 0.0213484936982303 0.4200000000007207
1124 -0.008147057164319498 0.01989660259256515 0.4200000000007207
1125 -0.01315743478967633 0.01700385970656454 0.4200000000007205
1126 -0.01721497295211906 0.01287977960862569 0.4200000000007207
1127 -0.02002580638676016 0.007823072150958038 0.4200000000007207
1128 0.003237923944007815 0.02125439314240684 0.2575000000003937
1129 -0.002546729927902799 0.0213484936982303 0.2575000000003937
1130 -0.008147057164319484 0.01989660259256513 0.2575000000003939
1131 -0.01315743478967632 0.01700385970656454 0.2575000000003936
1132 -0.01721497295211906 0.01287977960862568 0.2575000000003936
1133 -0.02002580638676014 0.007823072150958031 0.2575000000003936
1134 0.009039114941468512 0.02005620633407944 0.257500000000018
1135 0.00903911494146868 0.02005620633407975 0.4199999999999223
1136 0.009039114941468855 0.02005620633408004 0.582499999999867
1137 -0.02188874165959008 0.002200000000000506 0.2575000000000178
1138 -0.02188874165959042 0.002200000000000511 0.4199999999999224
1139 -0.02188874165959079 0.002200000000000517 0.582499999999867
1140 -0.02190880901507693 5.130905466124713e-15 0.2450000000000079
1141 -0.02190880901507793 5.13098678128765e-15 0.4199999999999295
1142 -0.02190880901507896 5.130932571179025e-15 0.5949999999998565
1143 -0.02184190450753541 5.131637302591141e-15 0.03500000000009489
1144 -0.02318086131172535 5.130715730744528e-15 0.2274999999995987
1145 -0.02318086131172548 5.130336259984158e-15 0.4199999999989641
1146 -0.02318086131172558 5.130688625690216e-15 0.6124999999993606
1147 -0.02184190450754284 5.130878361070401e-15 0.8049999999999349
1148 -0.02050294770335262 5.13098678128765e-15 0.6125000000004301
1149 -0.02050294770335278 5.131149411613523e-15 0.4200000000010174
1150 -0.02050294770335293 5.131312041939395e-15 0.2275000000005639
1151 -0.02045275604769513 -0.008104579995265537 0.2699999999999682
1152 -0.01757694848021568 -0.01323067205354339 0.269999999999968
1153 -0.01344652251395093 -0.01741238094447834 0.2699999999999679
1154 -0.008356302912057722 -0.02035122059031719 0.2699999999999679
1155 -0.002669623814288357 -0.02183741993814135 0.2699999999999682
1156 0.003207605888960115 -0.02176489630821301 0.269999999999968
1157 -0.02045275604769517 -0.008104579995265544 0.4199999999999171
1158 -0.01757694848021572 -0.01323067205354342 0.4199999999999169
1159 -0.01344652251395099 -0.0174123809444784 0.4199999999999171
1160 -0.008356302912057762 -0.02035122059031727 0.4199999999999168
1161 -0.002669623814288369 -0.02183741993814148 0.4199999999999169
1162 0.00320760588896015 -0.02176489630821316 0.4199999999999168
1163 -0.02045275604769519 -0.008104579995265555 0.5699999999999367
1164 -0.01757694848021577 -0.01323067205354344 0.5699999999999367
1165 -0.01344652251395102 -0.01741238094447848 0.5699999999999363
1166 -0.008356302912057795 -0.0203512205903174 0.5699999999999368
1167 -0.002669623814288369 -0.02183741993814161 0.5699999999999368
1168 0.003207605888960188 -0.02176489630821333 0.5699999999999368
1169 -0.02050475944016945 -0.007970753228291081 0.09500000000006237
1170 -0.01762848116661607 -0.01316163955207638 0.09500000000006237
1171 -0.0134692265520312 -0.01739479976158332 0.09500000000006235
1172 -0.008329725131975873 -0.02036209227661237 0.09500000000006238
1173 -0.002584073565950305 -0.02184753230335828 0.09500000000006237
1174 0.003349504964974763 -0.02174301918352338 0.09500000000006238
1175 -0.02098371250337042 -0.008118434280558482 0.2574999999996417
1176 -0.01804198941599229 -0.01344349944890609 0.2574999999996416
1177 -0.01378101838995357 -0.01778573975812764 0.257499999999642
1178 -0.008512393189564814 -0.02082758192384034 0.257499999999642
1179 -0.002621417277091997 -0.02234657089977733 0.257499999999642
1180 0.003461085952068044 -0.02223164522981064 0.257499999999642
1181 -0.02098371250337041 -0.00811843428055848 0.419999999999124
1182 -0.01804198941599228 -0.01344349944890609 0.4199999999991242
1183 -0.01378101838995355 -0.01778573975812762 0.4199999999991242
1184 -0.008512393189564807 -0.02082758192384034 0.4199999999991241
1185 -0.002621417277092 -0.02234657089977731 0.4199999999991244
1186 0.003461085952068039 -0.02223164522981063 0.4199999999991241
1187 -0.02098371250337041 -0.008118434280558483 0.5824999999994577
1188 -0.01804198941599228 -0.01344349944890609 0.5824999999994577
1189 -0.01378101838995355 -0.01778573975812762 0.5824999999994582
1190 -0.008512393189564812 -0.02082758192384033 0.5824999999994581
1191 -0.002621417277092005 -0.02234657089977731 0.5824999999994581
1192 0.003461085952068028 -0.02223164522981061 0.5824999999994582
1193 -0.02050475944017079 -0.007970753228291659 0.7449999999999352
1194 -0.0176284811666172 -0.01316163955207742 0.7449999999999352
1195 -0.01346922655203199 -0.0173947997615847 0.744999999999935
1196 -0.008329725131976258 -0.02036209227661393 0.744999999999935
1197 -0.002584073565950292 -0.02184753230335988 0.744999999999935
1198 0.003349504964975142 -0.02174301918352485 0.7449999999999352
1199 -0.02002580637697123 -0.007823072176020065 0.5825000000002755
1200 -0.01721497291725681 -0.0128797796552253 0.5825000000002755
1201 -0.01315743471421952 -0.01700385976495365 0.582500000000276
1202 -0.008147057074511764 -0.01989660262933758 0.5825000000002756
1203 -0.002546729854954888 -0.02134849370693013 0.582500000000276
1204 0.003237923977796126 -0.02125439313725767 0.5825000000002756
1205 -0.02002580637697123 -0.007823072176020063 0.4200000000007207
1206 -0.0172149729172568 -0.01287977965522529 0.4200000000007207
1207 -0.01315743471421951 -0.01700385976495364 0.4200000000007208
1208 -0.008147057074511761 -0.01989660262933756 0.4200000000007203
1209 -0.002546729854954892 -0.02134849370693013 0.4200000000007206
1210 0.003237923977796132 -0.02125439313725766 0.4200000000007206
1211 -0.02002580637697121 -0.007823072176020058 0.2575000000003936
1212 -0.01721497291725679 -0.01287977965522528 0.2575000000003936
1213 -0.0131574347142195 -0.01700385976495364 0.2575000000003937
1214 -0.008147057074511762 -0.01989660262933755 0.2575000000003936
1215 -0.002546729854954884 -0.02134849370693013 0.2575000000003939
1216 0.003237923977796132 -0.02125439313725766 0.2575000000003936
1217 -0.02188874165959008 -0.002200000000000501 0.2575000000000178
1218 -0.02188874165959042 -0.002200000000000506 0.4199999999999224
1219 -0.02188874165959079 -0.002200000000000512 0.582499999999867
1220 0.009039114941468512 -0.02005620633407944 0.257500000000018
1221 0.00903911494146868 -0.02005620633407975 0.4199999999999223
1222 0.009039114941468855 -0.02005620633408004 0.582499999999867
1223 0.010954404507526 -0.01897358517372588 0.2450000000000079
1224 0.01095440450752628 -0.01897358517372634 0.4199999999999295
1225 0.01095440450752656 -0.01897358517372682 0.5949999999998565
1226 0.01092095225375601 -0.01891564417056855 0.03500000000009487
1227 0.01159043065584998 -0.02007521477756535 0.2274999999995987
1228 0.01159043065585004 -0.02007521477756545 0.4199999999989641
1229 0.01159043065585011 -0.02007521477756555 0.6124999999993602
1230 0.01092095225375773 -0.01891564417057156 0.8049999999999349
1231 0.01025147385166362 -0.01775607356357453 0.6125000000004293
1232 0.0102514738516637 -0.01775607356357467 0.420000000001017
1233 0.01025147385166378 -0.01775607356357478 0.2275000000005637
$EndNodes
$Elements
1380
1 3 2 6 21 9 113 490 129
2 3 2 6 21 129 490 491 130
3 3 2 6 21 130 491 492 131
4 3 2 6 21 131 492 493 132
5 3 2 6 21 132 493 494 133
6 3 2 6 21 133 494 495 134
7 3 2 6 21 134 495 121 13
8 3 2 6 21 113 10 135 490
9 3 2 6 21 490 135 136 491
10 3 2 6 21 491 136 137 492
11 3 2 6 21 492 137 138 493
12 3 2 6 21 493 138 139 494
13 3 2 6 21 494 139 140 495
14 3 2 6 21 495 140 14 121
15 3 2 5 22 10 114 496 135
16 3 2 5 22 135 496 497 136
17 3 2 5 22 136 497 498 137
18 3 2 5 22 137 498 499 138
19 3 2 5 22 138 499 500 139
20 3 2 5 22 139 500 501 140
21 3 2 5 22 140 501 122 14
22 3 2 5 22 114 115 502 496
23 3 2 5 22 496 502 503 497
24 3 2 5 22 497 503 504 498
25 3 2 5 22 498 504 505 499
26 3 2 5 22 499 505 506 500
27 3 2 5 22 500 506 507 501
28 3 2 5 22 501 507 123 122
29 3 2 5 22 115 116 508 502
30 3 2 5 22 502 508 509 503
31 3 2 5 22 503 509 510 504
32 3 2 5 22 504 510 511 505
33 3 2 5 22 505 511 512 506
34 3 2 5 22 506 512 513 507
35 3 2 5 22 507 513 124 123
36 3 2 5 22 116 11 141 508
37 3 2 5 22 508 141 142 509
38 3 2 5 22 509 142 143 510
39 3 2 5 22 510 143 144 511
40 3 2 5 22 511 144 145 512
41 3 2 5 22 512 145 146 513
42 3 2 5 22 513 146 15 124
43 3 2 4 23 11 117 514 141
44 3 2 4 23 141 514 515 142
45 3 2 4 23 142 515 516 143
46 3 2 4 23 143 516 517 144
47 3 2 4 23 144 517 518 145
48 3 2 4 23 145 518 519 146
49 3 2 4 23 146 519 125 15
50 3 2 4 23 117 12 147 514
51 3 2 4 23 514 147 148 515
52 3 2 4 23 515 148 149 516
53 3 2 4 23 516 149 150 517
54 3 2 4 23 517 150 151 518
55 3 2 4 23 518 151 152 519
56 3 2 4 23 519 152 16 125
57 3 2 7 24 12 118 520 147
58 3 2 7 24 147 520 521 148
59 3 2 7 24 148 521 522 149
60 3 2 7 24 149 522 523 150
61 3 2 7 24 150 523 524 151
62 3 2 7 24 151 524 525 152
63 3 2 7 24 152 525 126 16
64 3 2 7 24 118 119 526 520
65 3 2 7 24 520 526 527 521
66 3 2 7 24 521 527 528 522
67 3 2 7 24 522 528 529 523
68 3 2 7 24 523 529 530 524
69 3 2 7 24 524 530 531 525
70 3 2 7 24 525 531 127 126
71 3 2 7 24 119 120 532 526
72 3 2 7 24 526 532 533 527
73 3 2 7 24 527 533 534 528
74 3 2 7 24 528 534 535 529
75 3 2 7 24 529 535 536 530
76 3 2 7 24 530 536 537 531
77 3 2 7 24 531 537 128 127
78 3 2 7 24 120 9 129 532
79 3 2 7 24 532 129 130 533
80 3 2 7 24 533 130 131 534
81 3 2 7 24 534 131 132 535
82 3 2 7 24 535 132 133 536
83 3 2 7 24 536 133 134 537
84 3 2 7 24 537 134 13 128
85 3 2 9 40 17 161 581 177
86 3 2 9 40 177 581 169 21
87 3 2 9 40 161 18 178 581
88 3 2 9 40 581 178 22 169
89 3 2 10 42 19 165 585 179
90 3 2 10 42 179 585 173 23
91 3 2 10 42 165 20 180 585
92 3 2 10 42 585 180 24 173
93 3 2 8 44 21 169 589 181
94 3 2 8 44 181 589 233 33
95 3 2 8 44 169 22 182 589
96 3 2 8 44 589 182 34 233
97 3 2 8 45 34 182 590 234
98 3 2 8 45 234 590 591 235
99 3 2 8 45 235 591 592 236
100 3 2 8 45 236 592 183 35
101 3 2 8 45 182 22 170 590
102 3 2 8 45 590 170 171 591
103 3 2 8 45 591 171 172 592
104 3 2 8 45 592 172 23 183
105 3 2 8 46 35 183 593 237
106 3 2 8 46 183 23 173 593
107 3 2 8 46 237 593 184 36
108 3 2 8 46 593 173 24 184
109 3 2 8 47 33 240 594 181
110 3 2 8 47 240 239 595 594
111 3 2 8 47 239 238 596 595
112 3 2 8 47 238 36 184 596
113 3 2 8 47 181 594 176 21
114 3 2 8 47 594 595 175 176
115 3 2 8 47 595 596 174 175
116 3 2 8 47 596 184 24 174
117 3 2 8 49 17 161 597 185
118 3 2 8 49 185 597 121 13
119 3 2 8 49 161 18 186 597
120 3 2 8 49 597 186 14 121
121 3 2 8 50 14 186 598 122
122 3 2 8 50 122 598 599 123
123 3 2 8 50 123 599 600 124
124 3 2 8 50 124 600 187 15
125 3 2 8 50 186 18 162 598
126 3 2 8 50 598 162 163 599
127 3 2 8 50 599 163 164 600
128 3 2 8 50 600 164 19 187
129 3 2 8 51 15 187 601 125
130 3 2 8 51 187 19 165 601
131 3 2 8 51 125 601 188 16
132 3 2 8 51 601 165 20 188
133 3 2 8 52 13 128 602 185
134 3 2 8 52 128 127 603 602
135 3 2 8 52 127 126 604 603
136 3 2 8 52 126 16 188 604
137 3 2 8 52 185 602 168 17
138 3 2 8 52 602 603 167 168
139 3 2 8 52 603 604 166 167
140 3 2 8 52 604 188 20 166
141 3 2 6 121 33 233 674 249
142 3 2 6 121 249 674 675 250
143 3 2 6 121 250 675 676 251
144 3 2 6 121 251 676 677 252
145 3 2 6 121 252 677 678 253
146 3 2 6 121 253 678 679 254
147 3 2 6 121 254 679 241 37
148 3 2 6 121 233 34 255 674
149 3 2 6 121 674 255 256 675
150 3 2 6 121 675 256 257 676
151 3 2 6 121 676 257 258 677
152 3 2 6 121 677 258 259 678
153 3 2 6 121 678 259 260 679
154 3 2 6 121 679 260 38 241
155 3 2 5 122 34 234 680 255
156 3 2 5 122 255 680 681 256
157 3 2 5 122 256 681 682 257
158 3 2 5 122 257 682 683 258
159 3 2 5 122 258 683 684 259
160 3 2 5 122 259 684 685 260
161 3 2 5 122 260 685 242 38
162 3 2 5 122 234 235 686 680
163 3 2 5 122 680 686 687 681
164 3 2 5 122 681 687 688 682
165 3 2 5 122 682 688 689 683
166 3 2 5 122 683 689 690 684
167 3 2 5 122 684 690 691 685
168 3 2 5 122 685 691 243 242
169 3 2 5 122 235 236 692 686
170 3 2 5 122 686 692 693 687
171 3 2 5 122 687 693 694 688
172 3 2 5 122 688 694 695 689
173 3 2 5 122 689 695 696 690
174 3 2 5 122 690 696 697 691
175 3 2 5 122 691 697 244 243
176 3 2 5 122 236 35 261 692
177 3 2 5 122 692 261 262 693
178 3 2 5 122 693 262 263 694
179 3 2 5 122 694 263 264 695
180 3 2 5 122 695 264 265 696
181 3 2 5 122 696 265 266 697
182 3 2 5 122 697 266 39 244
183 3 2 4 123 35 237 698 261
184 3 2 4 123 261 698 699 262
185 3 2 4 123 262 699 700 263
186 3 2 4 123 263 700 701 264
187 3 2 4 123 264 701 702 265
188 3 2 4 123 265 702 703 266
189 3 2 4 123 266 703 245 39
190 3 2 4 123 237 36 267 698
191 3 2 4 123 698 267 268 699
192 3 2 4 123 699 268 269 700
193 3 2 4 123 700 269 270 701
194 3 2 4 123 701 270 271 702
195 3 2 4 123 702 271 272 703
196 3 2 4 123 703 272 40 245
197 3 2 7 124 36 238 704 267
198 3 2 7 124 267 704 705 268
199 3 2 7 124 268 705 706 269
200 3 2 7 124 269 706 707 270
201 3 2 7 124 270 707 708 271
202 3 2 7 124 271 708 709 272
203 3 2 7 124 272 709 246 40
204 3 2 7 124 238 239 710 704
205 3 2 7 124 704 710 711 705
206 3 2 7 124 705 711 712 706
207 3 2 7 124 706 712 713 707
208 3 2 7 124 707 713 714 708
209 3 2 7 124 708 714 715 709
210 3 2 7 124 709 715 247 246
211 3 2 7 124 239 240 716 710
212 3 2 7 124 710 716 717 711
213 3 2 7 124 711 717 718 712
214 3 2 7 124 712 718 719 713
215 3 2 7 124 713 719 720 714
216 3 2 7 124 714 720 721 715
217 3 2 7 124 715 721 248 247
218 3 2 7 124 240 33 249 716
219 3 2 7 124 716 249 250 717
220 3 2 7 124 717 250 251 718
221 3 2 7 124 718 251 252 719
222 3 2 7 124 719 252 253 720
223 3 2 7 124 720 253 254 721
224 3 2 7 124 721 254 37 248
225 3 2 9 140 41 281 765 297
226 3 2 9 140 297 765 289 45
227 3 2 9 140 281 42 298 765
228 3 2 9 140 765 298 46 289
229 3 2 10 142 43 285 769 299
230 3 2 10 142 299 769 293 47
231 3 2 10 142 285 44 300 769
232 3 2 10 142 769 300 48 293
233 3 2 8 144 45 289 773 301
234 3 2 8 144 301 773 353 57
235 3 2 8 144 289 46 302 773
236 3 2 8 144 773 302 58 353
237 3 2 8 145 58 302 774 354
238 3 2 8 145 354 774 775 355
239 3 2 8 145 355 775 776 356
240 3 2 8 145 356 776 303 59
241 3 2 8 145 302 46 290 774
242 3 2 8 145 774 290 291 775
243 3 2 8 145 775 291 292 776
244 3 2 8 145 776 292 47 303
245 3 2 8 146 59 303 777 357
246 3 2 8 146 303 47 293 777
247 3 2 8 146 357 777 304 60
248 3 2 8 146 777 293 48 304
249 3 2 8 147 57 360 778 301
250 3 2 8 147 360 359 779 778
251 3 2 8 147 359 358 780 779
252 3 2 8 147 358 60 304 780
253 3 2 8 147 301 778 296 45
254 3 2 8 147 778 779 295 296
255 3 2 8 147 779 780 294 295
256 3 2 8 147 780 304 48 294
257 3 2 8 149 41 281 781 305
258 3 2 8 149 305 781 241 37
259 3 2 8 149 281 42 306 781
260 3 2 8 149 781 306 38 241
261 3 2 8 150 38 306 782 242
262 3 2 8 150 242 782 783 243
263 3 2 8 150 243 783 784 244
264 3 2 8 150 244 784 307 39
265 3 2 8 150 306 42 282 782
266 3 2 8 150 782 282 283 783
267 3 2 8 150 783 283 284 784
268 3 2 8 150 784 284 43 307
269 3 2 8 151 39 307 785 245
270 3 2 8 151 307 43 285 785
271 3 2 8 151 245 785 308 40
272 3 2 8 151 785 285 44 308
273 3 2 8 152 37 248 786 305
274 3 2 8 152 248 247 787 786
275 3 2 8 152 247 246 788 787
276 3 2 8 152 246 40 308 788
277 3 2 8 152 305 786 288 41
278 3 2 8 152 786 787 287 288
279 3 2 8 152 787 788 286 287
280 3 2 8 152 788 308 44 286
281 3 2 6 221 57 353 858 369
282 3 2 6 221 369 858 859 370
283 3 2 6 221 370 859 860 371
284 3 2 6 221 371 860 861 372
285 3 2 6 221 372 861 862 373
286 3 2 6 221 373 862 863 374
287 3 2 6 221 374 863 361 61
288 3 2 6 221 353 58 375 858
289 3 2 6 221 858 375 376 859
290 3 2 6 221 859 376 377 860
291 3 2 6 221 860 377 378 861
292 3 2 6 221 861 378 379 862
293 3 2 6 221 862 379 380 863
294 3 2 6 221 863 380 62 361
295 3 2 5 222 58 354 864 375
296 3 2 5 222 375 864 865 376
297 3 2 5 222 376 865 866 377
298 3 2 5 222 377 866 867 378
299 3 2 5 222 378 867 868 379
300 3 2 5 222 379 868 869 380
301 3 2 5 222 380 869 362 62
302 3 2 5 222 354 355 870 864
303 3 2 5 222 864 870 871 865
304 3 2 5 222 865 871 872 866
305 3 2 5 222 866 872 873 867
306 3 2 5 222 867 873 874 868
307 3 2 5 222 868 874 875 869
308 3 2 5 222 869 875 363 362
309 3 2 5 222 355 356 876 870
310 3 2 5 222 870 876 877 871
311 3 2 5 222 871 877 878 872
312 3 2 5 222 872 878 879 873
313 3 2 5 222 873 879 880 874
314 3 2 5 222 874 880 881 875
315 3 2 5 222 875 881 364 363
316 3 2 5 222 356 59 381 876
317 3 2 5 222 876 381 382 877
318 3 2 5 222 877 382 383 878
319 3 2 5 222 878 383 384 879
320 3 2 5 222 879 384 385 880
321 3 2 5 222 880 385 386 881
322 3 2 5 222 881 386 63 364
323 3 2 4 223 59 357 882 381
324 3 2 4 223 381 882 883 382
325 3 2 4 223 382 883 884 383
326 3 2 4 223 383 884 885 384
327 3 2 4 223 384 885 886 385
328 3 2 4 223 385 886 887 386
329 3 2 4 223 386 887 365 63
330 3 2 4 223 357 60 387 882
331 3 2 4 223 882 387 388 883
332 3 2 4 223 883 388 389 884
333 3 2 4 223 884 389 390 885
334 3 2 4 223 885 390 391 886
335 3 2 4 223 886 391 392 887
336 3 2 4 223 887 392 64 365
337 3 2 7 224 60 358 888 387
338 3 2 7 224 387 888 889 388
339 3 2 7 224 388 889 890 389
340 3 2 7 224 389 890 891 390
341 3 2 7 224 390 891 892 391
342 3 2 7 224 391 892 893 392
343 3 2 7 224 392 893 366 64
344 3 2 7 224 358 359 894 888
345 3 2 7 224 888 894 895 889
346 3 2 7 224 889 895 896 890
347 3 2 7 224 890 896 897 891
348 3 2 7 224 891 897 898 892
349 3 2 7 224 892 898 899 893
350 3 2 7 224 893 899 367 366
351 3 2 7 224 359 360 900 894
352 3 2 7 224 894 900 901 895
353 3 2 7 224 895 901 902 896
354 3 2 7 224 896 902 903 897
355 3 2 7 224 897 903 904 898
356 3 2 7 224 898 904 905 899
357 3 2 7 224 899 905 368 367
358 3 2 7 224 360 57 369 900
359 3 2 7 224 900 369 370 901
360 3 2 7 224 901 370 371 902
361 3 2 7 224 902 371 372 903
362 3 2 7 224 903 372 373 904
363 3 2 7 224 904 373 374 905
364 3 2 7 224 905 374 61 368
365 3 2 9 240 65 401 949 417
366 3 2 9 240 417 949 409 69
367 3 2 9 240 401 66 418 949
368 3 2 9 240 949 418 70 409
369 3 2 10 242 67 405 953 419
370 3 2 10 242 419 953 413 71
371 3 2 10 242 405 68 420 953
372 3 2 10 242 953 420 72 413
373 3 2 8 244 69 409 957 421
374 3 2 8 244 421 957 113 9
375 3 2 8 244 409 70 422 957
376 3 2 8 244 957 422 10 113
377 3 2 8 245 10 422 958 114
378 3 2 8 245 114 958 959 115
379 3 2 8 245 115 959 960 116
380 3 2 8 245 116 960 423 11
381 3 2 8 245 422 70 410 958
382 3 2 8 245 958 410 411 959
383 3 2 8 245 959 411 412 960
384 3 2 8 245 960 412 71 423
385 3 2 8 246 11 423 961 117
386 3 2 8 246 423 71 413 961
387 3 2 8 246 117 961 424 12
388 3 2 8 246 961 413 72 424
389 3 2 8 247 9 120 962 421
390 3 2 8 247 120 119 963 962
391 3 2 8 247 119 118 964 963
392 3 2 8 247 118 12 424 964
393 3 2 8 247 421 962 416 69
394 3 2 8 247 962 963 415 416
395 3 2 8 247 963 964 414 415
396 3 2 8 247 964 424 72 414
397 3 2 8 249 65 401 965 425
398 3 2 8 249 425 965 361 61
399 3 2 8 249 401 66 426 965
400 3 2 8 249 965 426 62 361
401 3 2 8 250 62 426 966 362
402 3 2 8 250 362 966 967 363
403 3 2 8 250 363 967 968 364
404 3 2 8 250 364 968 427 63
405 3 2 8 250 426 66 402 966
406 3 2 8 250 966 402 403 967
407 3 2 8 250 967 403 404 968
408 3 2 8 250 968 404 67 427
409 3 2 8 251 63 427 969 365
410 3 2 8 251 427 67 405 969
411 3 2 8 251 365 969 428 64
412 3 2 8 251 969 405 68 428
413 3 2 8 252 61 368 970 425
414 3 2 8 252 368 367 971 970
415 3 2 8 252 367 366 972 971
416 3 2 8 252 366 64 428 972
417 3 2 8 252 425 970 408 65
418 3 2 8 252 970 971 407 408
419 3 2 8 252 971 972 406 407
420 3 2 8 252 972 428 68 406
421 5 2 1 1 433 73 1 80 985 439 89 481
422 5 2 1 1 985 439 89 481 986 440 90 482
423 5 2 1 1 986 440 90 482 987 441 91 483
424 5 2 1 1 987 441 91 483 988 442 92 484
425 5 2 1 1 988 442 92 484 989 443 93 485
426 5 2 1 1 989 443 93 485 990 444 94 486
427 5 2 1 1 990 444 94 486 436 81 5 88
428 5 2 1 1 434 433 80 79 991 985 481 475
429 5 2 1 1 991 985 481 475 992 986 482 476
430 5 2 1 1 992 986 482 476 993 987 483 477
431 5 2 1 1 993 987 483 477 994 988 484 478
432 5 2 1 1 994 988 484 478 995 989 485 479
433 5 2 1 1 995 989 485 479 996 990 486 480
434 5 2 1 1 996 990 486 480 437 436 88 87
435 5 2 1 1 435 434 79 78 997 991 475 469
436 5 2 1 1 997 991 475 469 998 992 476 470
437 5 2 1 1 998 992 476 470 999 993 477 471
438 5 2 1 1 999 993 477 471 1000 994 478 472
439 5 2 1 1 1000 994 478 472 1001 995 479 473
440 5 2 1 1 1001 995 479 473 1002 996 480 474
441 5 2 1 1 1002 996 480 474 438 437 87 86
442 5 2 1 1 77 435 78 4 463 997 469 107
443 5 2 1 1 463 997 469 107 464 998 470 108
444 5 2 1 1 464 998 470 108 465 999 471 109
445 5 2 1 1 465 999 471 109 466 1000 472 110
446 5 2 1 1 466 1000 472 110 467 1001 473 111
447 5 2 1 1 467 1001 473 111 468 1002 474 112
448 5 2 1 1 468 1002 474 112 85 438 86 8
449 5 2 1 1 74 2 73 433 445 95 439 985
450 5 2 1 1 445 95 439 985 446 96 440 986
451 5 2 1 1 446 96 440 986 447 97 441 987
452 5 2 1 1 447 97 441 987 448 98 442 988
453 5 2 1 1 448 98 442 988 449 99 443 989
454 5 2 1 1 449 99 443 989 450 100 444 990
455 5 2 1 1 450 100 444 990 82 6 81 436
456 5 2 1 1 75 74 433 434 451 445 985 991
457 5 2 1 1 451 445 985 991 452 446 986 992
458 5 2 1 1 452 446 986 992 453 447 987 993
459 5 2 1 1 453 447 987 993 454 448 988 994
460 5 2 1 1 454 448 988 994 455 449 989 995
461 5 2 1 1 455 449 989 995 456 450 990 996
462 5 2 1 1 456 450 990 996 83 82 436 437
463 5 2 1 1 76 75 434 435 457 451 991 997
464 5 2 1 1 457 451 991 997 458 452 992 998
465 5 2 1 1 458 452 992 998 459 453 993 999
466 5 2 1 1 459 453 993 999 460 454 994 1000
467 5 2 1 1 460 454 994 1000 461 455 995 1001
468 5 2 1 1 461 455 995 1001 462 456 996 1002
469 5 2 1 1 462 456 996 1002 84 83 437 438
470 5 2 1 1 3 76 435 77 101 457 997 463
471 5 2 1 1 101 457 997 463 102 458 998 464
472 5 2 1 1 102 458 998 464 103 459 999 465
473 5 2 1 1 103 459 999 465 104 460 1000 466
474 5 2 1 1 104 460 1000 466 105 461 1001 467
475 5 2 1 1 105 461 1001 467 106 462 1002 468
476 5 2 1 1 106 462 1002 468 7 84 438 85
477 5 2 2 21 439 73 1 89 1003 538 153 554
478 5 2 2 21 1003 538 153 554 490 113 9 129
479 5 2 2 21 440 439 89 90 1004 1003 554 555
480 5 2 2 21 1004 1003 554 555 491 490 129 130
481 5 2 2 21 441 440 90 91 1005 1004 555 556
482 5 2 2 21 1005 1004 555 556 492 491 130 131
483 5 2 2 21 442 441 91 92 1006 1005 556 557
484 5 2 2 21 1006 1005 556 557 493 492 131 132
485 5 2 2 21 443 442 92 93 1007 1006 557 558
486 5 2 2 21 1007 1006 557 558 494 493 132 133
487 5 2 2 21 444 443 93 94 1008 1007 558 559
488 5 2 2 21 1008 1007 558 559 495 494 133 134
489 5 2 2 21 81 444 94 5 546 1008 559 157
490 5 2 2 21 546 1008 559 157 121 495 134 13
491 5 2 2 21 95 2 73 439 560 154 538 1003
492 5 2 2 21 560 154 538 1003 135 10 113 490
493 5 2 2 21 96 95 439 440 561 560 1003 1004
494 5 2 2 21 561 560 1003 1004 136 135 490 491
495 5 2 2 21 97 96 440 441 562 561 1004 1005
496 5 2 2 21 562 561 1004 1005 137 136 491 492
497 5 2 2 21 98 97 441 442 563 562 1005 1006
498 5 2 2 21 563 562 1005 1006 138 137 492 493
499 5 2 2 21 99 98 442 443 564 563 1006 1007
500 5 2 2 21 564 563 1006 1007 139 138 493 494
501 5 2 2 21 100 99 443 444 565 564 1007 1008
502 5 2 2 21 565 564 1007 1008 140 139 494 495
503 5 2 2 21 6 100 444 81 158 565 1008 546
504 5 2 2 21 158 565 1008 546 14 140 495 121
505 5 2 2 22 445 74 2 95 1009 539 154 560
506 5 2 2 22 1009 539 154 560 496 114 10 135
507 5 2 2 22 446 445 95 96 1010 1009 560 561
508 5 2 2 22 1010 1009 560 561 497 496 135 136
509 5 2 2 22 447 446 96 97 1011 1010 561 562
510 5 2 2 22 1011 1010 561 562 498 497 136 137
511 5 2 2 22 448 447 97 98 1012 1011 562 563
512 5 2 2 22 1012 1011 562 563 499 498 137 138
513 5 2 2 22 449 448 98 99 1013 1012 563 564
514 5 2 2 22 1013 1012 563 564 500 499 138 139
515 5 2 2 22 450 449 99 100 1014 1013 564 565
516 5 2 2 22 1014 1013 564 565 501 500 139 140
517 5 2 2 22 82 450 100 6 547 1014 565 158
518 5 2 2 22 547 1014 565 158 122 501 140 14
519 5 2 2 22 451 75 74 445 1015 540 539 1009
520 5 2 2 22 1015 540 539 1009 502 115 114 496
521 5 2 2 22 452 451 445 446 1016 1015 1009 1010
522 5 2 2 22 1016 1015 1009 1010 503 502 496 497
523 5 2 2 22 453 452 446 447 1017 1016 1010 1011
524 5 2 2 22 1017 1016 1010 1011 504 503 497 498
525 5 2 2 22 454 453 447 448 1018 1017 1011 1012
526 5 2 2 22 1018 1017 1011 1012 505 504 498 499
527 5 2 2 22 455 454 448 449 1019 1018 1012 1013
528 5 2 2 22 1019 1018 1012 1013 506 505 499 500
529 5 2 2 22 456 455 449 450 1020 1019 1013 1014
530 5 2 2 22 1020 1019 1013 1014 507 506 500 501
531 5 2 2 22 83 456 450 82 548 1020 1014 547
532 5 2 2 22 548 1020 1014 547 123 507 501 122
533 5 2 2 22 457 76 75 451 1021 541 540 1015
534 5 2 2 22 1021 541 540 1015 508 116 115 502
535 5 2 2 22 458 457 451 452 1022 1021 1015 1016
536 5 2 2 22 1022 1021 1015 1016 509 508 502 503
537 5 2 2 22 459 458 452 453 1023 1022 1016 1017
538 5 2 2 22 1023 1022 1016 1017 510 509 503 504
539 5 2 2 22 460 459 453 454 1024 1023 1017 1018
540 5 2 2 22 1024 1023 1017 1018 511 510 504 505
541 5 2 2 22 461 460 454 455 1025 1024 1018 1019
542 5 2 2 22 1025 1024 1018 1019 512 511 505 506
543 5 2 2 22 462 461 455 456 1026 1025 1019 1020
544 5 2 2 22 1026 1025 1019 1020 513 512 506 507
545 5 2 2 22 84 462 456 83 549 1026 1020 548
546 5 2 2 22 549 1026 1020 548 124 513 507 123
547 5 2 2 22 101 3 76 457 566 155 541 1021
548 5 2 2 22 566 155 541 1021 141 11 116 508
549 5 2 2 22 102 101 457 458 567 566 1021 1022
550 5 2 2 22 567 566 1021 1022 142 141 508 509
551 5 2 2 22 103 102 458 459 568 567 1022 1023
552 5 2 2 22 568 567 1022 1023 143 142 509 510
553 5 2 2 22 104 103 459 460 569 568 1023 1024
554 5 2 2 22 569 568 1023 1024 144 143 510 511
555 5 2 2 22 105 104 460 461 570 569 1024 1025
556 5 2 2 22 570 569 1024 1025 145 144 511 512
557 5 2 2 22 106 105 461 462 571 570 1025 1026
558 5 2 2 22 571 570 1025 1026 146 145 512 513
559 5 2 2 22 7 106 462 84 159 571 1026 549
560 5 2 2 22 159 571 1026 549 15 146 513 124
561 5 2 2 23 463 77 3 101 1027 542 155 566
562 5 2 2 23 1027 542 155 566 514 117 11 141
563 5 2 2 23 464 463 101 102 1028 1027 566 567
564 5 2 2 23 1028 1027 566 567 515 514 141 142
565 5 2 2 23 465 464 102 103 1029 1028 567 568
566 5 2 2 23 1029 1028 567 568 516 515 142 143
567 5 2 2 23 466 465 103 104 1030 1029 568 569
568 5 2 2 23 1030 1029 568 569 517 516 143 144
569 5 2 2 23 467 466 104 105 1031 1030 569 570
570 5 2 2 23 1031 1030 569 570 518 517 144 145
571 5 2 2 23 468 467 105 106 1032 1031 570 571
572 5 2 2 23 1032 1031 570 571 519 518 145 146
573 5 2 2 23 85 468 106 7 550 1032 571 159
574 5 2 2 23 550 1032 571 159 125 519 146 15
575 5 2 2 23 107 4 77 463 572 156 542 1027
576 5 2 2 23 572 156 542 1027 147 12 117 514
577 5 2 2 23 108 107 463 464 573 572 1027 1028
578 5 2 2 23 573 572 1027 1028 148 147 514 515
579 5 2 2 23 109 108 464 465 574 573 1028 1029
580 5 2 2 23 574 573 1028 1029 149 148 515 516
581 5 2 2 23 110 109 465 466 575 574 1029 1030
582 5 2 2 23 575 574 1029 1030 150 149 516 517
583 5 2 2 23 111 110 466 467 576 575 1030 1031
584 5 2 2 23 576 575 1030 1031 151 150 517 518
585 5 2 2 23 112 111 467 468 577 576 1031 1032
586 5 2 2 23 577 576 1031 1032 152 151 518 519
587 5 2 2 23 8 112 468 85 160 577 1032 550
588 5 2 2 23 160 577 1032 550 16 152 519 125
589 5 2 2 24 469 78 4 107 1033 545 156 572
590 5 2 2 24 1033 545 156 572 520 118 12 147
591 5 2 2 24 470 469 107 108 1034 1033 572 573
592 5 2 2 24 1034 1033 572 573 521 520 147 148
593 5 2 2 24 471 470 108 109 1035 1034 573 574
594 5 2 2 24 1035 1034 573 574 522 521 148 149
595 5 2 2 24 472 471 109 110 1036 1035 574 575
596 5 2 2 24 1036 1035 574 575 523 522 149 150
597 5 2 2 24 473 472 110 111 1037 1036 575 576
598 5 2 2 24 1037 1036 575 576 524 523 150 151
599 5 2 2 24 474 473 111 112 1038 1037 576 577
600 5 2 2 24 1038 1037 576 577 525 524 151 152
601 5 2 2 24 86 474 112 8 553 1038 577 160
602 5 2 2 24 553 1038 577 160 126 525 152 16
603 5 2 2 24 475 79 78 469 1039 544 545 1033
604 5 2 2 24 1039 544 545 1033 526 119 118 520
605 5 2 2 24 476 475 469 470 1040 1039 1033 1034
606 5 2 2 24 1040 1039 1033 1034 527 526 520 521
607 5 2 2 24 477 476 470 471 1041 1040 1034 1035
608 5 2 2 24 1041 1040 1034 1035 528 527 521 522
609 5 2 2 24 478 477 471 472 1042 1041 1035 1036
610 5 2 2 24 1042 1041 1035 1036 529 528 522 523
611 5 2 2 24 479 478 472 473 1043 1042 1036 1037
612 5 2 2 24 1043 1042 1036 1037 530 529 523 524
613 5 2 2 24 480 479 473 474 1044 1043 1037 1038
614 5 2 2 24 1044 1043 1037 1038 531 530 524 525
615 5 2 2 24 87 480 474 86 552 1044 1038 553
616 5 2 2 24 552 1044 1038 553 127 531 525 126
617 5 2 2 24 481 80 79 475 1045 543 544 1039
618 5 2 2 24 1045 543 544 1039 532 120 119 526
619 5 2 2 24 482 481 475 476 1046 1045 1039 1040
620 5 2 2 24 1046 1045 1039 1040 533 532 526 527
621 5 2 2 24 483 482 476 477 1047 1046 1040 1041
622 5 2 2 24 1047 1046 1040 1041 534 533 527 528
623 5 2 2 24 484 483 477 478 1048 1047 1041 1042
624 5 2 2 24 1048 1047 1041 1042 535 534 528 529
625 5 2 2 24 485 484 478 479 1049 1048 1042 1043
626 5 2 2 24 1049 1048 1042 1043 536 535 529 530
627 5 2 2 24 486 485 479 480 1050 1049 1043 1044
628 5 2 2 24 1050 1049 1043 1044 537 536 530 531
629 5 2 2 24 88 486 480 87 551 1050 1044 552
630 5 2 2 24 551 1050 1044 552 128 537 531 127
631 5 2 2 24 89 1 80 481 554 153 543 1045
632 5 2 2 24 554 153 543 1045 129 9 120 532
633 5 2 2 24 90 89 481 482 555 554 1045 1046
634 5 2 2 24 555 554 1045 1046 130 129 532 533
635 5 2 2 24 91 90 482 483 556 555 1046 1047
636 5 2 2 24 556 555 1046 1047 131 130 533 534
637 5 2 2 24 92 91 483 484 557 556 1047 1048
638 5 2 2 24 557 556 1047 1048 132 131 534 535
639 5 2 2 24 93 92 484 485 558 557 1048 1049
640 5 2 2 24 558 557 1048 1049 133 132 535 536
641 5 2 2 24 94 93 485 486 559 558 1049 1050
642 5 2 2 24 559 558 1049 1050 134 133 536 537
643 5 2 2 24 5 94 486 88 157 559 1050 551
644 5 2 2 24 157 559 1050 551 13 134 537 128
645 5 2 2 25 1 73 433 80 153 538 1051 543
646 5 2 2 25 153 538 1051 543 9 113 487 120
647 5 2 2 25 80 433 434 79 543 1051 1052 544
648 5 2 2 25 543 1051 1052 544 120 487 488 119
649 5 2 2 25 79 434 435 78 544 1052 1053 545
650 5 2 2 25 544 1052 1053 545 119 488 489 118
651 5 2 2 25 78 435 77 4 545 1053 542 156
652 5 2 2 25 545 1053 542 156 118 489 117 12
653 5 2 2 25 73 2 74 433 538 154 539 1051
654 5 2 2 25 538 154 539 1051 113 10 114 487
655 5 2 2 25 433 74 75 434 1051 539 540 1052
656 5 2 2 25 1051 539 540 1052 487 114 115 488
657 5 2 2 25 434 75 76 435 1052 540 541 1053
658 5 2 2 25 1052 540 541 1053 488 115 116 489
659 5 2 2 25 435 76 3 77 1053 541 155 542
660 5 2 2 25 1053 541 155 542 489 116 11 117
661 5 2 2 26 436 81 5 88 1054 546 157 551
662 5 2 2 26 1054 546 157 551 578 121 13 128
663 5 2 2 26 437 436 88 87 1055 1054 551 552
664 5 2 2 26 1055 1054 551 552 579 578 128 127
665 5 2 2 26 438 437 87 86 1056 1055 552 553
666 5 2 2 26 1056 1055 552 553 580 579 127 126
667 5 2 2 26 85 438 86 8 550 1056 553 160
668 5 2 2 26 550 1056 553 160 125 580 126 16
669 5 2 2 26 82 6 81 436 547 158 546 1054
670 5 2 2 26 547 158 546 1054 122 14 121 578
671 5 2 2 26 83 82 436 437 548 547 1054 1055
672 5 2 2 26 548 547 1054 1055 123 122 578 579
673 5 2 2 26 84 83 437 438 549 548 1055 1056
674 5 2 2 26 549 548 1055 1056 124 123 579 580
675 5 2 2 26 7 84 438 85 159 549 1056 550
676 5 2 2 26 159 549 1056 550 15 124 580 125
677 5 2 3 41 33 233 671 240 189 616 1057 609
678 5 2 3 41 189 616 1057 609 13 121 578 128
679 5 2 3 41 240 671 672 239 609 1057 1058 610
680 5 2 3 41 609 1057 1058 610 128 578 579 127
681 5 2 3 41 239 672 673 238 610 1058 1059 611
682 5 2 3 41 610 1058 1059 611 127 579 580 126
683 5 2 3 41 238 673 237 36 611 1059 615 192
684 5 2 3 41 611 1059 615 192 126 580 125 16
685 5 2 3 41 233 34 234 671 616 190 612 1057
686 5 2 3 41 616 190 612 1057 121 14 122 578
687 5 2 3 41 671 234 235 672 1057 612 613 1058
688 5 2 3 41 1057 612 613 1058 578 122 123 579
689 5 2 3 41 672 235 236 673 1058 613 614 1059
690 5 2 3 41 1058 613 614 1059 579 123 124 580
691 5 2 3 41 673 236 35 237 1059 614 191 615
692 5 2 3 41 1059 614 191 615 580 124 15 125
693 5 2 3 42 17 161 581 177 185 597 1060 605
694 5 2 3 42 185 597 1060 605 13 121 616 189
695 5 2 3 42 177 581 169 21 605 1060 589 181
696 5 2 3 42 605 1060 589 181 189 616 233 33
697 5 2 3 42 161 18 178 581 597 186 606 1060
698 5 2 3 42 597 186 606 1060 121 14 190 616
699 5 2 3 42 581 178 22 169 1060 606 182 589
700 5 2 3 42 1060 606 182 589 616 190 34 233
701 5 2 3 43 18 162 582 178 186 598 1061 606
702 5 2 3 43 186 598 1061 606 14 122 612 190
703 5 2 3 43 178 582 170 22 606 1061 590 182
704 5 2 3 43 606 1061 590 182 190 612 234 34
705 5 2 3 43 162 163 583 582 598 599 1062 1061
706 5 2 3 43 598 599 1062 1061 122 123 613 612
707 5 2 3 43 582 583 171 170 1061 1062 591 590
708 5 2 3 43 1061 1062 591 590 612 613 235 234
709 5 2 3 43 163 164 584 583 599 600 1063 1062
710 5 2 3 43 599 600 1063 1062 123 124 614 613
711 5 2 3 43 583 584 172 171 1062 1063 592 591
712 5 2 3 43 1062 1063 592 591 613 614 236 235
713 5 2 3 43 164 19 179 584 600 187 607 1063
714 5 2 3 43 600 187 607 1063 124 15 191 614
715 5 2 3 43 584 179 23 172 1063 607 183 592
716 5 2 3 43 1063 607 183 592 614 191 35 236
717 5 2 3 44 19 165 585 179 187 601 1064 607
718 5 2 3 44 187 601 1064 607 15 125 615 191
719 5 2 3 44 179 585 173 23 607 1064 593 183
720 5 2 3 44 607 1064 593 183 191 615 237 35
721 5 2 3 44 165 20 180 585 601 188 608 1064
722 5 2 3 44 601 188 608 1064 125 16 192 615
723 5 2 3 44 585 180 24 173 1064 608 184 593
724 5 2 3 44 1064 608 184 593 615 192 36 237
725 5 2 3 45 20 166 586 180 188 604 1065 608
726 5 2 3 45 188 604 1065 608 16 126 611 192
727 5 2 3 45 180 586 174 24 608 1065 596 184
728 5 2 3 45 608 1065 596 184 192 611 238 36
729 5 2 3 45 166 167 587 586 604 603 1066 1065
730 5 2 3 45 604 603 1066 1065 126 127 610 611
731 5 2 3 45 586 587 175 174 1065 1066 595 596
732 5 2 3 45 1065 1066 595 596 611 610 239 238
733 5 2 3 45 167 168 588 587 603 602 1067 1066
734 5 2 3 45 603 602 1067 1066 127 128 609 610
735 5 2 3 45 587 588 176 175 1066 1067 594 595
736 5 2 3 45 1066 1067 594 595 610 609 240 239
737 5 2 3 45 168 17 177 588 602 185 605 1067
738 5 2 3 45 602 185 605 1067 128 13 189 609
739 5 2 3 45 588 177 21 176 1067 605 181 594
740 5 2 3 45 1067 605 181 594 609 189 33 240
741 5 2 1 101 617 193 25 200 1068 623 209 665
742 5 2 1 101 1068 623 209 665 1069 624 210 666
743 5 2 1 101 1069 624 210 666 1070 625 211 667
744 5 2 1 101 1070 625 211 667 1071 626 212 668
745 5 2 1 101 1071 626 212 668 1072 627 213 669
746 5 2 1 101 1072 627 213 669 1073 628 214 670
747 5 2 1 101 1073 628 214 670 620 201 29 208
748 5 2 1 101 618 617 200 199 1074 1068 665 659
749 5 2 1 101 1074 1068 665 659 1075 1069 666 660
750 5 2 1 101 1075 1069 666 660 1076 1070 667 661
751 5 2 1 101 1076 1070 667 661 1077 1071 668 662
752 5 2 1 101 1077 1071 668 662 1078 1072 669 663
753 5 2 1 101 1078 1072 669 663 1079 1073 670 664
754 5 2 1 101 1079 1073 670 664 621 620 208 207
755 5 2 1 101 619 618 199 198 1080 1074 659 653
756 5 2 1 101 1080 1074 659 653 1081 1075 660 654
757 5 2 1 101 1081 1075 660 654 1082 1076 661 655
758 5 2 1 101 1082 1076 661 655 1083 1077 662 656
759 5 2 1 101 1083 1077 662 656 1084 1078 663 657
760 5 2 1 101 1084 1078 663 657 1085 1079 664 658
761 5 2 1 101 1085 1079 664 658 622 621 207 206
762 5 2 1 101 197 619 198 28 647 1080 653 227
763 5 2 1 101 647 1080 653 227 648 1081 654 228
764 5 2 1 101 648 1081 654 228 649 1082 655 229
765 5 2 1 101 649 1082 655 229 650 1083 656 230
766 5 2 1 101 650 1083 656 230 651 1084 657 231
767 5 2 1 101 651 1084 657 231 652 1085 658 232
768 5 2 1 101 652 1085 658 232 205 622 206 32
769 5 2 1 101 194 26 193 617 629 215 623 1068
770 5 2 1 101 629 215 623 1068 630 216 624 1069
771 5 2 1 101 630 216 624 1069 631 217 625 1070
772 5 2 1 101 631 217 625 1070 632 218 626 1071
773 5 2 1 101 632 218 626 1071 633 219 627 1072
774 5 2 1 101 633 219 627 1072 634 220 628 1073
775 5 2 1 101 634 220 628 1073 202 30 201 620
776 5 2 1 101 195 194 617 618 635 629 1068 1074
777 5 2 1 101 635 629 1068 1074 636 630 1069 1075
778 5 2 1 101 636 630 1069 1075 637 631 1070 1076
779 5 2 1 101 637 631 1070 1076 638 632 1071 1077
780 5 2 1 101 638 632 1071 1077 639 633 1072 1078
781 5 2 1 101 639 633 1072 1078 640 634 1073 1079
782 5 2 1 101 640 634 1073 1079 203 202 620 621
783 5 2 1 101 196 195 618 619 641 635 1074 1080
784 5 2 1 101 641 635 1074 1080 642 636 1075 1081
785 5 2 1 101 642 636 1075 1081 643 637 1076 1082
786 5 2 1 101 643 637 1076 1082 644 638 1077 1083
787 5 2 1 101 644 638 1077 1083 645 639 1078 1084
788 5 2 1 101 645 639 1078 1084 646 640 1079 1085
789 5 2 1 101 646 640 1079 1085 204 203 621 622
790 5 2 1 101 27 196 619 197 221 641 1080 647
791 5 2 1 101 221 641 1080 647 222 642 1081 648
792 5 2 1 101 222 642 1081 648 223 643 1082 649
793 5 2 1 101 223 643 1082 649 224 644 1083 650
794 5 2 1 101 224 644 1083 650 225 645 1084 651
795 5 2 1 101 225 645 1084 651 226 646 1085 652
796 5 2 1 101 226 646 1085 652 31 204 622 205
797 5 2 2 121 623 193 25 209 1086 722 273 738
798 5 2 2 121 1086 722 273 738 674 233 33 249
799 5 2 2 121 624 623 209 210 1087 1086 738 739
800 5 2 2 121 1087 1086 738 739 675 674 249 250
801 5 2 2 121 625 624 210 211 1088 1087 739 740
802 5 2 2 121 1088 1087 739 740 676 675 250 251
803 5 2 2 121 626 625 211 212 1089 1088 740 741
804 5 2 2 121 1089 1088 740 741 677 676 251 252
805 5 2 2 121 627 626 212 213 1090 1089 741 742
806 5 2 2 121 1090 1089 741 742 678 677 252 253
807 5 2 2 121 628 627 213 214 1091 1090 742 743
808 5 2 2 121 1091 1090 742 743 679 678 253 254
809 5 2 2 121 201 628 214 29 730 1091 743 277
810 5 2 2 121 730 1091 743 277 241 679 254 37
811 5 2 2 121 215 26 193 623 744 274 722 1086
812 5 2 2 121 744 274 722 1086 255 34 233 674
813 5 2 2 121 216 215 623 624 745 744 1086 1087
814 5 2 2 121 745 744 1086 1087 256 255 674 675
815 5 2 2 121 217 216 624 625 746 745 1087 1088
816 5 2 2 121 746 745 1087 1088 257 256 675 676
817 5 2 2 121 218 217 625 626 747 746 1088 1089
818 5 2 2 121 747 746 1088 1089 258 257 676 677
819 5 2 2 121 219 218 626 627 748 747 1089 1090
820 5 2 2 121 748 747 1089 1090 259 258 677 678
821 5 2 2 121 220 219 627 628 749 748 1090 1091
822 5 2 2 121 749 748 1090 1091 260 259 678 679
823 5 2 2 121 30 220 628 201 278 749 1091 730
824 5 2 2 121 278 749 1091 730 38 260 679 241
825 5 2 2 122 629 194 26 215 1092 723 274 744
826 5 2 2 122 1092 723 274 744 680 234 34 255
827 5 2 2 122 630 629 215 216 1093 1092 744 745
828 5 2 2 122 1093 1092 744 745 681 680 255 256
829 5 2 2 122 631 630 216 217 1094 1093 745 746
830 5 2 2 122 1094 1093 745 746 682 681 256 257
831 5 2 2 122 632 631 217 218 1095 1094 746 747
832 5 2 2 122 1095 1094 746 747 683 682 257 258
833 5 2 2 122 633 632 218 219 1096 1095 747 748
834 5 2 2 122 1096 1095 747 748 684 683 258 259
835 5 2 2 122 634 633 219 220 1097 1096 748 749
836 5 2 2 122 1097 1096 748 749 685 684 259 260
837 5 2 2 122 202 634 220 30 731 1097 749 278
838 5 2 2 122 731 1097 749 278 242 685 260 38
839 5 2 2 122 635 195 194 629 1098 724 723 1092
840 5 2 2 122 1098 724 723 1092 686 235 234 680
841 5 2 2 122 636 635 629 630 1099 1098 1092 1093
842 5 2 2 122 1099 1098 1092 1093 687 686 680 681
843 5 2 2 122 637 636 630 631 1100 1099 1093 1094
844 5 2 2 122 1100 1099 1093 1094 688 687 681 682
845 5 2 2 122 638 637 631 632 1101 1100 1094 1095
846 5 2 2 122 1101 1100 1094 1095 689 688 682 683
847 5 2 2 122 639 638 632 633 1102 1101 1095 1096
848 5 2 2 122 1102 1101 1095 1096 690 689 683 684
849 5 2 2 122 640 639 633 634 1103 1102 1096 1097
850 5 2 2 122 1103 1102 1096 1097 691 690 684 685
851 5 2 2 122 203 640 634 202 732 1103 1097 731
852 5 2 2 122 732 1103 1097 731 243 691 685 242
853 5 2 2 122 641 196 195 635 1104 725 724 1098
854 5 2 2 122 1104 725 724 1098 692 236 235 686
855 5 2 2 122 642 641 635 636 1105 1104 1098 1099
856 5 2 2 122 1105 1104 1098 1099 693 692 686 687
857 5 2 2 122 643 642 636 637 1106 1105 1099 1100
858 5 2 2 122 1106 1105 1099 1100 694 693 687 688
859 5 2 2 122 644 643 637 638 1107 1106 1100 1101
860 5 2 2 122 1107 1106 1100 1101 695 694 688 689
861 5 2 2 122 645 644 638 639 1108 1107 1101 1102
862 5 2 2 122 1108 1107 1101 1102 696 695 689 690
863 5 2 2 122 646 645 639 640 1109 1108 1102 1103
864 5 2 2 122 1109 1108 1102 1103 697 696 690 691
865 5 2 2 122 204 646 640 203 733 1109 1103 732
866 5 2 2 122 733 1109 1103 732 244 697 691 243
867 5 2 2 122 221 27 196 641 750 275 725 1104
868 5 2 2 122 750 275 725 1104 261 35 236 692
869 5 2 2 122 222 221 641 642 751 750 1104 1105
870 5 2 2 122 751 750 1104 1105 262 261 692 693
871 5 2 2 122 223 222 642 643 752 751 1105 1106
872 5 2 2 122 752 751 1105 1106 263 262 693 694
873 5 2 2 122 224 223 643 644 753 752 1106 1107
874 5 2 2 122 753 752 1106 1107 264 263 694 695
875 5 2 2 122 225 224 644 645 754 753 1107 1108
876 5 2 2 122 754 753 1107 1108 265 264 695 696
877 5 2 2 122 226 225 645 646 755 754 1108 1109
878 5 2 2 122 755 754 1108 1109 266 265 696 697
879 5 2 2 122 31 226 646 204 279 755 1109 733
880 5 2 2 122 279 755 1109 733 39 266 697 244
881 5 2 2 123 647 197 27 221 1110 726 275 750
882 5 2 2 123 1110 726 275 750 698 237 35 261
883 5 2 2 123 648 647 221 222 1111 1110 750 751
884 5 2 2 123 1111 1110 750 751 699 698 261 262
885 5 2 2 123 649 648 222 223 1112 1111 751 752
886 5 2 2 123 1112 1111 751 752 700 699 262 263
887 5 2 2 123 650 649 223 224 1113 1112 752 753
888 5 2 2 123 1113 1112 752 753 701 700 263 264
889 5 2 2 123 651 650 224 225 1114 1113 753 754
890 5 2 2 123 1114 1113 753 754 702 701 264 265
891 5 2 2 123 652 651 225 226 1115 1114 754 755
892 5 2 2 123 1115 1114 754 755 703 702 265 266
893 5 2 2 123 205 652 226 31 734 1115 755 279
894 5 2 2 123 734 1115 755 279 245 703 266 39
895 5 2 2 123 227 28 197 647 756 276 726 1110
896 5 2 2 123 756 276 726 1110 267 36 237 698
897 5 2 2 123 228 227 647 648 757 756 1110 1111
898 5 2 2 123 757 756 1110 1111 268 267 698 699
899 5 2 2 123 229 228 648 649 758 757 1111 1112
900 5 2 2 123 758 757 1111 1112 269 268 699 700
901 5 2 2 123 230 229 649 650 759 758 1112 1113
902 5 2 2 123 759 758 1112 1113 270 269 700 701
903 5 2 2 123 231 230 650 651 760 759 1113 1114
904 5 2 2 123 760 759 1113 1114 271 270 701 702
905 5 2 2 123 232 231 651 652 761 760 1114 1115
906 5 2 2 123 761 760 1114 1115 272 271 702 703
907 5 2 2 123 32 232 652 205 280 761 1115 734
908 5 2 2 123 280 761 1115 734 40 272 703 245
909 5 2 2 124 653 198 28 227 1116 729 276 756
910 5 2 2 124 1116 729 276 756 704 238 36 267
911 5 2 2 124 654 653 227 228 1117 1116 756 757
912 5 2 2 124 1117 1116 756 757 705 704 267 268
913 5 2 2 124 655 654 228 229 1118 1117 757 758
914 5 2 2 124 1118 1117 757 758 706 705 268 269
915 5 2 2 124 656 655 229 230 1119 1118 758 759
916 5 2 2 124 1119 1118 758 759 707 706 269 270
917 5 2 2 124 657 656 230 231 1120 1119 759 760
918 5 2 2 124 1120 1119 759 760 708 707 270 271
919 5 2 2 124 658 657 231 232 1121 1120 760 761
920 5 2 2 124 1121 1120 760 761 709 708 271 272
921 5 2 2 124 206 658 232 32 737 1121 761 280
922 5 2 2 124 737 1121 761 280 246 709 272 40
923 5 2 2 124 659 199 198 653 1122 728 729 1116
924 5 2 2 124 1122 728 729 1116 710 239 238 704
925 5 2 2 124 660 659 653 654 1123 1122 1116 1117
926 5 2 2 124 1123 1122 1116 1117 711 710 704 705
927 5 2 2 124 661 660 654 655 1124 1123 1117 1118
928 5 2 2 124 1124 1123 1117 1118 712 711 705 706
929 5 2 2 124 662 661 655 656 1125 1124 1118 1119
930 5 2 2 124 1125 1124 1118 1119 713 712 706 707
931 5 2 2 124 663 662 656 657 1126 1125 1119 1120
932 5 2 2 124 1126 1125 1119 1120 714 713 707 708
933 5 2 2 124 664 663 657 658 1127 1126 1120 1121
934 5 2 2 124 1127 1126 1120 1121 715 714 708 709
935 5 2 2 124 207 664 658 206 736 1127 1121 737
936 5 2 2 124 736 1127 1121 737 247 715 709 246
937 5 2 2 124 665 200 199 659 1128 727 728 1122
938 5 2 2 124 1128 727 728 1122 716 240 239 710
939 5 2 2 124 666 665 659 660 1129 1128 1122 1123
940 5 2 2 124 1129 1128 1122 1123 717 716 710 711
941 5 2 2 124 667 666 660 661 1130 1129 1123 1124
942 5 2 2 124 1130 1129 1123 1124 718 717 711 712
943 5 2 2 124 668 667 661 662 1131 1130 1124 1125
944 5 2 2 124 1131 1130 1124 1125 719 718 712 713
945 5 2 2 124 669 668 662 663 1132 1131 1125 1126
946 5 2 2 124 1132 1131 1125 1126 720 719 713 714
947 5 2 2 124 670 669 663 664 1133 1132 1126 1127
948 5 2 2 124 1133 1132 1126 1127 721 720 714 715
949 5 2 2 124 208 670 664 207 735 1133 1127 736
950 5 2 2 124 735 1133 1127 736 248 721 715 247
951 5 2 2 124 209 25 200 665 738 273 727 1128
952 5 2 2 124 738 273 727 1128 249 33 240 716
953 5 2 2 124 210 209 665 666 739 738 1128 1129
954 5 2 2 124 739 738 1128 1129 250 249 716 717
955 5 2 2 124 211 210 666 667 740 739 1129 1130
956 5 2 2 124 740 739 1129 1130 251 250 717 718
957 5 2 2 124 212 211 667 668 741 740 1130 1131
958 5 2 2 124 741 740 1130 1131 252 251 718 719
959 5 2 2 124 213 212 668 669 742 741 1131 1132
960 5 2 2 124 742 741 1131 1132 253 252 719 720
961 5 2 2 124 214 213 669 670 743 742 1132 1133
962 5 2 2 124 743 742 1132 1133 254 253 720 721
963 5 2 2 124 29 214 670 208 277 743 1133 735
964 5 2 2 124 277 743 1133 735 37 254 721 248
965 5 2 2 125 25 193 617 200 273 722 1134 727
966 5 2 2 125 273 722 1134 727 33 233 671 240
967 5 2 2 125 200 617 618 199 727 1134 1135 728
968 5 2 2 125 727 1134 1135 728 240 671 672 239
969 5 2 2 125 199 618 619 198 728 1135 1136 729
970 5 2 2 125 728 1135 1136 729 239 672 673 238
971 5 2 2 125 198 619 197 28 729 1136 726 276
972 5 2 2 125 729 1136 726 276 238 673 237 36
973 5 2 2 125 193 26 194 617 722 274 723 1134
974 5 2 2 125 722 274 723 1134 233 34 234 671
975 5 2 2 125 617 194 195 618 1134 723 724 1135
976 5 2 2 125 1134 723 724 1135 671 234 235 672
977 5 2 2 125 618 195 196 619 1135 724 725 1136
978 5 2 2 125 1135 724 725 1136 672 235 236 673
979 5 2 2 125 619 196 27 197 1136 725 275 726
980 5 2 2 125 1136 725 275 726 673 236 35 237
981 5 2 2 126 620 201 29 208 1137 730 277 735
982 5 2 2 126 1137 730 277 735 762 241 37 248
983 5 2 2 126 621 620 208 207 1138 1137 735 736
984 5 2 2 126 1138 1137 735 736 763 762 248 247
985 5 2 2 126 622 621 207 206 1139 1138 736 737
986 5 2 2 126 1139 1138 736 737 764 763 247 246
987 5 2 2 126 205 622 206 32 734 1139 737 280
988 5 2 2 126 734 1139 737 280 245 764 246 40
989 5 2 2 126 202 30 201 620 731 278 730 1137
990 5 2 2 126 731 278 730 1137 242 38 241 762
991 5 2 2 126 203 202 620 621 732 731 1137 1138
992 5 2 2 126 732 731 1137 1138 243 242 762 763
993 5 2 2 126 204 203 621 622 733 732 1138 1139
994 5 2 2 126 733 732 1138 1139 244 243 763 764
995 5 2 2 126 31 204 622 205 279 733 1139 734
996 5 2 2 126 279 733 1139 734 39 244 764 245
997 5 2 3 141 57 353 855 360 309 800 1140 793
998 5 2 3 141 309 800 1140 793 37 241 762 248
999 5 2 3 141 360 855 856 359 793 1140 1141 794
1000 5 2 3 141 793 1140 1141 794 248 762 763 247
1001 5 2 3 141 359 856 857 358 794 1141 1142 795
1002 5 2 3 141 794 1141 1142 795 247 763 764 246
1003 5 2 3 141 358 857 357 60 795 1142 799 312
1004 5 2 3 141 795 1142 799 312 246 764 245 40
1005 5 2 3 141 353 58 354 855 800 310 796 1140
1006 5 2 3 141 800 310 796 1140 241 38 242 762
1007 5 2 3 141 855 354 355 856 1140 796 797 1141
1008 5 2 3 141 1140 796 797 1141 762 242 243 763
1009 5 2 3 141 856 355 356 857 1141 797 798 1142
1010 5 2 3 141 1141 797 798 1142 763 243 244 764
1011 5 2 3 141 857 356 59 357 1142 798 311 799
1012 5 2 3 141 1142 798 311 799 764 244 39 245
1013 5 2 3 142 41 281 765 297 305 781 1143 789
1014 5 2 3 142 305 781 1143 789 37 241 800 309
1015 5 2 3 142 297 765 289 45 789 1143 773 301
1016 5 2 3 142 789 1143 773 301 309 800 353 57
1017 5 2 3 142 281 42 298 765 781 306 790 1143
1018 5 2 3 142 781 306 790 1143 241 38 310 800
1019 5 2 3 142 765 298 46 289 1143 790 302 773
1020 5 2 3 142 1143 790 302 773 800 310 58 353
1021 5 2 3 143 42 282 766 298 306 782 1144 790
1022 5 2 3 143 306 782 1144 790 38 242 796 310
1023 5 2 3 143 298 766 290 46 790 1144 774 302
1024 5 2 3 143 790 1144 774 302 310 796 354 58
1025 5 2 3 143 282 283 767 766 782 783 1145 1144
1026 5 2 3 143 782 783 1145 1144 242 243 797 796
1027 5 2 3 143 766 767 291 290 1144 1145 775 774
1028 5 2 3 143 1144 1145 775 774 796 797 355 354
1029 5 2 3 143 283 284 768 767 783 784 1146 1145
1030 5 2 3 143 783 784 1146 1145 243 244 798 797
1031 5 2 3 143 767 768 292 291 1145 1146 776 775
1032 5 2 3 143 1145 1146 776 775 797 798 356 355
1033 5 2 3 143 284 43 299 768 784 307 791 1146
1034 5 2 3 143 784 307 791 1146 244 39 311 798
1035 5 2 3 143 768 299 47 292 1146 791 303 776
1036 5 2 3 143 1146 791 303 776 798 311 59 356
1037 5 2 3 144 43 285 769 299 307 785 1147 791
1038 5 2 3 144 307 785 1147 791 39 245 799 311
1039 5 2 3 144 299 769 293 47 791 1147 777 303
1040 5 2 3 144 791 1147 777 303 311 799 357 59
1041 5 2 3 144 285 44 300 769 785 308 792 1147
1042 5 2 3 144 785 308 792 1147 245 40 312 799
1043 5 2 3 144 769 300 48 293 1147 792 304 777
1044 5 2 3 144 1147 792 304 777 799 312 60 357
1045 5 2 3 145 44 286 770 300 308 788 1148 792
1046 5 2 3 145 308 788 1148 792 40 246 795 312
1047 5 2 3 145 300 770 294 48 792 1148 780 304
1048 5 2 3 145 792 1148 780 304 312 795 358 60
1049 5 2 3 145 286 287 771 770 788 787 1149 1148
1050 5 2 3 145 788 787 1149 1148 246 247 794 795
1051 5 2 3 145 770 771 295 294 1148 1149 779 780
1052 5 2 3 145 1148 1149 779 780 795 794 359 358
1053 5 2 3 145 287 288 772 771 787 786 1150 1149
1054 5 2 3 145 787 786 1150 1149 247 248 793 794
1055 5 2 3 145 771 772 296 295 1149 1150 778 779
1056 5 2 3 145 1149 1150 778 779 794 793 360 359
1057 5 2 3 145 288 41 297 772 786 305 789 1150
1058 5 2 3 145 786 305 789 1150 248 37 309 793
1059 5 2 3 145 772 297 45 296 1150 789 301 778
1060 5 2 3 145 1150 789 301 778 793 309 57 360
1061 5 2 1 201 801 313 49 320 1151 807 329 849
1062 5 2 1 201 1151 807 329 849 1152 808 330 850
1063 5 2 1 201 1152 808 330 850 1153 809 331 851
1064 5 2 1 201 1153 809 331 851 1154 810 332 852
1065 5 2 1 201 1154 810 332 852 1155 811 333 853
1066 5 2 1 201 1155 811 333 853 1156 812 334 854
1067 5 2 1 201 1156 812 334 854 804 321 53 328
1068 5 2 1 201 802 801 320 319 1157 1151 849 843
1069 5 2 1 201 1157 1151 849 843 1158 1152 850 844
1070 5 2 1 201 1158 1152 850 844 1159 1153 851 845
1071 5 2 1 201 1159 1153 851 845 1160 1154 852 846
1072 5 2 1 201 1160 1154 852 846 1161 1155 853 847
1073 5 2 1 201 1161 1155 853 847 1162 1156 854 848
1074 5 2 1 201 1162 1156 854 848 805 804 328 327
1075 5 2 1 201 803 802 319 318 1163 1157 843 837
1076 5 2 1 201 1163 1157 843 837 1164 1158 844 838
1077 5 2 1 201 1164 1158 844 838 1165 1159 845 839
1078 5 2 1 201 1165 1159 845 839 1166 1160 846 840
1079 5 2 1 201 1166 1160 846 840 1167 1161 847 841
1080 5 2 1 201 1167 1161 847 841 1168 1162 848 842
1081 5 2 1 201 1168 1162 848 842 806 805 327 326
1082 5 2 1 201 317 803 318 52 831 1163 837 347
1083 5 2 1 201 831 1163 837 347 832 1164 838 348
1084 5 2 1 201 832 1164 838 348 833 1165 839 349
1085 5 2 1 201 833 1165 839 349 834 1166 840 350
1086 5 2 1 201 834 1166 840 350 835 1167 841 351
1087 5 2 1 201 835 1167 841 351 836 1168 842 352
1088 5 2 1 201 836 1168 842 352 325 806 326 56
1089 5 2 1 201 314 50 313 801 813 335 807 1151
1090 5 2 1 201 813 335 807 1151 814 336 808 1152
1091 5 2 1 201 814 336 808 1152 815 337 809 1153
1092 5 2 1 201 815 337 809 1153 816 338 810 1154
1093 5 2 1 201 816 338 810 1154 817 339 811 1155
1094 5 2 1 201 817 339 811 1155 818 340 812 1156
1095 5 2 1 201 818 340 812 1156 322 54 321 804
1096 5 2 1 201 315 314 801 802 819 813 1151 1157
1097 5 2 1 201 819 813 1151 1157 820 814 1152 1158
1098 5 2 1 201 820 814 1152 1158 821 815 1153 1159
1099 5 2 1 201 821 815 1153 1159 822 816 1154 1160
1100 5 2 1 201 822 816 1154 1160 823 817 1155 1161
1101 5 2 1 201 823 817 1155 1161 824 818 1156 1162
1102 5 2 1 201 824 818 1156 1162 323 322 804 805
1103 5 2 1 201 316 315 802 803 825 819 1157 1163
1104 5 2 1 201 825 819 1157 1163 826 820 1158 1164
1105 5 2 1 201 826 820 1158 1164 827 821 1159 1165
1106 5 2 1 201 827 821 1159 1165 828 822 1160 1166
1107 5 2 1 201 828 822 1160 1166 829 823 1161 1167
1108 5 2 1 201 829 823 1161 1167 830 824 1162 1168
1109 5 2 1 201 830 824 1162 1168 324 323 805 806
1110 5 2 1 201 51 316 803 317 341 825 1163 831
1111 5 2 1 201 341 825 1163 831 342 826 1164 832
1112 5 2 1 201 342 826 1164 832 343 827 1165 833
1113 5 2 1 201 343 827 1165 833 344 828 1166 834
1114 5 2 1 201 344 828 1166 834 345 829 1167 835
1115 5 2 1 201 345 829 1167 835 346 830 1168 836
1116 5 2 1 201 346 830 1168 836 55 324 806 325
1117 5 2 2 221 807 313 49 329 1169 906 393 922
1118 5 2 2 221 1169 906 393 922 858 353 57 369
1119 5 2 2 221 808 807 329 330 1170 1169 922 923
1120 5 2 2 221 1170 1169 922 923 859 858 369 370
1121 5 2 2 221 809 808 330 331 1171 1170 923 924
1122 5 2 2 221 1171 1170 923 924 860 859 370 371
1123 5 2 2 221 810 809 331 332 1172 1171 924 925
1124 5 2 2 221 1172 1171 924 925 861 860 371 372
1125 5 2 2 221 811 810 332 333 1173 1172 925 926
1126 5 2 2 221 1173 1172 925 926 862 861 372 373
1127 5 2 2 221 812 811 333 334 1174 1173 926 927
1128 5 2 2 221 1174 1173 926 927 863 862 373 374
1129 5 2 2 221 321 812 334 53 914 1174 927 397
1130 5 2 2 221 914 1174 927 397 361 863 374 61
1131 5 2 2 221 335 50 313 807 928 394 906 1169
1132 5 2 2 221 928 394 906 1169 375 58 353 858
1133 5 2 2 221 336 335 807 808 929 928 1169 1170
1134 5 2 2 221 929 928 1169 1170 376 375 858 859
1135 5 2 2 221 337 336 808 809 930 929 1170 1171
1136 5 2 2 221 930 929 1170 1171 377 376 859 860
1137 5 2 2 221 338 337 809 810 931 930 1171 1172
1138 5 2 2 221 931 930 1171 1172 378 377 860 861
1139 5 2 2 221 339 338 810 811 932 931 1172 1173
1140 5 2 2 221 932 931 1172 1173 379 378 861 862
1141 5 2 2 221 340 339 811 812 933 932 1173 1174
1142 5 2 2 221 933 932 1173 1174 380 379 862 863
1143 5 2 2 221 54 340 812 321 398 933 1174 914
1144 5 2 2 221 398 933 1174 914 62 380 863 361
1145 5 2 2 222 813 314 50 335 1175 907 394 928
1146 5 2 2 222 1175 907 394 928 864 354 58 375
1147 5 2 2 222 814 813 335 336 1176 1175 928 929
1148 5 2 2 222 1176 1175 928 929 865 864 375 376
1149 5 2 2 222 815 814 336 337 1177 1176 929 930
1150 5 2 2 222 1177 1176 929 930 866 865 376 377
1151 5 2 2 222 816 815 337 338 1178 1177 930 931
1152 5 2 2 222 1178 1177 930 931 867 866 377 378
1153 5 2 2 222 817 816 338 339 1179 1178 931 932
1154 5 2 2 222 1179 1178 931 932 868 867 378 379
1155 5 2 2 222 818 817 339 340 1180 1179 932 933
1156 5 2 2 222 1180 1179 932 933 869 868 379 380
1157 5 2 2 222 322 818 340 54 915 1180 933 398
1158 5 2 2 222 915 1180 933 398 362 869 380 62
1159 5 2 2 222 819 315 314 813 1181 908 907 1175
1160 5 2 2 222 1181 908 907 1175 870 355 354 864
1161 5 2 2 222 820 819 813 814 1182 1181 1175 1176
1162 5 2 2 222 1182 1181 1175 1176 871 870 864 865
1163 5 2 2 222 821 820 814 815 1183 1182 1176 1177
1164 5 2 2 222 1183 1182 1176 1177 872 871 865 866
1165 5 2 2 222 822 821 815 816 1184 1183 1177 1178
1166 5 2 2 222 1184 1183 1177 1178 873 872 866 867
1167 5 2 2 222 823 822 816 817 1185 1184 1178 1179
1168 5 2 2 222 1185 1184 1178 1179 874 873 867 868
1169 5 2 2 222 824 823 817 818 1186 1185 1179 1180
1170 5 2 2 222 1186 1185 1179 1180 875 874 868 869
1171 5 2 2 222 323 824 818 322 916 1186 1180 915
1172 5 2 2 222 916 1186 1180 915 363 875 869 362
1173 5 2 2 222 825 316 315 819 1187 909 908 1181
1174 5 2 2 222 1187 909 908 1181 876 356 355 870
1175 5 2 2 222 826 825 819 820 1188 1187 1181 1182
1176 5 2 2 222 1188 1187 1181 1182 877 876 870 871
1177 5 2 2 222 827 826 820 821 1189 1188 1182 1183
1178 5 2 2 222 1189 1188 1182 1183 878 877 871 872
1179 5 2 2 222 828 827 821 822 1190 1189 1183 1184
1180 5 2 2 222 1190 1189 1183 1184 879 878 872 873
1181 5 2 2 222 829 828 822 823 1191 1190 1184 1185
1182 5 2 2 222 1191 1190 1184 1185 880 879 873 874
1183 5 2 2 222 830 829 823 824 1192 1191 1185 1186
1184 5 2 2 222 1192 1191 1185 1186 881 880 874 875
1185 5 2 2 222 324 830 824 323 917 1192 1186 916
1186 5 2 2 222 917 1192 1186 916 364 881 875 363
1187 5 2 2 222 341 51 316 825 934 395 909 1187
1188 5 2 2 222 934 395 909 1187 381 59 356 876
1189 5 2 2 222 342 341 825 826 935 934 1187 1188
1190 5 2 2 222 935 934 1187 1188 382 381 876 877
1191 5 2 2 222 343 342 826 827 936 935 1188 1189
1192 5 2 2 222 936 935 1188 1189 383 382 877 878
1193 5 2 2 222 344 343 827 828 937 936 1189 1190
1194 5 2 2 222 937 936 1189 1190 384 383 878 879
1195 5 2 2 222 345 344 828 829 938 937 1190 1191
1196 5 2 2 222 938 937 1190 1191 385 384 879 880
1197 5 2 2 222 346 345 829 830 939 938 1191 1192
1198 5 2 2 222 939 938 1191 1192 386 385 880 881
1199 5 2 2 222 55 346 830 324 399 939 1192 917
1200 5 2 2 222 399 939 1192 917 63 386 881 364
1201 5 2 2 223 831 317 51 341 1193 910 395 934
1202 5 2 2 223 1193 910 395 934 882 357 59 381
1203 5 2 2 223 832 831 341 342 1194 1193 934 935
1204 5 2 2 223 1194 1193 934 935 883 882 381 382
1205 5 2 2 223 833 832 342 343 1195 1194 935 936
1206 5 2 2 223 1195 1194 935 936 884 883 382 383
1207 5 2 2 223 834 833 343 344 1196 1195 936 937
1208 5 2 2 223 1196 1195 936 937 885 884 383 384
1209 5 2 2 223 835 834 344 345 1197 1196 937 938
1210 5 2 2 223 1197 1196 937 938 886 885 384 385
1211 5 2 2 223 836 835 345 346 1198 1197 938 939
1212 5 2 2 223 1198 1197 938 939 887 886 385 386
1213 5 2 2 223 325 836 346 55 918 1198 939 399
1214 5 2 2 223 918 1198 939 399 365 887 386 63
1215 5 2 2 223 347 52 317 831 940 396 910 1193
1216 5 2 2 223 940 396 910 1193 387 60 357 882
1217 5 2 2 223 348 347 831 832 941 940 1193 1194
1218 5 2 2 223 941 940 1193 1194 388 387 882 883
1219 5 2 2 223 349 348 832 833 942 941 1194 1195
1220 5 2 2 223 942 941 1194 1195 389 388 883 884
1221 5 2 2 223 350 349 833 834 943 942 1195 1196
1222 5 2 2 223 943 942 1195 1196 390 389 884 885
1223 5 2 2 223 351 350 834 835 944 943 1196 1197
1224 5 2 2 223 944 943 1196 1197 391 390 885 886
1225 5 2 2 223 352 351 835 836 945 944 1197 1198
1226 5 2 2 223 945 944 1197 1198 392 391 886 887
1227 5 2 2 223 56 352 836 325 400 945 1198 918
1228 5 2 2 223 400 945 1198 918 64 392 887 365
1229 5 2 2 224 837 318 52 347 1199 913 396 940
1230 5 2 2 224 1199 913 396 940 888 358 60 387
1231 5 2 2 224 838 837 347 348 1200 1199 940 941
1232 5 2 2 224 1200 1199 940 941 889 888 387 388
1233 5 2 2 224 839 838 348 349 1201 1200 941 942
1234 5 2 2 224 1201 1200 941 942 890 889 388 389
1235 5 2 2 224 840 839 349 350 1202 1201 942 943
1236 5 2 2 224 1202 1201 942 943 891 890 389 390
1237 5 2 2 224 841 840 350 351 1203 1202 943 944
1238 5 2 2 224 1203 1202 943 944 892 891 390 391
1239 5 2 2 224 842 841 351 352 1204 1203 944 945
1240 5 2 2 224 1204 1203 944 945 893 892 391 392
1241 5 2 2 224 326 842 352 56 921 1204 945 400
1242 5 2 2 224 921 1204 945 400 366 893 392 64
1243 5 2 2 224 843 319 318 837 1205 912 913 1199
1244 5 2 2 224 1205 912 913 1199 894 359 358 888
1245 5 2 2 224 844 843 837 838 1206 1205 1199 1200
1246 5 2 2 224 1206 1205 1199 1200 895 894 888 889
1247 5 2 2 224 845 844 838 839 1207 1206 1200 1201
1248 5 2 2 224 1207 1206 1200 1201 896 895 889 890
1249 5 2 2 224 846 845 839 840 1208 1207 1201 1202
1250 5 2 2 224 1208 1207 1201 1202 897 896 890 891
1251 5 2 2 224 847 846 840 841 1209 1208 1202 1203
1252 5 2 2 224 1209 1208 1202 1203 898 897 891 892
1253 5 2 2 224 848 847 841 842 1210 1209 1203 1204
1254 5 2 2 224 1210 1209 1203 1204 899 898 892 893
1255 5 2 2 224 327 848 842 326 920 1210 1204 921
1256 5 2 2 224 920 1210 1204 921 367 899 893 366
1257 5 2 2 224 849 320 319 843 1211 911 912 1205
1258 5 2 2 224 1211 911 912 1205 900 360 359 894
1259 5 2 2 224 850 849 843 844 1212 1211 1205 1206
1260 5 2 2 224 1212 1211 1205 1206 901 900 894 895
1261 5 2 2 224 851 850 844 845 1213 1212 1206 1207
1262 5 2 2 224 1213 1212 1206 1207 902 901 895 896
1263 5 2 2 224 852 851 845 846 1214 1213 1207 1208
1264 5 2 2 224 1214 1213 1207 1208 903 902 896 897
1265 5 2 2 224 853 852 846 847 1215 1214 1208 1209
1266 5 2 2 224 1215 1214 1208 1209 904 903 897 898
1267 5 2 2 224 854 853 847 848 1216 1215 1209 1210
1268 5 2 2 224 1216 1215 1209 1210 905 904 898 899
1269 5 2 2 224 328 854 848 327 919 1216 1210 920
1270 5 2 2 224 919 1216 1210 920 368 905 899 367
1271 5 2 2 224 329 49 320 849 922 393 911 1211
1272 5 2 2 224 922 393 911 1211 369 57 360 900
1273 5 2 2 224 330 329 849 850 923 922 1211 1212
1274 5 2 2 224 923 922 1211 1212 370 369 900 901
1275 5 2 2 224 331 330 850 851 924 923 1212 1213
1276 5 2 2 224 924 923 1212 1213 371 370 901 902
1277 5 2 2 224 332 331 851 852 925 924 1213 1214
1278 5 2 2 224 925 924 1213 1214 372 371 902 903
1279 5 2 2 224 333 332 852 853 926 925 1214 1215
1280 5 2 2 224 926 925 1214 1215 373 372 903 904
1281 5 2 2 224 334 333 853 854 927 926 1215 1216
1282 5 2 2 224 927 926 1215 1216 374 373 904 905
1283 5 2 2 224 53 334 854 328 397 927 1216 919
1284 5 2 2 224 397 927 1216 919 61 374 905 368
1285 5 2 2 225 49 313 801 320 393 906 1217 911
1286 5 2 2 225 393 906 1217 911 57 353 855 360
1287 5 2 2 225 320 801 802 319 911 1217 1218 912
1288 5 2 2 225 911 1217 1218 912 360 855 856 359
1289 5 2 2 225 319 802 803 318 912 1218 1219 913
1290 5 2 2 225 912 1218 1219 913 359 856 857 358
1291 5 2 2 225 318 803 317 52 913 1219 910 396
1292 5 2 2 225 913 1219 910 396 358 857 357 60
1293 5 2 2 225 313 50 314 801 906 394 907 1217
1294 5 2 2 225 906 394 907 1217 353 58 354 855
1295 5 2 2 225 801 314 315 802 1217 907 908 1218
1296 5 2 2 225 1217 907 908 1218 855 354 355 856
1297 5 2 2 225 802 315 316 803 1218 908 909 1219
1298 5 2 2 225 1218 908 909 1219 856 355 356 857
1299 5 2 2 225 803 316 51 317 1219 909 395 910
1300 5 2 2 225 1219 909 395 910 857 356 59 357
1301 5 2 2 226 804 321 53 328 1220 914 397 919
1302 5 2 2 226 1220 914 397 919 946 361 61 368
1303 5 2 2 226 805 804 328 327 1221 1220 919 920
1304 5 2 2 226 1221 1220 919 920 947 946 368 367
1305 5 2 2 226 806 805 327 326 1222 1221 920 921
1306 5 2 2 226 1222 1221 920 921 948 947 367 366
1307 5 2 2 226 325 806 326 56 918 1222 921 400
1308 5 2 2 226 918 1222 921 400 365 948 366 64
1309 5 2 2 226 322 54 321 804 915 398 914 1220
1310 5 2 2 226 915 398 914 1220 362 62 361 946
1311 5 2 2 226 323 322 804 805 916 915 1220 1221
1312 5 2 2 226 916 915 1220 1221 363 362 946 947
1313 5 2 2 226 324 323 805 806 917 916 1221 1222
1314 5 2 2 226 917 916 1221 1222 364 363 947 948
1315 5 2 2 226 55 324 806 325 399 917 1222 918
1316 5 2 2 226 399 917 1222 918 63 364 948 365
1317 5 2 3 241 9 113 487 120 429 984 1223 977
1318 5 2 3 241 429 984 1223 977 61 361 946 368
1319 5 2 3 241 120 487 488 119 977 1223 1224 978
1320 5 2 3 241 977 1223 1224 978 368 946 947 367
1321 5 2 3 241 119 488 489 118 978 1224 1225 979
1322 5 2 3 241 978 1224 1225 979 367 947 948 366
1323 5 2 3 241 118 489 117 12 979 1225 983 432
1324 5 2 3 241 979 1225 983 432 366 948 365 64
1325 5 2 3 241 113 10 114 487 984 430 980 1223
1326 5 2 3 241 984 430 980 1223 361 62 362 946
1327 5 2 3 241 487 114 115 488 1223 980 981 1224
1328 5 2 3 241 1223 980 981 1224 946 362 363 947
1329 5 2 3 241 488 115 116 489 1224 981 982 1225
1330 5 2 3 241 1224 981 982 1225 947 363 364 948
1331 5 2 3 241 489 116 11 117 1225 982 431 983
1332 5 2 3 241 1225 982 431 983 948 364 63 365
1333 5 2 3 242 65 401 949 417 425 965 1226 973
1334 5 2 3 242 425 965 1226 973 61 361 984 429
1335 5 2 3 242 417 949 409 69 973 1226 957 421
1336 5 2 3 242 973 1226 957 421 429 984 113 9
1337 5 2 3 242 401 66 418 949 965 426 974 1226
1338 5 2 3 242 965 426 974 1226 361 62 430 984
1339 5 2 3 242 949 418 70 409 1226 974 422 957
1340 5 2 3 242 1226 974 422 957 984 430 10 113
1341 5 2 3 243 66 402 950 418 426 966 1227 974
1342 5 2 3 243 426 966 1227 974 62 362 980 430
1343 5 2 3 243 418 950 410 70 974 1227 958 422
1344 5 2 3 243 974 1227 958 422 430 980 114 10
1345 5 2 3 243 402 403 951 950 966 967 1228 1227
1346 5 2 3 243 966 967 1228 1227 362 363 981 980
1347 5 2 3 243 950 951 411 410 1227 1228 959 958
1348 5 2 3 243 1227 1228 959 958 980 981 115 114
1349 5 2 3 243 403 404 952 951 967 968 1229 1228
1350 5 2 3 243 967 968 1229 1228 363 364 982 981
1351 5 2 3 243 951 952 412 411 1228 1229 960 959
1352 5 2 3 243 1228 1229 960 959 981 982 116 115
1353 5 2 3 243 404 67 419 952 968 427 975 1229
1354 5 2 3 243 968 427 975 1229 364 63 431 982
1355 5 2 3 243 952 419 71 412 1229 975 423 960
1356 5 2 3 243 1229 975 423 960 982 431 11 116
1357 5 2 3 244 67 405 953 419 427 969 1230 975
1358 5 2 3 244 427 969 1230 975 63 365 983 431
1359 5 2 3 244 419 953 413 71 975 1230 961 423
1360 5 2 3 244 975 1230 961 423 431 983 117 11
1361 5 2 3 244 405 68 420 953 969 428 976 1230
1362 5 2 3 244 969 428 976 1230 365 64 432 983
1363 5 2 3 244 953 420 72 413 1230 976 424 961
1364 5 2 3 244 1230 976 424 961 983 432 12 117
1365 5 2 3 245 68 406 954 420 428 972 1231 976
1366 5 2 3 245 428 972 1231 976 64 366 979 432
1367 5 2 3 245 420 954 414 72 976 1231 964 424
1368 5 2 3 245 976 1231 964 424 432 979 118 12
1369 5 2 3 245 406 407 955 954 972 971 1232 1231
1370 5 2 3 245 972 971 1232 1231 366 367 978 979
1371 5 2 3 245 954 955 415 414 1231 1232 963 964
1372 5 2 3 245 1231 1232 963 964 979 978 119 118
1373 5 2 3 245 407 408 956 955 971 970 1233 1232
1374 5 2 3 245 971 970 1233 1232 367 368 977 978
1375 5 2 3 245 955 956 416 415 1232 1233 962 963
1376 5 2 3 245 1232 1233 962 963 978 977 120 119
1377 5 2 3 245 408 65 417 956 970 425 973 1233
1378 5 2 3 245 970 425 973 1233 368 61 429 977
1379 5 2 3 245 956 417 69 416 1233 973 421 962
1380 5 2 3 245 1233 973 421 962 977 429 9 120
$EndElements
