$MeshFormat
4.1 0 8
$EndMeshFormat
$PhysicalNames
7
1 200 "FOUND_BOT"
1 201 "SYM_FOUND"
1 202 "SYM_IND"
1 203 "IND_TOP"
2 100 "FOUNDATION"
2 101 "VOID"
2 102 "INDENTER"
$EndPhysicalNames
$Entities
9 11 3 0
1 0 -0.9 0 0 
2 3 -0.9 0 0 
3 3 0 0 0 
4 0.9876883405951378 0 0 0 
5 0 0 0 0 
6 0 0.05 0 0 
7 0.9876883405951378 0.8935655349597691 0 0 
8 1 1.05 0 0 
9 0 1.05 0 0 
1 0 -0.9 0 3 -0.9 0 1 200 2 1 -2 
2 3 -0.9 0 3 0 0 0 2 2 -3 
3 0.9876883405951378 0 0 3 0 0 0 2 3 -4 
4 0 0 0 0.9876883405951378 0 0 0 2 4 -5 
5 0 -0.9 0 0 0 0 1 201 2 5 -1 
6 0 0.05000000000000004 0 0.9876883405951378 0.8935655349597691 0 0 2 6 -7 
7 0.9876883405951378 0.8935655349597691 0 1 1.05 0 0 2 7 -8 
8 0 0 0 0 0.05 0 0 2 5 -6 
9 0.9876883405951378 0 0 0.9876883405951378 0.8935655349597691 0 0 2 7 -4 
10 0 1.05 0 1 1.05 0 1 203 2 8 -9 
11 0 0.05000000000000004 0 0 1.05 0 1 202 2 9 -6 
1 0 -0.9 0 3 0 0 1 100 5 1 2 3 4 5 
2 0 0 0 0.9876883405951378 0.8935655349597691 0 1 101 4 8 6 9 4 
3 0 0.05000000000000004 0 1 1.05 0 1 102 4 6 7 10 11 
$EndEntities
$Nodes
21 2239 1 2239
0 1 0 1
1
0 -0.9 0
0 2 0 1
2
3 -0.9 0
0 3 0 1
3
3 0 0
0 4 0 1
4
0.9876883405951378 0 0
0 5 0 1
5
0 0 0
0 6 0 1
6
0 0.05 0
0 7 0 1
7
0.9876883405951378 0.8935655349597691 0
0 8 0 1
8
1 1.05 0
0 9 0 1
9
0 1.05 0
1 1 0 59
10
11
12
13
14
15
16
17
18
19
20
21
22
23
24
25
26
27
28
29
30
31
32
33
34
35
36
37
38
39
40
41
42
43
44
45
46
47
48
49
50
51
52
53
54
55
56
57
58
59
60
61
62
63
64
65
66
67
68
0.04999999999977925 -0.9 0
0.09999999999955492 -0.9 0
0.1499999999993306 -0.9 0
0.1999999999991203 -0.9 0
0.2499999999989397 -0.9 0
0.2999999999987617 -0.9 0
0.3499999999985837 -0.9 0
0.3999999999983593 -0.9 0
0.4499999999980888 -0.9 0
0.4999999999978253 -0.9 0
0.5499999999976327 -0.9 0
0.5999999999974546 -0.9 0
0.6499999999972764 -0.9 0
0.6999999999970983 -0.9 0
0.7499999999969201 -0.9 0
0.799999999996742 -0.9 0
0.8499999999965639 -0.9 0
0.8999999999963859 -0.9 0
0.9499999999962077 -0.9 0
0.9999999999960294 -0.9 0
1.049999999995851 -0.9 0
1.099999999995673 -0.9 0
1.149999999995495 -0.9 0
1.199999999995317 -0.9 0
1.249999999995139 -0.9 0
1.299999999994961 -0.9 0
1.349999999994782 -0.9 0
1.399999999994604 -0.9 0
1.449999999994426 -0.9 0
1.499999999994291 -0.9 0
1.54999999999444 -0.9 0
1.599999999994632 -0.9 0
1.649999999994824 -0.9 0
1.699999999995016 -0.9 0
1.749999999995207 -0.9 0
1.799999999995399 -0.9 0
1.849999999995591 -0.9 0
1.899999999995782 -0.9 0
1.949999999995974 -0.9 0
1.999999999996166 -0.9 0
2.049999999996357 -0.9 0
2.099999999996549 -0.9 0
2.149999999996741 -0.9 0
2.199999999996932 -0.9 0
2.249999999997124 -0.9 0
2.299999999997316 -0.9 0
2.349999999997507 -0.9 0
2.3999999999977 -0.9 0
2.449999999997891 -0.9 0
2.499999999998083 -0.9 0
2.549999999998275 -0.9 0
2.599999999998466 -0.9 0
2.649999999998658 -0.9 0
2.69999999999885 -0.9 0
2.749999999999041 -0.9 0
2.799999999999233 -0.9 0
2.849999999999425 -0.9 0
2.899999999999617 -0.9 0
2.949999999999808 -0.9 0
1 2 0 17
69
70
71
72
73
74
75
76
77
78
79
80
81
82
83
84
85
3 -0.8500000000000603 0
3 -0.8000000000001036 0
3 -0.7500000000002097 0
3 -0.700000000000306 0
3 -0.6500000000004338 0
3 -0.6000000000006001 0
3 -0.5500000000007808 0
3 -0.500000000000988 0
3 -0.4500000000011385 0
3 -0.4000000000010241 0
3 -0.3500000000008965 0
3 -0.3000000000007592 0
3 -0.2500000000006437 0
3 -0.2000000000005064 0
3 -0.1500000000003836 0
3 -0.1000000000002536 0
3 -0.05000000000011595 0
1 3 0 40
86
87
88
89
90
91
92
93
94
95
96
97
98
99
100
101
102
103
104
105
106
107
108
109
110
111
112
113
114
115
116
117
118
119
120
121
122
123
124
125
2.950919227819497 0 0
2.901838455638973 0 0
2.852757683458633 0 0
2.803676911277946 0 0
2.754596139097607 0 0
2.70551536691692 0 0
2.65643459473658 0 0
2.607353822556064 0 0
2.558273050375544 0 0
2.509192278195059 0 0
2.460111506014642 0 0
2.411030733834359 0 0
2.361949961653672 0 0
2.312869189473394 0 0
2.263788417293151 0 0
2.214707645112657 0 0
2.165626872932146 0 0
2.116546100751799 0 0
2.067465328571459 0 0
2.018384556390735 0 0
1.969303784210037 0 0
1.920223012029326 0 0
1.871142239848634 0 0
1.822061467667859 0 0
1.772980695487075 0 0
1.723899923306298 0 0
1.674819151125606 0 0
1.625738378944896 0 0
1.576657606764112 0 0
1.527576834583328 0 0
1.478496062402621 0 0
1.429415290221847 0 0
1.380334518041063 0 0
1.331253745860285 0 0
1.282172973679593 0 0
1.233092201498884 0 0
1.1840114293181 0 0
1.134930657137317 0 0
1.085849884956609 0 0
1.036769112775916 0 0
1 4 0 38
126
127
128
129
130
131
132
133
134
135
136
137
138
139
140
141
142
143
144
145
146
147
148
149
150
151
152
153
154
155
156
157
158
159
160
161
162
163
0.9623629985286597 0 0
0.9370376564621722 0 0
0.9117123143957002 0 0
0.8863869723291821 0 0
0.8610616302626568 0 0
0.8357362881961909 0 0
0.8104109461297251 0 0
0.7850856040632159 0 0
0.7597602619967601 0 0
0.7344349199302882 0 0
0.7091095778638162 0 0
0.6837842357973308 0 0
0.6584588937308722 0 0
0.6331335516644002 0 0
0.6078082095979332 0 0
0.5824828675314562 0 0
0.5571575254649799 0 0
0.5318321833985122 0 0
0.5065068413320404 0 0
0.4811814992654972 0 0
0.4558561571988829 0 0
0.4305308151322904 0 0
0.4052054730656762 0 0
0.3798801309990787 0 0
0.3545547889324705 0 0
0.3292294468658623 0 0
0.3039041047992542 0 0
0.2785787627326484 0 0
0.2532534206660381 0 0
0.2279280785994415 0 0
0.2026027365328272 0 0
0.1772773944662347 0 0
0.1519520523996205 0 0
0.126626710333028 0 0
0.1013013682664325 0 0
0.07597602619982113 0 0
0.05065068413321638 0 0
0.02532534206660819 0 0
1 5 0 17
164
165
166
167
168
169
170
171
172
173
174
175
176
177
178
179
180
0 -0.04999999999990033 0
0 -0.09999999999982175 0
0 -0.1499999999996957 0
0 -0.1999999999995504 0
0 -0.2499999999994052 0
0 -0.29999999999926 0
0 -0.3499999999991149 0
0 -0.3999999999989697 0
0 -0.4499999999988245 0
0 -0.499999999998943 0
0 -0.5499999999990748 0
0 -0.5999999999992162 0
0 -0.6499999999993359 0
0 -0.6999999999994773 0
0 -0.7499999999996042 0
0 -0.7999999999997383 0
0 -0.8499999999998802 0
1 6 0 38
181
182
183
184
185
186
187
188
189
190
191
192
193
194
195
196
197
198
199
200
201
202
203
204
205
206
207
208
209
210
211
212
213
214
215
216
217
218
0.03624120803692101 0.05065692835742108 0
0.07243480032493291 0.0526268503203593 0
0.1085332236738423 0.05590717769467646 0
0.144489049922314 0.06049360060050801 0
0.1802550382699154 0.06638009313642335 0
0.2157841973209355 0.07355892129296426 0
0.2510298468400678 0.08202065311523721 0
0.2859456790996072 0.09175417109999151 0
0.3204858197530864 0.1027466868164608 0
0.3546048879255128 0.1149837576494542 0
0.3882580561064555 0.1284493058608027 0
0.4214011088379108 0.14312563964451 0
0.4539905008619602 0.1589934763835303 0
0.4859834144460544 0.1760319680426781 0
0.5173378154703991 0.1942187284800425 0
0.5480125087400978 0.2135298628974348 0
0.5779671920500807 0.2339399991950684 0
0.6071625092717285 0.2554223213965433 0
0.635560102002217 0.2779486048565605 0
0.6631226597684691 0.3014892531822999 0
0.6898139693202732 0.3260133373254662 0
0.7155989620266988 0.3514886360650163 0
0.7404437602965454 0.3778816786919791 0
0.7643157216252446 0.4051577885432116 0
0.787183481576109 0.4332811286058162 0
0.8090169952177569 0.4622147488675548 0
0.8297875764390242 0.4919206346876365 0
0.8494679356923521 0.5223597568128697 0
0.8680322158308197 0.5534921226407005 0
0.8854560260586595 0.5852768287287512 0
0.9017164739701566 0.61767211451165 0
0.9167921956216274 0.6506354171345741 0
0.9306633837043047 0.6841234275987953 0
0.9433118134299717 0.7180921473609607 0
0.9547208665752502 0.7524969463588597 0
0.9648755533945353 0.7872926219886673 0
0.9737625319815068 0.8224334574042902 0
0.9813701261435268 0.8578732826673025 0
1 7 0 3
219
220
221
0.9930684569595437 0.9324626025811737 0
0.9969173337443623 0.9715409044148997 0
0.999229036241528 1.010740184261422 0
1 10 0 19
222
223
224
225
226
227
228
229
230
231
232
233
234
235
236
237
238
239
240
0.9499999999997918 1.05 0
0.8999999999995836 1.05 0
0.8499999999996529 1.05 0
0.7999999999999998 1.05 0
0.7500000000003466 1.05 0
0.7000000000006934 1.05 0
0.6500000000010401 1.05 0
0.6000000000013869 1.05 0
0.5500000000017335 1.05 0
0.5000000000020587 1.05 0
0.4500000000018723 1.05 0
0.4000000000016644 1.05 0
0.3500000000014564 1.05 0
0.3000000000012483 1.05 0
0.2500000000010403 1.05 0
0.2000000000008322 1.05 0
0.1500000000006241 1.05 0
0.100000000000416 1.05 0
0.05000000000020799 1.05 0
1 11 0 19
241
242
243
244
245
246
247
248
249
250
251
252
253
254
255
256
257
258
259
0 1.000000000000301 0
0 0.950000000000091 0
0 0.9000000000001321 0
0 0.8500000000004508 0
0 0.8000000000007694 0
0 0.750000000001088 0
0 0.7000000000014066 0
0 0.6500000000017252 0
0 0.6000000000020438 0
0 0.5500000000023406 0
0 0.5000000000021261 0
0 0.4500000000018898 0
0 0.4000000000016537 0
0 0.3500000000014174 0
0 0.3000000000011812 0
0 0.2500000000009449 0
0 0.2000000000007086 0
0 0.1500000000004724 0
0 0.1000000000002363 0
2 1 0 1522
260
261
262
263
264
265
266
267
268
269
270
271
272
273
274
275
276
277
278
279
280
281
282
283
284
285
286
287
288
289
290
291
292
293
294
295
296
297
298
299
300
301
302
303
304
305
306
307
308
309
310
311
312
313
314
315
316
317
318
319
320
321
322
323
324
325
326
327
328
329
330
331
332
333
334
335
336
337
338
339
340
341
342
343
344
345
346
347
348
349
350
351
352
353
354
355
356
357
358
359
360
361
362
363
364
365
366
367
368
369
370
371
372
373
374
375
376
377
378
379
380
381
382
383
384
385
386
387
388
389
390
391
392
393
394
395
396
397
398
399
400
401
402
403
404
405
406
407
408
409
410
411
412
413
414
415
416
417
418
419
420
421
422
423
424
425
426
427
428
429
430
431
432
433
434
435
436
437
438
439
440
441
442
443
444
445
446
447
448
449
450
451
452
453
454
455
456
457
458
459
460
461
462
463
464
465
466
467
468
469
470
471
472
473
474
475
476
477
478
479
480
481
482
483
484
485
486
487
488
489
490
491
492
493
494
495
496
497
498
499
500
501
502
503
504
505
506
507
508
509
510
511
512
513
514
515
516
517
518
519
520
521
522
523
524
525
526
527
528
529
530
531
532
533
534
535
536
537
538
539
540
541
542
543
544
545
546
547
548
549
550
551
552
553
554
555
556
557
558
559
560
561
562
563
564
565
566
567
568
569
570
571
572
573
574
575
576
577
578
579
580
581
582
583
584
585
586
587
588
589
590
591
592
593
594
595
596
597
598
599
600
601
602
603
604
605
606
607
608
609
610
611
612
613
614
615
616
617
618
619
620
621
622
623
624
625
626
627
628
629
630
631
632
633
634
635
636
637
638
639
640
641
642
643
644
645
646
647
648
649
650
651
652
653
654
655
656
657
658
659
660
661
662
663
664
665
666
667
668
669
670
671
672
673
674
675
676
677
678
679
680
681
682
683
684
685
686
687
688
689
690
691
692
693
694
695
696
697
698
699
700
701
702
703
704
705
706
707
708
709
710
711
712
713
714
715
716
717
718
719
720
721
722
723
724
725
726
727
728
729
730
731
732
733
734
735
736
737
738
739
740
741
742
743
744
745
746
747
748
749
750
751
752
753
754
755
756
757
758
759
760
761
762
763
764
765
766
767
768
769
770
771
772
773
774
775
776
777
778
779
780
781
782
783
784
785
786
787
788
789
790
791
792
793
794
795
796
797
798
799
800
801
802
803
804
805
806
807
808
809
810
811
812
813
814
815
816
817
818
819
820
821
822
823
824
825
826
827
828
829
830
831
832
833
834
835
836
837
838
839
840
841
842
843
844
845
846
847
848
849
850
851
852
853
854
855
856
857
858
859
860
861
862
863
864
865
866
867
868
869
870
871
872
873
874
875
876
877
878
879
880
881
882
883
884
885
886
887
888
889
890
891
892
893
894
895
896
897
898
899
900
901
902
903
904
905
906
907
908
909
910
911
912
913
914
915
916
917
918
919
920
921
922
923
924
925
926
927
928
929
930
931
932
933
934
935
936
937
938
939
940
941
942
943
944
945
946
947
948
949
950
951
952
953
954
955
956
957
958
959
960
961
962
963
964
965
966
967
968
969
970
971
972
973
974
975
976
977
978
979
980
981
982
983
984
985
986
987
988
989
990
991
992
993
994
995
996
997
998
999
1000
1001
1002
1003
1004
1005
1006
1007
1008
1009
1010
1011
1012
1013
1014
1015
1016
1017
1018
1019
1020
1021
1022
1023
1024
1025
1026
1027
1028
1029
1030
1031
1032
1033
1034
1035
1036
1037
1038
1039
1040
1041
1042
1043
1044
1045
1046
1047
1048
1049
1050
1051
1052
1053
1054
1055
1056
1057
1058
1059
1060
1061
1062
1063
1064
1065
1066
1067
1068
1069
1070
1071
1072
1073
1074
1075
1076
1077
1078
1079
1080
1081
1082
1083
1084
1085
1086
1087
1088
1089
1090
1091
1092
1093
1094
1095
1096
1097
1098
1099
1100
1101
1102
1103
1104
1105
1106
1107
1108
1109
1110
1111
1112
1113
1114
1115
1116
1117
1118
1119
1120
1121
1122
1123
1124
1125
1126
1127
1128
1129
1130
1131
1132
1133
1134
1135
1136
1137
1138
1139
1140
1141
1142
1143
1144
1145
1146
1147
1148
1149
1150
1151
1152
1153
1154
1155
1156
1157
1158
1159
1160
1161
1162
1163
1164
1165
1166
1167
1168
1169
1170
1171
1172
1173
1174
1175
1176
1177
1178
1179
1180
1181
1182
1183
1184
1185
1186
1187
1188
1189
1190
1191
1192
1193
1194
1195
1196
1197
1198
1199
1200
1201
1202
1203
1204
1205
1206
1207
1208
1209
1210
1211
1212
1213
1214
1215
1216
1217
1218
1219
1220
1221
1222
1223
1224
1225
1226
1227
1228
1229
1230
1231
1232
1233
1234
1235
1236
1237
1238
1239
1240
1241
1242
1243
1244
1245
1246
1247
1248
1249
1250
1251
1252
1253
1254
1255
1256
1257
1258
1259
1260
1261
1262
1263
1264
1265
1266
1267
1268
1269
1270
1271
1272
1273
1274
1275
1276
1277
1278
1279
1280
1281
1282
1283
1284
1285
1286
1287
1288
1289
1290
1291
1292
1293
1294
1295
1296
1297
1298
1299
1300
1301
1302
1303
1304
1305
1306
1307
1308
1309
1310
1311
1312
1313
1314
1315
1316
1317
1318
1319
1320
1321
1322
1323
1324
1325
1326
1327
1328
1329
1330
1331
1332
1333
1334
1335
1336
1337
1338
1339
1340
1341
1342
1343
1344
1345
1346
1347
1348
1349
1350
1351
1352
1353
1354
1355
1356
1357
1358
1359
1360
1361
1362
1363
1364
1365
1366
1367
1368
1369
1370
1371
1372
1373
1374
1375
1376
1377
1378
1379
1380
1381
1382
1383
1384
1385
1386
1387
1388
1389
1390
1391
1392
1393
1394
1395
1396
1397
1398
1399
1400
1401
1402
1403
1404
1405
1406
1407
1408
1409
1410
1411
1412
1413
1414
1415
1416
1417
1418
1419
1420
1421
1422
1423
1424
1425
1426
1427
1428
1429
1430
1431
1432
1433
1434
1435
1436
1437
1438
1439
1440
1441
1442
1443
1444
1445
1446
1447
1448
1449
1450
1451
1452
1453
1454
1455
1456
1457
1458
1459
1460
1461
1462
1463
1464
1465
1466
1467
1468
1469
1470
1471
1472
1473
1474
1475
1476
1477
1478
1479
1480
1481
1482
1483
1484
1485
1486
1487
1488
1489
1490
1491
1492
1493
1494
1495
1496
1497
1498
1499
1500
1501
1502
1503
1504
1505
1506
1507
1508
1509
1510
1511
1512
1513
1514
1515
1516
1517
1518
1519
1520
1521
1522
1523
1524
1525
1526
1527
1528
1529
1530
1531
1532
1533
1534
1535
1536
1537
1538
1539
1540
1541
1542
1543
1544
1545
1546
1547
1548
1549
1550
1551
1552
1553
1554
1555
1556
1557
1558
1559
1560
1561
1562
1563
1564
1565
1566
1567
1568
1569
1570
1571
1572
1573
1574
1575
1576
1577
1578
1579
1580
1581
1582
1583
1584
1585
1586
1587
1588
1589
1590
1591
1592
1593
1594
1595
1596
1597
1598
1599
1600
1601
1602
1603
1604
1605
1606
1607
1608
1609
1610
1611
1612
1613
1614
1615
1616
1617
1618
1619
1620
1621
1622
1623
1624
1625
1626
1627
1628
1629
1630
1631
1632
1633
1634
1635
1636
1637
1638
1639
1640
1641
1642
1643
1644
1645
1646
1647
1648
1649
1650
1651
1652
1653
1654
1655
1656
1657
1658
1659
1660
1661
1662
1663
1664
1665
1666
1667
1668
1669
1670
1671
1672
1673
1674
1675
1676
1677
1678
1679
1680
1681
1682
1683
1684
1685
1686
1687
1688
1689
1690
1691
1692
1693
1694
1695
1696
1697
1698
1699
1700
1701
1702
1703
1704
1705
1706
1707
1708
1709
1710
1711
1712
1713
1714
1715
1716
1717
1718
1719
1720
1721
1722
1723
1724
1725
1726
1727
1728
1729
1730
1731
1732
1733
1734
1735
1736
1737
1738
1739
1740
1741
1742
1743
1744
1745
1746
1747
1748
1749
1750
1751
1752
1753
1754
1755
1756
1757
1758
1759
1760
1761
1762
1763
1764
1765
1766
1767
1768
1769
1770
1771
1772
1773
1774
1775
1776
1777
1778
1779
1780
1781
0.9739966245661904 -0.02541936911543734 0
0.8490336873590512 -0.02129472584688413 0
0.7217722488970517 -0.02170446619262378 0
0.5951658403865857 -0.02547281924222547 0
0.4674310594497522 -0.02439157955918732 0
1.075861269768887 -0.8572995119550418 0
0.5255703406950933 -0.857096503027694 0
0.7807547027633144 -0.8595046914510999 0
0.3418921178991664 -0.02193238958921334 0
1.111376069915965 -0.04170507721805188 0
0.0426563882135732 -0.4306808471755331 0
1.278245441975719 -0.8531348782564426 0
2.533732664285302 -0.04250519554562725 0
2.339565041312251 -0.04080063360206974 0
2.132610918043174 -0.04039906510441964 0
1.950122855106779 -0.04481202305239002 0
1.503036448492975 -0.04107918869799718 0
1.746762905881549 -0.03559042869910963 0
1.624943253042943 -0.8566834458868732 0
2.430398497989505 -0.856076050178694 0
2.226311051256384 -0.85745930279467 0
2.025020235202117 -0.8567066327743673 0
1.30630971750007 -0.04265489718096344 0
1.827038629543815 -0.8579061079221366 0
2.957955220253716 -0.4770460342065502 0
0.2410335987107641 -0.02154360586907068 0
2.624931792573054 -0.858129884170888 0
0.3183085906897861 -0.8543234886993945 0
0.04330127018909619 -0.2749999999993326 0
0.04524602724975493 -0.5808967125732363 0
0.9159034212478208 -0.8536583269050773 0
2.956705703678729 -0.2749327158437049 0
1.427377335788921 -0.859369575979912 0
2.67632275084351 -0.03956759594152544 0
0.1630549507488807 -0.02092242215728669 0
2.956698729810928 -0.6250000000005169 0
2.774994907549156 -0.859121265339666 0
0.03942394691298995 -0.7247782058288817 0
2.831630002517128 -0.04139755043177554 0
0.1710959822449608 -0.8532756193642775 0
0.04141175979164572 -0.1720015723121538 0
0.6235035940047438 -0.8599158724534424 0
1.174848600188199 -0.8579219490215212 0
0.424999999998224 -0.8566987298110125 0
0.08895215302232587 -0.01789955199759306 0
1.524951639221064 -0.8567197321480302 0
2.94944940530985 -0.3796870525733319 0
2.956501593293556 -0.1766915961459767 0
2.519662472185558 -0.8524126462787249 0
2.124999875582673 -0.8578430093804671 0
2.324993054846785 -0.8572402947144491 0
1.925038766370302 -0.858546959248657 0
1.724677068031062 -0.8593772591636261 0
2.957050391830568 -0.7256104996964006 0
1.208041614071703 -0.04211224035280835 0
1.601197992854504 -0.04250519554588348 0
1.401026678586645 -0.04794786543263087 0
2.437419409598563 -0.04326637870534386 0
2.042827274904389 -0.04136629703375043 0
1.845643599235107 -0.04171426857340346 0
2.237646933302857 -0.0475582861864445 0
0.8982842676839655 -0.02158680808781564 0
0.4207675441824276 -0.02090070164853981 0
0.5226620344399453 -0.02063895869111586 0
0.7994116084238423 -0.02295333627620909 0
0.6711215647641018 -0.02114593818836431 0
0.2912414337659512 -0.02193238958921137 0
2.87416869242112 -0.8658012700801789 0
2.953020415504961 -0.07598252386637649 0
0.04218240126099238 -0.8230643153960346 0
0.04292816563188263 -0.07779632091764613 0
2.957661402207722 -0.8247881320295181 0
0.03339248518609807 -0.02388027806672007 0
1.020087219025588 -0.03474749912481897 0
1.05016681716466 -0.03439457963143196 0
1.025716242958498 -0.06159873918162029 0
1.080860347719254 -0.07849212577405705 0
0.9925766962704647 -0.05162683339862707 0
1.003580660133794 -0.08672240001594 0
0.9706390811559378 -0.08141611055392491 0
0.9819367090872908 -0.1131250418730709 0
0.9491941742175016 -0.1070982888840166 0
0.9601079193535299 -0.138850107762095 0
0.9273538071653042 -0.1326806545841425 0
0.9382699511566447 -0.1647473125337511 0
0.9721100209638701 -0.171102979803405 0
0.9495600834799534 -0.1977721684616106 0
0.9845708459112326 -0.2042233437936504 0
0.9610262094044137 -0.2317090215443636 0
0.9972255960986504 -0.2385383576599336 0
0.9255990006761272 -0.2248107901018951 0
0.9373607029041855 -0.2592417853224669 0
0.9015279767743013 -0.2523441534554053 0
0.9130395029019832 -0.2865463967403911 0
0.877263438236846 -0.2797452512489846 0
0.8888622595275322 -0.3142971107454444 0
0.8527812223244637 -0.3074456473925379 0
0.8644849628832463 -0.3423746494827302 0
0.8282656609254032 -0.3354320724103637 0
0.8984968969011653 -0.3527234460546904 0
0.8400543912742348 -0.3709120304541282 0
0.8024852910889044 -0.3636521445246552 0
0.8154363129621102 -0.4002686652476224 0
0.777466732875147 -0.3925791950715999 0
0.7646348732126427 -0.3561632316226919 0
0.7398088631356949 -0.3848632230919807 0
0.7274911477530464 -0.3488132110847064 0
0.7026282516119398 -0.3771172270299159 0
0.6905436023367426 -0.3411477089215757 0
0.665435712373591 -0.3695695002895299 0
0.6516874308736715 -0.3328071112457599 0
0.6268315821239616 -0.3614570623834111 0
0.6398582117956259 -0.3987236453714526 0
0.6016004305701046 -0.390947171554534 0
0.5886270687085677 -0.3533944946176363 0
0.5635201329019488 -0.3828121906826196 0
0.5509096665523099 -0.3456224378852669 0
0.5250847487933101 -0.3747388141518708 0
0.5142033217631738 -0.3388046323683072 0
0.4869296982075568 -0.3669421471838175 0
0.4986406561515511 -0.4048513133603595 0
0.4781020921914657 -0.3296717118828381 0
0.7898401867882614 -0.4296270360270291 0
0.6141644024251918 -0.4286052360919203 0
0.8286165234021229 -0.4372771812964253 0
0.4591364088811503 -0.3963734053144808 0
0.4715117358251838 -0.4353599421996283 0
0.4307335441988733 -0.4265428285331486 0
0.8025331513261494 -0.4673927265352203 0
0.8429782639648558 -0.4748074905073595 0
0.7124989703637015 -0.3133096539849568 0
0.4435952261710626 -0.4667263156028895 0
0.5399994951004322 -0.3097651367745598 0
0.4022055884226586 -0.4578281843263803 0
0.3893515249024989 -0.4170886066707263 0
0.8630525397201424 -0.2421795017440925 0
0.8156023389649987 -0.5057845574071074 0
0.8568682335948196 -0.5133299864136478 0
0.4150199464768165 -0.4986100969331623 0
0.4573595514488516 -0.5074608891492699 0
0.3603434613793929 -0.4487120502526624 0
0.347139956931053 -0.4070924584360389 0
0.8287939999661691 -0.5448228561680911 0
0.8698965400534846 -0.5525872973580013 0
0.8968601173681423 -0.520994982109269 0
0.9110826972664371 -0.5606492145859516 0
0.9392821718940254 -0.5263686518566892 0
0.9529118383050834 -0.568268295722836 0
0.9805836094916978 -0.5356717568831126 0
0.9949347680559368 -0.5765528828268183 0
1.022969323247188 -0.5434984763526935 0
1.037695554030342 -0.5847898914412899 0
1.066187284000469 -0.5512910451024335 0
0.4282074499908473 -0.5399323366382807 0
0.471529940683293 -0.5489080940679951 0
1.051267119004532 -0.5072967394025955 0
1.094875940442303 -0.5155145581177369 0
1.110343994996535 -0.5584638189013209 0
1.13915584520157 -0.5240946612111432 0
1.123252536150711 -0.4795561752033122 0
1.168094537526497 -0.4885847314475432 0
1.18440743940882 -0.5313510942162415 0
1.213774555808582 -0.4965280123560161 0
1.197070953978027 -0.4529870438799608 0
1.243149831419495 -0.4605826812406531 0
1.259860838569583 -0.5044756746226732 0
1.289485616284071 -0.4680080687597701 0
1.306406304420361 -0.5122755705617201 0
1.336416988989049 -0.4752237434572216 0
1.353466958784768 -0.5198479732457988 0
1.383651588433064 -0.4827124727739573 0
1.366446802240157 -0.437928170116515 0
1.41389850916634 -0.4454021903620895 0
1.431129231255458 -0.4903488803199745 0
1.46154209770313 -0.4528873076978231 0
1.478839993550721 -0.4980634449738204 0
1.509472209275283 -0.4599767701731473 0
1.52679590506638 -0.5056922463863541 0
1.557531562107944 -0.4674269573445804 0
1.574913443256297 -0.5133860840087695 0
1.605674237601522 -0.4754185998187116 0
1.623171107009179 -0.5211910614466613 0
1.654003363412899 -0.4831663665923407 0
1.636434420339469 -0.4374217283025811 0
1.684844340001239 -0.445098769563534 0
1.702444023435407 -0.4908562410070161 0
1.733349887456908 -0.4527378805641112 0
1.750979293806486 -0.498595708776029 0
1.781956349693586 -0.4603606379486341 0
1.799590111426118 -0.5063568037409639 0
1.830622245180105 -0.4680282120794259 0
1.84827223827025 -0.5141010529481129 0
1.879329942481993 -0.4757567807296396 0
1.226269421979043 -0.4171945522782096 0
1.897018398073738 -0.5218612759941083 0
1.928081040146133 -0.4834869114752446 0
1.91037757152991 -0.4373942113464276 0
1.959140158978948 -0.4451007838621356 0
1.97686154974774 -0.4911979736465724 0
2.007939437750629 -0.4527964497026569 0
2.025680881486535 -0.4989207286343843 0
2.056784059348201 -0.4604930363727039 0
2.074527010829256 -0.5066588394421998 0
2.105646641044925 -0.4682003868147032 0
2.123400542235253 -0.5143927157558705 0
2.154536325938705 -0.4759149939065346 0
2.172305843715032 -0.5221325385139911 0
2.20343933122357 -0.4836305606415359 0
2.185671547668074 -0.437433738991979 0
2.234559236997089 -0.4451348937820481 0
2.252343004733808 -0.4913317163494265 0
2.283462538996602 -0.4528315756631487 0
2.301260019687523 -0.4990462600762036 0
2.332402816485689 -0.4605223174858623 0
2.350198233961757 -0.5067666476197347 0
2.381361619272422 -0.4682079253648129 0
2.399166178071152 -0.5144913262654325 0
2.430348517941344 -0.4759095052417164 0
2.448174431618408 -0.5222269941111902 0
2.479363327339071 -0.4836272425299963 0
2.46151952756711 -0.4373098495656127 0
2.510560377157776 -0.4450011272759489 0
2.52841047297322 -0.4913415787140932 0
2.559600104465098 -0.4527054148477969 0
2.577484208091237 -0.4990565129268441 0
1.492174152229074 -0.4135952777664138 0
1.764408549935536 -0.4143512137553949 0
2.039027059366306 -0.4143651592531179 0
2.314642625128845 -0.4142839162924175 0
2.541750461708406 -0.4063758036185799 0
2.590778489011725 -0.4140660659945256 0
2.572927226708645 -0.3677637922538189 0
2.621945356936406 -0.3754471121794973 0
0.787855762627685 -0.5368607652891342 0
1.49607502100735 -0.543479435824927 0
0.3181187313966533 -0.4393608005569397 0
0.3046191987184461 -0.3972451962454502 0
1.768481496324969 -0.5445346827236414 0
2.318892962684865 -0.5452806716627279 0
0.8000878566295643 -0.5757838518152967 0
0.7591644175817358 -0.5683853279470463 0
2.043385866322525 -0.5450874747800477 0
1.323194219953131 -0.5569730391126843 0
2.604067091251146 -0.3291646397844003 0
2.555069111369091 -0.3215172582721065 0
2.653086562031636 -0.3368253911206507 0
2.67097727257255 -0.383148999881641 0
0.4419998440770019 -0.581845478482478 0
0.3983132663586455 -0.5726513891118342 0
0.4854059295395609 -0.5907232473272034 0
0.9242106306560067 -0.6011858000529536 0
0.771866550253536 -0.6082437000800331 0
0.7301436179083571 -0.6006169501560407 0
2.702170183722665 -0.3444856705940222 0
0.4122153001564159 -0.6153444383929312 0
0.3679122727325125 -0.6059647473243224 0
0.2751171981062069 -0.4299472911613707 0
0.2621075110741865 -0.3879379660671348 0
0.2913432828757432 -0.3556412701180037 0
2.720062935065386 -0.3908644501205741 0
2.586198740817503 -0.2829445108162365 0
2.53727632710247 -0.2753062315214628 0
0.2496617159817969 -0.3465006957456807 0
0.2781875857883706 -0.3153188624816968 0
0.2376716491449177 -0.3059488446821423 0
0.2655523065953277 -0.2757164382530433 0
0.2277742937436124 -0.2662983250609917 0
0.2539356660507114 -0.2377055940307881 0
0.2915515292706347 -0.2463174187006326 0
0.2800473262596088 -0.2096892765965145 0
0.3162324373267725 -0.2175942235589726 0
0.2462873290227075 -0.2024031059715308 0
0.3052809833462093 -0.183207151148416 0
0.3399815954953012 -0.1906351617694252 0
0.7445107021634811 -0.6420956288700244 0
0.7012842034933907 -0.6335733066726078 0
0.7848007821265615 -0.6485519108509403 0
1.021288661414273 -0.2099712681728337 0
1.034539079039436 -0.2456816207428347 0
1.059518373556956 -0.2156049417581192 0
1.073337166268844 -0.2529624309197174 0
1.098863472586288 -0.2220476901094252 0
1.046792501757098 -0.2826398486006423 0
0.3820642146518695 -0.6492705849718833 0
0.336935663000872 -0.6398745441510005 0
1.113615129002112 -0.2606334460850573 0
1.140451967968608 -0.2291799405899884 0
0.7153864649893558 -0.6758386964433896 0
0.6717470547333441 -0.667305754508084 0
0.6840896340821353 -0.5852066312059486 0
0.3284116322749439 -0.2530367176124096 0
2.751277791731073 -0.3521593669845434 0
2.733370828342473 -0.3058002670857443 0
0.9667605210584462 -0.4937050690815451 0
2.5462612319644 -0.537711798167267 0
2.595368406210766 -0.5454369650642625 0
2.564127977489388 -0.5841293213353119 0
2.613272810320474 -0.5918610650848339 0
2.583165464664361 -0.6315239286867737 0
2.633209979981875 -0.6391620236719195 0
2.662804095584934 -0.5997121686856555 0
2.680390896511674 -0.6460432252350328 0
2.711759808925534 -0.6072952053778571 0
2.729646684293256 -0.6537873964319925 0
2.53305826601024 -0.6229620243538739 0
2.216779464782109 -0.3989611674830091 0
1.941415616631548 -0.3990268427134994 0
1.667315035175726 -0.3990184210096317 0
2.141141000586585 -0.5606310577892177 0
2.416875227818772 -0.5608550367296489 0
1.865908813554967 -0.560230463055098 0
1.592275329672252 -0.5592196066747734 0
1.39657164911675 -0.4005524233665209 0
0.3300415345599702 -0.1570433201219459 0
0.3635353328760891 -0.1652793286226615 0
0.2996389919787457 -0.1518396727055834 0
0.3739042928679622 -0.1976133432244037 0
0.3968845192403237 -0.1724729041654904 0
0.4260596705516643 -0.6564123750982626 0
0.5148822456168131 -0.5577423233336249 0
0.2084655688506243 -0.336316628666745 0
1.008934666083391 -0.6180052295210754 0
1.052488224212619 -0.6265269168606805 0
1.022909647438915 -0.6606504356227667 0
1.067918321488531 -0.6691308873790583 0
0.2315818903627672 -0.420138322274058 0
0.2451299792890445 -0.4632139004018987 0
2.76920598433444 -0.3985566319472871 0
2.760975957413208 -0.6149885574965321 0
0.6527168632354294 -0.436472744920204 0
2.568498103280782 -0.2367069100313265 0
2.519555287543084 -0.2291200680401749 0
2.488429412302616 -0.2675992768962288 0
2.470725571756817 -0.2214726584311643 0
2.439676883538308 -0.2598838653268951 0
2.42199690692063 -0.2135918893443883 0
2.390824218688448 -0.2522459016470884 0
0.4073641786044494 -0.2045809369026553 0
0.4294274471874302 -0.1789905766137935 0
0.4192605340261418 -0.1477169595341859 0
0.4509558284071847 -0.1542699598976092 0
0.4618423444095632 -0.1851125179738824 0
0.4829390223473097 -0.1604442861317776 0
0.4940767350735698 -0.19114250866219 0
0.5149013756359313 -0.1661940065284749 0
2.3732399915765 -0.2059076394569827 0
2.342029526791543 -0.2445355843562397 0
1.155623975812566 -0.2688923414062463 0
1.183149293121932 -0.2354350476067455 0
1.127543744605499 -0.3004587854046037 0
2.778912354835079 -0.6615251384162568 0
0.5018876631394454 -0.1358259809954251 0
0.5339567922069215 -0.1415023010699476 0
0.5460756626272992 -0.1716142050733173 0
0.566514196189247 -0.1472932099751799 0
0.5775712343842971 -0.1769151979527009 0
0.5979624536721129 -0.1526924965262432 0
0.6088468622478376 -0.1822716984890907 0
0.6289365444806917 -0.1579956332077864 0
0.6402311692090547 -0.1864645640536736 0
0.6603071072479141 -0.1631454243555804 0
0.6715288530062891 -0.1916182096108223 0
0.6915792841215874 -0.1684755404523679 0
0.70266604748601 -0.1981443133484788 0
0.7228937695700447 -0.1738237709427485 0
0.7341558502411046 -0.2038761650349592 0
0.7544472030193528 -0.1790650621862655 0
0.7434792211162997 -0.1492107830575465 0
0.7745242694797294 -0.1544139750070612 0
0.6822984684852333 -0.1385104910228367 0
0.6176325767324856 -0.1306891480184992 0
0.6246806457043876 -0.2098269028436824 0
2.552107496190894 -0.6704347433951958 0
2.501805928887045 -0.6617442152059281 0
0.6268379112789817 -0.4667973831275956 0
2.324491513852725 -0.1982372460955726 0
2.293417863527924 -0.2367865747093657 0
0.7640208587897632 -0.1251909226594839 0
0.7929726742831932 -0.1306197844759376 0
0.3536558915869228 -0.1325670514849875 0
0.2005744417561919 -0.4530694784715251 0
0.2146502799673842 -0.4972009301135701 0
2.699060255871379 -0.6922785134893154 0
0.3517272254964453 -0.6839803358350449 0
0.3056026014080976 -0.6743673510630429 0
0.5535327662701015 -0.1138175208716743 0
1.198824808948555 -0.2767336021820508 0
1.227318638420336 -0.2424172726638234 0
1.243387099197385 -0.2847966106098558 0
1.272869316027924 -0.2495321151876937 0
1.254609037978621 -0.2073157557811242 0
1.302408383341663 -0.2140294760642402 0
0.5288130453154892 -0.5996040066347585 0
2.78246478714973 -0.3134337893992993 0
2.764524572342824 -0.2671117162101226 0
0.4405371325332968 -0.1238652467995366 0
1.319082149241306 -0.2576245009503842 0
1.349278598393118 -0.2213537685987108 0
1.037877451266106 -0.7037317003764973 0
0.9929644906097718 -0.6948804182283452 0
1.08313154875061 -0.71264284314042 0
1.113467903381754 -0.6773812498031679 0
2.275798594830379 -0.1905702750101543 0
2.244786348394834 -0.2291420940863177 0
2.227098936205969 -0.183012536697304 0
2.196116856742676 -0.2214986290390126 0
2.737952330943257 -0.4372891346644423 0
2.787145144041276 -0.4449401638598603 0
1.16111349055559 -0.1959556295351017 0
0.6858869485213095 -0.7098605414329452 0
0.6411678879232138 -0.7010268531726704 0
0.8160848898549089 -0.3013428466234684 0
0.2921566880969554 -0.6318734297821017 0
0.2593090224543121 -0.6658459918227591 0
0.2738686282095131 -0.7098009983567302 0
0.2272538253494966 -0.699712310573952 0
0.2126047070404327 -0.6552749019094046 0
0.7304227695883097 -0.7187373410501821 0
0.9052308681104445 -0.158240074106507 0
0.8945113497174879 -0.12679669018638 0
0.1694505307264148 -0.4873343935025994 0
0.8048565898878498 -0.1595788479889952 0
1.365912095355183 -0.2656416651233398 0
1.396376574446022 -0.2291575119467705 0
1.413015636145323 -0.2738912703478663 0
1.443747229011581 -0.2371116989869184 0
0.3750686515707136 -0.3807693875791064 0
2.7155051339038 -0.2594805356542163 0
2.746607651792069 -0.2208531863905165 0
2.795321026170824 -0.2282389534639803 0
2.697701120417243 -0.2132240330853241 0
2.167932939546612 -0.3912566599831598 0
1.892690967833754 -0.3913264121490865 0
1.923703804871797 -0.352986075426001 0
1.875027025588609 -0.3452882089455054 0
1.906009752293577 -0.3069802352879236 0
1.857365942706701 -0.2992888920492819 0
1.888343295259507 -0.261007082344719 0
1.936983579958902 -0.2686789171669697 0
1.839706651877264 -0.2533287111135503 0
1.919335703486514 -0.2227162687773457 0
1.96795771591324 -0.2303835584460229 0
1.808718954420868 -0.291590308581174 0
1.791080621204955 -0.2457003832495355 0
1.822045069804285 -0.207405512661663 0
1.773449901829388 -0.1997372752699848 0
1.742501379050643 -0.2379476293102173 0
1.724892339869396 -0.192073413566761 0
1.69397415712908 -0.2302379054597278 0
1.676384927024901 -0.1844154738740947 0
1.645503627865519 -0.2225545925763965 0
2.408338149903461 -0.2984944941732628 0
1.618868033414049 -0.3912059160730763 0
1.985624597131186 -0.2763495351265829 0
2.016586480929472 -0.2380552394684544 0
1.128959043430491 -0.7214678583206086 0
1.159600296307647 -0.6857105399251894 0
2.190101021756517 -0.5683879710469982 0
2.158879629076742 -0.6069465193062321 0
2.207924276536732 -0.6146980159312385 0
2.176682645356575 -0.6533007225078853 0
2.225756519576665 -0.661059608013335 0
2.127606343954329 -0.6455318421514975 0
2.145419585044139 -0.6919321566961569 0
2.096318497099613 -0.6841493600128163 0
2.034347109014536 -0.2840015091882725 0
1.914740388202927 -0.5680101581444325 0
1.883555363840646 -0.6064568563538894 0
1.932483058830944 -0.6142286163332542 0
1.901285884936411 -0.6527358509461786 0
1.852305061962827 -0.6449378945300495 0
1.870045573725883 -0.6912679495032816 0
1.821039399273824 -0.6834452960733575 0
1.91907135063279 -0.6990816015720217 0
1.640710394555505 -0.5670115366323742 0
1.60968538985353 -0.6051471824886254 0
1.658244133241781 -0.6128870569720191 0
1.627136440343061 -0.651082771664349 0
1.578537323724109 -0.6433185690623577 0
1.596289211620841 -0.6882100682708555 0
1.547430652829864 -0.6813636701470084 0
1.644941384183437 -0.6957710455019939 0
1.175374320911731 -0.7303897185089037 0
1.2063183736853 -0.6941605097391889 0
1.370483651500086 -0.564686908529814 0
1.341124048219832 -0.6015621553986548 0
1.387851354744106 -0.6097131036807723 0
1.357694875712876 -0.6469506181921462 0
1.349173706878011 -0.3934202469954183 0
0.4727879453151369 -0.216170763650272 0
1.007766371292893 -0.7385991688356048 0
0.9620578019978929 -0.7295575266766985 0
1.426931018561926 -0.1920281934744853 0
1.472736007466547 -0.1999593132897874 0
1.485920889658719 -0.2432937100526905 0
1.998914449559925 -0.1920984157267465 0
2.047536717323552 -0.1997622361874333 0
1.627944515215738 -0.1768110391867906 0
1.404969010687208 -0.655050866360011 0
1.375334516185088 -0.6923634662897449 0
0.5581759331833367 -0.2010749154145552 0
0.66640574597516 -0.4750008146321879 0
0.5579882163905636 -0.5665357105989106 0
0.7660054922324859 -0.2094149416900264 0
0.8681048266629104 -0.4443090015378632 0
2.177947628569159 -0.1755628460989846 0
0.3315273987491897 -0.4809845849855767 0
1.422068519058642 -0.7008328227722336 0
0.5887118680743123 -0.4580884424059357 0
2.550893388021315 -0.1904884698726801 0
0.9473109848854105 -0.2946794594527552 0
2.810248821293893 -0.6227075358180512 0
0.6788474983476969 -0.2222371359037602 0
2.72871729388995 -0.174692332618841 0
2.679898601441866 -0.1670703490366994 0
2.521263051969863 -0.7096091069399689 0
2.470538303422638 -0.7006022577256721 0
2.572315630701359 -0.7206359598112348 0
1.016841642740658 -0.1170748370125784 0
1.330475017156036 -0.1759798569865271 0
1.294014841982234 -0.5911671213277917 0
0.1802863185343788 -0.6893934694358466 0
0.1654618126139388 -0.645047912361719 0
2.818409278491135 -0.4062267758572752 0
2.828207909621931 -0.6692681721363252 0
2.796848377756322 -0.7080992961524367 0
0.7830855686289697 -0.1020742481076625 0
0.7540983819868902 -0.09688032155916396 0
0.8098603339770366 -0.1086398930096522 0
0.7004300990044232 -0.7534018702599421 0
1.180456731886221 -0.4097371809564249 0
2.453127418201173 -0.1752581899270883 0
1.222246593905251 -0.7393571990800576 0
1.562420758625054 -0.7269704479173857 0
0.241821641868844 -0.7452991357712715 0
1.663101911992146 -0.2682945280270989 0
1.614731507224136 -0.2606690470216796 0
2.262303844995005 -0.2752854386289273 0
2.626576015908472 -0.5067575733131185 0
1.088764987529303 -0.1809227448123293 0
2.792287345572662 -0.5762041513550116 0
2.841579931524011 -0.5838774329727563 0
1.887968851281727 -0.7366053657618371 0
1.937315733382106 -0.7427949324537929 0
1.968196693570307 -0.7068496602618876 0
0.1554945426445501 -0.4425738789317792 0
0.641266567318392 -0.5052633769788741 0
0.5721471366953124 -0.6081957934501209 0
0.541624303770264 -0.6480863185378587 0
1.391511229335048 -0.7385749343112014 0
1.438612592705816 -0.7489940258021371 0
2.836362638410188 -0.452652731412479 0
1.804386150894252 -0.1614949558547509 0
2.114124660534054 -0.7305993324820533 0
2.163286008007657 -0.7383684105671178 0
1.658790429739843 -0.1386445753138999 0
1.345304007490622 -0.7280883616948128 0
1.190035753203553 -0.6494620036081998 0
1.457339306591008 -0.1545555823699114 0
1.49966719781229 -0.1601989195315044 0
2.355716472627118 -0.1596409381628958 0
0.7450968077019662 -0.2348843071079305 0
2.490031168866723 -0.7484668694832852 0
2.439415954458469 -0.7381927014041192 0
2.421102966881451 -0.6924648674687199 0
2.389923834913758 -0.7299447766711268 0
2.371936136769636 -0.6845155975432325 0
2.340494027658381 -0.7234105417781458 0
1.360671429743696 -0.7761472951220499 0
0.764564136493377 -0.4589436987978243 0
2.844185797219072 -0.7161590740889812 0
0.1247377287877161 -0.4768834766253603 0
0.1379287298835335 -0.5221911752253852 0
0.195122660269973 -0.6078783904061537 0
1.986016399233636 -0.7532985401985944 0
0.2889371765982961 -0.755289971076192 0
0.410016224131746 -0.1175349767835703 0
0.4303068543073899 -0.0944107645138767 0
0.399462480237707 -0.08716398870967951 0
0.3215988158695938 -0.3244787140649757 0
2.029853391051741 -0.153828479924651 0
1.981251768737423 -0.1461671853323806 0
0.9377547193231401 -0.07672326855773157 0
0.460212701561084 -0.1008163625010748 0
0.2587407754972247 -0.7904746091725374 0
2.815400037601974 -0.7543979502733811 0
0.7458800855703077 -0.762383265077354 0
2.258158459422907 -0.1445736774121511 0
2.078464695457614 -0.1614828393791 0
2.096157942419334 -0.2074118579621202 0
0.772576149701211 -0.0746487677139256 0
2.199083195468226 -0.3527864883172372 0
2.150236670832309 -0.3451226397266985 0
1.098176740448731 -0.7569643849231745 0
2.868002516873024 -0.7659306093486121 0
1.21381457366432 -0.3196889613176521 0
1.259071656362355 -0.3280117435226393 0
0.9771786398726438 -0.7738245166393938 0
0.9313174096177999 -0.7645965997708389 0
0.9163147933890485 -0.7203811117535086 0
0.8855905471334724 -0.7551796587865467 0
0.8710772105571152 -0.7111172845689333 0
2.248058641238878 -0.3603869480252246 0
1.852960370672417 -0.1691491431706924 0
1.530175766127961 -0.6353656687373087 0
2.693704577208682 -0.5608780014931091 0
2.76544938453786 -0.7469463471816479 0
1.803314734775542 -0.6371547938518299 0
1.77204524033412 -0.675616953687936 0
1.789762937803794 -0.7219783997727698 0
1.97243465160174 -0.3606619642334001 0
2.078644216405401 -0.6377212197468426 0
0.872565009084707 -0.1519826453709326 0
2.256800706199583 -0.622390866456688 0
1.311789331050665 -0.7685157800416604 0
0.7145196231612563 -0.8003355070730743 0
1.408026094828631 -0.1452427762998464 0
2.755960206164033 -0.4835560249225437 0
1.253190523322592 -0.7024357199814387 0
0.7494176454023626 -0.527651480852839 0
1.740915238005074 -0.714069033541966 0
1.754661077780734 -0.6290310706585523 0
0.77179751466225 -0.725423162985954 0
0.7913687246442729 -0.7604184995055669 0
0.1331638033000707 -0.6780695959522545 0
0.14179771387696 -0.7281671869915405 0
1.435101523883129 -0.6179407089690361 0
1.760097566007304 -0.7599110249847613 0
1.709832073731593 -0.7589759684043305 0
0.7765184680293499 -0.2395041830700812 0
0.7988351499209312 -0.2147476362774009 0
0.2591311713751613 -0.5068011178786485 0
0.5048926940584511 -0.2219620623833777 0
0.4837489284952282 -0.2485126189612025 0
0.5993207515107468 -0.5742313900480053 0
1.610283367923232 -0.1315049259381708 0
0.7441905264845593 -0.06995188707933631 0
0.7258098157501991 -0.09153039330650944 0
0.3848234949622154 -0.2304587284924224 0
0.3556030302201583 -0.5635969741103795 0
1.32999676785544 -0.3038762483943322 0
1.81207186515402 -0.7746314667671546 0
0.7151477042515726 -0.4136921022387384 0
0.4183917399084724 -0.2371780163754093 0
0.3955360382210593 -0.2644764107258616 0
0.4298889452903957 -0.2706037317479625 0
0.4067170430810335 -0.2994995130826555 0
2.867366933550795 -0.415820058405617 0
2.857778847044373 -0.3662684777901114 0
0.5118329411807691 -0.4438115891581422 0
0.4509548552808751 -0.07229246510572532 0
0.4791637653197559 -0.07817844721281542 0
0.118627830752746 -0.6321549266273222 0
2.710785462731446 -0.1293143656904139 0
2.759658559075115 -0.1363135870547645 0
2.661961216208841 -0.1218370344651553 0
2.873289055188663 -0.6805228789158756 0
1.025665128842542 -0.7791736250488566 0
0.5427869381325064 -0.5242106931146463 0
0.882490887264901 -0.1836534891554392 0
0.2094484652515561 -0.7826127489444031 0
2.366345768032203 -0.7693812996173285 0
2.310160593818422 -0.7644595910763229 0
2.742296459957013 -0.0904935856210682 0
0.7565486050752042 -0.2655461358823498 0
0.7166887829281047 -0.06555405100039338 0
0.6979388205721088 -0.08596442462035611 0
0.6696252332040362 -0.7866718077970566 0
0.7227643092687847 -0.2566475375066324 0
0.7616436212894897 -0.0478482055093555 0
1.632272419852546 -0.3063088840497379 0
1.583987965329882 -0.2986231112598937 0
1.680598331597041 -0.314017000323784 0
0.9014681397364188 -0.6770836096385048 0
2.18158731304585 -0.3065623131615664 0
2.132675347110973 -0.2989608498358458 0
2.101473347035768 -0.3373907731184809 0
2.63111512792746 -0.1595582519442739 0
2.613321618440664 -0.1135742501043047 0
2.617570104611846 -0.2442071934999642 0
2.403186499118872 -0.6459955167606033 0
2.35394472238365 -0.638294836638543 0
1.844037147396028 -0.3836071263050683 0
2.465979077204764 -0.5685798844598928 0
0.08824705979705634 -0.5104672813012836 0
1.963558261961945 -0.575734371911793 0
1.981232674690238 -0.6219043900021608 0
2.706747187037435 -0.475861409866891 0
1.689222043992194 -0.5746893060095365 0
2.274500464101345 -0.6687838652907977 0
2.24358778286328 -0.7074730921059271 0
2.823424956042383 -0.5374656582756678 0
2.872793721690417 -0.5451481223206648 0
2.047398574119631 -0.6762509504998396 0
0.9977648648495711 -0.8164283592992725 0
1.188243323334352 -0.7757149455047975 0
0.8106538628942894 -0.2470858933434898 0
0.6146113820684753 -0.6167989693379468 0
1.234582895973757 -0.785378252041945 0
0.8629231062423124 -0.1220074770903471 0
0.8832658360367587 -0.09692588614531668 0
1.835904432069869 -0.1240473121427948 0
1.883827394016393 -0.1299421366129049 0
1.788126959837189 -0.1173459414948114 0
0.6804189358794134 -0.5139024634052252 0
1.499462671878385 -0.6727189119130964 0
0.5179701757478441 -0.2505166237583367 0
1.442399116537157 -0.1111008780035179 0
0.8586134852070748 -0.667122455226959 0
1.568371205650795 -0.2522478886663275 0
2.131889330678638 -0.7761269092348866 0
2.082570554125616 -0.7698208941201135 0
2.181809764005012 -0.7800594089418081 0
0.6898872832199423 -0.06126872498386926 0
0.6707463309739967 -0.08105832055228829 0
2.459487445970324 -0.7837220896068563 0
1.379193932524145 -0.3557760586352481 0
1.428090764972672 -0.3630031764279979 0
0.8505618640826592 -0.1761367172298519 0
1.581577950106252 -0.1684882651722776 0
1.562463871444166 -0.1242886948044838 0
2.060468436044231 -0.1175649968255792 0
2.109637202911639 -0.1239141287356779 0
0.2289224764652601 -0.5399085494508494 0
0.2734575676018787 -0.5504346087464582 0
0.8539314504781321 -0.09226406080954946 0
0.8714906255494231 -0.06866265572023801 0
0.8452493750399175 -0.06574475190684607 0
1.905668424003949 -0.7829594501348838 0
0.3705720243096133 -0.2918862209884284 0
1.775613681501559 -0.8067664768362286 0
0.0862364800817314 -0.6682676424597035 0
1.539690468426145 -0.29139644611368 0
1.553932762567938 -0.3365192177008638 0
1.507246613184148 -0.3301663639542993 0
0.1100321979532629 -0.5493542406024121 0
2.883719104428807 -0.458971303048064 0
2.828454601875049 -0.8017545344851227 0
2.888771566201241 -0.5918206013791856 0
2.918518160882051 -0.5576063245696812 0
0.7056167398479005 -0.4816978297517934 0
0.1135137196743891 -0.4312898840467785 0
0.14227757890455 -0.3978198967448933 0
0.09948443230275268 -0.386766812573427 0
0.1286733088727331 -0.3535991012727721 0
0.08379565598915396 -0.3431393350733818 0
0.1118969169621977 -0.3142638913131732 0
1.329060722643181 -0.8145118103436829 0
0.6545932766981831 -0.5454217577348803 0
0.6849444801703217 -0.8287363188735972 0
0.6633772375947418 -0.05703230236794754 0
0.6432760149482357 -0.07557542060452893 0
0.6376901597276144 -0.04628351035578716 0
0.6168841509399692 -0.07029172572978709 0
0.6523611711783722 -0.1020721217451731 0
2.790241459709667 -0.1006935755454948 0
2.808399328531821 -0.1442663368007218 0
2.838335487006101 -0.1090324350937084 0
2.857118846779861 -0.1520782569171493 0
2.882138098766045 -0.112773787042598 0
1.637572884546262 -0.08454764382385514 0
1.689656943842992 -0.1004901168379496 0
0.4971728119608599 -0.2768290350389793 0
2.507384419602834 -0.7971455911822212 0
1.399658515069416 -0.09724896093547994 0
0.9003328750935676 -0.8013730258595873 0
0.8560512384440617 -0.7925222936384341 0
0.8657015153269879 -0.8354641345432232 0
0.7071177878233628 -0.1128664702469642 0
2.08833831459354 -0.07544931488813623 0
0.1525838994351831 -0.5679086545342106 0
0.8327270647276989 -0.2210257820843246 0
2.916953523806119 -0.4216099252977097 0
0.7917627820681462 -0.05056677056213899 0
0.9047533964303809 -0.06796362375939939 0
0.04084691102848255 -0.1244897100337998 0
0.08014857362137741 -0.1472880066215738 0
0.08279461690075869 -0.1912467897818646 0
0.1184427890197543 -0.1650290049308174 0
0.115170778708026 -0.124515596571254 0
0.1504830308269235 -0.1404715284911195 0
0.1237157572114071 -0.2070693656266019 0
0.1471741515153966 -0.1030967924296208 0
0.1801321432829834 -0.118121720292778 0
0.1141290701456759 -0.08742765988542184 0
0.1769279639631698 -0.08383706977505037 0
0.2081327603801254 -0.09831170385902657 0
0.2121526912921824 -0.131892342867007 0
0.2389646836511314 -0.1118225962379148 0
0.2348640728077193 -0.07956114950127086 0
0.2640726336829841 -0.09254152472916113 0
0.2426081047063331 -0.1444640892511847 0
0.2591828753866166 -0.06387968793894198 0
0.2881810614110877 -0.07473110473168394 0
0.2926481848441585 -0.10381501355662 0
0.3167069999821948 -0.08623009467783543 0
0.3109673727196877 -0.05944376094953141 0
0.3393220117438869 -0.06864221803446069 0
0.08471887458462557 -0.2370265119585029 0
0.1275512196030199 -0.2486669383409901 0
0.1684951555256346 -0.2257075060217442 0
0.1685023804546142 -0.2649264368734124 0
0.2159184264802073 -0.1657236033116412 0
0.3467176417207763 -0.09927657117624392 0
0.8279723963772359 -0.7008469245231065 0
0.9586050920105968 -0.05136491270492891 0
0.9300470424931874 -0.04758921648832018 0
0.3044465382158563 -0.8023773888068924 0
0.3367658728765976 -0.7651008928522367 0
0.2702521060249328 -0.8345937114534721 0
0.3697814623739138 -0.07882040121844755 0
0.3605722703361861 -0.04634018176261236 0
0.1608718320540072 -0.3161720800485949 0
1.207940639746391 -0.3764453259479617 0
1.16257647991517 -0.3695980606049551 0
1.135224357878497 -0.4024661735680775 0
1.118377701476061 -0.3625274349948759 0
1.091711755081464 -0.3949809964609577 0
1.074888832331898 -0.3566766359329087 0
1.048831928172294 -0.3884212641199608 0
1.064284102217032 -0.42795174987113 0
1.022063045621777 -0.4224088927484473 0
1.007393004931501 -0.381361020763444 0
0.9809684976813173 -0.4147959889302966 0
0.9675407389630588 -0.3756730433640068 0
0.9416166342929693 -0.407194015615104 0
0.9937747088082275 -0.3423752360063508 0
0.9546866559394722 -0.4455917916570262 0
1.256033419821546 -0.3756436432011678 0
1.036555124413673 -0.46394192513952 0
0.1446498675133005 -0.06929041413083216 0
0.1146221868932765 -0.05535492411299757 0
0.3851816423363664 -0.3260846618363984 0
0.4182011442479882 -0.3319217248803315 0
1.371319009933184 -0.8209949969120993 0
0.9088410195690656 -0.4387932472750041 0
0.9058237917868325 -0.394177297786641 0
0.377874958291283 -0.1094484866621914 0
0.322420610362264 -0.1206338397324942 0
0.8180347019929166 -0.8254285734135975 0
0.8903540652313336 -0.6344474351123504 0
0.8470944559672438 -0.6243763014450714 0
2.473143188344475 -0.8310328463242863 0
2.557042858795777 -0.8118422890909943 0
0.3533487645891559 -0.8112236593274013 0
0.3853127039899417 -0.7704125925773631 0
0.3896563688174888 -0.05912888540124684 0
0.3833292407980345 -0.03106087846859931 0
0.4190539769595941 -0.06549435228154084 0
0.4406324270541886 -0.04452353702169334 0
0.9578260099256176 -0.3339185921970571 0
2.781256718554365 -0.0500244564450855 0
0.08374001253143726 -0.07016449970283811 0
0.4891550627877138 -0.1056949416658215 0
0.5080091317253373 -0.0835815724983253 0
0.4971324960774888 -0.05956645572300212 0
0.5257139831012448 -0.06360287364135428 0
0.5359077761797025 -0.08827640678854301 0
0.5524967462985065 -0.06595066801381913 0
0.54403859657399 -0.04047532572417478 0
0.5711122515687066 -0.04511239561862365 0
0.5755545060336481 -0.07125213911438716 0
1.672969304884718 -0.05413354652055428 0
0.3333704196199476 -0.3692727820669275 0
0.04203775357768769 -0.2208791456751349 0
0.6490666296283821 -0.1330189078130262 0
0.1562858101157416 -0.1811039250251326 0
0.07035759995325168 -0.6296697678837789 0
0.7137757239659459 -0.1436440316526489 0
0.5864058741565261 -0.1238278537205749 0
0.6079543932511823 -0.1012646818150602 0
0.2741639930330025 -0.178126047881635 0
0.4696532652997734 -0.05234385757768788 0
0.2147969378745952 -0.2250292197674716 0
1.159950764201971 -0.04201122015183071 0
1.183663168044933 -0.08298816339150455 0
1.231762793591663 -0.08376154393574793 0
1.207082190006967 -0.1227944381156717 0
1.256402334883865 -0.126104253520454 0
1.157493726021269 -0.1208306379477172 0
1.132564627039721 -0.08040142015191561 0
1.102043686334935 -0.1163812964283322 0
1.126715835543705 -0.1577196906828813 0
1.05852999019314 -0.1148399619346118 0
0.2049216034862494 -0.06621369508990253 0
0.1744923815252448 -0.04708338225913743 0
0.2030409262289496 -0.03949913889684624 0
2.910289574845939 -0.1528137187806963 0
2.873444844167193 -0.1951463004648274 0
0.576114461866875 -0.3169407187406495 0
0.56577897640708 -0.2826977993156072 0
0.6005252809660724 -0.2888931653929065 0
0.5890513345556924 -0.2543888736691421 0
0.6236859454146449 -0.263517980426977 0
0.6375526036364844 -0.2970758033495777 0
0.6588961214972456 -0.26872932598741 0
0.6472975379929258 -0.2355443904115902 0
0.5534008166696922 -0.2517239338268139 0
2.540378463511654 -0.7611122408283864 0
2.589304716714051 -0.770527404338899 0
2.622356291422234 -0.7284358849733267 0
2.636400872378984 -0.7739438375053345 0
0.9165242230707362 -0.101147569155595 0
0.2373504504465747 -0.5804340993565196 0
0.6738668312773426 -0.3046441142587963 0
0.927077332640081 -0.4801308477220183 0
0.99431763756616 -0.4600757278551535 0
1.523215699053998 -0.3747824806247418 0
1.230532620214152 -0.1648913282870006 0
0.7516203936143718 -0.3209770443669425 0
0.790797443486604 -0.3282253662888782 0
2.147193582892189 -0.2139956323510143 0
0.8004587868917882 -0.08065567232199267 0
1.257250384923551 -0.04223583735412265 0
1.079563311624958 -0.4715744949280736 0
0.8409618381218142 -0.2725546063736175 0
1.151129394289778 -0.4447625202735834 0
0.5956077495463954 -0.05579462704324485 0
0.5001699367626182 -0.5161628271514148 0
0.5257713625235356 -0.4825585941145292 0
0.9469582208799054 -0.68631927987137 0
0.8896268532457595 -0.2184931898056022 0
1.033225201828701 -0.3498285636472571 0
0.581124309240137 -0.5304585889977781 0
1.282123009199396 -0.08488634265521626 0
1.32713395843973 -0.08432807155196173 0
1.304455476820328 -0.1287522634395668 0
1.35698483052779 -0.1282770787466971 0
0.5748927736718449 -0.8574443331930852 0
0.5505494814935168 -0.8145462039359439 0
0.5018231854834263 -0.814368473938564 0
0.5266413333885595 -0.7727171333288281 0
0.5745969768940061 -0.7723252855711873 0
0.4787838499428856 -0.772038775531954 0
0.5031773886428774 -0.731225083634917 0
0.4569452181921467 -0.7321729932139958 0
0.4830769924890067 -0.6953471980274475 0
0.5261052722724004 -0.6938488767574837 0
0.4535805607500941 -0.8138613928713775 0
0.1914463948334235 -0.1963209063104711 0
2.602704377679141 -0.6789116457107041 0
0.5502947854613521 -0.731901981001154 0
0.5684444678563975 -0.6902350948743079 0
0.6030023321319388 -0.728241468692529 0
0.623982637624119 -0.7769688583968397 0
0.5980428550526775 -0.8166277446944215 0
0.9783487882502193 -0.6521788829556202 0
1.649812261357729 -0.352610838085504 0
1.698286055101718 -0.360671656575896 0
1.729207113001475 -0.3222255286673494 0
0.0493386031327919 -0.3785769713453083 0
1.125012874854019 -0.8573047966944648 0
1.102341171632492 -0.8069241992833349 0
1.15251947963785 -0.8140368512925427 0
0.3757900553372604 -0.8560752516764762 0
0.1727271474991104 -0.3643733386378887 0
0.1870038992454346 -0.4094335884749704 0
0.04303111497716956 -0.4800149793940298 0
0.3677956655586299 -0.7277018752325477 0
0.04105639334412842 -0.5284806232623366 0
0.417821606338494 -0.3898514715893358 0
2.582410580430598 -0.1517621449249924 0
2.566654449747051 -0.1074147470767458 0
2.598470509878737 -0.07051684198444257 0
1.008742222463616 -0.5006982824524366 0
1.024898930397008 -0.857707131105769 0
2.083808605649173 -0.291369707937995 0
0.8433862151708387 -0.1456120337868705 0
0.3038172924432191 -0.2832772559788437 0
1.22489947965216 -0.8590672939580167 0
0.8381150935431957 -0.7480330824186712 0
2.385266524523551 -0.5996103085478801 0
2.434566201007358 -0.6072911210608198 0
2.533733546658467 -0.1441222683416429 0
2.518581325383512 -0.09043137539536091 0
2.485173557168526 -0.1353703873753697 0
2.465992325988859 -0.08952234356889889 0
2.666538890947638 -0.2518061809965735 0
0.8854614155780567 -0.4797187705107093 0
0.4757315268019292 -0.8571210770081583 0
2.436455910408551 -0.1288655347566943 0
1.351997109279365 -0.0420028484097742 0
2.957485771437885 -0.1266300219551477 0
1.570992343747953 -0.3827533252960721 0
2.599898598593738 -0.1980391937596005 0
1.597823631836217 -0.2146647813478768 0
1.555350952339174 -0.2068768773371131 0
2.165010735782838 -0.2599410812053613 0
1.143628971386543 -0.6420010984156701 0
1.172968093062042 -0.6065874717944347 0
1.219677008510597 -0.6133908252966859 0
1.235835997631566 -0.6579893908201067 0
1.283191133102002 -0.6687640901694674 0
1.319277942695495 -0.4307068716002507 0
2.50220146155823 -0.1826386736646867 0
2.404563593173977 -0.1666082134806201 0
2.387118254618317 -0.1226370169866362 0
2.338425134504907 -0.1140412314707566 0
2.307009797038759 -0.1513210475122101 0
2.289628938866237 -0.1067533915190324 0
2.2407769252157 -0.09824965130709215 0
2.209449795191343 -0.136615288290229 0
2.192203178568484 -0.09025446240764114 0
2.160509213625863 -0.1295003337748805 0
1.746929558557602 -0.368343087141052 0
1.777801720322607 -0.3299753162361262 0
2.957663697813747 -0.2254807882460518 0
2.916267384357005 -0.2517502520093721 0
2.914888446302889 -0.3001306704642981 0
2.869707642536 -0.2754680659436621 0
2.95572141366465 -0.3257458547007293 0
2.909892542043547 -0.3479073186269321 0
1.475393815096916 -0.8571834443489901 0
1.500603006144756 -0.8139404891745305 0
1.550025842297004 -0.8141288553238903 0
1.530430577378526 -0.7701466910805675 0
1.450033892446785 -0.8135157026783997 0
1.574986720197456 -0.8568222160915886 0
1.599950780164387 -0.8141733166580184 0
1.649953996178191 -0.8154513377354069 0
1.629633055963815 -0.7759716343706098 0
1.674929096272631 -0.8574866166163917 0
1.701970921862447 -0.81378429950146 0
1.561240957569618 -0.5973042210294957 0
2.523889352797787 -0.36010801820982 0
2.492718885696664 -0.3987045699900152 0
2.443728214357595 -0.391022814557396 0
2.474932212082703 -0.352405263059919 0
2.425923307110495 -0.3447849365660932 0
2.394828448152087 -0.3833085513294372 0
2.377073436339045 -0.3371185131394678 0
2.345956578120629 -0.3756267738545208 0
2.328273414097376 -0.3293674603974319 0
2.296981603846004 -0.3680211004969743 0
2.279494660967179 -0.3216477139626676 0
2.230723916613232 -0.3140317901564159 0
2.359578864608093 -0.2907375555311803 0
2.363618643947027 -0.421924555616403 0
2.684262841787677 -0.2981685811311285 0
0.7205527331954202 -0.5573645373212077 0
0.3872360464630195 -0.141077260842717 0
2.412544122789721 -0.4296060216032698 0
2.136799845248735 -0.4297319030014322 0
2.115681400907471 -0.2526582016659677 0
1.861673807468011 -0.4296673566580667 0
2.814503829595552 -0.2733481225289647 0
1.588242275385048 -0.4292651613290287 0
2.506157794311412 -0.3138067313313014 0
1.72369604372574 -0.6672289800342266 0
1.7601490975298 -0.2839083192548167 0
2.011813615198794 -0.1102487592620484 0
1.963891425552761 -0.09844872982504221 0
2.000619176343466 -0.06711270826983426 0
1.914554884709499 -0.08725472103527127 0
1.932595965526058 -0.1371621740449943 0
2.087910369651342 -0.4220447608294694 0
2.070092040519965 -0.3759181135957954 0
2.021294274181681 -0.3682838663798129 0
2.374983415109187 -0.8567083051003995 0
2.398077122016729 -0.8139403544394999 0
2.275213269488438 -0.8569300770251271 0
2.251165975510811 -0.8176089157343983 0
2.299958936028957 -0.8134403196583709 0
2.176523840709122 -0.8586618880435677 0
2.075000634207604 -0.8571435464531372 0
2.052842752007404 -0.8121792039227385 0
1.9972293286492 -0.8043055313256382 0
1.974571438831448 -0.8554938729508803 0
1.943267522749008 -0.8171024065077868 0
1.87534934940724 -0.8590677787743971 0
1.855687425473632 -0.8127672742393928 0
0.9476498176610095 -0.02556220618334665 0
1.756054013096353 -0.1541486760007605 0
1.834641846408712 -0.5986905012637094 0
1.813015876166917 -0.4219597329514124 0
2.265711122943552 -0.4066115185397354 0
2.452498121971374 -0.6538306608505979 0
2.635170984219894 -0.290533842786359 0
2.119074202139122 -0.3835774750425061 0
1.901621340173572 -0.1764039260309463 0
1.020969430973972 -0.3113684724797215 0
1.990208533085142 -0.4067058443574371 0
0.04246521665859872 -0.7746406085018722 0
0.08626455718004472 -0.7996191179366675 0
0.08141855295932701 -0.8539400041556899 0
0.1269090145599531 -0.8247288769171783 0
0.1292673166114978 -0.7772688935040537 0
0.0867772970114999 -0.7461163505995629 0
2.109848729081842 -0.5991707627005031 0
0.2289868957680533 -0.8583399138928229 0
1.870668738545593 -0.2150017740164861 0
1.516200392867197 -0.7198423549754365 0
2.674986799632578 -0.8580979298319727 0
2.724992865216079 -0.8573411306556202 0
2.702860075615415 -0.8165417579676966 0
2.753463747484949 -0.821743071309655 0
2.956326448177705 -0.673742910674541 0
2.826888702572973 -0.8546499419615448 0
2.956918248278008 -0.7750672175402743 0
2.915304315588231 -0.7980163661892435 0
2.913400167261626 -0.7500046735152934 0
2.742938139249096 -0.5685571556980696 0
2.238979569909588 -0.5760389902484165 0
1.737936670831032 -0.1093857144233281 0
0.0795846698388749 -0.1079595946748215 0
2.688844382346121 -0.4295225420691684 0
1.950279490566122 -0.184155254726406 0
2.831601636952113 -0.3210260743778903 0
2.065008665486082 -0.722789098849522 0
2.38955708690595 -0.04192324708712292 0
1.79698377060822 -0.03900684243518115 0
1.554719697622313 -0.04279706248754163 0
1.529193550982539 -0.0877736010468821 0
1.453314305388096 -0.03961035942107882 0
2.290436615429555 -0.04012831390784956 0
2.484651892104845 -0.04250519554551689 0
2.065553472530109 -0.2455887580186788 0
2.336315083985272 -0.5917990818315808 0
2.608643742038804 -0.4604032709247907 0
1.715828037117819 -0.4067500528652072 0
1.82640477193372 -0.3375940674115158 0
1.95466733908153 -0.31464960683413 0
2.213815843964253 -0.2675218388428721 0
2.801789720950477 -0.3596118527260677 0
2.644541088198025 -0.5531965874212386 0
2.85846703069563 -0.631064226611699 0
2.052659040264253 -0.3297853291415653 0
2.221219372902625 -0.5298498527772498 0
2.128318377645966 -0.1686446063836295 0
2.747693902125926 -0.70028317214646 0
2.648787073989965 -0.2056508670537393 0
2.497206049407424 -0.5299515092411377 0
1.711584797178251 -0.2760107494844978 0
2.87940321985928 -0.03914593580640968 0
2.777499179773635 -0.1823508656213074 0
2.194493789208164 -0.699667086743254 0
1.950179073258509 -0.6604574573025751 0
2.63980206405372 -0.4217808919197739 0
1.512885842080194 -0.589394318405686 0
2.367843171917868 -0.5530974638820259 0
1.945792027212516 -0.5295957763573887 0
2.092263196273994 -0.5528310235493343 0
1.707285887400753 -0.1465263283361323 0
1.540271373633217 -0.4212999954223307 0
2.645732521918197 -0.07779923495336752 0
2.003504501879154 -0.3222886351506272 0
2.51507023909785 -0.5763700874065547 0
1.795432937385401 -0.3759717573000949 0
1.601644297711683 -0.3446702154108579 0
1.838783924381405 -0.7297935451291219 0
1.785972009429179 -0.5906804575857667 0
2.270066894091422 -0.537489637525025 0
1.817144419235699 -0.5524323268862152 0
2.716442265475975 -0.7366753382787818 0
1.775924709604086 -0.8550952327146648 0
1.276701224118986 -0.5474877676581623 0
1.456146865783897 -0.2819145717781977 0
2.061026981035782 -0.5913457629646852 0
2.211584572334319 -0.7436525359821404 0
2.483829639029771 -0.6151296655562779 0
1.303457826113388 -0.3870054681152689 0
1.671565481265713 -0.5289189506643751 0
1.448286074900394 -0.5355435295273429 0
1.444533846088645 -0.4069835089894829 0
1.994599650573605 -0.5373114578808871 0
2.457273642828825 -0.3060886885025656 0
1.544031083108682 -0.5514126520550009 0
1.488505580809217 -0.117061971894546 0
2.826291219182034 -0.1897407973990205 0
0.2303265703511959 -0.04772503953367203 0
0.4709479017960058 -0.1301527963318742 0
2.657689002556562 -0.4681432398300324 0
1.476984398944882 -0.3695592717587453 0
2.774197413538793 -0.5298540177869911 0
2.909531263263972 -0.6402195151076249 0
1.097897551579018 -0.63410237337651 0
1.272945676385506 -0.4231902141992201 0
2.675646792099958 -0.5144915486151984 0
1.407102567909725 -0.785250733690134 0
0.3250676280740945 -0.5979132794868884 0
1.23040716292936 -0.5386015084207952 0
1.720035851528739 -0.5366518025301408 0
1.400790544827245 -0.5275991041850518 0
2.909814521015157 -0.5026065967039491 0
0.6135564046959388 -0.3250947259549902 0
2.012305682879569 -0.583462105719168 0
2.724865719216333 -0.5221996930638004 0
2.805204630069657 -0.4911712099196166 0
2.310849695831187 -0.2830600545976354 0
1.334351961462094 -0.3494615761825138 0
0.3207828616912632 -0.7193735707359658 0
0.7724229330299872 -0.02193238958911289 0
0.814357221777172 -0.03997973031036772 0
0.8737243012959194 -0.02193238958910567 0
0.8862021390244479 -0.04428938960516308 0
0.6964469068305738 -0.02061772010887724 0
0.6220181332262996 -0.02232370533827293 0
0.6457962226976363 -0.02193238958908648 0
0.4965133790918317 -0.02146031364191289 0
1.37801202231892 -0.1820065310088395 0
0.1947190581685995 -0.7345817612660738 0
0.2001590859067238 -0.2906635092937475 0
2.029902151003497 -0.6297715089387741 0
0.3028002639494284 -0.5155704152016334 0
0.7474114841789792 -0.02264947065709452 0
0.7334693736069989 -0.04494305596081634 0
0.8512486354803285 -0.4079278897022728 0
2.287737393878703 -0.583742392766424 0
2.855219928609435 -0.4980026036134069 0
1.998922305462643 -0.6683199676137349 0
1.286123952040339 -0.2954010225981207 0
0.7264284991387334 -0.8575234741749443 0
0.2682538485789618 -0.1214392241242238 0
1.737496414219696 -0.5824864283134581 0
0.1838046799312827 -0.5304047896780053 0
0.3859192438021544 -0.5307111461655389 0
0.7709298474899708 -0.8081490626664741 0
2.305439268733011 -0.6302972326160097 0
1.418003718631502 -0.5725987056606912 0
0.2193677943054381 -0.378626615789678 0
1.706444728087183 -0.6206613037920655 0
2.183190465262515 -0.04369849317686707 0
0.4325894231780688 -0.7724736884599769 0
0.6571619595786189 -0.624640761981566 0
1.052831723141027 -0.7471957432705749 0
2.32307257387917 -0.6766731292984433 0
0.7764611294793485 -0.2920485748023427 0
2.016633846972268 -0.7147071654225726 0
1.144330038897482 -0.7657157592581703 0
0.04151622499358208 -0.3219082110267504 0
2.292113095493023 -0.7156885726670988 0
0.4846802379149521 -0.4750457402989938 0
0.915129607322305 -0.1912861706941342 0
0.5758697437539066 -0.4202273479222204 0
1.170630186545536 -0.3096377266420152 0
1.675539550965811 -0.6589157585986816 0
0.4979728472085399 -0.630564868984915 0
2.033383591079034 -0.7628500723065297 0
0.9488955945026978 -0.811493390843836 0
0.4559705656812965 -0.6216941286357663 0
1.045274570976519 -0.1795877515127395 0
2.259650106587837 -0.7502005024964112 0
0.7770520530122391 -0.497395027932989 0
1.107418282296908 -0.4363973907984628 0
0.9669110593969179 -0.6087824111890773 0
0.7865202355994729 -0.1844915595333006 0
1.692774576213667 -0.7058633936274354 0
0.7568732187924023 -0.6827120532578346 0
0.752436446094026 -0.4214680912457086 0
0.2886374571442806 -0.4726463516976779 0
1.081593314793006 -0.5926581743327451 0
0.4457463268232722 -0.3091680771606232 0
1.465507787913645 -0.5804307945556002 0
1.280404001814703 -0.8034303101709669 0
0.972831383390041 -0.2662282547603579 0
1.482680169229747 -0.6269965925649481 0
1.269019533647894 -0.7477898886208655 0
0.5255446685794256 -0.1960679640868131 0
0.3733119463898476 -0.4894955004839755 0
2.575139391022555 -0.8573907758377581 0
0.4400450057462537 -0.2106444018495151 0
0.3172606586418353 -0.02088692788152862 0
0.7347169649054101 -0.1198871537470528 0
0.9337673871872139 -0.6436479374693433 0
1.009615670553941 -0.2735525995653512 0
2.102886450175774 -0.8153139862689447 0
1.086446500701364 -0.2903829274217041 0
1.007469862357 -0.1766865805705591 0
1.299731700799293 -0.7133474333394945 0
0.6797279535230887 -0.1069718659276602 0
0.3959741829053588 -0.6910733518070238 0
0.5926658886471294 -0.2064364912060568 0
0.2668386824737459 -0.02186614852729055 0
1.452116210389781 -0.6638275227017119 0
0.5204081987182037 -0.1114497873149561 0
1.866053847657723 -0.08567223159514954 0
0.537470241218672 -0.4125783866532181 0
2.843403312421824 -0.2348101357788337 0
1.380664447368462 -0.309734281270398 0
0.9944857457576878 -0.1445274446563429 0
0.7129960822018565 -0.2272264613909498 0
0.8204527090564885 -0.1897288940500542 0
0.6299537820772794 -0.6577950462109885 0
0.6778192173387096 -0.4067069055482659 0
0.3509528449012423 -0.2242466369907842 0
0.09186244368041496 -0.2771277875881789 0
1.895142207822754 -0.04197186457920841 0
0.1395299625432756 -0.03782196453235149 0
0.8821803876054741 -0.592447757601007 0
0.5892294063928712 -0.651529622958356 0
0.6911285607640989 -0.4446662134397553 0
1.281556641696155 -0.170044670326597 0
0.8610616302626577 -0.04387081787819443 0
0.1844030828052436 -0.1556056710496915 0
1.126989503115752 -0.6003944869675246 0
0.839522862667748 -0.5836495655290062 0
0.6550341656684774 -0.7427987753516465 0
1.423294776921445 -0.3183284988896685 0
2.669247130649986 -0.7304916396788658 0
0.114361105514827 -0.02484082940462203 0
0.5798856092452136 -0.09653029125962766 0
0.6920222589562111 -0.2747950820634978 0
1.467825494309678 -0.7130879815612809 0
0.05873762127751288 -0.04762190617696396 0
2.920098163187302 -0.8539710817344558 0
1.662503476173835 -0.7420966618114628 0
2.92479773824963 -0.03875447390188323 0
0.6040614713252201 -0.4970227549710146 0
1.582571894228836 -0.08556952060780279 0
2.726738448059872 -0.04228739650345106 0
2.345753148308714 -0.8125283607677285 0
0.6384242327164009 -0.5800705176693071 0
1.054648524399484 -0.8158555618990586 0
1.155845389548291 -0.5655058367445103 0
1.581218222098048 -0.7716158573112153 0
2.957592323679377 -0.5277842778399326 0
0.4440511771851559 -0.3549243647864075 0
0.9221049519367291 -0.02274304555928464 0
0.4513944522338235 -0.2428539014154785 0
0.5669071913753796 -0.02133739723924807 0
2.416649605370137 -0.08523505934845187 0
0.4061377086666323 -0.8138239588704803 0
1.478492578958249 -0.7723122512030706 0
0.9729104684982224 -0.856547868025659 0
0.04073514501412754 -0.672914183055101 0
2.14205801184484 -0.08613845838567916 0
1.327326512149845 -0.8603406942715076 0
0.5508859894050744 -0.4507782504770757 0
1.060292260627574 -0.3193888699268311 0
0.4431934861655866 -0.02053476944234853 0
1.206628385910792 -0.2004554387529565 0
2.91553141570757 -0.6992550966370978 0
2.692827780027043 -0.08593280555279023 0
1.070257921835361 -0.1480988860999083 0
2.651161488686048 -0.6858871554598608 0
0.2819384216031974 -0.0456477892383737 0
0.8247490681433179 -0.02098240248799645 0
0.3441743086147162 -0.5219958296631014 0
0.3616155475097786 -0.25757619679276 0
0.7285388117849729 -0.4513674790316048 0
1.201632758604045 -0.5725099584613249 0
0.1671606274888947 -0.8039494816595301 0
1.81761555081586 -0.08066847011512401 0
0.8609915192571508 -0.2062068360966439 0
0.9324126868159675 -0.3638782143770002 0
2.959688026238243 -0.5781057095845423 0
0.9837213647562015 -0.3036871024102656 0
2.154320970686753 -0.8176506439089362 0
1.203569094336775 -0.819307965275952 0
2.959119065163173 -0.4293947843914897 0
0.4123307142589663 -0.7317931161085314 0
0.9229913901596125 -0.3243405365945563 0
0.8734161704588735 -0.3811430175207485 0
2.876773822975785 -0.3221601214405788 0
0.06331335516651874 -0.02154804203765041 0
2.781945450403459 -0.788483434910734 0
1.247077477320841 -0.5805950033172901 0
0.7070081385466673 -0.04216561319879346 0
0.4635041486474544 -0.2740138759085101 0
1.036537920905202 -0.09113019385411952 0
1.032143288976727 -0.1468025769644566 0
2.917466111416239 -0.2037085267931975 0
0.31424781443154 -0.5561016916456697 0
1.183047235174119 -0.1567175986439435 0
1.860036098058947 -0.767351420406478 0
0.1014528357318456 -0.7087960845487431 0
1.265919167130332 -0.624795553064211 0
2.651620243735282 -0.8190386777687434 0
0.8271803402421757 -0.08861280997715879 0
1.314043787832688 -0.6363845559371218 0
2.365996685605887 -0.08079676779632053 0
0.7353192777929368 -0.2872206714344536 0
1.330909107959754 -0.6816229963368001 0
0.0816839219800643 -0.4578133436854944 0
2.413347827551233 -0.7743068628532178 0
0.3640457097929872 -0.019866689964085 0
1.612834351444171 -0.7334392858639204 0
0.2810062806534885 -0.5905311385673366 0
1.101082788378096 -0.3266629892134309 0
1.123181950836699 -0.1971651391459452 0
0.4059540216306686 -0.0421929872721209 0
2.090257052312516 -0.03239162910973448 0
2.605739979203284 -0.8151454781187694 0
0.2450334364044465 -0.6241558803392719 0
2.684245922500021 -0.7758064817033723 0
2.62900877823215 -0.0358596231660212 0
0.5393134166275557 -0.225311398420892 0
0.5445012715024499 -0.01779895852860649 0
1.718039702070223 -0.06690224322830168 0
0.6433429591691677 -0.8209805944702482 0
1.377442847040045 -0.8634625264790334 0
0.3395415046299947 -0.2880356025426456 0
0.7406149345564627 -0.4884921199015105 0
1.478496062402618 -0.07641675299522167 0
0.5655569897834642 -0.4905195540134966 0
2.872479298402539 -0.8207366128471786 0
2.202599760242056 -0.8190760267508598 0
1.767577593340679 -0.07481660673264268 0
0.1995568333096547 -0.5653068966851476 0
0.3311446207462578 -0.04322071603653284 0
0.8358220787518068 -0.1156138245495814 0
0.4410927634919564 -0.6936788996306782 0
0.829701300007734 -0.8659141700171883 0
0.1249999999994428 -0.8665047647385515 0
1.293248728071072 -0.3454071302663318 0
0.8101148421965718 -0.6139248849478931 0
1.739134652449101 -0.7937592739486045 0
2.734067807669613 -0.7810327385586479 0
0.5337315843712312 -0.2794914316910382 0
0.6312223779655531 -0.09301419610474697 0
1.14404088126699 -0.3345762524551346 0
2.90480977351485 -0.07474898727232755 0
1.901002297600826 -0.8260887737810235 0
0.2013518904296533 -0.8243613520551594 0
0.1466766691363186 -0.609937841914627 0
1.672812252902136 -0.7813899244231499 0
0.2152654075661344 -0.01725499380910207 0
0.7141546401861152 -0.5170135615869234 0
0.1339699103858306 -0.2839934808187844 0
2.316708352383642 -0.07671188407283543 0
0.1899400654995309 -0.01712203193234648 0
0.3554693197799408 -0.3161789730780877 0
2.897169789997591 -0.3865833402806834 0
0.6953524989284979 -0.2450724456374981 0
0.03348800843655629 -0.04918273416446187 0
0.1019054832173295 -0.5884895586347197 0
0.8048202202965204 -0.2751898765218101 0
1.246320787234331 -0.8237284998368893 0
0.6818312131667257 -0.03946186269849824 0
0.6197984348015133 -0.5387447310666431 0
0.03109093865403198 -0.6249999999992761 0
0.8212771429312349 -0.6561656400756477 0
0.9078986129243412 -0.04172004259622541 0
0.514075434579101 -0.04239574528007383 0
0.8384676962021798 -0.04193934265290093 0
2.040813363416884 -0.08234841525586969 0
2.580947625128056 -0.03638411207635259 0
1.465392617609899 -0.3266084581828551 0
1.526358220601371 -0.2488891964920185 0
0.2532534206660386 -0.04025266042237204 0
0.5753779624185844 -0.2302541491981388 0
0.6097881051862795 -0.2356199893439897 0
1.06859412371159 -0.7811432344100053 0
0.1684786362795016 -0.7653160144731201 0
0.5070652838698279 -0.3064554544057018 0
1.497019238839536 -0.2882775911346417 0
0.6525171408520708 -0.2091382405647058 0
0.7947199365612589 -0.6874986715881819 0
1.431442857778326 -0.0730370862654055 0
2.228918871035236 -0.7829463112579865 0
2.964074023244774 -0.03576337473947692 0
1.53919178371797 -0.165439159377255 0
0.1391049563079264 -0.01671704321885204 0
0.8192218660630799 -0.1378127807819736 0
0.6894411172304005 -0.5445919061442196 0
0.03660254037850523 -0.8633974596214037 0
2.963397459621578 -0.8633974596216453 0
1.639745934858375 -0.03596761586422511 0
0.6740550609307485 -0.868352046760968 0
0.4680282873101164 -0.6606048530797345 0
2.437306794874726 -0.8174973251208955 0
1.513204175266012 -0.2041095293467281 0
2.883591168522889 -0.7254301019128514 0
1.81219861758998 -0.8204328409006016 0
2.47490650554389 -0.8699726225745232 0
1.703877897186984 -0.03046509625831998 0
0.2447679417061438 -0.1721395916193729 0
0.6074546563929895 -0.6868925877077182 0
1.187987058841208 -0.3425406650325294 0
0.8375888408362058 -0.2459270222601584 0
2.797503445219833 -0.8269050112198637 0
0.1976687911925671 -0.2543187404305989 0
0.4735923694330046 -0.3006733966769382 0
1.524860727650853 -0.1246215338680386 0
2.927749584219445 -0.6005194837306601 0
2.859194650680709 -0.0756088024348644 0
2.921548726813936 -0.1085898077834292 0
0.8188025885324518 -0.06279934056330302 0
2.270626313139359 -0.07414152084956362 0
0.07435576230931344 -0.3084321363820374 0
0.08914247868952133 -0.04366831130972788 0
0.8749999999964744 -0.8722686295374957 0
0.4868028190885793 -0.04042599250839542 0
2.923032747027476 -0.4585731768061643 0
0.07515935394901593 -0.5509568498555559 0
2.559677314884532 -0.06945045441570581 0
1.955930486103375 -0.7779969523687481 0
0.8284333043077542 -0.1668123008808046 0
0.07791752043048147 -0.4175435935699818 0
0.5588152259816836 -0.08728201518463548 0
0.2365611364917873 -0.82190519546999 0
0.3613364673883122 -0.3482726369079037 0
2.881229629731209 -0.2336178268755405 0
0.6336010933065309 -0.1139000818894485 0
0.6142603538358223 -0.04322167557006675 0
1.408809714977379 -0.8262752504303007 0
1.23009756782356 -0.3485226323670324 0
1.365924037248393 -0.07708625629308918 0
0.2973198615330324 -0.1271437899714439 0
0.2716588622411028 -0.1496703427540697 0
0.3990890420461551 -0.0181529161550761 0
0.5033615406100654 -0.6656904230774878 0
1.080195046475531 -0.04539734392796217 0
0.5951772818032817 -0.07902669299242139 0
1.995072414734413 -0.0284575756291095 0
0.808476530200012 -0.7292138278720223 0
2.273681737374325 -0.7866055132926821 0
0.4018628154140069 -0.3591785278241791 0
1.002223598646659 -0.02235874032777668 0
0.6701323458679407 -0.2444560113226499 0
0.2203548486463188 -0.192385526285932 0
0.3039041047992543 -0.03742877250958466 0
0.2746120154344098 -0.8727304550123836 0
0.8162206852046298 -0.7882071953688725 0
1.053169236249797 -0.06370222177724075 0
1.098085005473313 -0.1476412445953523 0
0.06729697189538651 -0.6986669753495209 0
1.746448081659748 -0.8280458844246513 0
2.818851322420852 -0.07655411896236726 0
0.880948826245887 -0.4159505973177416 0
0.6592264375366323 -0.03653669986055523 0
0.7830768849322156 -0.264524862799854 0
2 2 0 0
2 3 0 458
1782
1783
1784
1785
1786
1787
1788
1789
1790
1791
1792
1793
1794
1795
1796
1797
1798
1799
1800
1801
1802
1803
1804
1805
1806
1807
1808
1809
1810
1811
1812
1813
1814
1815
1816
1817
1818
1819
1820
1821
1822
1823
1824
1825
1826
1827
1828
1829
1830
1831
1832
1833
1834
1835
1836
1837
1838
1839
1840
1841
1842
1843
1844
1845
1846
1847
1848
1849
1850
1851
1852
1853
1854
1855
1856
1857
1858
1859
1860
1861
1862
1863
1864
1865
1866
1867
1868
1869
1870
1871
1872
1873
1874
1875
1876
1877
1878
1879
1880
1881
1882
1883
1884
1885
1886
1887
1888
1889
1890
1891
1892
1893
1894
1895
1896
1897
1898
1899
1900
1901
1902
1903
1904
1905
1906
1907
1908
1909
1910
1911
1912
1913
1914
1915
1916
1917
1918
1919
1920
1921
1922
1923
1924
1925
1926
1927
1928
1929
1930
1931
1932
1933
1934
1935
1936
1937
1938
1939
1940
1941
1942
1943
1944
1945
1946
1947
1948
1949
1950
1951
1952
1953
1954
1955
1956
1957
1958
1959
1960
1961
1962
1963
1964
1965
1966
1967
1968
1969
1970
1971
1972
1973
1974
1975
1976
1977
1978
1979
1980
1981
1982
1983
1984
1985
1986
1987
1988
1989
1990
1991
1992
1993
1994
1995
1996
1997
1998
1999
2000
2001
2002
2003
2004
2005
2006
2007
2008
2009
2010
2011
2012
2013
2014
2015
2016
2017
2018
2019
2020
2021
2022
2023
2024
2025
2026
2027
2028
2029
2030
2031
2032
2033
2034
2035
2036
2037
2038
2039
2040
2041
2042
2043
2044
2045
2046
2047
2048
2049
2050
2051
2052
2053
2054
2055
2056
2057
2058
2059
2060
2061
2062
2063
2064
2065
2066
2067
2068
2069
2070
2071
2072
2073
2074
2075
2076
2077
2078
2079
2080
2081
2082
2083
2084
2085
2086
2087
2088
2089
2090
2091
2092
2093
2094
2095
2096
2097
2098
2099
2100
2101
2102
2103
2104
2105
2106
2107
2108
2109
2110
2111
2112
2113
2114
2115
2116
2117
2118
2119
2120
2121
2122
2123
2124
2125
2126
2127
2128
2129
2130
2131
2132
2133
2134
2135
2136
2137
2138
2139
2140
2141
2142
2143
2144
2145
2146
2147
2148
2149
2150
2151
2152
2153
2154
2155
2156
2157
2158
2159
2160
2161
2162
2163
2164
2165
2166
2167
2168
2169
2170
2171
2172
2173
2174
2175
2176
2177
2178
2179
2180
2181
2182
2183
2184
2185
2186
2187
2188
2189
2190
2191
2192
2193
2194
2195
2196
2197
2198
2199
2200
2201
2202
2203
2204
2205
2206
2207
2208
2209
2210
2211
2212
2213
2214
2215
2216
2217
2218
2219
2220
2221
2222
2223
2224
2225
2226
2227
2228
2229
2230
2231
2232
2233
2234
2235
2236
2237
2238
2239
0.6776693031744353 0.3566510416391404 0
0.5511852223951383 0.2478617497856469 0
0.7994060839713683 0.4920655085244192 0
0.4249910120740072 1.009493837997594 0
0.04278984210004892 0.5756191239281083 0
0.8808807667093871 0.6494891836809373 0
0.3999965009854268 0.1637613606556734 0
0.6194876206093266 1.00763721015082 0
0.04278521475913244 0.7744948697402997 0
0.04349535999237565 0.4239970548307446 0
0.9290829883985682 0.7752650444548822 0
0.2578411303892648 0.1173866293873354 0
0.2750894470070181 1.006768531023805 0
0.7734252323568882 1.013568207139935 0
0.04284693776523832 0.274224735517708 0
0.9585880723654993 0.882613462976151 0
0.1572741920216559 0.09441110136389547 0
0.5241708903661405 1.009360376269658 0
0.1751058813429357 1.006663021497117 0
0.04197251785054307 0.6747891170542297 0
0.0453731550479401 0.8793873245898818 0
0.6299009439502289 0.3162998494683918 0
0.7294388645980094 0.414558697367047 0
0.8308825317907267 0.554042916549223 0
0.4862964970920617 0.211597420339702 0
0.9105135592305459 0.7069859461128203 0
0.3253135052070225 0.1433953120262109 0
0.8780045280659328 1.009408917566832 0
0.04303919984153735 0.1767425384566778 0
0.08864929038355146 0.08410036146290158 0
0.9642617908929348 0.9484842710421716 0
0.07708542927913195 1.007868405602895 0
0.04234113124749345 0.2252866690988817 0
0.0838388341988052 0.2496484766810932 0
0.08477838152182662 0.2968453826397497 0
0.1239921528603605 0.2739193737719528 0
0.1255588914662213 0.3191173640867973 0
0.1636907518821206 0.2965855952501927 0
0.1650759315295918 0.3406531037446842 0
0.2035200268684955 0.3174244824834823 0
0.2042913833832291 0.361803886690296 0
0.242106203000602 0.3396306453114426 0
0.2428292457496316 0.3825020754143824 0
0.279730629875681 0.3602557463655317 0
0.2808237150476263 0.4030732525493674 0
0.3173555298595279 0.3810871408702458 0
0.3183376940281298 0.4239234728263153 0
0.3546120067556027 0.4016415855759551 0
0.3556395552518495 0.4443132661200669 0
0.3192691778076683 0.4668429809148626 0
0.3570090332430254 0.487607940314691 0
0.3200349535859964 0.5102921531004636 0
0.358331130748462 0.5311545163501515 0
0.3956953753092197 0.5082351523597327 0
0.3973262172912215 0.551859265183783 0
0.3595787815034811 0.575038801095249 0
0.398378160563104 0.5957486341948778 0
0.3607965147767348 0.6194018217535204 0
0.4358804740314303 0.5723829030115106 0
0.4372394423784778 0.6162359209844324 0
0.4746328846756787 0.5930521131969433 0
0.4759031280884555 0.6366414574685186 0
0.5130245572000506 0.6137208194800752 0
0.5143774218423596 0.6568926275788376 0
0.4776833231102149 0.6801301203450024 0
0.5513986142372935 0.6342529320868993 0
0.55260349040963 0.6771428448732697 0
0.5892267111027084 0.6545398034121024 0
0.5906270029825413 0.6973483723747498 0
0.511528361116699 0.5704639067404118 0
0.6270731022256566 0.6746434383376032 0
0.6289574772153786 0.7175670408514764 0
0.5920507318864683 0.7406413519390944 0
0.6305690746367958 0.7607935211763778 0
0.6673769279690083 0.7376521386292839 0
0.6309623176635919 0.6264617899209882 0
0.6691778071356335 0.7808183535043345 0
0.5935201805066695 0.7843518336429087 0
0.7055192699892026 0.757540215837778 0
0.3537607845162768 0.359521478686252 0
0.3903447497679373 0.3796947646690692 0
0.206430368842592 0.4043136334707824 0
0.7075460166079435 0.8006716785819814 0
0.2809667367294552 0.318733340709801 0
0.7436914771102172 0.7775287849785255 0
0.7056595083235717 0.7158507566540731 0
0.7457478748801597 0.8204114613552386 0
0.3215633858415426 0.5982238904665097 0
0.3227344778618415 0.6431460015151607 0
0.2828083211656166 0.6218131460760283 0
0.2840027020158897 0.6673402275950422 0
0.3244200395474724 0.6889607174032598 0
0.2853501560716863 0.7134037976647547 0
0.3264615179403995 0.735252846603077 0
0.2868096357630724 0.7599335914997495 0
0.3283592169030781 0.7820016185227654 0
0.288247727844881 0.8069532356891411 0
0.2458883074386606 0.7379108578263389 0
0.2435092461991107 0.6456901623117469 0
0.2430544141452203 0.6001122836630393 0
0.6682073519059826 0.823131605871489 0
0.3299753546369917 0.8290776995607917 0
0.3701014531669447 0.8040211517015657 0
0.2027081753375901 0.2731957999403414 0
0.3894097664770209 0.3384644384110323 0
0.4253372982916808 0.3583609598118122 0
0.7815246442999384 0.7971661382670048 0
0.7838501764894535 0.8399712507816899 0
0.7794855618838864 0.755175460370984 0
0.7474279375527222 0.8636950577105358 0
0.2028074460922195 0.6233806146239824 0
0.2022914205770211 0.577377747789305 0
0.3718453974216823 0.8511665783853936 0
0.4109387270836162 0.8240699535815309 0
0.1241738672996262 0.2272156580815175 0
0.4264826383983243 0.3992700633700981 0
0.4611990274883489 0.3779654759532399 0
0.4624004155493631 0.418541708805677 0
0.4968110708716549 0.3973913647773033 0
0.4980277172258846 0.4377365119864342 0
0.5324372023122579 0.4166541716543687 0
0.5334564049284896 0.4567634590967952 0
0.567457367793582 0.4357509461568358 0
0.5686555226605001 0.4757430156682568 0
0.6024244947975224 0.454965620304273 0
0.6035894425292174 0.494660706882982 0
0.2896894920374572 0.8544466079156028 0
0.2475612644698733 0.8319430422639167 0
0.5311678797416959 0.376614317418131 0
0.4594772569168948 0.3371256232552918 0
0.6372077609689324 0.4739904027179774 0
0.6383669614024519 0.5134401416886818 0
0.6717873931388181 0.4928840763266407 0
0.6729662681700791 0.5320892485085774 0
0.554413364111257 0.7637965448883224 0
0.5558407713298613 0.8082800474378599 0
0.2815216801926193 0.4891165675360041 0
0.7863113595430808 0.8834943852764727 0
0.8223816671763304 0.8596615775580831 0
0.2495070144002259 0.8789030962326205 0
0.206357461230552 0.8571148756584949 0
0.4135174940759931 0.8727949557843193 0
0.3735429770668152 0.8963800749355433 0
0.8171006613828974 0.7750895902979134 0
0.8147218253183275 0.7335152342775031 0
0.6046901950033178 0.5344122548849524 0
0.6012539827951244 0.4153667303597831 0
0.4077577113319777 0.7750398057330627 0
0.825088805168838 0.9028294614766519 0
0.1616994547958251 0.6011437297499375 0
0.1606589498744957 0.5543583594840331 0
0.1627502137007221 0.6483216024146998 0
0.7491762358589487 0.9078944628215756 0
0.4999328884926663 0.478885400768006 0
0.4499370355762351 0.8436032934097082 0
0.4547888546110855 0.8943330827305284 0
0.7061417615691423 0.5116602099004499 0
0.7072846678964312 0.5511858826794185 0
0.1267243618083312 0.3643320790578811 0
0.8606812313242848 0.8792644838214876 0
0.8578800890238354 0.8371247503383312 0
0.7783998083235364 0.7142203118914294 0
0.8128174216267903 0.6932995350370523 0
0.7777453109499541 0.6744351662264834 0
0.3535618813124376 0.3182153286194753 0
0.3887130284674275 0.2976755656280282 0
0.353753402458445 0.2778880633726301 0
0.3881878938034319 0.2578374782852244 0
0.3536829697412459 0.2383377611825807 0
0.4225703901684609 0.2770503597385078 0
0.6691253080147429 0.6533386116058609 0
0.2111958287069739 0.9004424442952343 0
0.1658668216406715 0.8807665166908467 0
0.1650584403427727 0.8345982452024707 0
0.8113748204168846 0.653812460414703 0
0.7766872313190785 0.6351212608717516 0
0.3654973244693654 0.7103492934243882 0
0.201766313544561 0.5316670848288095 0
0.1603600752755186 0.5087176974223059 0
0.5162113603991753 0.7870320545398206 0
0.3194124059235074 0.2581831815749617 0
0.3190662776238364 0.2185665563774112 0
0.2849028372688727 0.2385599909291573 0
0.2845276897974162 0.198811784900736 0
0.2930174833276163 0.9028586760851535 0
0.4937522982644102 0.8686271052838164 0
0.5946942912821297 0.8276424890371223 0
0.1219190243129956 0.6257902722051933 0
0.7430143693849863 0.6556261129690147 0
0.2504218337607088 0.2186651633241972 0
0.8635871533594455 0.9218352780090839 0
0.4967852622689934 0.9168432403393456 0
0.5394508386330402 0.8840362835677466 0
0.7078397332633435 0.8877856064655136 0
0.711298700462575 0.932460770569043 0
0.665089715779477 0.911784472857178 0
0.4222497676165088 0.239108984464054 0
0.6702800318841298 0.4541554966607758 0
0.1225872445694962 0.6734756384722991 0
0.1640134677801964 0.6958645647188862 0
0.123657887611739 0.7215821767221393 0
0.1655259260884822 0.743503520990958 0
0.6757093948884609 0.5717942755183072 0
0.1200695075230639 0.5318038943369194 0
0.123189669354266 0.4838521626081488 0
0.8506315129627122 0.7521104959967636 0
0.7418874884356743 0.6161036749559724 0
0.7753684031033209 0.5939563869192838 0
0.4278190398191261 0.4400808359237504 0
0.1248230683453059 0.770018450534657 0
0.7397430154282192 0.5315276607207198 0
0.8269423944977847 0.9486791794177649 0
0.2031043570556769 0.4883652498093384 0
0.2493560654936811 0.18024146599518 0
0.2156258959166795 0.1991124183179378 0
0.2144953438918913 0.1606630639951725 0
0.1808638048499867 0.1792949219874415 0
0.282274122950992 0.5330725129677271 0
0.7388009940832967 0.4919447273849282 0
0.8940474662053127 0.8547971930670135 0
0.1251664016981798 0.8621493703872499 0
0.1239645441199475 0.9115537148153838 0
0.5162288927221286 0.7428895721729127 0
0.08028223843958013 0.5063934457761858 0
0.4562358862911598 0.2592260191623592 0
0.5402449504018754 0.9360885250668549 0
0.5820650626038212 0.9119597967739962 0
0.4772864487816232 0.7658438819401691 0
0.4526967529607907 0.9397783727139388 0
0.179957860987631 0.2214427763106397 0
0.6709874033979373 0.9563268876188638 0
0.7134490011028385 0.9754217682950128 0
0.3524010341245313 0.200409663246246 0
0.8884377501226357 0.822648292100835 0
0.5887171221244453 0.9639103202128826 0
0.1768123028573608 0.1335634407384279 0
0.1460817146310541 0.159495672196491 0
0.2821553491050139 0.1558250965657237 0
0.9183403480630813 0.8308316587383069 0
0.2189517836774277 0.125470560711895 0
0.2487817089747855 0.258242999211256 0
0.6253845488765966 0.9345506454787458 0
0.6257386238205556 0.8888713656825757 0
0.7075336317608706 0.6341870351750911 0
0.8608590282043774 0.7947478280487409 0
0.8912438812500076 0.7655214155932559 0
0.8463317355685926 0.6715167074167333 0
0.7413316421387843 0.5707247115297898 0
0.7727857642788822 0.5571395601442677 0
0.08215557117436818 0.2021422073275023 0
0.08276354402645875 0.1519586133385082 0
0.0418043003429056 0.1288001333657827 0
0.4576756687210285 0.2971562275465811 0
0.4911058148057039 0.2807629111753908 0
0.04319285533689776 0.3226805966148432 0
0.04325110421196329 0.37320811738624 0
0.09312448544839969 0.3989303414171135 0
0.8205993777628053 0.8172935225486271 0
0.8968091937974135 0.8965792372356403 0
0.8984762001653839 0.9397188288313763 0
0.8266846368475793 1.000659549177978 0
0.707797810990372 0.5925483533472289 0
0.3181311188212362 0.1807758356968711 0
0.8478799467065651 0.7117672614183628 0
0.7045963692313386 0.4734356618733915 0
0.7346326597210298 0.4525990379043796 0
0.6359161427608373 0.4348143534987208 0
0.6341039029230395 0.3974867471748733 0
0.5993264887525392 0.3759967476967719 0
0.6369100849972457 0.3573642474544449 0
0.6682715573354521 0.4174380375684486 0
0.4954631780320528 0.3569813197351601 0
0.5295939000677221 0.3370343471040437 0
0.564287312627676 0.3561508284950731 0
0.5630270272049456 0.3177075391755349 0
0.5269559935885502 0.3003900222274403 0
0.5980850012671821 0.3369282951857777 0
0.3864499680288112 0.220971255715766 0
0.4206218453081598 0.1996108111694617 0
0.9275880365624797 1.009334001673727 0
0.7428241922881589 0.735879066570114 0
0.8436644799042387 0.63306291921578 0
0.8098481391399337 0.6151058709678093 0
0.8444301003219469 0.5918722545656077 0
0.6679621290412349 0.6958295016266984 0
0.5890510457324074 0.611366747822761 0
0.6219238535877787 0.5903282300969785 0
0.5510430079082167 0.591417650367453 0
0.5481910535161786 0.5485501540417921 0
0.5112628692126738 0.5281566330124619 0
0.473547425813151 0.5501992778345716 0
0.4344658283479031 0.5293873321636119 0
0.4311063107023599 0.4849831101078418 0
0.5659883723371459 0.3960889569634939 0
0.3167983714714543 0.3385853158956781 0
0.493647763085163 0.317929317448157 0
0.08589657253076469 0.4498316981343086 0
0.1281887457282667 0.4380354172116726 0
0.6736757956523244 1.004016383861402 0
0.6739801764409064 0.6115125307273221 0
0.4746801818101496 1.010380933170722 0
0.04156338701660129 0.6256024683818396 0
0.9341160425594556 0.9155344034192735 0
0.3675195995428741 0.7562904879269721 0
0.4050580228227519 0.7295527325280433 0
0.4023832342376846 0.6849526535498589 0
0.04290934486887665 0.4752757482610326 0
0.2426285382034532 0.510619121939197 0
0.243720792930622 0.4672763429446398 0
0.3751190920391623 1.007441429627704 0
0.4045576239592621 0.964844431382476 0
0.3521473816098282 0.9668012028482309 0
0.3251286451692917 1.007123883149009 0
0.2975442418043379 0.9558492779301918 0
0.2458028120788127 0.965203737964575 0
0.04205950702577841 0.7241337847276889 0
0.2243332585670591 1.006997926543114 0
0.1979803777616712 0.9674467673574157 0
0.148641634538763 0.9634841624617734 0
0.8788070106380969 0.6916315830662534 0
0.4237513191636869 0.3174296447378629 0
0.1251504091188802 1.006610083566381 0
0.09957835283873351 0.9621175156231891 0
0.07287867255587388 0.9203828835733975 0
0.3931091545239926 0.464371054666013 0
0.0421552331204495 0.825649476807754 0
0.2064622756672847 0.8099370716148494 0
0.5968296168944648 0.2922780134713245 0
0.3626545086462842 0.6644768550983212 0
0.3998792021402071 0.6399499722637049 0
0.08327183510375687 0.7966098892464766 0
0.2039253682597522 0.670385749226349 0
0.3318549416270986 0.8763288554132642 0
0.5877931184173427 0.5713972395771567 0
0.1678549900208359 0.3833178074845284 0
0.281378095057884 0.4457676112478944 0
0.2470914980204958 0.7848544248243563 0
0.121581363403194 0.5786099986397366 0
0.6363146266852616 0.5577437870101586 0
0.04542175805012172 0.968395180631634 0
0.4978405241771625 0.9667826032187722 0
0.4647623469279917 0.4606986324478439 0
0.7502849441403138 0.9498002751718961 0
0.3913345240861387 0.4215619283874921 0
0.08610501329893999 0.3458523135337708 0
0.3210691361673023 0.5541171533573931 0
0.6679728913564352 0.866162858876948 0
0.5540354389813367 0.7201583869626798 0
0.3193011018168295 0.2980295457701477 0
0.2446582536660469 0.6918625132475191 0
0.6312408753632621 0.803107236445215 0
0.43904070392399 0.6596756495493381 0
0.4124097782411887 0.9173456998390261 0
0.5698889015225229 0.5154150485525185 0
0.7074569675944311 0.8436430448102843 0
0.2827574792697669 0.2784095282405862 0
0.5714560819377518 1.009473866412183 0
0.2825368719035922 0.5774937913367041 0
0.7441895280985393 0.6949588696878941 0
0.4799937052607627 0.8118776335237874 0
0.86575348313098 0.9664022311192348 0
0.5358134791183256 0.4974770652920787 0
0.7883732943126611 0.9269496799869457 0
0.4717215050816864 0.5084193059119204 0
0.5238482931835032 0.8354182980201467 0
0.5565401236242387 0.2812649532300752 0
0.5158096364357896 0.6997060606507082 0
0.561116491517912 0.8441194379463749 0
0.7037389484447349 0.382748688194311 0
0.7732779661673108 0.4666669278983099 0
0.8137584641361967 0.5212202940137314 0
0.5186411766450897 0.2299233476632362 0
0.2424252802208066 0.555057090420797 0
0.4412662576557462 0.7033406115128926 0
0.9183684024018082 0.7422712412169121 0
0.365688990841435 0.1523612554075428 0
0.7071997090263893 0.6752393981613308 0
0.2052676286903784 0.7168383618724182 0
0.2431800849051514 0.298708111248194 0
0.4553605000394461 0.1904464064073991 0
0.7005585194686517 0.4370887070511354 0
0.9647788414158732 0.989070648401313 0
0.2441529326956381 0.4245738477980256 0
0.08320621296320838 0.6986101260963435 0
0.08330062096815348 0.7475748828446007 0
0.2063708498837835 0.7633227070541453 0
0.04701782966750286 0.08622423584187706 0
0.1227003887793356 0.08807521675330612 0
0.1340460728593437 0.1236633338112006 0
0.08226764437781212 0.650168525431958 0
0.294348296710799 0.1222215791791445 0
0.337243665368147 0.9223602281166225 0
0.8072648680792593 0.579695654187573 0
0.219499094995479 0.2341318314208744 0
0.08215083759490129 0.6019350990445547 0
0.1589045616734657 0.2584718406709288 0
0.1652683699696667 0.7889907921761994 0
0.8829073855316226 0.7283813239007279 0
0.08158886760210979 0.5546915322634748 0
0.4786295948327117 0.7227699912925416 0
0.787432549926385 0.9704479772633903 0
0.6594833922421304 0.3315635458139487 0
0.1491451092141249 0.1934233606580982 0
0.04017433071603493 0.5300161922817005 0
0.1963188824882421 0.09836908245425718 0
0.1648323801388552 0.4656933431138688 0
0.1681774773123108 0.4229334897391735 0
0.08567081847301983 0.843788082984142 0
0.2060992821725747 0.4453734415302241 0
0.8705399437460926 0.6144599094802057 0
0.1146482983023262 0.1796677747144011 0
0.1784110503768953 0.9267912193353164 0
0.1248764889887836 0.8160258050885326 0
0.2540545192169509 0.9216786334070187 0
0.4429596791391872 0.7467974619978835 0
0.7751501593357919 0.5160977241481879 0
0.2445599345114558 0.1479173633310613 0
0.4883469307649966 0.2459121701480404 0
0.4548519045187221 0.2243169686151694 0
0.8996401408273322 0.9769351576200642 0
0.6299337161482316 0.8456892712637247 0
0.5221292103039528 0.2643525257049716 0
0.9261425651084748 0.8708938804045161 0
0.1029637464833288 0.1182346763526638 0
0.4448122178622337 0.7945386716976903 0
0.7256427321957566 1.015688158429992 0
0.1330851869458434 0.4012486529966671 0
0.9414177357441904 0.8069611479506452 0
0.0318073112984302 0.9250000000001121 0
0.9672103470028512 0.9150469421656737 0
0.6676652655465126 0.3865945604394977 0
0.9499368965677132 0.8452678150235352 0
0.6365056161110927 0.9713245787773707 0
0.588833170667615 0.86705310737859 0
0.4302740912065808 0.1711875388521149 0
0.7585208819854395 0.4332285422589187 0
0.03660254037868249 1.013397459621453 0
0.5450216122934762 0.9767837535514041 0
0.8023420788007878 0.5489549481688816 0
0.09124840204258633 0.8852912336346201 0
0.3759802852490483 0.9335463274243797 0
0.9314768420705765 0.9631795518313206 0
0.4499447729087095 0.9790914831311468 0
0.3795979606944448 0.1878796803389956 0
0.02081475942610597 0.07172029104988362 0
0.07240457374997383 0.1127701719214168 0
0.1164437304037629 0.1473529115915367 0
0.9683191828439345 1.021828966867292 0
0.5793456137017878 0.2614182199862017 0
0.2285257907533783 0.0977526777408296 0
0.3450885822918158 0.1726591201315222 0
0.9050360070453691 0.6754235846988117 0
0.6961316340419511 0.4103453109327695 0
0.7485587007092906 0.9860981802523908 0
0.9050072934416455 0.7952325256311775 0
0.5776408171148405 0.5424436742641049 0
0.6502145741670943 0.5911650187241579 0
0.2200986373989141 0.9366755726772993 0
$EndNodes
$Elements
7 4372 1 4372
1 1 1 60
1 1 10 
2 10 11 
3 11 12 
4 12 13 
5 13 14 
6 14 15 
7 15 16 
8 16 17 
9 17 18 
10 18 19 
11 19 20 
12 20 21 
13 21 22 
14 22 23 
15 23 24 
16 24 25 
17 25 26 
18 26 27 
19 27 28 
20 28 29 
21 29 30 
22 30 31 
23 31 32 
24 32 33 
25 33 34 
26 34 35 
27 35 36 
28 36 37 
29 37 38 
30 38 39 
31 39 40 
32 40 41 
33 41 42 
34 42 43 
35 43 44 
36 44 45 
37 45 46 
38 46 47 
39 47 48 
40 48 49 
41 49 50 
42 50 51 
43 51 52 
44 52 53 
45 53 54 
46 54 55 
47 55 56 
48 56 57 
49 57 58 
50 58 59 
51 59 60 
52 60 61 
53 61 62 
54 62 63 
55 63 64 
56 64 65 
57 65 66 
58 66 67 
59 67 68 
60 68 2 
1 5 1 18
61 5 164 
62 164 165 
63 165 166 
64 166 167 
65 167 168 
66 168 169 
67 169 170 
68 170 171 
69 171 172 
70 172 173 
71 173 174 
72 174 175 
73 175 176 
74 176 177 
75 177 178 
76 178 179 
77 179 180 
78 180 1 
1 10 1 20
79 8 222 
80 222 223 
81 223 224 
82 224 225 
83 225 226 
84 226 227 
85 227 228 
86 228 229 
87 229 230 
88 230 231 
89 231 232 
90 232 233 
91 233 234 
92 234 235 
93 235 236 
94 236 237 
95 237 238 
96 238 239 
97 239 240 
98 240 9 
1 11 1 20
99 9 241 
100 241 242 
101 242 243 
102 243 244 
103 244 245 
104 245 246 
105 246 247 
106 247 248 
107 248 249 
108 249 250 
109 250 251 
110 251 252 
111 252 253 
112 253 254 
113 254 255 
114 255 256 
115 256 257 
116 257 258 
117 258 259 
118 259 6 
2 1 2 3218
119 404 406 1165 
120 288 1058 1124 
121 1351 1562 1582 
122 1125 629 1529 
123 777 1159 1160 
124 1262 1481 1585 
125 1063 639 1097 
126 853 1212 1488 
127 1481 274 1585 
128 1014 1125 1529 
129 1058 288 1545 
130 337 260 1065 
131 1140 336 1141 
132 1371 1372 1568 
133 1034 842 1066 
134 1260 320 1262 
135 900 1470 1664 
136 267 1099 1476 
137 1139 1141 1142 
138 271 1007 1513 
139 876 1187 1459 
140 1356 1434 1591 
141 1007 271 1586 
142 875 1471 1476 
143 777 1158 1159 
144 1276 810 1438 
145 922 1322 1570 
146 1023 308 1103 
147 290 1025 1027 
148 1033 324 1451 
149 810 1276 1582 
150 645 1117 1534 
151 1262 320 1481 
152 264 1109 1132 
153 1234 272 1375 
154 921 922 1570 
155 1212 1213 1488 
156 900 1449 1538 
157 359 1604 1611 
158 1109 264 1589 
159 1139 1140 1141 
160 1449 976 1538 
161 612 645 1534 
162 308 1023 1102 
163 834 1326 1497 
164 269 336 1140 
165 1346 885 1347 
166 1145 294 1547 
167 1476 1099 1773 
168 1169 1486 1631 
169 1604 1110 1611 
170 260 337 1768 
171 1070 1063 1097 
172 1561 390 1631 
173 1034 1066 1692 
174 1564 1359 1655 
175 1081 1083 1166 
176 404 1165 1238 
177 1142 668 1623 
178 1008 549 1714 
179 1095 764 1238 
180 775 822 1158 
181 1090 1145 1547 
182 929 1033 1451 
183 1449 900 1664 
184 1347 885 1625 
185 549 1008 1571 
186 1538 976 1557 
187 1060 1133 1199 
188 1109 322 1640 
189 1372 980 1568 
190 670 1203 1556 
191 976 977 1557 
192 1112 330 1364 
193 808 1197 1202 
194 908 1271 1613 
195 1271 908 1682 
196 954 1225 1572 
197 327 1564 1655 
198 1236 1234 1375 
199 1061 1072 1461 
200 1486 924 1631 
201 894 1571 1689 
202 315 1020 1717 
203 1025 290 1498 
204 1434 916 1591 
205 1138 1168 1551 
206 1155 1154 1164 
207 1275 1351 1582 
208 1020 315 1568 
209 1094 1007 1586 
210 1110 1086 1606 
211 1035 300 1036 
212 406 553 1165 
213 415 1089 1224 
214 294 1145 1680 
215 1571 1008 1689 
216 1087 553 1166 
217 381 1511 1576 
218 1471 267 1476 
219 1187 779 1459 
220 1326 1325 1497 
221 1429 285 1676 
222 298 89 1111 
223 1094 1586 1650 
224 978 1541 1603 
225 1154 370 1164 
226 1133 1060 1731 
227 1311 275 1313 
228 575 573 1098 
229 838 1070 1097 
230 917 954 1572 
231 997 1357 1655 
232 170 1210 1489 
233 553 1087 1165 
234 1511 1093 1576 
235 1627 1161 1642 
236 1161 1159 1642 
237 89 90 1111 
238 1269 1305 1367 
239 1143 778 1620 
240 575 1098 1758 
241 263 1120 1177 
242 1028 629 1128 
243 629 1028 1529 
244 770 1110 1606 
245 275 1311 1312 
246 1541 1031 1603 
247 876 1024 1187 
248 944 1217 1219 
249 330 1035 1364 
250 1562 810 1582 
251 1032 306 1682 
252 1146 1429 1676 
253 1203 1204 1556 
254 1145 1146 1680 
255 1649 301 1718 
256 1009 1649 1718 
257 1108 1109 1640 
258 287 1067 1069 
259 166 300 1035 
260 284 1443 1575 
261 639 1063 1098 
262 333 125 1768 
263 1072 1061 1678 
264 1089 415 1174 
265 170 171 1210 
266 1357 327 1655 
267 1139 1142 1623 
268 928 1561 1631 
269 1164 390 1561 
270 289 1685 1744 
271 359 1096 1604 
272 558 632 1200 
273 1147 307 1242 
274 1108 910 1109 
275 837 910 1108 
276 10 11 1344 
277 1065 260 1331 
278 1083 1087 1166 
279 415 416 1174 
280 875 1009 1471 
281 808 1202 1549 
282 1165 1095 1238 
283 1030 833 1658 
284 1070 838 1106 
285 1090 1045 1145 
286 854 1359 1360 
287 842 1034 1162 
288 289 1127 1685 
289 1120 263 1579 
290 1096 359 1612 
291 991 1127 1584 
292 833 1030 1674 
293 777 775 1158 
294 1217 944 1633 
295 883 1476 1773 
296 1313 962 1314 
297 1031 395 1603 
298 1648 1363 1657 
299 985 1628 1660 
300 1456 1012 1457 
301 1330 988 1624 
302 1186 779 1187 
303 822 1023 1158 
304 1126 1199 1553 
305 268 1071 1635 
306 1097 639 1300 
307 1067 287 1104 
308 580 1072 1215 
309 1058 1037 1124 
310 324 1033 1452 
311 1147 1242 1736 
312 370 1154 1444 
313 988 1330 1672 
314 1141 336 1143 
315 1615 866 1667 
316 1071 268 1659 
317 315 1371 1568 
318 1089 1081 1166 
319 1326 834 1746 
320 126 127 1331 
321 1584 1127 1690 
322 1037 300 1124 
323 1128 627 1522 
324 1168 650 1551 
325 1089 1166 1224 
326 1359 854 1655 
327 668 1142 1639 
328 901 1330 1624 
329 1055 1054 1098 
330 1356 295 1434 
331 1516 874 1528 
332 274 1029 1585 
333 371 370 1444 
334 918 1183 1654 
335 874 816 1528 
336 958 1513 1516 
337 1199 1062 1553 
338 1104 1214 1581 
339 760 1646 1700 
340 793 1574 1636 
341 960 679 1162 
342 1119 1120 1579 
343 1072 580 1461 
344 1275 793 1351 
345 1311 1313 1314 
346 334 333 335 
347 611 1113 1430 
348 1513 874 1516 
349 1330 901 1723 
350 1627 1354 1644 
351 923 1569 1592 
352 911 1115 1132 
353 1059 1545 1678 
354 306 1032 1609 
355 1042 1045 1090 
356 1246 1711 1721 
357 389 397 1238 
358 416 419 1174 
359 317 1236 1375 
360 277 1648 1657 
361 573 639 1098 
362 1028 1128 1522 
363 10 1344 1715 
364 1063 1055 1098 
365 1029 274 1641 
366 1711 819 1721 
367 888 1282 1666 
368 164 330 1684 
369 1319 921 1570 
370 1593 1143 1620 
371 260 126 1331 
372 992 1698 1705 
373 330 165 1035 
374 290 1027 1741 
375 1119 1579 1647 
376 1628 788 1660 
377 1101 1100 1548 
378 318 1029 1641 
379 1161 1627 1644 
380 1574 1280 1636 
381 1282 888 1675 
382 1269 1367 1613 
383 1698 754 1705 
384 164 165 330 
385 1186 1138 1551 
386 779 1186 1551 
387 1345 299 1601 
388 1355 1615 1667 
389 1024 316 1757 
390 559 558 1200 
391 632 777 1200 
392 401 686 1123 
393 1141 1143 1593 
394 171 270 1210 
395 1213 955 1488 
396 611 612 1534 
397 1029 318 1695 
398 1101 1548 1555 
399 1325 971 1497 
400 1210 1005 1489 
401 1443 284 1743 
402 332 164 1684 
403 921 1319 1634 
404 1117 645 1749 
405 1498 290 1583 
406 793 1275 1574 
407 929 1451 1464 
408 1034 960 1162 
409 322 1109 1589 
410 168 288 1124 
411 842 1065 1066 
412 639 574 1300 
413 1044 1042 1090 
414 1107 149 1635 
415 510 1100 1523 
416 331 1359 1564 
417 316 1024 1708 
418 306 1271 1682 
419 1206 1504 1523 
420 838 837 1108 
421 532 575 1131 
422 75 1575 1605 
423 1674 1030 1685 
424 955 1213 1608 
425 419 1176 1503 
426 929 1464 1465 
427 1143 336 1619 
428 1039 1040 1042 
429 986 1034 1454 
430 1178 1179 1491 
431 304 1614 1740 
432 1181 350 1492 
433 1030 995 1685 
434 842 339 1065 
435 1174 419 1503 
436 1160 1159 1161 
437 149 1107 1760 
438 1169 1170 1486 
439 337 333 1768 
440 1044 1090 1091 
441 764 389 1238 
442 1119 323 1693 
443 1042 1043 1045 
444 602 611 1430 
445 1179 909 1491 
446 1041 1060 1126 
447 1236 317 1580 
448 358 671 1170 
449 919 1181 1492 
450 578 1661 1719 
451 1059 1058 1545 
452 1046 1049 1144 
453 679 343 1162 
454 1146 1144 1429 
455 339 337 1065 
456 1454 1034 1692 
457 361 358 1170 
458 270 1217 1633 
459 580 1215 1479 
460 1106 838 1108 
461 1160 1558 1594 
462 1155 1164 1561 
463 1023 1103 1158 
464 1185 1186 1187 
465 374 371 1444 
466 777 1160 1200 
467 1305 1269 1537 
468 529 532 1131 
469 1039 1042 1044 
470 1039 1038 1040 
471 1145 1144 1146 
472 395 1031 1729 
473 124 334 1762 
474 645 614 1129 
475 1607 1323 1656 
476 124 125 334 
477 1045 1046 1144 
478 1470 856 1664 
479 1036 1038 1039 
480 29 1225 1583 
481 1033 850 1172 
482 1423 485 1432 
483 1200 1160 1594 
484 1105 1104 1581 
485 1039 1044 1364 
486 335 333 337 
487 1134 269 1140 
488 910 911 1132 
489 1504 510 1523 
490 123 269 1134 
491 1042 1040 1043 
492 1094 1650 1755 
493 780 1626 1629 
494 620 629 1125 
495 1183 1567 1654 
496 1139 1135 1140 
497 272 1234 1745 
498 1049 1052 1429 
499 1626 1252 1629 
500 1650 292 1755 
501 1212 853 1702 
502 1590 1168 1623 
503 496 401 1123 
504 1036 300 1037 
505 1044 1112 1364 
506 1661 1196 1719 
507 1569 293 1592 
508 1109 910 1132 
509 1646 1157 1700 
510 397 404 1238 
511 1045 1043 1046 
512 985 960 986 
513 1681 839 1751 
514 323 1119 1647 
515 485 1167 1432 
516 1099 267 1662 
517 319 1535 1546 
518 1126 1060 1199 
519 765 1263 1388 
520 954 1498 1583 
521 1198 303 1239 
522 850 786 1172 
523 1049 1050 1052 
524 624 627 1128 
525 1185 1184 1186 
526 1100 510 1548 
527 1036 1037 1038 
528 1263 982 1388 
529 1225 954 1583 
530 166 167 300 
531 985 986 987 
532 1046 1048 1049 
533 270 1633 1748 
534 1142 799 1639 
535 681 1505 1541 
536 1693 1458 1742 
537 959 960 985 
538 1443 999 1575 
539 971 1325 1525 
540 1135 1134 1140 
541 1104 287 1214 
542 1595 1532 1699 
543 1576 1093 1767 
544 529 530 532 
545 531 529 1131 
546 330 1112 1563 
547 962 1313 1535 
548 395 1181 1603 
549 1188 301 1205 
550 1136 1138 1184 
551 640 585 1216 
552 300 167 1124 
553 436 438 1403 
554 1045 1144 1145 
555 672 1637 1643 
556 368 390 1164 
557 1220 1576 1767 
558 1111 90 1569 
559 341 339 842 
560 419 420 1176 
561 354 395 1175 
562 1215 1216 1479 
563 527 528 529 
564 527 531 1133 
565 532 533 573 
566 282 120 1173 
567 573 574 639 
568 1066 1065 1331 
569 836 655 837 
570 959 679 960 
571 165 166 1035 
572 837 843 910 
573 1189 1188 1205 
574 1071 1106 1107 
575 523 839 1228 
576 1012 1456 1754 
577 1068 1218 1450 
578 1103 308 1519 
579 787 786 850 
580 1531 1700 1701 
581 524 523 525 
582 1049 1048 1050 
583 856 1088 1664 
584 599 600 655 
585 1035 1036 1364 
586 820 1256 1257 
587 1141 1593 1775 
588 1230 883 1773 
589 1226 1303 1376 
590 527 525 528 
591 839 1123 1751 
592 896 850 929 
593 1535 1313 1546 
594 1173 1136 1184 
595 168 169 288 
596 805 640 1216 
597 529 528 530 
598 528 525 1228 
599 1545 1006 1678 
600 364 361 1170 
601 522 518 523 
602 550 528 1228 
603 526 525 527 
604 1113 611 1534 
605 1218 643 1450 
606 399 1178 1491 
607 1040 1126 1553 
608 523 518 839 
609 1053 1055 1056 
610 637 786 787 
611 1505 890 1541 
612 577 598 599 
613 420 423 1176 
614 1079 1078 1182 
615 1072 1004 1215 
616 1129 630 1130 
617 317 1369 1580 
618 1057 1070 1071 
619 977 1423 1432 
620 787 850 896 
621 532 530 533 
622 532 573 575 
623 1129 1130 1560 
624 282 1173 1184 
625 1580 1369 1630 
626 1150 1151 1152 
627 392 1149 1150 
628 778 1143 1619 
629 266 1188 1189 
630 123 124 269 
631 1575 999 1605 
632 847 1259 1260 
633 527 529 531 
634 836 837 838 
635 911 1114 1115 
636 1167 485 1403 
637 573 533 574 
638 602 604 611 
639 1619 336 1774 
640 1052 1050 1053 
641 1180 659 1206 
642 599 655 836 
643 637 638 786 
644 378 376 392 
645 712 1207 1408 
646 836 1097 1300 
647 174 289 1219 
648 1116 1118 1119 
649 599 836 1300 
650 376 374 1149 
651 837 655 843 
652 612 614 645 
653 799 1142 1775 
654 1020 1122 1717 
655 1019 1147 1736 
656 370 368 1164 
657 616 618 630 
658 1197 1194 1201 
659 368 366 390 
660 1171 849 1303 
661 1153 1155 1156 
662 314 122 1134 
663 266 20 1188 
664 872 959 1227 
665 1006 1004 1072 
666 314 1134 1135 
667 614 616 1129 
668 1144 1049 1429 
669 872 679 959 
670 599 598 600 
671 820 1255 1256 
672 712 567 1207 
673 341 842 1162 
674 627 628 637 
675 1086 1340 1606 
676 751 659 1180 
677 891 1463 1509 
678 910 843 911 
679 399 414 1178 
680 1197 1201 1202 
681 620 622 629 
682 662 635 1258 
683 1685 995 1744 
684 120 121 1173 
685 1075 1074 1076 
686 265 1211 1212 
687 1171 765 1388 
688 764 1095 1779 
689 605 595 1255 
690 616 630 1129 
691 668 1590 1623 
692 712 1243 1306 
693 1077 1076 1078 
694 896 929 1465 
695 1150 1152 1157 
696 1056 1055 1057 
697 1041 1059 1060 
698 849 1171 1388 
699 671 356 1175 
700 843 655 1430 
701 392 376 1149 
702 1150 1149 1151 
703 1303 849 1376 
704 1071 1070 1106 
705 1084 1086 1110 
706 326 1532 1595 
707 583 581 1206 
708 611 604 612 
709 1113 843 1430 
710 1152 1151 1153 
711 1083 1082 1084 
712 265 31 1211 
713 618 620 1125 
714 1115 1114 1116 
715 1046 1047 1048 
716 485 436 1403 
717 1137 1135 1139 
718 847 1258 1259 
719 1081 1079 1082 
720 630 618 1125 
721 1119 1118 1120 
722 438 1306 1403 
723 929 850 1033 
724 1220 385 1576 
725 356 354 1175 
726 354 352 395 
727 1075 1076 1077 
728 1263 1262 1585 
729 1228 839 1651 
730 790 1074 1075 
731 30 265 1225 
732 678 343 679 
733 786 788 1172 
734 395 352 1181 
735 517 496 518 
736 303 18 1239 
737 518 496 1123 
738 972 1607 1656 
739 1077 1078 1079 
740 986 960 1034 
741 574 577 1300 
742 934 1295 1382 
743 1306 1243 1403 
744 659 583 1206 
745 287 1069 1772 
746 1214 303 1581 
747 624 626 627 
748 1013 1177 1763 
749 1194 1191 1201 
750 298 1111 1778 
751 266 1190 1239 
752 686 394 1220 
753 1203 1192 1204 
754 1463 766 1509 
755 366 364 1169 
756 1207 567 1208 
757 1054 1050 1472 
758 16 17 1214 
759 1038 1041 1126 
760 1050 1048 1472 
761 1201 1192 1203 
762 352 350 1181 
763 1243 712 1408 
764 526 527 1133 
765 935 934 1247 
766 883 1230 1765 
767 968 933 1100 
768 522 523 524 
769 17 303 1214 
770 1038 1037 1041 
771 1313 275 1546 
772 1175 956 1686 
773 897 896 925 
774 629 622 1128 
775 790 1073 1074 
776 387 385 1220 
777 1081 1082 1083 
778 1247 934 1382 
779 1040 1038 1126 
780 1084 1082 1086 
781 1169 364 1170 
782 122 123 1134 
783 343 341 1162 
784 171 172 270 
785 1614 1563 1740 
786 1190 1198 1239 
787 935 1247 1303 
788 1158 1103 1159 
789 365 364 366 
790 323 1458 1693 
791 579 762 918 
792 762 894 1183 
793 1178 918 1179 
794 1095 1085 1096 
795 390 366 1169 
796 1184 1138 1186 
797 968 1100 1101 
798 1005 1004 1006 
799 861 859 933 
800 500 879 1299 
801 1221 769 1244 
802 270 172 1217 
803 765 664 1261 
804 932 1208 1209 
805 769 590 1244 
806 975 1634 1720 
807 401 394 686 
808 1177 1121 1763 
809 622 624 1128 
810 121 122 314 
811 861 933 968 
812 926 925 973 
813 517 518 522 
814 1261 1262 1263 
815 1226 935 1303 
816 820 605 1255 
817 1004 1002 1215 
818 525 523 1228 
819 414 579 1178 
820 21 301 1188 
821 1294 1292 1448 
822 394 387 1220 
823 524 525 526 
824 918 762 1183 
825 1191 1192 1201 
826 1294 797 1295 
827 678 679 872 
828 847 662 1258 
829 1083 1084 1085 
830 1235 791 1254 
831 1204 927 1556 
832 932 1207 1208 
833 635 820 1258 
834 1011 1010 1012 
835 974 973 1010 
836 1180 1206 1523 
837 287 16 1214 
838 1190 1189 1191 
839 266 1189 1190 
840 1192 1189 1205 
841 791 1235 1240 
842 410 415 1224 
843 1211 302 1213 
844 595 791 1255 
845 769 1233 1254 
846 927 1204 1649 
847 859 751 1180 
848 711 596 1296 
849 1160 1161 1558 
850 1002 805 1216 
851 786 638 788 
852 1068 1105 1218 
853 1196 1194 1197 
854 574 576 577 
855 1191 1189 1192 
856 1001 805 1002 
857 1193 1191 1194 
858 1290 711 1296 
859 631 1531 1701 
860 1195 1194 1196 
861 627 637 1522 
862 1295 797 1382 
863 358 356 671 
864 978 872 1227 
865 167 168 1124 
866 423 790 1176 
867 765 1261 1263 
868 1142 1141 1775 
869 338 337 339 
870 19 20 266 
871 21 22 301 
872 30 31 265 
873 24 25 267 
874 27 28 290 
875 1166 553 1224 
876 637 628 638 
877 577 597 598 
878 1003 1002 1004 
879 590 939 1244 
880 579 918 1178 
881 769 1221 1233 
882 1233 1235 1254 
883 939 1237 1390 
884 406 408 553 
885 32 302 1211 
886 1317 1386 1405 
887 1080 1079 1081 
888 1420 1088 1436 
889 600 602 1430 
890 1217 173 1219 
891 363 361 364 
892 423 453 790 
893 1170 671 1486 
894 600 601 602 
895 933 859 1180 
896 29 30 1225 
897 1331 127 1577 
898 664 847 1261 
899 173 174 1219 
900 1100 933 1523 
901 1149 374 1444 
902 569 1231 1232 
903 1244 939 1390 
904 1231 940 1232 
905 1110 770 1611 
906 879 493 1502 
907 34 271 1229 
908 1136 1135 1137 
909 862 1293 1294 
910 596 606 1296 
911 1212 1211 1213 
912 1218 1105 1610 
913 627 626 628 
914 1288 711 1290 
915 932 1209 1392 
916 612 613 614 
917 820 1257 1258 
918 602 603 604 
919 797 1294 1448 
920 1293 862 1335 
921 650 1168 1590 
922 1156 631 1701 
923 1226 725 1386 
924 1153 1154 1155 
925 1288 1287 1425 
926 860 859 861 
927 367 366 368 
928 790 453 1073 
929 847 1260 1261 
930 375 374 376 
931 757 979 1245 
932 308 1102 1724 
933 1237 939 1337 
934 121 314 1173 
935 1457 1012 1780 
936 1190 1191 1193 
937 934 851 1295 
938 862 1294 1295 
939 379 378 381 
940 20 21 1188 
941 703 706 1309 
942 1193 1194 1195 
943 1298 1237 1337 
944 377 376 378 
945 1245 979 1246 
946 614 615 616 
947 369 368 370 
948 1377 1231 1399 
949 725 1226 1376 
950 1209 1309 1392 
951 32 33 302 
952 911 1113 1114 
953 340 339 341 
954 17 18 303 
955 31 32 1211 
956 616 617 618 
957 1398 1283 1426 
958 1060 1059 1061 
959 858 751 859 
960 1253 1420 1436 
961 1410 1333 1412 
962 498 1377 1399 
963 488 1293 1335 
964 1386 725 1405 
965 302 33 1229 
966 579 652 762 
967 618 619 620 
968 1120 1121 1177 
969 282 1184 1185 
970 969 1245 1246 
971 1343 1346 1347 
972 936 1316 1338 
973 1232 940 1336 
974 762 807 894 
975 494 1398 1426 
976 426 428 1253 
977 1116 1117 1118 
978 1091 1090 1547 
979 711 1288 1425 
980 373 371 374 
981 299 1345 1663 
982 1068 1104 1105 
983 851 862 1295 
984 1225 265 1572 
985 620 621 622 
986 835 1068 1450 
987 1272 1273 1276 
988 582 584 1435 
989 1637 1163 1643 
990 512 500 1299 
991 174 175 289 
992 172 173 1217 
993 1202 1201 1203 
994 1091 1547 1559 
995 1248 817 1249 
996 316 118 1241 
997 787 896 897 
998 790 1075 1176 
999 782 676 833 
1000 1264 486 1407 
1001 504 521 1307 
1002 743 878 1251 
1003 414 509 579 
1004 763 890 1505 
1005 553 408 1224 
1006 19 266 1239 
1007 1053 1054 1055 
1008 307 83 1242 
1009 1274 1277 1278 
1010 486 1264 1379 
1011 1336 633 1419 
1012 431 748 1253 
1013 306 1270 1271 
1014 1291 488 1297 
1015 1231 569 1399 
1016 710 757 1245 
1017 486 1334 1407 
1018 1138 1137 1168 
1019 292 1272 1276 
1020 1277 278 1278 
1021 1264 1208 1379 
1022 1251 878 1252 
1023 488 1291 1293 
1024 1187 1024 1757 
1025 1057 1063 1070 
1026 41 278 1277 
1027 677 882 1507 
1028 1082 1079 1182 
1029 1122 112 1717 
1030 448 450 1334 
1031 716 817 1248 
1032 497 1410 1412 
1033 1086 1182 1340 
1034 1343 1345 1346 
1035 306 79 1270 
1036 702 703 1309 
1037 1316 1315 1338 
1038 1317 1316 1386 
1039 1309 706 1392 
1040 360 362 1466 
1041 577 599 1300 
1042 1243 1167 1403 
1043 363 364 365 
1044 427 425 1415 
1045 521 592 1307 
1046 118 119 1241 
1047 428 431 1253 
1048 1279 1281 1282 
1049 431 572 748 
1050 314 1135 1136 
1051 291 1266 1267 
1052 1209 1208 1264 
1053 607 609 1494 
1054 1281 312 1282 
1055 1046 1043 1047 
1056 1339 863 1350 
1057 549 512 1299 
1058 1272 305 1273 
1059 1284 504 1307 
1060 505 1298 1337 
1061 535 512 549 
1062 530 550 1544 
1063 500 493 879 
1064 79 80 1270 
1065 84 328 1242 
1066 342 341 343 
1067 292 38 1272 
1068 1208 567 1379 
1069 43 312 1281 
1070 1361 1433 1446 
1071 1308 881 1480 
1072 1273 1274 1275 
1073 931 969 992 
1074 925 896 1465 
1075 84 85 328 
1076 952 1443 1468 
1077 486 448 1334 
1078 687 1237 1298 
1079 1289 1291 1297 
1080 291 81 1266 
1081 1087 1085 1095 
1082 311 1327 1328 
1083 1289 1297 1301 
1084 735 571 1283 
1085 450 1304 1334 
1086 1316 936 1386 
1087 931 796 969 
1088 552 687 1298 
1089 702 1265 1380 
1090 1278 1279 1280 
1091 1314 962 1339 
1092 864 738 1283 
1093 1261 1260 1262 
1094 1247 1171 1303 
1095 311 48 1327 
1096 738 735 1283 
1097 1232 1336 1419 
1098 791 593 1254 
1099 1053 1056 1595 
1100 593 591 1254 
1101 1342 1343 1347 
1102 480 1285 1286 
1103 40 41 1277 
1104 993 992 994 
1105 416 418 419 
1106 299 13 1349 
1107 835 1067 1068 
1108 297 1342 1347 
1109 408 410 1224 
1110 487 1317 1341 
1111 438 440 1306 
1112 1278 278 1279 
1113 1265 702 1309 
1114 13 14 1349 
1115 34 35 271 
1116 795 710 796 
1117 962 863 1339 
1118 839 518 1123 
1119 591 769 1254 
1120 708 709 710 
1121 1317 870 1341 
1122 791 1240 1255 
1123 868 881 1308 
1124 748 572 976 
1125 33 34 1229 
1126 1258 1257 1259 
1127 480 481 1285 
1128 930 796 931 
1129 861 1064 1230 
1130 757 895 979 
1131 480 1286 1301 
1132 1273 305 1274 
1133 740 738 864 
1134 1292 1296 1448 
1135 471 488 1335 
1136 15 16 287 
1137 687 688 690 
1138 687 654 688 
1139 761 964 1000 
1140 283 1329 1330 
1141 491 504 1284 
1142 552 654 687 
1143 690 688 773 
1144 82 307 1266 
1145 1285 1284 1287 
1146 710 709 757 
1147 940 824 1336 
1148 468 691 1302 
1149 1077 1079 1080 
1150 1452 1033 1737 
1151 82 83 307 
1152 1315 1302 1338 
1153 868 867 881 
1154 645 1129 1560 
1155 690 773 774 
1156 1287 1284 1307 
1157 923 1015 1111 
1158 774 773 913 
1159 861 968 1064 
1160 488 473 1297 
1161 913 914 923 
1162 774 913 915 
1163 450 452 1304 
1164 740 864 965 
1165 42 43 1281 
1166 1297 475 1301 
1167 280 1320 1321 
1168 37 38 292 
1169 39 305 1272 
1170 700 701 1366 
1171 1222 938 1223 
1172 1332 1363 1402 
1173 1318 279 1319 
1174 708 710 795 
1175 1286 1289 1301 
1176 591 590 769 
1177 440 443 1306 
1178 443 712 1306 
1179 1286 1285 1287 
1180 475 477 1301 
1181 521 520 590 
1182 491 503 504 
1183 487 1315 1316 
1184 1268 1267 1269 
1185 748 976 1449 
1186 504 503 520 
1187 504 520 521 
1188 487 461 1315 
1189 477 480 1301 
1190 48 49 1327 
1191 459 487 1341 
1192 521 590 591 
1193 1286 1287 1288 
1194 489 491 1284 
1195 83 84 1242 
1196 661 716 1248 
1197 727 570 1333 
1198 473 475 1297 
1199 852 936 1338 
1200 706 707 708 
1201 692 942 1304 
1202 1302 691 1338 
1203 1255 1240 1256 
1204 57 279 1318 
1205 280 54 1320 
1206 309 52 1323 
1207 51 309 1324 
1208 283 46 1329 
1209 513 552 1298 
1210 80 291 1270 
1211 691 852 1338 
1212 291 1267 1268 
1213 281 1324 1325 
1214 552 653 654 
1215 595 593 791 
1216 937 915 938 
1217 730 727 1333 
1218 704 699 1350 
1219 796 710 1245 
1220 700 1339 1350 
1221 443 567 712 
1222 465 468 1302 
1223 931 992 993 
1224 481 489 1285 
1225 941 940 1231 
1226 487 1316 1317 
1227 1221 938 1222 
1228 39 40 305 
1229 1287 1307 1425 
1230 281 1325 1326 
1231 826 940 941 
1232 867 730 1333 
1233 880 868 1308 
1234 410 412 415 
1235 1363 1021 1402 
1236 826 824 940 
1237 592 591 593 
1238 897 925 926 
1239 1320 310 1322 
1240 691 565 851 
1241 635 605 820 
1242 1292 1290 1296 
1243 80 81 291 
1244 840 981 1310 
1245 863 704 1350 
1246 1304 942 1334 
1247 852 851 934 
1248 812 963 1332 
1249 692 693 694 
1250 691 851 852 
1251 795 796 930 
1252 923 914 1015 
1253 1289 1288 1290 
1254 38 39 1272 
1255 461 463 1315 
1256 456 566 692 
1257 1321 1320 1322 
1258 1233 1222 1234 
1259 463 1302 1315 
1260 452 456 1304 
1261 732 730 867 
1262 594 593 595 
1263 584 661 1435 
1264 468 565 691 
1265 979 895 980 
1266 852 934 935 
1267 413 398 1475 
1268 491 492 503 
1269 703 705 706 
1270 647 650 1590 
1271 664 662 847 
1272 718 568 1348 
1273 708 707 709 
1274 622 623 624 
1275 913 773 914 
1276 688 689 1394 
1277 1291 1290 1292 
1278 692 566 693 
1279 489 490 491 
1280 1215 1002 1216 
1281 692 694 942 
1282 824 776 1336 
1283 468 469 565 
1284 456 692 1304 
1285 596 595 605 
1286 687 690 1237 
1287 1235 1234 1236 
1288 706 705 707 
1289 716 743 817 
1290 1293 1292 1294 
1291 81 82 1266 
1292 503 505 1337 
1293 702 699 703 
1294 694 693 695 
1295 825 824 826 
1296 694 695 696 
1297 471 473 488 
1298 489 1284 1285 
1299 633 564 1419 
1300 993 994 1167 
1301 606 605 635 
1302 981 982 1029 
1303 463 465 1302 
1304 465 467 468 
1305 841 840 1310 
1306 745 502 780 
1307 310 56 1318 
1308 55 310 1320 
1309 53 280 1323 
1310 281 50 1324 
1311 47 311 1329 
1312 1311 1310 1312 
1313 722 718 1348 
1314 1027 1099 1662 
1315 1339 700 1366 
1316 1286 1288 1289 
1317 936 935 1226 
1318 348 346 350 
1319 865 562 1361 
1320 505 513 1298 
1321 740 965 1351 
1322 774 915 937 
1323 469 471 1335 
1324 755 840 841 
1325 936 1226 1386 
1326 867 1333 1410 
1327 636 635 662 
1328 701 755 1366 
1329 350 346 1492 
1330 841 1310 1311 
1331 696 695 697 
1332 840 848 981 
1333 663 662 664 
1334 78 79 306 
1335 755 756 840 
1336 703 704 705 
1337 696 699 702 
1338 655 600 1430 
1339 590 520 939 
1340 665 664 765 
1341 1001 1002 1003 
1342 344 343 678 
1343 696 697 699 
1344 513 551 552 
1345 57 58 279 
1346 55 56 310 
1347 53 54 280 
1348 51 52 309 
1349 41 42 278 
1350 49 50 281 
1351 43 44 312 
1352 47 48 311 
1353 45 46 283 
1354 732 867 868 
1355 481 483 489 
1356 942 694 1380 
1357 699 697 1350 
1358 459 461 487 
1359 823 776 824 
1360 724 722 871 
1361 592 593 594 
1362 521 591 592 
1363 477 479 480 
1364 1327 1326 1328 
1365 701 714 755 
1366 1289 1290 1291 
1367 1036 1039 1364 
1368 1033 1172 1737 
1369 456 457 566 
1370 444 446 1379 
1371 1343 1344 1345 
1372 1371 276 1372 
1373 870 1317 1405 
1374 705 812 1332 
1375 697 698 700 
1376 851 565 862 
1377 703 699 704 
1378 937 938 1221 
1379 502 427 1415 
1380 871 722 1348 
1381 705 704 812 
1382 560 865 1384 
1383 522 580 1479 
1384 519 506 1365 
1385 1332 963 1363 
1386 468 467 469 
1387 567 444 1379 
1388 297 178 1342 
1389 969 796 1245 
1390 594 595 596 
1391 812 961 963 
1392 1352 1353 1354 
1393 1291 1292 1293 
1394 1221 1222 1233 
1395 981 848 982 
1396 1342 329 1343 
1397 696 702 1380 
1398 812 863 961 
1399 56 57 1318 
1400 54 55 1320 
1401 50 51 1324 
1402 52 53 1323 
1403 46 47 1329 
1404 452 455 456 
1405 18 19 1239 
1406 708 795 1392 
1407 776 633 1336 
1408 59 60 308 
1409 596 605 606 
1410 852 935 936 
1411 757 815 895 
1412 840 756 848 
1413 666 519 1365 
1414 286 62 1352 
1415 1353 296 1355 
1416 64 296 1353 
1417 177 178 297 
1418 12 13 299 
1419 755 714 756 
1420 62 63 1352 
1421 1354 1353 1355 
1422 1359 1358 1360 
1423 697 695 698 
1424 693 870 1381 
1425 1233 1234 1235 
1426 697 700 1350 
1427 707 705 1332 
1428 828 816 874 
1429 825 826 827 
1430 1495 741 1506 
1431 49 281 1327 
1432 908 1367 1383 
1433 1352 63 1353 
1434 606 635 636 
1435 700 698 701 
1436 636 662 663 
1437 823 824 825 
1438 1283 571 1426 
1439 1003 1004 1005 
1440 1401 501 1417 
1441 562 588 1361 
1442 688 654 689 
1443 331 1358 1359 
1444 665 765 1171 
1445 663 664 665 
1446 179 329 1342 
1447 877 666 947 
1448 812 704 863 
1449 961 863 962 
1450 560 562 865 
1451 1343 329 1344 
1452 178 179 1342 
1453 76 77 284 
1454 1358 313 1360 
1455 841 1311 1314 
1456 530 528 550 
1457 783 908 1383 
1458 1235 1236 1240 
1459 693 566 870 
1460 860 861 1230 
1461 942 1380 1407 
1462 724 871 953 
1463 457 459 1341 
1464 1380 1265 1407 
1465 305 40 1277 
1466 63 64 1353 
1467 800 801 951 
1468 61 62 286 
1469 179 180 329 
1470 480 479 481 
1471 489 483 490 
1472 938 915 1404 
1473 1237 690 1390 
1474 73 295 1356 
1475 1209 1264 1265 
1476 1348 1401 1417 
1477 73 74 295 
1478 313 72 1356 
1479 588 771 800 
1480 71 313 1358 
1481 72 73 1356 
1482 66 327 1357 
1483 64 65 296 
1484 71 72 313 
1485 296 65 1357 
1486 456 455 457 
1487 331 70 1358 
1488 70 71 1358 
1489 65 66 1357 
1490 66 67 327 
1491 69 70 331 
1492 783 907 908 
1493 588 800 1361 
1494 503 492 505 
1495 866 785 1389 
1496 752 876 1459 
1497 931 993 1408 
1498 491 490 492 
1499 1209 1265 1309 
1500 278 42 1281 
1501 719 873 1362 
1502 845 785 866 
1503 552 551 653 
1504 774 937 1390 
1505 1270 1268 1271 
1506 565 469 1335 
1507 947 666 1365 
1508 469 470 471 
1509 281 1326 1327 
1510 719 721 873 
1511 471 472 473 
1512 632 564 633 
1513 1216 585 1479 
1514 869 868 880 
1515 465 466 467 
1516 1020 1021 1122 
1517 446 448 486 
1518 795 932 1392 
1519 717 719 1362 
1520 919 872 978 
1521 701 713 714 
1522 558 556 564 
1523 733 803 804 
1524 463 464 465 
1525 800 771 801 
1526 45 283 1414 
1527 312 44 1414 
1528 1314 1339 1366 
1529 809 759 816 
1530 941 1231 1377 
1531 755 841 1366 
1532 775 633 776 
1533 461 462 463 
1534 566 457 1341 
1535 1543 589 1550 
1536 854 845 997 
1537 848 756 849 
1538 459 460 461 
1539 557 559 560 
1540 119 120 282 
1541 822 776 823 
1542 1279 278 1281 
1543 784 610 785 
1544 951 801 952 
1545 937 1244 1390 
1546 473 474 475 
1547 862 565 1335 
1548 457 458 459 
1549 830 845 854 
1550 117 118 316 
1551 733 804 1396 
1552 469 467 470 
1553 726 728 945 
1554 116 117 1373 
1555 921 827 922 
1556 694 696 1380 
1557 701 698 713 
1558 484 555 798 
1559 982 848 1388 
1560 97 98 1369 
1561 104 105 318 
1562 100 101 320 
1563 113 114 315 
1564 108 109 319 
1565 114 115 1371 
1566 110 111 277 
1567 109 110 1370 
1568 94 95 272 
1569 106 107 275 
1570 115 116 276 
1571 98 99 273 
1572 95 96 1375 
1573 102 103 274 
1574 99 100 1374 
1575 96 97 317 
1576 784 830 916 
1577 560 561 562 
1578 588 610 771 
1579 830 785 845 
1580 841 1314 1366 
1581 562 563 588 
1582 858 859 860 
1583 481 482 483 
1584 724 953 1368 
1585 695 693 1381 
1586 665 1171 1247 
1587 714 713 725 
1588 771 610 784 
1589 558 564 632 
1590 520 503 1337 
1591 932 930 1207 
1592 784 785 830 
1593 952 998 999 
1594 870 566 1341 
1595 351 350 352 
1596 636 663 797 
1597 632 633 775 
1598 588 563 610 
1599 291 1268 1270 
1600 517 522 1479 
1601 473 472 474 
1602 1333 570 1412 
1603 594 596 711 
1604 873 721 949 
1605 720 718 722 
1606 471 470 472 
1607 677 846 882 
1608 587 519 666 
1609 723 722 724 
1610 729 727 730 
1611 970 813 971 
1612 952 801 998 
1613 717 1362 1387 
1614 667 666 877 
1615 560 559 561 
1616 477 478 479 
1617 475 476 477 
1618 562 561 563 
1619 825 827 921 
1620 563 561 642 
1621 756 714 1376 
1622 775 776 822 
1623 822 823 975 
1624 557 558 559 
1625 484 482 554 
1626 707 1332 1402 
1627 443 444 567 
1628 465 464 466 
1629 1367 653 1383 
1630 654 653 1305 
1631 706 708 1392 
1632 848 849 1388 
1633 698 695 1381 
1634 446 486 1379 
1635 481 479 482 
1636 452 454 455 
1637 555 556 557 
1638 822 975 1023 
1639 714 725 1376 
1640 731 730 732 
1641 490 483 1378 
1642 922 827 1490 
1643 993 1243 1408 
1644 887 880 888 
1645 555 554 556 
1646 690 774 1390 
1647 557 556 558 
1648 457 455 458 
1649 737 735 738 
1650 483 482 484 
1651 463 462 464 
1652 757 709 815 
1653 484 554 555 
1654 467 466 1387 
1655 632 775 777 
1656 784 916 1385 
1657 801 771 1385 
1658 505 506 513 
1659 461 460 462 
1660 849 756 1376 
1661 804 803 834 
1662 587 667 783 
1663 1023 975 1102 
1664 1102 279 1724 
1665 739 738 740 
1666 450 451 452 
1667 937 1221 1244 
1668 771 784 1385 
1669 484 798 1378 
1670 907 996 1032 
1671 557 560 1384 
1672 783 811 907 
1673 478 476 569 
1674 513 519 551 
1675 440 442 443 
1676 117 316 1373 
1677 663 665 1382 
1678 459 458 460 
1679 798 555 1384 
1680 864 1283 1398 
1681 1433 877 1446 
1682 477 476 478 
1683 475 474 476 
1684 587 666 667 
1685 1080 1081 1089 
1686 564 556 1406 
1687 732 868 869 
1688 276 116 1373 
1689 895 815 1020 
1690 479 478 1391 
1691 470 467 1387 
1692 1348 568 1401 
1693 98 273 1369 
1694 317 97 1369 
1695 100 320 1374 
1696 115 276 1371 
1697 315 114 1371 
1698 319 109 1370 
1699 110 277 1370 
1700 272 95 1375 
1701 273 99 1374 
1702 96 317 1375 
1703 474 472 498 
1704 907 811 996 
1705 943 569 1232 
1706 713 698 1381 
1707 785 610 1389 
1708 998 801 1385 
1709 723 813 814 
1710 752 818 876 
1711 478 569 943 
1712 783 667 811 
1713 945 728 946 
1714 814 970 972 
1715 773 688 1394 
1716 483 484 1378 
1717 939 520 1337 
1718 555 557 1384 
1719 719 720 721 
1720 1020 815 1021 
1721 720 722 723 
1722 971 813 1368 
1723 551 519 587 
1724 949 721 950 
1725 653 551 1383 
1726 1391 943 1406 
1727 466 464 568 
1728 466 568 717 
1729 723 724 813 
1730 717 718 719 
1731 1305 653 1367 
1732 554 1391 1406 
1733 505 492 506 
1734 448 449 450 
1735 665 1247 1382 
1736 813 724 1368 
1737 513 506 519 
1738 797 663 1382 
1739 610 563 1389 
1740 1334 942 1407 
1741 482 479 1391 
1742 91 92 293 
1743 554 482 1391 
1744 478 943 1391 
1745 1021 815 1402 
1746 462 460 501 
1747 1223 938 1404 
1748 443 442 444 
1749 814 813 970 
1750 1274 305 1277 
1751 717 568 718 
1752 719 718 720 
1753 1381 870 1405 
1754 563 642 1389 
1755 466 717 1387 
1756 587 783 1383 
1757 729 730 731 
1758 452 451 454 
1759 446 447 448 
1760 455 454 1400 
1761 950 1395 1418 
1762 551 587 1383 
1763 733 802 803 
1764 881 867 1410 
1765 729 731 733 
1766 795 930 932 
1767 726 945 1400 
1768 1015 1016 1017 
1769 1308 1480 1495 
1770 1015 914 1016 
1771 869 880 887 
1772 88 89 298 
1773 709 707 1402 
1774 734 736 948 
1775 450 449 451 
1776 454 451 570 
1777 726 727 728 
1778 444 445 446 
1779 733 731 802 
1780 1395 814 1418 
1781 458 455 1400 
1782 803 802 988 
1783 930 931 1408 
1784 1365 506 1397 
1785 728 727 729 
1786 1467 873 1477 
1787 454 570 726 
1788 1265 1264 1407 
1789 1207 930 1408 
1790 490 1378 1397 
1791 815 709 1402 
1792 914 773 1394 
1793 725 713 1405 
1794 353 352 354 
1795 726 570 727 
1796 444 442 445 
1797 492 490 1397 
1798 713 1381 1405 
1799 800 951 1433 
1800 448 447 449 
1801 1307 592 1425 
1802 950 721 1395 
1803 926 973 974 
1804 689 654 1305 
1805 832 1030 1474 
1806 449 447 497 
1807 721 720 1395 
1808 556 554 1406 
1809 793 740 1351 
1810 869 887 901 
1811 1068 1067 1104 
1812 454 726 1400 
1813 723 814 1395 
1814 569 476 1399 
1815 866 1389 1413 
1816 737 738 739 
1817 832 995 1030 
1818 1136 1137 1138 
1819 476 474 1399 
1820 732 869 1409 
1821 474 498 1399 
1822 87 88 1393 
1823 506 492 1397 
1824 1147 1018 1148 
1825 720 723 1395 
1826 881 1410 1473 
1827 464 462 1401 
1828 446 445 447 
1829 434 436 485 
1830 946 728 1396 
1831 901 887 990 
1832 869 901 1409 
1833 498 472 1411 
1834 731 732 1409 
1835 568 464 1401 
1836 592 594 1425 
1837 470 1387 1411 
1838 472 470 1411 
1839 993 1167 1243 
1840 462 501 1401 
1841 729 733 1396 
1842 753 685 754 
1843 780 502 1415 
1844 728 729 1396 
1845 682 656 900 
1846 44 45 1414 
1847 891 983 984 
1848 384 389 764 
1849 1017 1018 1019 
1850 1185 1187 1757 
1851 739 740 793 
1852 1387 1362 1411 
1853 440 441 442 
1854 1389 642 1413 
1855 871 1348 1417 
1856 1060 1061 1731 
1857 1253 748 1420 
1858 737 739 741 
1859 974 1010 1011 
1860 1016 914 1394 
1861 441 439 571 
1862 564 1406 1419 
1863 802 731 1409 
1864 734 571 735 
1865 809 816 828 
1866 1017 1016 1018 
1867 501 460 1424 
1868 814 972 1418 
1869 736 735 737 
1870 1443 996 1468 
1871 438 439 440 
1872 734 735 736 
1873 900 656 1470 
1874 817 743 1251 
1875 1019 1018 1147 
1876 435 433 1422 
1877 1296 606 1448 
1878 876 967 1024 
1879 570 451 1412 
1880 865 1361 1446 
1881 441 571 734 
1882 943 1232 1419 
1883 458 1400 1424 
1884 426 1253 1436 
1885 579 509 652 
1886 644 544 672 
1887 451 449 1412 
1888 976 572 977 
1889 431 432 572 
1890 923 1111 1569 
1891 119 282 1241 
1892 1384 865 1437 
1893 1397 1378 1431 
1894 436 437 438 
1895 460 458 1424 
1896 1328 1326 1746 
1897 362 384 1466 
1898 428 430 431 
1899 440 439 441 
1900 574 533 576 
1901 1406 943 1419 
1902 947 1365 1431 
1903 754 685 1416 
1904 449 497 1412 
1905 594 711 1425 
1906 1394 689 1428 
1907 437 435 494 
1908 88 298 1393 
1909 1249 817 1250 
1910 1400 945 1424 
1911 734 948 1421 
1912 438 437 439 
1913 515 508 899 
1914 998 1385 1434 
1915 445 442 1421 
1916 1365 1397 1431 
1917 922 1490 1501 
1918 1083 1085 1087 
1919 685 684 1416 
1920 947 1431 1437 
1921 23 24 1471 
1922 365 366 367 
1923 876 818 967 
1924 658 583 659 
1925 661 1248 1435 
1926 434 485 1423 
1927 836 838 1097 
1928 1011 1012 1013 
1929 431 430 432 
1930 818 753 819 
1931 406 407 408 
1932 762 652 807 
1933 432 430 433 
1934 572 432 1423 
1935 434 435 436 
1936 746 758 886 
1937 442 441 1421 
1938 894 807 957 
1939 436 435 437 
1940 404 405 406 
1941 432 433 434 
1942 1361 800 1433 
1943 1378 798 1431 
1944 606 636 1448 
1945 432 434 1423 
1946 397 403 404 
1947 586 641 891 
1948 1167 994 1432 
1949 667 877 1447 
1950 423 424 453 
1951 1385 916 1434 
1952 1433 951 1447 
1953 953 871 1462 
1954 1431 798 1437 
1955 441 734 1421 
1956 355 354 356 
1957 1148 1018 1428 
1958 752 753 818 
1959 282 1185 1241 
1960 977 572 1423 
1961 494 435 1422 
1962 828 874 1007 
1963 945 946 1445 
1964 767 809 810 
1965 497 447 1441 
1966 600 598 601 
1967 434 433 435 
1968 744 502 745 
1969 1153 1151 1154 
1970 445 1421 1441 
1971 1176 1075 1503 
1972 767 759 809 
1973 1422 433 1442 
1974 1016 1394 1428 
1975 1086 1082 1182 
1976 744 745 746 
1977 288 169 1489 
1978 683 685 752 
1979 1421 948 1441 
1980 746 745 747 
1981 571 439 1426 
1982 881 1473 1480 
1983 675 673 676 
1984 951 952 1468 
1985 798 1384 1437 
1986 1018 1016 1428 
1987 758 759 767 
1988 758 747 759 
1989 429 427 502 
1990 420 422 423 
1991 1362 873 1467 
1992 818 819 1427 
1993 752 685 753 
1994 1190 1193 1198 
1995 890 956 1031 
1996 437 494 1426 
1997 439 437 1426 
1998 1437 865 1446 
1999 624 625 626 
2000 1073 453 1088 
2001 1445 946 1462 
2002 1203 670 1727 
2003 683 684 685 
2004 781 676 782 
2005 877 1433 1447 
2006 501 1424 1445 
2007 428 429 430 
2008 612 604 613 
2009 952 999 1443 
2010 1469 804 1487 
2011 1048 1047 1051 
2012 828 1007 1094 
2013 746 747 758 
2014 447 445 1441 
2015 24 267 1471 
2016 683 682 684 
2017 586 891 1509 
2018 743 792 878 
2019 125 333 334 
2020 508 413 1475 
2021 1601 299 1673 
2022 884 782 912 
2023 827 826 1485 
2024 577 576 597 
2025 515 899 1439 
2026 453 424 1436 
2027 338 339 340 
2028 1127 289 1690 
2029 967 818 1427 
2030 1424 945 1445 
2031 1447 951 1468 
2032 991 912 1127 
2033 429 502 744 
2034 1377 1467 1477 
2035 1308 1495 1506 
2036 877 947 1446 
2037 809 828 1438 
2038 810 809 1438 
2039 763 889 890 
2040 320 101 1481 
2041 102 274 1481 
2042 648 646 855 
2043 947 1437 1446 
2044 1417 501 1445 
2045 1396 804 1469 
2046 750 659 751 
2047 636 797 1448 
2048 1204 1192 1205 
2049 428 427 429 
2050 811 667 1447 
2051 495 401 496 
2052 516 496 517 
2053 400 394 401 
2054 1084 1110 1604 
2055 646 607 1494 
2056 393 387 394 
2057 1087 1095 1165 
2058 335 337 338 
2059 1206 581 1504 
2060 419 418 420 
2061 426 427 428 
2062 674 794 835 
2063 423 422 424 
2064 1483 957 1542 
2065 680 640 805 
2066 831 805 1001 
2067 602 601 603 
2068 1132 1115 1742 
2069 672 544 1439 
2070 882 846 883 
2071 1417 1445 1462 
2072 844 794 920 
2073 548 1483 1542 
2074 927 789 1556 
2075 657 682 683 
2076 911 843 1113 
2077 424 426 1436 
2078 1398 1512 1515 
2079 433 430 1442 
2080 1213 302 1608 
2081 424 422 425 
2082 424 425 426 
2083 965 864 1515 
2084 373 374 375 
2085 857 751 858 
2086 644 672 673 
2087 828 1094 1438 
2088 357 356 358 
2089 835 844 1067 
2090 1026 860 1230 
2091 953 1462 1469 
2092 1377 498 1467 
2093 614 613 615 
2094 657 656 682 
2095 1041 1058 1059 
2096 616 615 617 
2097 1120 1118 1121 
2098 618 617 619 
2099 1088 453 1436 
2100 1250 817 1251 
2101 514 543 578 
2102 1025 860 1026 
2103 426 425 427 
2104 888 880 1506 
2105 984 983 1163 
2106 620 619 621 
2107 430 429 1442 
2108 884 912 991 
2109 781 782 884 
2110 1116 1114 1117 
2111 498 1411 1467 
2112 811 1447 1468 
2113 340 341 342 
2114 792 742 955 
2115 781 884 885 
2116 1157 966 1668 
2117 716 742 743 
2118 953 1469 1487 
2119 651 649 656 
2120 891 641 983 
2121 651 657 779 
2122 675 676 781 
2123 835 794 844 
2124 1067 844 1069 
2125 429 744 1442 
2126 902 1543 1550 
2127 391 398 399 
2128 1415 425 1440 
2129 958 955 1608 
2130 737 741 1495 
2131 415 412 416 
2132 1512 886 1515 
2133 651 656 657 
2134 1027 1026 1099 
2135 1420 748 1449 
2136 399 413 414 
2137 746 886 1478 
2138 1325 1324 1525 
2139 497 1441 1473 
2140 342 343 344 
2141 648 855 856 
2142 584 660 661 
2143 622 621 623 
2144 891 984 1463 
2145 384 764 1466 
2146 308 60 1519 
2147 792 955 958 
2148 871 1417 1462 
2149 875 789 927 
2150 169 170 1489 
2151 996 811 1468 
2152 422 421 1440 
2153 414 507 509 
2154 351 352 353 
2155 61 286 1519 
2156 408 407 409 
2157 661 715 716 
2158 380 386 909 
2159 406 405 407 
2160 678 872 919 
2161 1668 1022 1704 
2162 537 539 1500 
2163 360 358 361 
2164 669 548 670 
2165 367 368 369 
2166 743 742 792 
2167 946 1396 1469 
2168 643 544 644 
2169 404 403 405 
2170 1077 1080 1503 
2171 647 649 650 
2172 369 370 371 
2173 1422 1442 1478 
2174 1411 1362 1467 
2175 829 382 1508 
2176 959 985 1660 
2177 607 545 609 
2178 1410 497 1473 
2179 1441 948 1473 
2180 375 376 377 
2181 787 897 1522 
2182 425 422 1440 
2183 132 133 324 
2184 145 146 264 
2185 129 130 1453 
2186 128 129 321 
2187 136 137 1455 
2188 140 141 263 
2189 135 136 262 
2190 4 126 260 
2191 130 131 261 
2192 144 145 1458 
2193 137 138 325 
2194 143 144 323 
2195 873 949 1477 
2196 683 752 1459 
2197 1477 949 1485 
2198 547 535 548 
2199 1053 1050 1054 
2200 804 834 1487 
2201 362 361 363 
2202 674 675 794 
2203 377 378 379 
2204 658 659 750 
2205 715 660 853 
2206 524 526 1461 
2207 348 350 351 
2208 420 421 422 
2209 101 102 1481 
2210 1634 1319 1720 
2211 832 944 995 
2212 716 715 742 
2213 1105 1482 1610 
2214 138 139 1457 
2215 1057 1055 1063 
2216 1193 1195 1482 
2217 1462 946 1469 
2218 584 583 658 
2219 858 860 1025 
2220 544 515 1439 
2221 388 382 829 
2222 650 649 651 
2223 941 1477 1485 
2224 353 354 355 
2225 522 524 580 
2226 547 669 677 
2227 543 515 544 
2228 372 383 589 
2229 644 673 674 
2230 941 1377 1477 
2231 134 135 1464 
2232 948 736 1480 
2233 924 821 928 
2234 680 831 832 
2235 408 409 410 
2236 674 673 675 
2237 899 508 1475 
2238 402 396 493 
2239 826 941 1485 
2240 539 799 1500 
2241 1442 744 1478 
2242 657 683 1459 
2243 827 1485 1490 
2244 761 1000 1550 
2245 689 1305 1537 
2246 314 1136 1173 
2247 139 140 1456 
2248 534 512 535 
2249 750 857 917 
2250 1487 834 1497 
2251 511 500 512 
2252 680 805 831 
2253 499 493 500 
2254 1368 953 1487 
2255 516 517 585 
2256 495 496 516 
2257 400 401 495 
2258 393 394 400 
2259 677 789 846 
2260 1198 1193 1482 
2261 643 644 1450 
2262 1027 1662 1741 
2263 133 134 1451 
2264 1694 1452 1737 
2265 1473 948 1480 
2266 744 746 1478 
2267 750 751 857 
2268 355 356 357 
2269 920 794 1460 
2270 535 549 1483 
2271 584 658 660 
2272 661 660 715 
2273 416 417 418 
2274 949 950 1490 
2275 543 544 643 
2276 601 598 1520 
2277 414 413 507 
2278 514 508 515 
2279 807 652 808 
2280 1248 1249 1554 
2281 511 534 536 
2282 514 515 543 
2283 761 806 964 
2284 589 634 761 
2285 399 398 413 
2286 970 971 1525 
2287 1480 736 1495 
2288 582 581 583 
2289 832 831 944 
2290 643 1218 1530 
2291 507 413 508 
2292 547 548 669 
2293 779 657 1459 
2294 1368 1487 1497 
2295 582 583 584 
2296 682 900 1538 
2297 516 585 586 
2298 397 402 403 
2299 548 535 1483 
2300 389 396 397 
2301 417 1510 1554 
2302 420 418 421 
2303 411 409 581 
2304 407 405 510 
2305 675 781 1460 
2306 362 382 384 
2307 641 640 680 
2308 1075 1077 1503 
2309 1025 1026 1027 
2310 1080 1089 1174 
2311 736 737 1495 
2312 384 388 389 
2313 108 319 1546 
2314 275 107 1546 
2315 971 1368 1497 
2316 1080 1174 1503 
2317 624 623 625 
2318 634 383 768 
2319 613 604 1517 
2320 586 640 641 
2321 674 835 1450 
2322 794 675 1460 
2323 781 885 1460 
2324 534 535 547 
2325 677 669 789 
2326 400 495 766 
2327 638 628 681 
2328 875 927 1009 
2329 357 358 360 
2330 1490 950 1501 
2331 857 858 1498 
2332 917 857 954 
2333 1478 886 1512 
2334 950 1418 1501 
2335 303 1198 1581 
2336 360 361 362 
2337 355 357 359 
2338 886 758 1533 
2339 540 538 542 
2340 586 585 640 
2341 362 363 382 
2342 1057 1071 1659 
2343 846 789 875 
2344 1096 1085 1604 
2345 890 889 956 
2346 644 674 1450 
2347 647 648 649 
2348 648 856 1470 
2349 880 1308 1506 
2350 511 512 534 
2351 507 508 514 
2352 546 608 668 
2353 656 649 1470 
2354 1163 833 1643 
2355 1003 1005 1210 
2356 1071 1107 1635 
2357 391 393 398 
2358 499 500 511 
2359 539 541 799 
2360 391 387 393 
2361 416 412 417 
2362 402 493 499 
2363 966 1022 1668 
2364 1044 1091 1112 
2365 1041 1037 1058 
2366 1398 494 1512 
2367 410 411 412 
2368 147 148 322 
2369 397 396 402 
2370 1197 808 1761 
2371 389 388 396 
2372 1328 988 1672 
2373 1048 1051 1472 
2374 855 646 1494 
2375 626 625 763 
2376 344 678 1492 
2377 987 986 1552 
2378 1278 1280 1574 
2379 380 379 385 
2380 955 742 1488 
2381 386 387 391 
2382 372 371 373 
2383 384 382 388 
2384 647 646 648 
2385 964 806 1008 
2386 386 385 387 
2387 589 383 634 
2388 275 1312 1764 
2389 761 634 806 
2390 878 1516 1528 
2391 1483 549 1571 
2392 1151 1149 1444 
2393 347 346 348 
2394 391 399 1491 
2395 680 832 1474 
2396 380 385 386 
2397 983 641 1474 
2398 897 1028 1522 
2399 372 373 383 
2400 514 578 1499 
2401 410 409 411 
2402 1485 949 1490 
2403 1422 1478 1512 
2404 883 846 1476 
2405 792 958 1516 
2406 1629 1252 1632 
2407 637 787 1522 
2408 1510 1435 1554 
2409 380 909 1536 
2410 933 1180 1523 
2411 411 581 582 
2412 1275 1274 1574 
2413 858 1025 1498 
2414 1091 1559 1740 
2415 1276 1273 1582 
2416 649 648 1470 
2417 1088 856 1756 
2418 909 386 1491 
2419 1559 304 1740 
2420 890 1031 1541 
2421 1114 1113 1534 
2422 853 660 1484 
2423 585 517 1479 
2424 580 524 1461 
2425 641 680 1474 
2426 60 61 1519 
2427 67 68 1564 
2428 715 853 1488 
2429 1340 542 1524 
2430 1322 310 1570 
2431 906 1092 1093 
2432 1156 772 1706 
2433 652 509 1496 
2434 660 658 1484 
2435 742 715 1488 
2436 905 906 1511 
2437 509 507 1499 
2438 1324 309 1525 
2439 365 367 902 
2440 328 1566 1671 
2441 377 379 380 
2442 965 1515 1533 
2443 346 344 1492 
2444 966 1157 1646 
2445 1318 1319 1570 
2446 1198 1482 1581 
2447 878 792 1516 
2448 369 371 372 
2449 864 1398 1515 
2450 321 129 1453 
2451 130 261 1453 
2452 262 136 1455 
2453 137 325 1455 
2454 145 264 1458 
2455 323 144 1458 
2456 1013 1130 1669 
2457 372 589 1543 
2458 542 1340 1588 
2459 909 1179 1587 
2460 494 1422 1512 
2461 582 1435 1510 
2462 658 750 1484 
2463 603 749 892 
2464 895 1020 1568 
2465 954 857 1498 
2466 86 87 1566 
2467 892 893 966 
2468 897 926 1028 
2469 1148 1428 1537 
2470 903 904 905 
2471 608 646 647 
2472 537 1500 1527 
2473 325 138 1457 
2474 320 1260 1738 
2475 559 1200 1594 
2476 1204 1205 1649 
2477 90 91 1569 
2478 928 821 1540 
2479 135 262 1464 
2480 846 875 1476 
2481 1007 874 1513 
2482 347 348 349 
2483 1252 878 1528 
2484 75 76 1575 
2485 597 898 903 
2486 750 917 1484 
2487 678 919 1492 
2488 140 263 1456 
2489 604 603 1517 
2490 547 677 1507 
2491 598 597 1520 
2492 493 396 1502 
2493 749 601 1520 
2494 324 133 1451 
2495 388 829 1502 
2496 768 383 1493 
2497 139 1456 1457 
2498 351 353 770 
2499 623 621 772 
2500 974 1011 1014 
2501 1154 1151 1444 
2502 763 625 821 
2503 1515 886 1533 
2504 763 821 889 
2505 1351 965 1562 
2506 1475 398 1518 
2507 386 391 1491 
2508 28 29 1583 
2509 760 613 1517 
2510 651 779 1551 
2511 808 652 1496 
2512 271 35 1586 
2513 177 297 1584 
2514 1451 134 1464 
2515 609 545 1526 
2516 1482 1105 1581 
2517 543 643 1530 
2518 619 617 631 
2519 324 1452 1596 
2520 608 607 646 
2521 1130 630 1753 
2522 507 514 1499 
2523 977 1432 1697 
2524 1496 509 1499 
2525 363 365 1508 
2526 961 962 1535 
2527 393 400 1518 
2528 578 543 1530 
2529 398 393 1518 
2530 626 763 1505 
2531 615 613 760 
2532 906 904 989 
2533 889 821 924 
2534 345 344 346 
2535 536 534 1507 
2536 1116 1119 1693 
2537 382 363 1508 
2538 956 1175 1729 
2539 417 412 1510 
2540 318 1312 1695 
2541 1404 915 1592 
2542 150 151 268 
2543 383 373 1493 
2544 906 1093 1511 
2545 373 375 1493 
2546 603 601 749 
2547 293 1404 1592 
2548 758 767 1533 
2549 409 407 1504 
2550 400 766 1518 
2551 1029 982 1585 
2552 516 586 1509 
2553 534 547 1507 
2554 903 905 1578 
2555 348 351 1514 
2556 684 682 1538 
2557 913 923 1592 
2558 546 545 607 
2559 1168 1137 1623 
2560 987 1694 1737 
2561 396 388 1502 
2562 533 530 1544 
2563 1428 689 1537 
2564 581 409 1504 
2565 495 516 1509 
2566 412 411 1510 
2567 1340 1182 1588 
2568 628 626 1505 
2569 546 607 608 
2570 347 349 537 
2571 766 495 1509 
2572 988 1328 1746 
2573 381 378 1704 
2574 407 510 1504 
2575 313 1356 1591 
2576 597 576 898 
2577 151 152 1521 
2578 1117 1114 1534 
2579 541 540 545 
2580 127 128 1577 
2581 107 108 1546 
2582 411 582 1510 
2583 1153 1156 1701 
2584 561 559 1594 
2585 966 893 1022 
2586 349 348 1514 
2587 345 347 1527 
2588 537 349 538 
2589 338 340 778 
2590 892 749 893 
2591 982 1263 1585 
2592 541 545 546 
2593 905 904 906 
2594 365 902 1508 
2595 539 538 540 
2596 510 405 1548 
2597 1252 1528 1632 
2598 670 548 1542 
2599 345 346 347 
2600 263 1177 1754 
2601 854 997 1655 
2602 603 892 1517 
2603 905 1511 1618 
2604 597 903 1520 
2605 681 628 1505 
2606 152 153 326 
2607 906 989 1092 
2608 1464 262 1465 
2609 1471 1009 1718 
2610 1427 1372 1653 
2611 903 898 904 
2612 1312 318 1764 
2613 684 1538 1557 
2614 540 542 1526 
2615 405 403 1548 
2616 297 1347 1776 
2617 539 540 541 
2618 1659 1521 1771 
2619 542 538 1524 
2620 23 1471 1718 
2621 965 1533 1562 
2622 894 957 1571 
2623 342 344 345 
2624 1240 1236 1580 
2625 963 961 1602 
2626 74 75 1605 
2627 807 808 1549 
2628 789 669 1556 
2629 153 154 1532 
2630 537 538 539 
2631 1051 1047 1062 
2632 1506 741 1565 
2633 78 306 1609 
2634 402 499 1555 
2635 1150 1157 1668 
2636 284 77 1609 
2637 1533 767 1562 
2638 1183 894 1689 
2639 926 974 1529 
2640 617 615 1531 
2641 650 651 1551 
2642 377 380 1536 
2643 154 155 285 
2644 1182 1078 1588 
2645 1043 1040 1553 
2646 1367 908 1613 
2647 1758 1472 1759 
2648 1416 684 1557 
2649 321 1453 1454 
2650 970 1525 1607 
2651 1268 1269 1613 
2652 267 25 1662 
2653 375 377 1536 
2654 545 540 1526 
2655 833 676 1643 
2656 351 770 1514 
2657 1251 1252 1626 
2658 421 1573 1600 
2659 845 866 1615 
2660 1413 642 1558 
2661 1557 977 1697 
2662 369 372 1543 
2663 403 402 1555 
2664 1088 1420 1664 
2665 421 418 1573 
2666 538 349 1524 
2667 899 1597 1622 
2668 263 141 1579 
2669 780 1415 1616 
2670 367 369 1543 
2671 806 634 1567 
2672 349 1514 1524 
2673 1560 1130 1763 
2674 669 670 1556 
2675 589 761 1550 
2676 1299 879 1677 
2677 973 925 1617 
2678 1548 403 1555 
2679 1493 375 1536 
2680 957 807 1549 
2681 265 1212 1572 
2682 1357 997 1730 
2683 347 537 1527 
2684 1352 1354 1627 
2685 1435 1248 1554 
2686 745 780 1629 
2687 1028 926 1529 
2688 340 342 1539 
2689 816 759 1632 
2690 625 623 1540 
2691 1177 1013 1754 
2692 418 417 1573 
2693 902 367 1543 
2694 833 1163 1658 
2695 988 802 1624 
2696 631 1156 1706 
2697 576 533 1544 
2698 327 67 1564 
2699 307 1147 1621 
2700 1526 542 1588 
2701 767 810 1562 
2702 1369 273 1630 
2703 888 1506 1565 
2704 1179 918 1654 
2705 631 617 1531 
2706 974 1014 1529 
2707 87 1393 1566 
2708 1274 1278 1574 
2709 1409 901 1624 
2710 615 760 1531 
2711 264 146 1589 
2712 975 823 1634 
2713 980 895 1568 
2714 821 625 1540 
2715 825 921 1634 
2716 1013 1012 1754 
2717 623 772 1540 
2718 1429 1052 1699 
2719 1525 309 1607 
2720 1554 1249 1573 
2721 385 379 1576 
2722 301 22 1718 
2723 112 1122 1725 
2724 1456 263 1754 
2725 37 292 1650 
2726 310 1318 1570 
2727 141 142 1579 
2728 91 293 1569 
2729 27 290 1741 
2730 132 324 1596 
2731 261 131 1596 
2732 104 318 1641 
2733 274 103 1641 
2734 1565 741 1636 
2735 1066 1331 1577 
2736 967 1427 1653 
2737 76 284 1575 
2738 1612 1466 1779 
2739 634 768 1567 
2740 739 793 1636 
2741 328 1671 1736 
2742 1181 919 1603 
2743 1372 276 1653 
2744 1669 1130 1753 
2745 1544 550 1598 
2746 390 1169 1631 
2747 293 92 1645 
2748 85 3 1710 
2749 1323 280 1656 
2750 1404 293 1645 
2751 673 672 1643 
2752 1021 1363 1648 
2753 3 86 1710 
2754 1256 1580 1630 
2755 608 647 1590 
2756 671 1175 1686 
2757 1542 957 1549 
2758 1550 1000 1599 
2759 360 1466 1612 
2760 147 322 1589 
2761 575 1758 1759 
2762 1558 642 1594 
2763 1155 1561 1769 
2764 1069 1349 1772 
2765 1256 1240 1580 
2766 885 884 1625 
2767 892 966 1646 
2768 290 28 1583 
2769 1453 261 1552 
2770 1267 1266 1621 
2771 289 175 1690 
2772 772 1156 1769 
2773 159 160 1559 
2774 782 833 1674 
2775 311 1328 1672 
2776 1052 1053 1595 
2777 128 321 1577 
2778 1123 686 1751 
2779 12 299 1663 
2780 898 576 1544 
2781 1573 1249 1600 
2782 986 1454 1552 
2783 1273 1275 1582 
2784 268 151 1521 
2785 279 1102 1720 
2786 157 158 294 
2787 1280 1279 1675 
2788 992 969 1698 
2789 316 1241 1757 
2790 1064 968 1691 
2791 149 150 1635 
2792 1052 1595 1699 
2793 332 1563 1614 
2794 1130 1013 1763 
2795 336 269 1762 
2796 381 1704 1732 
2797 417 1554 1573 
2798 379 381 1576 
2799 1330 1329 1672 
2800 355 359 1611 
2801 359 357 1612 
2802 879 1502 1652 
2803 778 340 1539 
2804 1347 1625 1776 
2805 176 177 1584 
2806 146 147 1589 
2807 1528 816 1632 
2808 1249 1250 1600 
2809 1536 909 1587 
2810 1651 839 1681 
2811 901 990 1723 
2812 899 1475 1597 
2813 989 904 1598 
2814 1223 1404 1645 
2815 1246 979 1711 
2816 549 1299 1714 
2817 887 888 1666 
2818 1597 1463 1622 
2819 1010 973 1688 
2820 269 124 1762 
2821 908 907 1682 
2822 152 326 1521 
2823 981 1029 1695 
2824 1349 14 1772 
2825 1414 283 1723 
2826 1312 1310 1695 
2827 345 1527 1539 
2828 546 668 1639 
2829 15 287 1772 
2830 35 36 1586 
2831 990 1414 1723 
2832 957 1483 1571 
2833 342 345 1539 
2834 1047 1043 1553 
2835 160 161 304 
2836 94 272 1696 
2837 944 831 1633 
2838 1111 1015 1778 
2839 180 1 1715 
2840 1 10 1715 
2841 68 2 1716 
2842 2 69 1716 
2843 1344 329 1715 
2844 1234 1222 1745 
2845 279 58 1724 
2846 963 1602 1657 
2847 59 308 1724 
2848 112 113 1717 
2849 1355 296 1730 
2850 915 913 1592 
2851 1360 313 1591 
2852 131 132 1596 
2853 780 1616 1626 
2854 1526 1588 1638 
2855 1578 905 1618 
2856 1500 1593 1620 
2857 967 1653 1708 
2858 106 275 1764 
2859 318 105 1764 
2860 326 153 1532 
2861 919 978 1603 
2862 642 561 1594 
2863 770 353 1611 
2864 803 988 1746 
2865 958 1608 1687 
2866 1096 1612 1779 
2867 1474 1030 1658 
2868 143 323 1647 
2869 1280 1565 1636 
2870 1026 1230 1773 
2871 1454 1453 1552 
2872 1106 1108 1640 
2873 1163 983 1658 
2874 1012 1010 1780 
2875 766 1463 1597 
2876 1493 1536 1587 
2877 1665 536 1691 
2878 1299 1677 1714 
2879 511 536 1665 
2880 284 1609 1743 
2881 1062 1047 1553 
2882 319 1370 1602 
2883 154 285 1532 
2884 799 541 1639 
2885 1085 1084 1604 
2886 668 608 1590 
2887 1518 766 1597 
2888 1558 1161 1644 
2889 749 1520 1578 
2890 1346 1345 1601 
2891 768 1493 1587 
2892 1508 902 1599 
2893 161 162 1614 
2894 1092 1751 1767 
2895 264 1132 1742 
2896 893 749 1578 
2897 972 970 1607 
2898 1630 273 1679 
2899 829 1508 1599 
2900 902 1550 1599 
2901 1507 882 1707 
2902 268 1521 1659 
2903 1078 1076 1638 
2904 261 1596 1694 
2905 778 1539 1620 
2906 1475 1518 1597 
2907 162 163 332 
2908 1599 1000 1652 
2909 1440 421 1600 
2910 302 1229 1608 
2911 996 1443 1743 
2912 295 74 1605 
2913 1131 575 1759 
2914 1465 262 1617 
2915 925 1465 1617 
2916 277 111 1725 
2917 1195 1196 1661 
2918 309 1323 1607 
2919 1565 1280 1675 
2920 1223 1645 1696 
2921 1520 903 1578 
2922 1393 298 1735 
2923 148 149 1760 
2924 1555 499 1665 
2925 1535 319 1602 
2926 1707 882 1765 
2927 1121 1118 1749 
2928 898 1544 1598 
2929 1461 526 1731 
2930 1133 531 1770 
2931 806 1567 1689 
2932 1500 799 1593 
2933 77 78 1609 
2934 1363 963 1657 
2935 1172 788 1628 
2936 1011 1013 1669 
2937 1210 270 1748 
2938 1561 1683 1769 
2939 1600 1250 1616 
2940 1061 1461 1731 
2941 1266 307 1621 
2942 904 898 1598 
2943 1531 760 1700 
2944 989 1598 1651 
2945 338 778 1619 
2946 1009 927 1649 
2947 1006 1072 1678 
2948 1051 1726 1759 
2949 1115 1693 1742 
2950 1524 1514 1606 
2951 1125 1014 1753 
2952 1586 36 1650 
2953 1539 1527 1620 
2954 1137 1139 1623 
2955 1587 1179 1654 
2956 885 1346 1703 
2957 1679 1374 1738 
2958 353 355 1611 
2959 1267 1621 1752 
2960 1271 1268 1613 
2961 357 360 1612 
2962 829 1599 1652 
2963 997 845 1615 
2964 866 1413 1667 
2965 1098 1054 1758 
2966 1482 1195 1610 
2967 1560 1121 1749 
2968 1596 1452 1694 
2969 1282 312 1777 
2970 1579 142 1647 
2971 961 1535 1602 
2972 273 1374 1679 
2973 1003 1210 1748 
2974 1064 1691 1707 
2975 1205 301 1649 
2976 1638 1076 1670 
2977 1340 1524 1606 
2978 1416 1697 1705 
2979 772 621 1706 
2980 1439 899 1622 
2981 645 1560 1749 
2982 768 1587 1654 
2983 760 1517 1646 
2984 1257 1256 1630 
2985 1056 1659 1771 
2986 956 889 1781 
2987 619 631 1706 
2988 985 987 1628 
2989 1147 1148 1621 
2990 286 1627 1642 
2991 335 338 1619 
2992 176 1584 1690 
2993 1514 770 1606 
2994 1588 1078 1638 
2995 1530 1218 1610 
2996 844 920 1750 
2997 916 830 1722 
2998 1101 1555 1665 
2999 802 1409 1624 
3000 1440 1600 1616 
3001 893 1578 1618 
3002 1499 578 1719 
3003 788 638 1713 
3004 1415 1440 1616 
3005 1559 1547 1712 
3006 884 991 1625 
3007 1567 1183 1689 
3008 286 1352 1627 
3009 1107 1106 1640 
3010 288 1489 1739 
3011 1598 550 1651 
3012 1250 1251 1626 
3013 262 1455 1617 
3014 1199 1133 1770 
3015 754 1416 1705 
3016 747 745 1629 
3017 747 1629 1632 
3018 550 1228 1651 
3019 1095 1096 1779 
3020 973 1617 1688 
3021 1615 1355 1730 
3022 1024 967 1708 
3023 1726 1131 1759 
3024 1054 1472 1758 
3025 920 1460 1703 
3026 285 1429 1699 
3027 759 747 1632 
3028 1463 984 1622 
3029 1439 1622 1637 
3030 1121 1560 1763 
3031 1602 1370 1657 
3032 823 825 1634 
3033 1696 272 1745 
3034 271 1513 1687 
3035 1022 893 1618 
3036 1545 288 1739 
3037 1344 11 1663 
3038 1202 1203 1727 
3039 1527 1500 1620 
3040 808 1496 1761 
3041 999 998 1734 
3042 831 1001 1633 
3043 1159 1103 1642 
3044 1484 917 1702 
3045 1227 959 1660 
3046 741 739 1636 
3047 1354 1355 1667 
3048 984 1163 1637 
3049 1622 984 1637 
3050 1056 1057 1659 
3051 160 304 1559 
3052 1076 1074 1670 
3053 1609 1032 1743 
3054 1519 286 1642 
3055 1010 1688 1780 
3056 1547 294 1712 
3057 924 928 1631 
3058 676 673 1643 
3059 103 104 1641 
3060 1595 1056 1771 
3061 819 753 1721 
3062 285 155 1676 
3063 672 1439 1637 
3064 1416 1557 1697 
3065 1062 1199 1770 
3066 142 143 1647 
3067 92 93 1645 
3068 980 1372 1733 
3069 879 1652 1677 
3070 1458 264 1742 
3071 1542 1549 1727 
3072 1122 1021 1648 
3073 1549 1202 1727 
3074 1616 1250 1626 
3075 609 1638 1670 
3076 36 37 1650 
3077 1413 1558 1644 
3078 1229 271 1687 
3079 1735 298 1778 
3080 541 546 1639 
3081 276 1373 1653 
3082 1175 395 1729 
3083 304 161 1614 
3084 280 1321 1656 
3085 928 1540 1683 
3086 150 268 1635 
3087 609 1526 1638 
3088 917 1572 1702 
3089 1621 1148 1752 
3090 882 883 1765 
3091 1103 1519 1642 
3092 1322 922 1766 
3093 1370 277 1657 
3094 1501 1418 1709 
3095 1751 686 1767 
3096 1577 321 1692 
3097 1700 1152 1701 
3098 392 1150 1668 
3099 944 1219 1744 
3100 392 1668 1704 
3101 157 294 1680 
3102 1064 1707 1765 
3103 1093 1092 1767 
3104 1101 1665 1691 
3105 1517 892 1646 
3106 1502 829 1652 
3107 1591 916 1722 
3108 1418 972 1709 
3109 1345 1344 1663 
3110 25 26 1662 
3111 11 12 1663 
3112 1115 1116 1693 
3113 1074 1073 1728 
3114 681 1541 1747 
3115 1501 1709 1766 
3116 1648 277 1725 
3117 1372 1427 1733 
3118 1645 93 1696 
3119 1005 1006 1739 
3120 162 332 1614 
3121 531 1131 1726 
3122 1257 1630 1679 
3123 1259 1679 1738 
3124 1618 1511 1732 
3125 1157 1152 1700 
3126 1572 1212 1702 
3127 1563 332 1684 
3128 1152 1153 1701 
3129 1219 289 1744 
3130 854 1360 1722 
3131 159 1559 1712 
3132 920 1673 1750 
3133 1653 1373 1708 
3134 983 1474 1658 
3135 1066 1577 1692 
3136 294 158 1712 
3137 1601 920 1703 
3138 1420 1449 1664 
3139 1633 1001 1748 
3140 1374 320 1738 
3141 1670 1074 1728 
3142 378 392 1704 
3143 990 887 1666 
3144 1279 1282 1675 
3145 1242 328 1736 
3146 299 1349 1673 
3147 753 754 1721 
3148 1617 1455 1688 
3149 1494 609 1670 
3150 1561 928 1683 
3151 1329 311 1672 
3152 888 1565 1675 
3153 1662 26 1741 
3154 995 944 1744 
3155 912 782 1674 
3156 578 1530 1661 
3157 912 1674 1685 
3158 1427 819 1733 
3159 499 511 1665 
3160 1259 1257 1679 
3161 1017 1019 1735 
3162 1000 964 1677 
3163 969 1246 1698 
3164 630 1125 1753 
3165 968 1101 1691 
3166 155 156 1676 
3167 830 854 1722 
3168 907 1032 1682 
3169 1567 768 1654 
3170 1608 1229 1687 
3171 1564 68 1716 
3172 1666 1282 1777 
3173 1605 999 1734 
3174 1127 912 1685 
3175 1728 1073 1756 
3176 156 157 1680 
3177 175 176 1690 
3178 1156 1155 1769 
3179 1073 1088 1756 
3180 998 1434 1734 
3181 1563 1112 1740 
3182 686 1220 1767 
3183 1310 981 1695 
3184 1434 295 1734 
3185 1686 956 1781 
3186 93 94 1696 
3187 1697 994 1705 
3188 1269 1267 1752 
3189 1660 788 1713 
3190 1014 1011 1669 
3191 1349 1069 1750 
3192 1006 1545 1739 
3193 994 992 1705 
3194 1713 681 1747 
3195 1061 1059 1678 
3196 1432 994 1697 
3197 638 681 1713 
3198 920 1601 1673 
3199 328 85 1710 
3200 86 1566 1710 
3201 1276 1438 1755 
3202 1460 885 1703 
3203 1593 799 1775 
3204 1373 316 1708 
3205 979 980 1711 
3206 1486 671 1686 
3207 1319 279 1720 
3208 111 112 1725 
3209 1494 1670 1728 
3210 1260 1259 1738 
3211 1008 806 1689 
3212 1677 964 1714 
3213 1652 1000 1677 
3214 22 23 1718 
3215 329 180 1715 
3216 69 331 1716 
3217 1530 1610 1661 
3218 113 315 1717 
3219 1196 1197 1761 
3220 1102 975 1720 
3221 283 1330 1723 
3222 1610 1195 1661 
3223 1513 958 1687 
3224 58 59 1724 
3225 1092 989 1681 
3226 158 159 1712 
3227 1227 1713 1747 
3228 1455 325 1688 
3229 924 1486 1781 
3230 296 1357 1730 
3231 978 1227 1747 
3232 26 27 1741 
3233 922 1501 1766 
3234 292 1276 1755 
3235 1584 297 1776 
3236 1511 381 1732 
3237 621 619 1706 
3238 1676 156 1680 
3239 853 1484 1702 
3240 1222 1223 1745 
3241 1230 1064 1765 
3242 1472 1051 1759 
3243 1112 1091 1740 
3244 312 1414 1777 
3245 1069 844 1750 
3246 964 1008 1714 
3247 1032 996 1743 
3248 1709 1321 1766 
3249 834 803 1746 
3250 1414 990 1777 
3251 1566 1393 1671 
3252 855 1728 1756 
3253 1099 1026 1773 
3254 1489 1005 1739 
3255 536 1507 1707 
3256 1644 1354 1667 
3257 321 1454 1692 
3258 526 1133 1731 
3259 1321 1322 1766 
3260 1031 956 1729 
3261 1537 1269 1752 
3262 14 15 1772 
3263 1241 1185 1757 
3264 105 106 1764 
3265 1704 1022 1732 
3266 1015 1017 1778 
3267 1496 1499 1719 
3268 1540 772 1683 
3269 1118 1117 1749 
3270 1552 261 1694 
3271 856 855 1756 
3272 987 1552 1694 
3273 989 1651 1681 
3274 331 1564 1716 
3275 1438 1094 1755 
3276 1640 322 1760 
3277 1541 978 1747 
3278 1001 1003 1748 
3279 855 1494 1728 
3280 1148 1537 1752 
3281 1051 1062 1726 
3282 1107 1640 1760 
3283 335 1619 1774 
3284 334 335 1774 
3285 1566 328 1710 
3286 1688 325 1780 
3287 1466 764 1779 
3288 1691 536 1707 
3289 322 148 1760 
3290 670 1542 1727 
3291 326 1595 1771 
3292 1532 285 1699 
3293 4 260 1768 
3294 889 924 1781 
3295 972 1656 1709 
3296 325 1457 1780 
3297 1628 987 1737 
3298 1146 1676 1680 
3299 997 1615 1730 
3300 1346 1601 1703 
3301 1223 1696 1745 
3302 1360 1591 1722 
3303 1413 1644 1667 
3304 991 1584 1776 
3305 295 1605 1734 
3306 1521 326 1771 
3307 1017 1735 1778 
3308 754 1698 1721 
3309 330 1563 1684 
3310 1019 1671 1735 
3311 1022 1618 1732 
3312 819 1711 1733 
3313 1656 1321 1709 
3314 531 1726 1770 
3315 1172 1628 1737 
3316 1122 1648 1725 
3317 1092 1681 1751 
3318 1726 1062 1770 
3319 1227 1660 1713 
3320 1625 991 1776 
3321 1762 334 1774 
3322 1671 1019 1736 
3323 1698 1246 1721 
3324 1671 1393 1735 
3325 1673 1349 1750 
3326 1711 980 1733 
3327 1014 1669 1753 
3328 336 1762 1774 
3329 990 1666 1777 
3330 1683 772 1769 
3331 1486 1686 1781 
3332 1496 1719 1761 
3333 1719 1196 1761 
3334 125 4 1768 
3335 163 5 332 
3336 5 164 332 
2 2 3 39
3337 5 6 181 163 
3338 163 181 182 162 
3339 162 182 183 161 
3340 161 183 184 160 
3341 160 184 185 159 
3342 159 185 186 158 
3343 158 186 187 157 
3344 157 187 188 156 
3345 156 188 189 155 
3346 155 189 190 154 
3347 154 190 191 153 
3348 153 191 192 152 
3349 152 192 193 151 
3350 151 193 194 150 
3351 150 194 195 149 
3352 149 195 196 148 
3353 148 196 197 147 
3354 147 197 198 146 
3355 146 198 199 145 
3356 145 199 200 144 
3357 144 200 201 143 
3358 143 201 202 142 
3359 142 202 203 141 
3360 141 203 204 140 
3361 140 204 205 139 
3362 139 205 206 138 
3363 138 206 207 137 
3364 137 207 208 136 
3365 136 208 209 135 
3366 135 209 210 134 
3367 134 210 211 133 
3368 133 211 212 132 
3369 132 212 213 131 
3370 131 213 214 130 
3371 130 214 215 129 
3372 129 215 216 128 
3373 128 216 217 127 
3374 127 217 218 126 
3375 126 218 7 4 
2 3 2 997
3376 2000 2151 2197 
3377 2042 1993 2142 
3378 2151 1784 2197 
3379 2168 259 2226 
3380 1798 2017 2170 
3381 209 210 2065 
3382 1797 2084 2204 
3383 1885 2011 2175 
3384 2045 2101 2179 
3385 1974 2146 2149 
3386 1805 209 2065 
3387 2115 1927 2120 
3388 2033 259 2168 
3389 1974 1967 2146 
3390 2084 2040 2204 
3391 2068 2115 2120 
3392 2011 1885 2177 
3393 1966 2095 2195 
3394 2066 1952 2158 
3395 2011 1896 2184 
3396 1952 2025 2158 
3397 198 199 2109 
3398 1896 2011 2177 
3399 2101 1807 2179 
3400 1967 2141 2146 
3401 1993 2042 2182 
3402 2008 1974 2215 
3403 2003 2100 2104 
3404 1967 1936 2141 
3405 2017 1798 2186 
3406 1975 2128 2136 
3407 1789 2016 2214 
3408 2016 1789 2138 
3409 1974 2149 2215 
3410 1977 2023 2024 
3411 2135 2070 2143 
3412 1936 1895 2206 
3413 2070 2071 2143 
3414 2078 2038 2079 
3415 1989 2030 2174 
3416 2019 1808 2044 
3417 1803 2051 2058 
3418 2197 2152 2220 
3419 1989 2029 2030 
3420 1940 2038 2126 
3421 1977 2012 2023 
3422 1986 2005 2078 
3423 2079 2038 2208 
3424 2095 1966 2173 
3425 1952 1857 2081 
3426 2035 2057 2077 
3427 2081 1857 2238 
3428 1989 1988 2029 
3429 241 242 2121 
3430 2019 1793 2172 
3431 2078 2005 2088 
3432 1809 2042 2142 
3433 1793 2019 2198 
3434 2038 2037 2126 
3435 1935 2071 2145 
3436 1925 1987 2026 
3437 2010 2092 2134 
3438 2051 1782 2212 
3439 2003 2104 2105 
3440 2128 1882 2136 
3441 2141 1936 2206 
3442 1782 2051 2183 
3443 2030 2197 2220 
3444 2209 2020 2236 
3445 1885 2022 2160 
3446 199 1803 2109 
3447 2029 1988 2043 
3448 2074 2123 2145 
3449 2095 2096 2195 
3450 2071 1935 2143 
3451 2025 1952 2081 
3452 1808 2019 2172 
3453 2092 2010 2224 
3454 2051 2050 2058 
3455 2026 1987 2027 
3456 251 2088 2185 
3457 1977 2024 2128 
3458 2020 2015 2236 
3459 2017 2018 2170 
3460 241 2121 2218 
3461 2100 2003 2193 
3462 2026 2027 2236 
3463 2123 1935 2145 
3464 2034 2035 2077 
3465 2050 2055 2058 
3466 2000 2047 2151 
3467 1978 2060 2200 
3468 2189 2112 2194 
3469 1911 2034 2077 
3470 2015 2026 2236 
3471 2163 2061 2223 
3472 1925 2026 2039 
3473 258 259 2033 
3474 1975 1977 2128 
3475 2089 1994 2090 
3476 2021 1793 2198 
3477 1788 2060 2225 
3478 259 6 2226 
3479 2157 1788 2225 
3480 2157 2225 2232 
3481 2002 2189 2194 
3482 1959 1994 2089 
3483 1792 2027 2156 
3484 1896 1815 2031 
3485 1787 2028 2063 
3486 1804 2047 2162 
3487 198 2109 2230 
3488 1893 1959 2154 
3489 2045 2028 2101 
3490 2057 2035 2203 
3491 2043 2025 2081 
3492 1821 1885 2160 
3493 1791 253 2037 
3494 1942 1920 2039 
3495 2060 1788 2216 
3496 1784 2152 2197 
3497 1814 1810 2031 
3498 2174 2030 2220 
3499 1791 2037 2038 
3500 1805 2065 2174 
3501 2034 1911 2102 
3502 2088 2005 2185 
3503 2055 2050 2075 
3504 1990 2074 2106 
3505 1815 1814 2031 
3506 2069 2070 2115 
3507 2026 1942 2039 
3508 2028 1787 2101 
3509 223 1809 2061 
3510 257 1810 1814 
3511 2022 1885 2175 
3512 2147 2057 2203 
3513 1793 2021 2231 
3514 2051 1803 2183 
3515 1783 2147 2203 
3516 1857 2068 2238 
3517 1988 2025 2043 
3518 254 2036 2037 
3519 1867 2066 2158 
3520 2069 1851 2070 
3521 1836 1835 2073 
3522 2031 1810 2032 
3523 1844 1851 2069 
3524 2016 2023 2214 
3525 225 1795 2042 
3526 1941 2001 2040 
3527 2073 1835 2074 
3528 1890 1866 2062 
3529 2060 2161 2200 
3530 2212 2150 2234 
3531 1928 1904 2075 
3532 1939 2029 2043 
3533 1959 2089 2154 
3534 1943 1890 2062 
3535 227 228 2080 
3536 254 255 2036 
3537 2037 2036 2126 
3538 1896 2031 2192 
3539 1920 1889 2039 
3540 1944 2028 2045 
3541 2072 1840 2073 
3542 2014 1963 2044 
3543 1911 1887 2102 
3544 1842 1840 2072 
3545 2057 2054 2077 
3546 253 254 2037 
3547 1984 1939 2043 
3548 1861 1827 2076 
3549 2054 2053 2077 
3550 2000 2046 2047 
3551 2048 2049 2052 
3552 1910 2053 2054 
3553 2156 2027 2179 
3554 1852 1952 2066 
3555 1979 2048 2052 
3556 2065 210 2191 
3557 2022 2137 2160 
3558 1946 1861 2076 
3559 2042 1795 2182 
3560 2074 1835 2106 
3561 1796 1814 1815 
3562 2000 1938 2046 
3563 1812 2163 2223 
3564 1950 2014 2059 
3565 1979 1912 2048 
3566 1840 1836 2073 
3567 1910 1900 2053 
3568 2062 1867 2140 
3569 1810 258 2033 
3570 2073 2074 2145 
3571 1941 1942 2001 
3572 1941 1920 1942 
3573 1817 1815 1896 
3574 2112 1790 2166 
3575 2050 1928 2075 
3576 2093 2095 2173 
3577 222 223 2061 
3578 2001 2015 2020 
3579 1957 1989 2064 
3580 1904 1902 2075 
3581 2038 1940 2208 
3582 2001 1942 2015 
3583 2137 1865 2160 
3584 228 1789 2080 
3585 1853 1852 2066 
3586 1809 224 2042 
3587 2076 1865 2130 
3588 257 258 1810 
3589 1796 256 1814 
3590 1997 2017 2021 
3591 223 224 1809 
3592 2023 2012 2214 
3593 1926 1944 2045 
3594 1866 1860 2062 
3595 1816 1815 1817 
3596 1803 2058 2109 
3597 1799 2082 2122 
3598 1986 2078 2079 
3599 251 252 2088 
3600 1929 2085 2086 
3601 1925 1926 1987 
3602 2093 2094 2095 
3603 1888 1890 1925 
3604 1821 1819 1885 
3605 1791 2038 2078 
3606 1847 1844 2069 
3607 1925 1890 1926 
3608 1888 1866 1890 
3609 1987 1926 2045 
3610 2021 2017 2186 
3611 2074 1990 2123 
3612 2106 1830 2125 
3613 1972 1941 2040 
3614 1799 231 2082 
3615 1930 1920 1941 
3616 1827 1825 2076 
3617 1910 2054 2055 
3618 2028 1956 2063 
3619 1860 1856 1867 
3620 1938 1914 2046 
3621 1965 1995 2019 
3622 1990 2106 2125 
3623 1963 1965 2044 
3624 1825 1823 1865 
3625 1796 1815 1816 
3626 1818 1817 1819 
3627 1782 2150 2212 
3628 1912 1906 2048 
3629 2070 1851 2071 
3630 1951 1949 1978 
3631 2055 2054 2056 
3632 1944 1956 2028 
3633 1875 1958 2085 
3634 1918 2089 2090 
3635 255 256 1796 
3636 1860 1867 2062 
3637 1900 1898 2053 
3638 225 226 1795 
3639 1978 2059 2060 
3640 1862 1861 1886 
3641 1825 1865 2076 
3642 1949 1950 2059 
3643 1947 1948 1949 
3644 1856 1853 2066 
3645 1926 1943 1944 
3646 1820 1819 1821 
3647 2053 1911 2077 
3648 1877 1875 2085 
3649 1991 2112 2166 
3650 256 257 1814 
3651 1852 1849 1857 
3652 1886 1946 1947 
3653 2048 1928 2049 
3654 1829 1827 1861 
3655 1944 1945 1956 
3656 1902 1910 2075 
3657 1950 1963 2014 
3658 1951 2034 2102 
3659 1852 1857 1952 
3660 1898 1887 1911 
3661 1965 2019 2044 
3662 1914 1912 1979 
3663 1829 1861 1862 
3664 1992 1938 2000 
3665 1862 1886 1887 
3666 1844 1842 1851 
3667 1857 2067 2068 
3668 2063 2064 2065 
3669 1822 1821 1823 
3670 2087 1958 2110 
3671 1902 1900 1910 
3672 1914 1979 2046 
3673 2055 2056 2058 
3674 1906 1904 1928 
3675 1801 248 2083 
3676 1919 1889 1920 
3677 1947 1951 2102 
3678 1887 1886 2102 
3679 1951 1978 2006 
3680 2047 2046 2162 
3681 1947 1949 1951 
3682 1898 1911 2053 
3683 2049 2050 2051 
3684 2067 1847 2069 
3685 1906 1928 2048 
3686 2093 2091 2094 
3687 2091 234 2094 
3688 1849 1847 2067 
3689 1949 1948 1950 
3690 1868 1866 1888 
3691 2085 1958 2086 
3692 2086 1958 2087 
3693 1816 1817 1818 
3694 2199 2153 2203 
3695 224 225 2042 
3696 1978 1949 2059 
3697 2023 2008 2024 
3698 1957 1988 1989 
3699 1910 2055 2075 
3700 1947 1946 1948 
3701 255 1796 2036 
3702 228 229 1789 
3703 1956 1957 2064 
3704 2105 2104 2121 
3705 252 253 1791 
3706 1959 1960 1994 
3707 1824 1823 1825 
3708 2071 2072 2145 
3709 1895 1884 1929 
3710 1867 1856 2066 
3711 1851 1842 2072 
3712 1886 1861 1946 
3713 1864 1860 1866 
3714 1785 2091 2092 
3715 2029 1992 2030 
3716 232 1785 2082 
3717 2140 1867 2158 
3718 2056 2054 2057 
3719 1858 1856 1860 
3720 1826 1825 1827 
3721 252 1791 2088 
3722 1817 1896 2177 
3723 2096 2098 2099 
3724 2047 1804 2217 
3725 230 231 1799 
3726 1828 1827 1829 
3727 1818 1819 1820 
3728 1884 1877 2085 
3729 1939 1938 1992 
3730 1857 1849 2067 
3731 1915 1914 1938 
3732 1926 1890 1943 
3733 2049 1928 2050 
3734 2040 2001 2204 
3735 1997 1998 2017 
3736 1820 1821 1822 
3737 249 1786 2083 
3738 1850 1849 1852 
3739 2063 1956 2064 
3740 1913 1912 1914 
3741 1944 1943 1945 
3742 2015 1942 2026 
3743 249 250 1786 
3744 1897 1887 1898 
3745 1843 1842 1844 
3746 1907 1906 1912 
3747 1956 1945 1957 
3748 2098 1800 2099 
3749 1905 1904 1906 
3750 1899 1898 1900 
3751 1841 1840 1842 
3752 1848 1847 1849 
3753 1901 1900 1902 
3754 1903 1902 1904 
3755 247 1801 2097 
3756 2087 2110 2111 
3757 1845 1844 1847 
3758 1785 233 2091 
3759 1929 1884 2085 
3760 232 233 1785 
3761 1979 2052 2162 
3762 2034 2006 2035 
3763 1881 1893 2154 
3764 2032 1810 2033 
3765 1835 1832 2106 
3766 1893 1932 1959 
3767 1855 1853 1856 
3768 237 1800 2098 
3769 1888 1925 2039 
3770 1889 1888 2039 
3771 2094 1794 2095 
3772 231 232 2082 
3773 1984 2043 2081 
3774 1838 1836 1840 
3775 1834 1832 1835 
3776 1822 1823 1824 
3777 1995 1996 1997 
3778 2100 2103 2104 
3779 2092 2091 2093 
3780 247 248 1801 
3781 2130 1865 2137 
3782 1894 1884 1895 
3783 1923 1895 1936 
3784 1965 1971 1995 
3785 2058 2056 2109 
3786 2103 1813 2104 
3787 1918 2090 2117 
3788 1789 229 2138 
3789 2099 1800 2100 
3790 1886 1947 2102 
3791 248 249 2083 
3792 1963 1964 1965 
3793 236 237 2098 
3794 1950 1962 1963 
3795 234 235 2094 
3796 1790 246 2097 
3797 1875 1873 1958 
3798 239 1813 2103 
3799 1824 1825 1826 
3800 233 234 2091 
3801 2095 1794 2096 
3802 1937 1936 1967 
3803 235 1794 2094 
3804 1883 1877 1884 
3805 246 247 2097 
3806 1958 1873 2110 
3807 1973 1967 1974 
3808 1826 1827 1828 
3809 1939 1992 2029 
3810 1959 1932 1960 
3811 2007 1974 2008 
3812 1862 1887 1897 
3813 1915 1938 1939 
3814 230 1799 2138 
3815 238 239 2103 
3816 245 1790 2107 
3817 1913 1914 1915 
3818 2027 1792 2236 
3819 1828 1829 1830 
3820 2016 2008 2023 
3821 235 236 1794 
3822 245 246 1790 
3823 1907 1912 1913 
3824 1802 244 2107 
3825 1791 2078 2088 
3826 1905 1906 1907 
3827 1897 1898 1899 
3828 1916 2004 2129 
3829 1899 1900 1901 
3830 1841 1842 1843 
3831 244 245 2107 
3832 1916 1961 2004 
3833 1903 1904 1905 
3834 1901 1902 1903 
3835 237 238 1800 
3836 243 244 1802 
3837 1868 1888 1889 
3838 1951 2006 2034 
3839 239 240 1813 
3840 1838 1840 1841 
3841 1834 1835 1836 
3842 1909 2108 2118 
3843 1930 1941 1972 
3844 1919 1920 1930 
3845 1843 1844 1845 
3846 1800 238 2103 
3847 1845 1847 1848 
3848 1848 1849 1850 
3849 1892 1880 2113 
3850 1957 1970 1988 
3851 1794 236 2098 
3852 2100 1800 2103 
3853 2041 2040 2084 
3854 1972 2040 2041 
3855 1812 2084 2211 
3856 1883 1884 1894 
3857 1894 1895 1923 
3858 1909 1922 2108 
3859 2067 2069 2115 
3860 227 2080 2207 
3861 1855 1856 1858 
3862 1850 1852 1853 
3863 1858 1860 1864 
3864 1864 1866 1868 
3865 1922 1955 2108 
3866 1982 1981 1983 
3867 1922 1954 1955 
3868 2056 2057 2147 
3869 1885 1819 2177 
3870 1980 1933 1981 
3871 2071 1851 2072 
3872 2096 1794 2098 
3873 1881 1892 1893 
3874 1870 1839 2110 
3875 1923 1936 1937 
3876 1832 1830 2106 
3877 1871 1880 1881 
3878 1830 1829 2125 
3879 1937 1967 1973 
3880 1950 1948 1962 
3881 1933 1892 2113 
3882 2004 1961 2009 
3883 1973 1974 2007 
3884 2002 1954 2003 
3885 1955 1954 2002 
3886 2084 1812 2223 
3887 1872 1870 1873 
3888 1893 1931 1932 
3889 2065 2064 2174 
3890 1921 1908 1966 
3891 1960 1985 1986 
3892 1873 1870 2110 
3893 2007 2008 2016 
3894 1874 1873 1875 
3895 1862 1897 2125 
3896 2107 1790 2112 
3897 203 204 1804 
3898 1909 1921 1922 
3899 1922 1953 1954 
3900 1980 1981 1982 
3901 199 200 1803 
3902 1837 1836 1838 
3903 1982 1983 1991 
3904 201 202 1782 
3905 1876 1875 1877 
3906 1831 1830 1832 
3907 2133 1846 2155 
3908 1878 1877 1883 
3909 1878 1908 1909 
3910 1946 2076 2130 
3911 1796 1816 2036 
3912 1823 1821 2160 
3913 1922 1921 1953 
3914 1957 1945 1970 
3915 1833 1832 1834 
3916 1966 1908 2114 
3917 1960 1932 1985 
3918 1838 1841 2111 
3919 206 207 1784 
3920 196 197 1783 
3921 1818 1820 1940 
3922 1997 1996 1998 
3923 1965 1964 1971 
3924 1909 1908 1921 
3925 1881 1880 1892 
3926 1963 1962 1964 
3927 1894 1923 1924 
3928 1874 1876 1879 
3929 208 209 1805 
3930 1872 1873 1874 
3931 194 195 1806 
3932 2110 1839 2111 
3933 1874 1875 1876 
3934 1878 1883 1908 
3935 1876 1877 1878 
3936 1943 2062 2140 
3937 1987 2045 2179 
3938 1893 1892 1931 
3939 1834 1836 1837 
3940 1981 1933 2113 
3941 2068 2067 2115 
3942 1917 1859 1968 
3943 1995 1971 1996 
3944 1988 1970 2025 
3945 1916 1917 1961 
3946 1837 1838 1839 
3947 1969 1933 1980 
3948 2104 1813 2121 
3949 1822 1824 1863 
3950 1937 1973 2010 
3951 2187 2188 2190 
3952 1828 1830 1831 
3953 1837 1839 1869 
3954 1897 1990 2125 
3955 1829 1862 2125 
3956 1854 1853 1855 
3957 1968 1859 2132 
3958 1854 1859 1916 
3959 1843 1845 1846 
3960 213 214 1807 
3961 1871 1870 1872 
3962 1931 1933 1969 
3963 1931 1892 1933 
3964 1915 1939 1984 
3965 1901 1903 1935 
3966 1975 1976 1977 
3967 1871 1872 1880 
3968 1897 1899 1990 
3969 1907 1913 1927 
3970 1869 1839 1870 
3971 1869 1870 1871 
3972 215 216 1792 
3973 1831 1832 1833 
3974 1948 1946 2130 
3975 1929 2086 2196 
3976 211 212 1787 
3977 1839 1838 2111 
3978 191 192 1788 
3979 1932 1931 2119 
3980 2017 1998 2018 
3981 189 190 1808 
3982 2184 1896 2192 
3983 1831 1833 1918 
3984 1883 1894 2114 
3985 1833 1834 2127 
3986 1986 1985 2005 
3987 1908 1883 2114 
3988 1916 1859 1917 
3989 1871 1881 2139 
3990 1850 1853 1854 
3991 1895 1929 2206 
3992 1976 1934 2124 
3993 1854 1855 1859 
3994 1918 1999 2089 
3995 1918 1833 1999 
3996 1985 1932 2119 
3997 1891 1889 1919 
3998 1807 2156 2179 
3999 2012 1976 2013 
4000 187 188 1793 
4001 1878 1909 2118 
4002 1894 1924 2114 
4003 1858 1864 1882 
4004 1983 1981 2159 
4005 1977 1976 2012 
4006 1931 1969 2119 
4007 1834 1837 2127 
4008 1997 2021 2198 
4009 1994 2187 2190 
4010 2087 2133 2155 
4011 1891 1934 1975 
4012 1879 1876 2118 
4013 1874 1879 2131 
4014 2087 2111 2133 
4015 1962 1948 2130 
4016 1826 1828 2117 
4017 1876 1878 2118 
4018 1973 2007 2122 
4019 1999 1833 2127 
4020 2209 217 2213 
4021 1872 1874 2131 
4022 1820 1822 2116 
4023 1913 1915 2120 
4024 1899 1901 2123 
4025 2049 2051 2212 
4026 1880 1872 2131 
4027 1975 1934 1976 
4028 1837 1869 2127 
4029 2113 1880 2131 
4030 2072 2073 2145 
4031 1999 2127 2139 
4032 2111 1841 2133 
4033 1905 1907 2135 
4034 1924 1923 2134 
4035 218 7 1797 
4036 184 185 1798 
4037 2010 1973 2122 
4038 1841 1843 2133 
4039 2127 1869 2139 
4040 2012 2013 2080 
4041 1848 1850 2129 
4042 1940 1820 2116 
4043 2013 1976 2124 
4044 1945 1943 2140 
4045 1828 1831 2117 
4046 1923 1937 2134 
4047 1843 1846 2133 
4048 1937 2010 2134 
4049 1790 2097 2166 
4050 1971 1964 2022 
4051 1868 1889 1891 
4052 1854 1916 2129 
4053 2129 2004 2148 
4054 1822 1863 2116 
4055 1901 1935 2123 
4056 1990 1899 2123 
4057 2036 1816 2126 
4058 1927 1913 2120 
4059 1915 1984 2120 
4060 1816 1818 2126 
4061 2080 2013 2207 
4062 1859 1855 2132 
4063 1907 1927 2135 
4064 219 220 1812 
4065 1831 1918 2117 
4066 1891 1919 1934 
4067 1850 1854 2129 
4068 2024 2008 2215 
4069 2019 1995 2198 
4070 1855 1858 2132 
4071 1919 1930 2144 
4072 1903 1905 2143 
4073 1818 1940 2126 
4074 2009 1961 2141 
4075 1935 1903 2143 
4076 1998 1996 2011 
4077 2115 2070 2237 
4078 1930 1972 1993 
4079 229 230 2138 
4080 1802 2105 2210 
4081 1970 1945 2140 
4082 1846 1845 2148 
4083 1858 1882 2132 
4084 1992 2000 2197 
4085 2060 2059 2225 
4086 2131 1879 2159 
4087 1864 1868 2136 
4088 1869 1871 2139 
4089 1905 2135 2143 
4090 1961 1917 2146 
4091 1795 226 2207 
4092 1845 1848 2148 
4093 1930 1993 2144 
4094 2109 2056 2147 
4095 2141 1961 2146 
4096 2086 2087 2155 
4097 1882 1864 2136 
4098 1917 1968 2149 
4099 2124 1934 2144 
4100 182 183 1811 
4101 2044 1808 2232 
4102 1891 1975 2136 
4103 1848 2129 2148 
4104 2113 2131 2159 
4105 1964 1962 2137 
4106 202 203 2150 
4107 2064 1989 2174 
4108 2167 2108 2178 
4109 2097 1801 2165 
4110 205 206 2151 
4111 1801 2083 2171 
4112 2033 2168 2227 
4113 207 208 2152 
4114 195 196 2153 
4115 1986 2079 2187 
4116 1863 1824 2164 
4117 2118 2108 2167 
4118 250 251 2185 
4119 2117 2090 2164 
4120 2083 1786 2176 
4121 2146 1917 2149 
4122 1962 2130 2137 
4123 1868 1891 2136 
4124 2128 2024 2202 
4125 2046 1979 2162 
4126 2022 1964 2137 
4127 214 215 2156 
4128 1865 1823 2160 
4129 1934 1919 2144 
4130 1826 2117 2164 
4131 190 191 2157 
4132 2099 2193 2239 
4133 2025 1970 2158 
4134 193 194 2161 
4135 1983 2159 2167 
4136 2027 1987 2179 
4137 203 1804 2150 
4138 8 222 2229 
4139 1972 2041 2142 
4140 2005 2180 2185 
4141 1782 202 2150 
4142 2139 1881 2154 
4143 2004 2009 2181 
4144 2080 1789 2214 
4145 1983 2167 2178 
4146 2061 2163 2229 
4147 1785 2092 2224 
4148 206 1784 2151 
4149 1970 2140 2158 
4150 1784 207 2152 
4151 196 1783 2153 
4152 188 189 2172 
4153 2089 1999 2154 
4154 208 1805 2152 
4155 1806 195 2153 
4156 2114 1924 2173 
4157 1960 1986 2187 
4158 1981 2113 2159 
4159 2205 2032 2227 
4160 2202 2024 2215 
4161 1824 1826 2164 
4162 2107 2112 2189 
4163 194 1806 2161 
4164 2153 1783 2203 
4165 1980 1982 2165 
4166 2097 2165 2166 
4167 2012 2080 2214 
4168 1999 2139 2154 
4169 1982 1991 2166 
4170 1993 1972 2142 
4171 1807 214 2156 
4172 222 2061 2229 
4173 1969 1980 2171 
4174 215 1792 2156 
4175 2005 1985 2180 
4176 183 184 2169 
4177 2105 1802 2221 
4178 2003 1954 2193 
4179 191 1788 2157 
4180 1966 2114 2173 
4181 1808 190 2157 
4182 1980 2165 2171 
4183 2165 1982 2166 
4184 2122 2082 2224 
4185 1879 2118 2167 
4186 2109 2147 2230 
4187 189 1808 2172 
4188 1787 2063 2191 
4189 1971 2022 2175 
4190 2193 1953 2239 
4191 1793 188 2172 
4192 2159 1879 2167 
4193 243 1802 2210 
4194 1929 2196 2206 
4195 1953 1921 2195 
4196 2011 1996 2175 
4197 2099 2100 2193 
4198 220 221 2163 
4199 1803 200 2183 
4200 201 1782 2183 
4201 1819 1817 2177 
4202 2010 2122 2224 
4203 2165 1801 2171 
4204 240 9 2218 
4205 9 241 2218 
4206 1969 2171 2176 
4207 185 186 2186 
4208 2052 2212 2234 
4209 2171 2083 2176 
4210 2176 1786 2180 
4211 2006 1978 2200 
4212 1799 2122 2219 
4213 1996 1971 2175 
4214 1998 2011 2184 
4215 181 182 2168 
4216 2084 1797 2211 
4217 2169 1798 2170 
4218 184 1798 2169 
4219 2119 1969 2176 
4220 2121 1813 2218 
4221 2031 2032 2192 
4222 2061 1809 2201 
4223 1846 2148 2181 
4224 2020 2209 2213 
4225 2108 1955 2178 
4226 2180 1786 2185 
4227 1955 2002 2194 
4228 211 1787 2191 
4229 1991 1983 2178 
4230 2151 2047 2217 
4231 2035 2199 2203 
4232 200 201 2183 
4233 2032 2205 2228 
4234 2116 1863 2188 
4235 2181 2009 2196 
4236 216 217 2209 
4237 1985 2119 2180 
4238 1812 220 2163 
4239 1811 183 2169 
4240 2119 2176 2180 
4241 1882 2128 2202 
4242 2122 2007 2219 
4243 2186 186 2231 
4244 1786 250 2185 
4245 2041 2084 2223 
4246 2124 2144 2182 
4247 2148 2004 2181 
4248 2116 2188 2208 
4249 1804 204 2217 
4250 1797 7 2211 
4251 2035 2006 2199 
4252 1807 2101 2233 
4253 1783 197 2230 
4254 2121 242 2210 
4255 2018 1998 2184 
4256 2101 1787 2233 
4257 2032 2033 2227 
4258 1788 192 2216 
4259 2132 1882 2202 
4260 2155 1846 2181 
4261 2144 1993 2182 
4262 1863 2164 2190 
4263 219 1812 2211 
4264 2090 1994 2190 
4265 213 1807 2233 
4266 1994 1960 2187 
4267 1787 212 2233 
4268 182 1811 2168 
4269 2063 2065 2191 
4270 218 1797 2213 
4271 187 1793 2231 
4272 1808 2157 2232 
4273 2068 2120 2238 
4274 210 211 2191 
4275 1802 2107 2189 
4276 2124 2182 2235 
4277 2147 1783 2230 
4278 2052 2049 2212 
4279 205 2151 2217 
4280 1795 2207 2235 
4281 2014 2044 2232 
4282 1798 185 2186 
4283 2030 1992 2197 
4284 2112 1991 2194 
4285 2120 1984 2238 
4286 193 2161 2216 
4287 1954 1953 2193 
4288 2138 1799 2219 
4289 1995 1997 2198 
4290 2164 2090 2190 
4291 1797 2204 2213 
4292 2061 2201 2223 
4293 2003 2105 2221 
4294 1921 1966 2195 
4295 2225 2014 2232 
4296 1792 2209 2236 
4297 2155 2181 2196 
4298 2199 2006 2200 
4299 2182 1795 2235 
4300 7 219 2211 
4301 2188 2079 2208 
4302 2001 2020 2204 
4303 2021 2186 2231 
4304 2059 2014 2225 
4305 2161 2060 2216 
4306 2162 2052 2234 
4307 221 8 2229 
4308 2178 1955 2194 
4309 1991 2178 2194 
4310 2016 2138 2219 
4311 1968 2132 2202 
4312 2173 1924 2222 
4313 226 227 2207 
4314 2105 2121 2210 
4315 1802 2189 2221 
4316 1924 2134 2222 
4317 1968 2202 2215 
4318 2196 2009 2206 
4319 2086 2155 2196 
4320 2188 1863 2190 
4321 242 243 2210 
4322 1806 2199 2200 
4323 2134 2092 2222 
4324 2142 2041 2201 
4325 2018 2184 2192 
4326 2009 2141 2206 
4327 1792 216 2209 
4328 217 218 2213 
4329 1806 2153 2199 
4330 2082 1785 2224 
4331 2096 2099 2239 
4332 2093 2173 2222 
4333 2002 2003 2221 
4334 1940 2116 2208 
4335 2161 1806 2200 
4336 2092 2093 2222 
4337 192 193 2216 
4338 204 205 2217 
4339 1813 240 2218 
4340 1809 2142 2201 
4341 2187 2079 2188 
4342 2007 2016 2219 
4343 1804 2162 2234 
4344 2169 2170 2205 
4345 2150 1804 2234 
4346 197 198 2230 
4347 2149 1968 2215 
4348 1953 2195 2239 
4349 212 213 2233 
4350 186 187 2231 
4351 1927 2115 2237 
4352 1984 2081 2238 
4353 2204 2020 2213 
4354 181 2168 2226 
4355 6 181 2226 
4356 1805 2174 2220 
4357 1811 2169 2205 
4358 2168 1811 2227 
4359 2152 1805 2220 
4360 2135 1927 2237 
4361 2013 2124 2235 
4362 2205 2170 2228 
4363 2070 2135 2237 
4364 2189 2002 2221 
4365 2163 221 2229 
4366 2170 2018 2228 
4367 2192 2032 2228 
4368 2201 2041 2223 
4369 2018 2192 2228 
4370 2195 2096 2239 
4371 2207 2013 2235 
4372 1811 2205 2227 
$EndElements
