$MeshFormat
4.1 0 8
$EndMeshFormat
$PhysicalNames
7
2 4 "FOUND_BOT"
2 5 "SYM_X"
2 6 "SYM_Y"
2 7 "IND_TOP"
3 1 "FOUNDATION"
3 2 "INDENTER"
3 3 "VOID"
$EndPhysicalNames
$Entities
15 28 16 3
1 0 0 -4 0 
2 2.041077998578922e-16 -4.999199275539526e-32 0 0 
3 0 4 0 0 
4 0 4 -4 0 
5 4 0 -4 0 
6 4 0 0 0 
7 4 4 0 0 
8 4 4 -4 0 
9 0 0 4 0 
10 0 4 4 0 
11 0 4 0.8348486100883199 0 
12 4.000000000000271 -4.898587196590076e-16 0.8348486100885566 0 
13 4 0 4 0 
14 4 4 4 0 
15 4 4 1.753788748764679 0 
1 -1e-07 -1e-07 -4.0000001 1e-07 1e-07 9.999999983634211e-08 0 2 1 -2 
2 -1e-07 -9.999999983634211e-08 -1e-07 1e-07 4.0000001 1e-07 0 2 2 -3 
3 -1e-07 3.9999999 -4.0000001 1e-07 4.0000001 9.999999983634211e-08 0 2 4 -3 
4 -1e-07 -9.999999983634211e-08 -4.0000001 1e-07 4.0000001 -3.9999999 0 2 1 -4 
5 3.9999999 -1e-07 -4.0000001 4.0000001 1e-07 9.999999983634211e-08 0 2 5 -6 
6 3.9999999 -9.999999983634211e-08 -1e-07 4.0000001 4.0000001 1e-07 0 2 6 -7 
7 3.9999999 3.9999999 -4.0000001 4.0000001 4.0000001 9.999999983634211e-08 0 2 8 -7 
8 3.9999999 -9.999999983634211e-08 -4.0000001 4.0000001 4.0000001 -3.9999999 0 2 5 -8 
9 -9.999999983634211e-08 -1e-07 -4.0000001 4.0000001 1e-07 -3.9999999 0 2 1 -5 
10 -9.999999983634211e-08 -1e-07 -1e-07 4.0000001 1e-07 1e-07 0 2 2 -6 
11 -9.999999983634211e-08 3.9999999 -4.0000001 4.0000001 4.0000001 -3.9999999 0 2 4 -8 
12 -9.999999983634211e-08 3.9999999 -1e-07 4.0000001 4.0000001 1e-07 0 2 3 -7 
13 -1e-07 -1e-07 -9.999999983634211e-08 1e-07 1e-07 4.0000001 0 2 2 -9 
14 -1e-07 -9.999999983634211e-08 3.9999999 1e-07 4.0000001 4.0000001 0 2 9 -10 
15 -1e-07 3.9999999 0.8348485100883201 1e-07 4.0000001 4.0000001 0 2 11 -10 
16 -1e-07 -1.000000011686097e-07 -1.000000000028756e-07 1e-07 4.000000099999998 0.8348487100883185 0 2 2 -11 
17 -1.000000029449666e-07 -1.000000018818923e-07 -1.00000000891054e-07 4.000000100000316 1.000000009021749e-07 0.8348487100884581 0 2 2 -12 
18 3.9999999 -1e-07 0.8348485100885568 4.0000001 1e-07 4.0000001 0 2 12 -13 
19 -9.999999983634211e-08 -1e-07 3.9999999 4.0000001 1e-07 4.0000001 0 2 9 -13 
20 -9.999999983634211e-08 3.9999999 3.9999999 4.0000001 4.0000001 4.0000001 0 2 10 -14 
21 3.9999999 -9.999999983634211e-08 3.9999999 4.0000001 4.0000001 4.0000001 0 2 13 -14 
22 3.9999999 3.9999999 1.753788648764679 4.0000001 4.0000001 4.0000001 0 2 15 -14 
23 -9.999999894816369e-08 3.9999999 0.8348485100883204 4.0000001 4.0000001 1.753788848764679 0 2 15 -11 
24 3.9999999 -1.000000011686097e-07 0.8348485100883204 4.0000001 4.000000099999998 1.753788848764679 0 2 12 -15 
25 -1.000000000002601e-07 -1.000000000002601e-07 -1.000000000002601e-07 1.000000006125835e-07 1.000000006125835e-07 1.000000000002601e-07 0 2 2 -2 
26 -1e-07 3.9999999 -1.000000000028756e-07 1e-07 4.0000001 0.8348487100883198 0 2 3 -11 
27 3.9999999 3.9999999 -9.999999994736442e-08 4.0000001 4.0000001 1.753788848764679 0 2 7 -15 
28 3.9999999 -1e-07 -1.000000000028756e-07 4.0000001 1e-07 0.8348487100885565 0 2 6 -12 
1 -1e-07 -9.999999983634211e-08 -4.0000001 1e-07 4.0000001 9.999999983634211e-08 1 5 4 -1 4 3 -2 
2 3.9999999 -9.999999983634211e-08 -4.0000001 4.0000001 4.0000001 9.999999983634211e-08 0 4 -5 8 7 -6 
3 -9.999999983634211e-08 -1e-07 -4.0000001 4.0000001 1e-07 9.999999983634211e-08 1 6 4 -9 1 10 -5 
4 -9.999999983634211e-08 3.9999999 -4.0000001 4.0000001 4.0000001 9.999999983634211e-08 0 4 -11 3 12 -7 
5 -9.999999983634211e-08 -9.999999983634211e-08 -4.0000001 4.0000001 4.0000001 -3.9999999 1 4 4 -4 9 8 -11 
6 -9.999999983634211e-08 -9.999999983634211e-08 -1e-07 4.0000001 4.0000001 1e-07 0 4 -2 10 6 -12 
7 -1e-07 -1.000000011686097e-07 -9.999999983634211e-08 1e-07 4.0000001 4.0000001 1 5 4 -13 16 15 -14 
8 -1.000000029449666e-07 -1.000000018818923e-07 -1.000000007245205e-07 4.000000100000316 1.000000009021749e-07 4.000000100000001 1 6 4 -17 13 19 -18 
9 -9.999999983634211e-08 -9.999999983634211e-08 3.9999999 4.0000001 4.0000001 4.0000001 1 7 4 -14 19 21 -20 
10 -9.999999983634211e-08 3.9999999 0.8348485100883201 4.0000001 4.0000001 4.0000001 0 4 -22 23 15 20 
11 -1.000000020567882e-07 -1.000000020567882e-07 -9.999999994736442e-08 5.656854349492382 5.656854349492382 1.753788848764681 0 5 -24 -17 25 16 -23 
12 3.9999999 -1.000000011686097e-07 0.8348485100883205 4.0000001 4.0000001 4.0000001 0 4 -18 24 22 -21 
13 -1e-07 -1.000000011686097e-07 -1.000000000028756e-07 1e-07 4.0000001 0.8348487100883198 1 5 3 -16 2 26 
14 -9.999999983634211e-08 3.9999999 -9.999999994736442e-08 4.0000001 4.0000001 1.753788848764679 0 4 -27 -12 26 -23 
15 3.9999999 -1.000000011686097e-07 -9.999999994736442e-08 4.0000001 4.0000001 1.753788848764679 0 4 -28 6 27 -24 
16 -1.000000029449666e-07 -1.000000018818923e-07 -1.00000000891054e-07 4.000000100000316 1.000000009021749e-07 0.8348487100885575 1 6 3 -10 17 -28 
1 -9.999999983634211e-08 -9.999999983634211e-08 -4.0000001 4.0000001 4.0000001 9.999999983634211e-08 1 1 6 -1 2 -3 4 -5 6 
28 -1.000000029449666e-07 -1.000000029449666e-07 -1.000000007245205e-07 5.656854349492383 5.656854349492383 4.000000100000001 1 2 6 -7 -8 9 10 11 12 
38 -1.000000029449666e-07 -1.000000029449666e-07 -1.000000009465651e-07 5.656854349492383 5.656854349492383 1.753788848764682 1 3 6 -13 -11 14 -6 15 -16 
$EndEntities
$Nodes
61 1393 1 1393
0 1 0 1
1
0 0 -4
0 2 0 1
2
2.041077998578922e-16 -4.999199275539526e-32 0
0 3 0 1
3
0 4 0
0 4 0 1
4
0 4 -4
0 5 0 1
5
4 0 -4
0 6 0 1
6
4 0 0
0 7 0 1
7
4 4 0
0 8 0 1
8
4 4 -4
0 9 0 1
9
0 0 4
0 10 0 1
10
0 4 4
0 11 0 1
11
0 4 0.8348486100883199
0 12 0 1
12
4.000000000000271 -4.898587196590076e-16 0.8348486100885566
0 13 0 1
13
4 0 4
0 14 0 1
14
4 4 4
0 15 0 1
15
4 4 1.753788748764679
1 1 0 7
16
17
18
19
20
21
22
0 0 -3.5
0 0 -3
0 0 -2.5
0 0 -2
0 0 -1.5
0 0 -1
0 0 -0.5
1 2 0 7
23
24
25
26
27
28
29
0 0.5 0
0 1 0
0 1.5 0
0 2 0
0 2.5 0
0 3 0
0 3.5 0
1 3 0 7
30
31
32
33
34
35
36
0 4 -3.5
0 4 -3
0 4 -2.5
0 4 -2
0 4 -1.5
0 4 -1
0 4 -0.5
1 4 0 7
37
38
39
40
41
42
43
0 0.5 -4
0 1 -4
0 1.5 -4
0 2 -4
0 2.5 -4
0 3 -4
0 3.5 -4
1 5 0 7
44
45
46
47
48
49
50
4 0 -3.5
4 0 -3
4 0 -2.5
4 0 -2
4 0 -1.5
4 0 -1
4 0 -0.5
1 6 0 7
51
52
53
54
55
56
57
4 0.5 0
4 1 0
4 1.5 0
4 2 0
4 2.5 0
4 3 0
4 3.5 0
1 7 0 7
58
59
60
61
62
63
64
4 4 -3.5
4 4 -3
4 4 -2.5
4 4 -2
4 4 -1.5
4 4 -1
4 4 -0.5
1 8 0 7
65
66
67
68
69
70
71
4 0.5 -4
4 1 -4
4 1.5 -4
4 2 -4
4 2.5 -4
4 3 -4
4 3.5 -4
1 9 0 7
72
73
74
75
76
77
78
0.5 0 -4
1 0 -4
1.5 0 -4
2 0 -4
2.5 0 -4
3 0 -4
3.5 0 -4
1 10 0 7
79
80
81
82
83
84
85
0.5 0 0
1 0 0
1.5 0 0
2 0 0
2.5 0 0
3 0 0
3.5 0 0
1 11 0 7
86
87
88
89
90
91
92
0.5 4 -4
1 4 -4
1.5 4 -4
2 4 -4
2.5 4 -4
3 4 -4
3.5 4 -4
1 12 0 7
93
94
95
96
97
98
99
0.5 4 0
1 4 0
1.5 4 0
2 4 0
2.5 4 0
3 4 0
3.5 4 0
1 13 0 7
100
101
102
103
104
105
106
0 0 0.5
0 0 1
0 0 1.5
0 0 2
0 0 2.5
0 0 3
0 0 3.5
1 14 0 7
107
108
109
110
111
112
113
0 0.5 4
0 1 4
0 1.5 4
0 2 4
0 2.5 4
0 3 4
0 3.5 4
1 15 0 6
114
115
116
117
118
119
0 4 1.287013094361417
0 4 1.739177578634514
0 4 2.191342062907611
0 4 2.643506547180708
0 4 3.095671031453806
0 4 3.547835515726903
1 16 0 8
120
121
122
123
124
125
126
127
0 0.4570816316743346 0.01045164274250432
0 0.9132078125649862 0.04178472360281482
0 1.367425089094323 0.09393374614749561
0 1.818783997921986 0.1667897017859463
0 2.266341050635236 0.2602002976341673
0 2.709160705949703 0.3739702748569229
0 3.146317325298051 0.5078618168228655
0 3.576897107718682 0.6615950462194178
1 17 0 8
128
129
130
131
132
133
134
135
0.4570816316743695 -1.119527114358132e-16 0.0104516427425061
0.9132078125650651 -2.236714049228326e-16 0.04178472360282193
1.367425089094433 -3.349225516866563e-16 0.0939337461475116
1.818783997922139 -4.454736002791547e-16 0.1667897017859747
2.266341050635421 -5.550934626873836e-16 0.2602002976342099
2.709160705949929 -6.63552997383473e-16 0.3739702748569869
3.146317325298304 -7.706254883056858e-16 0.507861816822949
3.576897107718971 -8.760871187694927e-16 0.6615950462195279
1 18 0 6
136
137
138
139
140
141
4 0 1.28701309436162
4 0 1.739177578634683
4 0 2.191342062907747
4 0 2.64350654718081
4 0 3.095671031453873
4 0 3.547835515726937
1 19 0 7
142
143
144
145
146
147
148
0.5 0 4
1 0 4
1.5 0 4
2 0 4
2.5 0 4
3 0 4
3.5 0 4
1 20 0 7
149
150
151
152
153
154
155
0.5 4 4
1 4 4
1.5 4 4
2 4 4
2.5 4 4
3 4 4
3.5 4 4
1 21 0 7
156
157
158
159
160
161
162
4 0.5 4
4 1 4
4 1.5 4
4 2 4
4 2.5 4
4 3 4
4 3.5 4
1 22 0 4
163
164
165
166
4 4 2.203030999011743
4 4 2.652273249258807
4 4 3.101515499505871
4 4 3.550757749752936
1 23 0 8
167
168
169
170
171
172
173
174
3.581331148088909 4 1.563527561372101
3.153645743871707 4 1.394506491655468
2.718020551171179 4 1.247151076168908
2.275552323449503 4 1.121832304847832
1.827355042562599 4 1.018865686984688
1.374557114139407 4 0.9385104568857585
0.9182985266470308 4 0.880968921208904
0.4597279812943653 4 0.8463859496254162
1 24 0 8
175
176
177
178
179
180
181
182
4 0.459727981294363 0.8463859496254162
4 0.9182985266470285 0.880968921208904
4 1.374557114139405 0.9385104568857585
4 1.827355042562597 1.018865686984688
4 2.275552323449501 1.121832304847832
4 2.718020551171177 1.247151076168906
4 3.153645743871705 1.394506491655468
4 3.581331148088907 1.5635275613721
1 26 0 1
183
0 4 0.4174243050441599
1 27 0 3
184
185
186
4 4 0.4384471871911697
4 4 0.8768943743823394
4 4 1.315341561573509
1 28 0 1
187
4 0 0.4174243050442783
2 1 0 66
188
189
190
191
192
193
194
195
196
197
198
199
200
201
202
203
204
205
206
207
208
209
210
211
212
213
214
215
216
217
218
219
220
221
222
223
224
225
226
227
228
229
230
231
232
233
234
235
236
237
238
239
240
241
242
243
244
245
246
247
248
249
250
251
252
253
0 1.714049204609446 -0.449697524098462
0 0.4330127018922193 -2.25
0 2.256379452424916 -3.557100243296876
0 3.566987298107781 -1.75
0 0.4179727443457509 -1.251243463939211
0 2.79336282735329 -0.4481480624777143
0 3.571939829561441 -2.760432585745404
0 1.323096104307952 -3.52694925959283
0 0.4330127018922193 -3.25
0 0.7476374304941587 -0.4830781470547509
0 3.576613977472084 -0.7521186846404389
0 3.186631737609322 -3.562059231245166
0 3.568591744668498 -1.25035311410674
0 3.134242003975681 -1.500058852351124
0 3.134019164175581 -2.000009808725188
0 2.701013890276699 -1.750011443512718
0 2.705562351256936 -2.257347532505222
0 2.268724601245614 -2.001226496002989
0 2.268087093225765 -1.500206323252617
0 1.835088708807093 -1.750238803209267
0 1.835091095052684 -2.250244216535375
0 1.401923788646684 -1.999999999999997
0 1.40194915835805 -1.500039800534876
0 1.401949556065647 -2.500040702755894
0 1.834966552527693 -2.750047486548544
0 0.9689110867544652 -1.749999999999997
0 1.401923788646683 -2.999999999999997
0 0.9905264816405687 -2.746700980623873
0 0.9907076973651731 -1.253524639905437
0 1.439144855697367 -0.9317545692186706
0 1.820029700326738 -3.249655968068724
0 2.267949192431122 -2.999999999999998
0 2.707143807791253 -3.288507122511505
0 2.728468072011529 -2.794063942793429
0 3.147507013239918 -3.049727223328496
0 3.140002709436968 -2.513283463464016
0 3.568299823421481 -2.252824506896977
0 1.834936490538906 -1.249999999999997
0 2.264513056306753 -1.017066303131583
0 0.4330127018922194 -2.75
0 1.238194225095354 -0.4413819407388786
0 0.4330127018922193 -1.75
0 2.257859706860285 -0.5120129547646317
0 0.9689110867544651 -2.249999999999997
0 3.092853545099581 -0.9223649123642979
0 2.273460310754262 -2.508821612397593
0 2.700961894323344 -1.25
0 0.3717025946938811 -0.7674148847255502
0 0.7734480273579034 -3.586336867771144
0 3.254518954681968 -0.4159420180467444
0 3.588692345762321 -3.23546657548604
0 1.022852839638198 -0.8227763180985277
0 1.000293398131747 -3.195644242235594
0 1.75 -3.661857195049955
0 1.902100662802551 -0.8321062702426691
0 2.643221625148522 -0.8351707067609957
0 2.75 -3.690649781896819
0 0.3660254037844387 -3.633974596215562
0 3.633974596215561 -3.633974596215561
0 0.3660254037844387 -0.3660254037844388
0 3.633974596215561 -0.3660254037844388
0 0.7009618943233443 -1.499999999999996
0 0.7009618943233435 -1.999999999999997
0 0.7009618943233432 -2.499999999999997
0 0.7012278684930662 -2.959354608080136
0 0.6985799895389384 -1.004142293574901
2 2 0 66
254
255
256
257
258
259
260
261
262
263
264
265
266
267
268
269
270
271
272
273
274
275
276
277
278
279
280
281
282
283
284
285
286
287
288
289
290
291
292
293
294
295
296
297
298
299
300
301
302
303
304
305
306
307
308
309
310
311
312
313
314
315
316
317
318
319
4 1.714049204609444 -0.4496975240984646
4 0.4330127018922193 -2.25
4 3.566987298107781 -2.25
4 1.72014365863982 -3.553821110576539
4 3.56698729810778 -1.25
4 0.4179727443457504 -1.251243463939211
4 2.79336282735329 -3.551851937522286
4 2.793362827353288 -0.4481480624777148
4 0.4593235707343258 -3.253191330270538
4 0.7476374304941578 -0.4830781470547514
4 3.576613977472084 -3.247881315359562
4 3.56698729810778 -1.75
4 3.133974596215561 -2.000000000000001
4 3.133974596215561 -2.500000000000001
4 2.700961894323342 -2.250000000000002
4 2.700961894323341 -1.750000000000002
4 2.267949192431122 -2.000000000000004
4 2.267949192431121 -1.500000000000004
4 1.834936490538902 -1.750000000000005
4 1.834936490538903 -2.250000000000005
4 1.401923788646684 -2.000000000000007
4 1.401923788646685 -2.500000000000007
4 1.401923788646682 -1.500000000000006
4 1.842842315284087 -2.736306709865615
4 2.69258848205987 -2.735496824526947
4 2.692588482059867 -1.264503175473057
4 0.9689110867544634 -1.750000000000008
4 2.263094504130397 -1.019449111834992
4 1.43881001418168 -3.078009597970518
4 0.9689110867544672 -2.750000000000009
4 0.9562232083318045 -3.238096371383803
4 0.9907061564448971 -1.253522222477428
4 1.439141011321416 -0.9317485380811195
4 0.9689110867544645 -2.250000000000009
4 3.132579027504981 -1.502417195912177
4 3.089815328719695 -0.924420586691002
4 3.576709609464753 -0.7465393376370049
4 2.259221219739534 -3.490927750636309
4 0.4330127018922194 -2.75
4 1.238193767431549 -0.4413812227463136
4 0.4330127018922193 -1.75
4 2.257657056549375 -0.5123533560079774
4 3.568591744668498 -2.749646885893261
4 2.267871261178075 -2.495300589065429
4 1.834936490538902 -1.250000000000004
4 3.091619142239069 -3.075571612903999
4 2.265936023002345 -2.964808846741606
4 3.254372001960478 -3.583812330199482
4 0.3717025946938803 -0.7674148847255502
4 3.254168647016822 -0.4155225332042773
4 1.244397264189366 -3.585248042711133
4 1.022851671046191 -0.8227744847869025
4 0.7537205592376233 -3.619026072032538
4 1.901775653429907 -0.8326497060045117
4 1.898813729838209 -3.165650647739703
4 2.619303639762524 -0.8337748584969487
4 2.629167219411304 -3.163516980950642
4 3.633974596215561 -3.633974596215561
4 0.3660254037844387 -0.3660254037844388
4 3.63397459621556 -0.3660254037844397
4 0.3623793121702434 -3.637620687829756
4 0.7009618943233487 -3.00000000000001
4 0.7009618943233431 -2.000000000000006
4 0.7009618943233371 -1.5
4 0.7009618943233455 -2.500000000000008
4 0.6985799895389351 -1.004142293574901
2 3 0 65
320
321
322
323
324
325
326
327
328
329
330
331
332
333
334
335
336
337
338
339
340
341
342
343
344
345
346
347
348
349
350
351
352
353
354
355
356
357
358
359
360
361
362
363
364
365
366
367
368
369
370
371
372
373
374
375
376
377
378
379
380
381
382
383
384
3.566987298107781 0 -2.25
1.733653964774448 0 -0.4476593534559945
1.734201453141714 0 -3.576108593389216
0.4490058917150148 0 -2.270506315747279
3.566987298107781 0 -1.25
0.4179727443457509 0 -1.251243463939211
2.793362827353289 0 -3.551851937522286
2.745913491193612 0 -0.4306533549328058
0.7693375672974062 0 -3.578151847792411
0.747637430494159 0 -0.4830781470547509
3.576613977472084 0 -3.247881315359562
3.568591744668498 0 -2.74964688589326
3.134242003975681 0 -2.499941147648876
3.12252931191501 0 -1.980089183388042
2.699098914899937 0 -2.246671721839485
2.695224267363166 0 -1.747568806053448
2.266682424700527 0 -1.999040087982153
2.267427567905456 0 -2.499285301636938
1.83463842516286 0 -2.249720898269846
1.834675685021131 0 -1.749793497708665
1.401830643497715 0 -1.999919065996417
1.444811257339933 0 -2.525782521081374
1.401864796868895 0 -1.499952093950845
1.855077059934766 0 -1.282358690290146
0.9689110867544656 0 -1.749999999999997
1.458500986904653 0 -0.9338230191191572
3.09285354509958 0 -3.077635087635703
2.700961894323342 0 -2.75
2.268209348726749 0 -2.986325985801761
0.9689110867544668 0 -1.249999999999997
1.25 0 -3.56698729810778
0.9829814108971768 0 -3.147521799776847
0.4576115532168462 0 -3.187230019729737
0.7288092060961977 0 -2.721267529480513
1.468670032693382 0 -3.075169020895117
0.4187315956410974 0 -1.750943607684579
2.25 0 -0.4330127018922196
2.500000000000001 0 -0.8660254037844388
3.045909111778915 0 -0.9189623465192911
0.9718632201750974 0 -2.271031778302623
2.264529109830649 0 -3.495138547397016
1.246343074718978 0 -0.437284560831114
2.258303054848152 0 -1.528552858246062
3.56698729810778 0 -0.7500000000000004
3.108099425417014 0 -1.497204571677242
3.560767222257931 0 -1.746215625844214
1.864827558446444 0 -2.754164349264869
0.3717025946938813 0 -0.7674148847255502
3.242135567914747 0 -0.413202023043131
3.254518954681966 0 -3.584057981953256
2 0 -0.8199307169515291
1.023994513682239 0 -0.8216656041159842
0.3270853302056118 0 -2.735800772991506
2.642129403880791 0 -1.296505576816279
2.650721420742504 0 -3.162980947161671
1.912799934012277 0 -3.182926312519187
3.633974596215561 0 -3.633974596215561
3.633974596215562 0 -0.3660254037844379
0.3660254037844387 0 -0.3660254037844388
0.3660254037844386 0 -3.633974596215561
1.122033846196157 0 -2.754704825935618
2.22404889664076 0 -1.124475833129842
0.695678066226344 0 -1.50105489419978
0.7009618943233441 0 -1.999999999999996
0.6985799895389393 0 -1.004142293574901
2 4 0 65
385
386
387
388
389
390
391
392
393
394
395
396
397
398
399
400
401
402
403
404
405
406
407
408
409
410
411
412
413
414
415
416
417
418
419
420
421
422
423
424
425
426
427
428
429
430
431
432
433
434
435
436
437
438
439
440
441
442
443
444
445
446
447
448
449
1.734201453141714 4 -3.576108593389216
1.733653964774448 4 -0.4476593534559945
3.566987298107781 4 -2.25
0.4490058917150148 4 -2.270506315747279
3.566987298107781 4 -1.25
0.4179727443457509 4 -1.251243463939211
2.793362827353289 4 -3.551851937522286
2.745913491193612 4 -0.4306533549328058
0.7693375672974062 4 -3.578151847792411
3.576613977472084 4 -3.247881315359562
0.747637430494159 4 -0.4830781470547509
3.568591744668498 4 -2.74964688589326
3.134242003975681 4 -2.499941147648876
3.12252931191501 4 -1.980089183388042
2.699098914899937 4 -2.246671721839485
2.695224267363166 4 -1.747568806053448
2.266682424700527 4 -1.999040087982153
2.267427567905456 4 -2.499285301636938
1.83463842516286 4 -2.249720898269846
1.834675685021131 4 -1.749793497708665
1.401830643497715 4 -1.999919065996417
1.444811257339933 4 -2.525782521081374
1.401864796868895 4 -1.499952093950845
1.855077059934766 4 -1.282358690290146
0.9689110867544656 4 -1.749999999999997
1.458500986904653 4 -0.9338230191191572
3.09285354509958 4 -3.077635087635703
2.700961894323342 4 -2.75
2.268209348726749 4 -2.986325985801761
0.9689110867544668 4 -1.249999999999997
1.25 4 -3.56698729810778
0.9829814108971768 4 -3.147521799776847
0.4576115532168462 4 -3.187230019729737
0.7288092060961977 4 -2.721267529480513
1.468670032693382 4 -3.075169020895117
0.4187315956410974 4 -1.750943607684579
2.25 4 -0.4330127018922196
2.500000000000001 4 -0.8660254037844388
3.045909111778915 4 -0.9189623465192911
0.9718632201750974 4 -2.271031778302623
2.264529109830649 4 -3.495138547397016
1.246343074718978 4 -0.437284560831114
2.258303054848152 4 -1.528552858246062
3.56698729810778 4 -0.7500000000000004
3.108099425417014 4 -1.497204571677242
3.560767222257931 4 -1.746215625844214
1.864827558446444 4 -2.754164349264869
0.3717025946938813 4 -0.7674148847255502
3.242135567914747 4 -0.413202023043131
3.254518954681966 4 -3.584057981953256
2 4 -0.8199307169515291
1.023994513682239 4 -0.8216656041159842
0.3270853302056118 4 -2.735800772991506
2.642129403880791 4 -1.296505576816279
2.650721420742504 4 -3.162980947161671
1.912799934012277 4 -3.182926312519187
3.633974596215561 4 -3.633974596215561
3.633974596215562 4 -0.3660254037844379
0.3660254037844387 4 -0.3660254037844388
0.3660254037844386 4 -3.633974596215561
1.122033846196157 4 -2.754704825935618
2.22404889664076 4 -1.124475833129842
0.695678066226344 4 -1.50105489419978
0.7009618943233441 4 -1.999999999999996
0.6985799895389393 4 -1.004142293574901
2 5 0 66
450
451
452
453
454
455
456
457
458
459
460
461
462
463
464
465
466
467
468
469
470
471
472
473
474
475
476
477
478
479
480
481
482
483
484
485
486
487
488
489
490
491
492
493
494
495
496
497
498
499
500
501
502
503
504
505
506
507
508
509
510
511
512
513
514
515
1.714049204609444 3.550302475901535 -4
0.4330127018922193 1.75 -4
3.566987298107781 1.75 -4
1.72014365863982 0.4461788894234612 -4
3.56698729810778 2.75 -4
0.4179727443457504 2.748756536060789 -4
2.79336282735329 0.4481480624777137 -4
2.793362827353288 3.551851937522285 -4
0.4593235707343258 0.7468086697294621 -4
3.576613977472084 0.752118684640438 -4
0.7476374304941578 3.516921852945249 -4
3.56698729810778 2.25 -4
3.133974596215561 1.999999999999999 -4
3.133974596215561 1.499999999999999 -4
2.700961894323342 1.749999999999998 -4
2.700961894323341 2.249999999999998 -4
2.267949192431122 1.999999999999996 -4
2.267949192431121 2.499999999999996 -4
1.834936490538902 2.249999999999995 -4
1.834936490538903 1.749999999999995 -4
1.401923788646684 1.999999999999993 -4
1.401923788646685 1.499999999999993 -4
1.401923788646682 2.499999999999994 -4
1.842842315284087 1.263693290134385 -4
2.69258848205987 1.264503175473053 -4
2.692588482059867 2.735496824526943 -4
0.9689110867544634 2.249999999999992 -4
2.263094504130397 2.980550888165008 -4
1.43881001418168 0.9219904020294823 -4
0.9689110867544672 1.249999999999991 -4
0.9562232083318045 0.7619036286161969 -4
0.9907061564448971 2.746477777522572 -4
1.439141011321416 3.068251461918881 -4
0.9689110867544645 1.749999999999991 -4
3.132579027504981 2.497582804087823 -4
3.089815328719695 3.075579413308998 -4
3.576709609464753 3.253460662362995 -4
1.238193767431549 3.558618777253686 -4
0.4330127018922194 1.25 -4
2.259221219739534 0.5090722493636908 -4
0.4330127018922193 2.25 -4
2.257657056549375 3.487646643992023 -4
3.568591744668498 1.250353114106739 -4
1.834936490538902 2.749999999999996 -4
3.091619142239069 0.9244283870960008 -4
2.267871261178075 1.504699410934571 -4
2.265936023002345 1.035191153258394 -4
3.254372001960478 0.4161876698005186 -4
0.3717025946938803 3.23258511527445 -4
3.254168647016822 3.584477466795723 -4
1.244397264189366 0.4147519572888672 -4
1.022851671046191 3.177225515213097 -4
0.7537205592376233 0.3809739279674615 -4
1.901775653429907 3.167350293995488 -4
1.898813729838209 0.8343493522602969 -4
2.619303639762524 3.166225141503051 -4
2.629167219411304 0.8364830190493584 -4
3.633974596215561 0.3660254037844387 -4
3.63397459621556 3.63397459621556 -4
0.3660254037844387 3.633974596215561 -4
0.3623793121702434 0.3623793121702435 -4
0.7009618943233487 0.9999999999999897 -4
0.7009618943233417 1.999999999999995 -4
0.7009618943233454 1.499999999999992 -4
0.7009618943233371 2.5 -4
0.6985799895389351 2.995857706425099 -4
2 6 0 66
516
517
518
519
520
521
522
523
524
525
526
527
528
529
530
531
532
533
534
535
536
537
538
539
540
541
542
543
544
545
546
547
548
549
550
551
552
553
554
555
556
557
558
559
560
561
562
563
564
565
566
567
568
569
570
571
572
573
574
575
576
577
578
579
580
581
1.724484681466448 3.514963436189908 0
2.256379452424916 0.4428997567031245 0
0.4330127018922193 1.75 0
3.566987298107781 2.25 0
0.4179727443457509 2.748756536060789 0
3.571939829561441 1.239567414254596 0
1.323096104307952 0.4730507404071699 0
2.75 3.566987298107781 0
0.4330127018922193 0.75 0
3.576613977472084 3.247881315359561 0
3.186631737609322 0.437940768754834 0
0.7476374304941587 3.516921852945249 0
3.568591744668498 2.74964688589326 0
3.140585972691401 2.488953071511621 0
3.135076492294868 1.998158845251937 0
2.70859140846492 2.236863909990005 0
2.707001492308187 1.740159802074753 0
2.269111531897655 1.998046234019113 0
2.269196714834139 2.45222856770104 0
1.82739726207737 2.227958473008568 0
1.833873675706403 1.746000784504615 0
1.400490114764345 1.995659876252199 0
1.392487432816248 2.481849064265337 0
1.401772155464295 1.49949348036667 0
1.834734082536421 1.249249044145215 0
0.9689110867544652 2.250000000000003 0
1.401923788646684 1.000000000000002 0
0.9905157065797479 1.253270726319917 0
0.9986217731110034 2.743525441615399 0
1.430944495271079 3.023255380628182 0
1.820009932470338 0.7502842131127185 0
2.267949192431122 1.000000000000002 0
2.707143807791253 0.7114928774884958 0
2.728468072011529 1.205936057206572 0
3.147507013239918 0.9502727766715041 0
0.9689110867544647 1.750000000000003 0
3.140299908147746 1.486201773268972 0
3.568461076615537 1.746896194378036 0
1.25 3.56698729810778 0
1.893788865644644 3.109690564786106 0
2.247192988727787 3.451507784784182 0
2.616874877991759 3.109068476027143 0
0.4330127018922194 1.25 0
0.4330127018922193 2.25 0
3.088167603800439 3.061107424277158 0
2.27352300781522 1.489898653658378 0
0.3717025946938811 3.23258511527445 0
0.7734480273579034 0.4136631322288564 0
3.248798863175725 3.583892231623131 0
3.588692345762321 0.7645334245139598 0
1.025156737683036 3.169309535944342 0
1.000293398131748 0.8043557577644056 0
2.718707814954776 2.691403046646923 0
1.75 0.3381428049500445 0
1.830897343236832 2.687361692889718 0
2.75 0.3093502181031814 0
3.633974596215561 0.3660254037844387 0
3.633974596215561 3.633974596215561 0
0.3660254037844387 0.3660254037844386 0
0.3660254037844387 3.633974596215561 0
2.262776434231656 2.916876688805852 0
0.7009618943233443 2.500000000000004 0
0.7009618943233407 1.5 0
0.7009618943233422 2.000000000000001 0
0.701227083138779 1.040643329743755 0
0.6985799895389384 2.995857706425099 0
2 7 0 66
582
583
584
585
586
587
588
589
590
591
592
593
594
595
596
597
598
599
600
601
602
603
604
605
606
607
608
609
610
611
612
613
614
615
616
617
618
619
620
621
622
623
624
625
626
627
628
629
630
631
632
633
634
635
636
637
638
639
640
641
642
643
644
645
646
647
0 2.397170116685611 0.6706807565776933
0 1.740656663643458 3.537992147444831
0 3.608414069930409 2.41742430504416
0 0.4313089592218112 1.747337348161781
0 1.537694096051426 0.5198959345078631
0 3.652013497204714 1.591738745250347
0 0.43237762816531 2.738595627697428
0 2.715753454840831 3.618832235374959
0 0.4418786433786916 0.7763259781625559
0 3.615189495566244 3.307387768273215
0 0.7824763683935937 3.544893849604131
0 3.221151886333618 0.9745835056531349
0 0.4309671836481639 1.254372943910433
0 0.856210968188309 1.499194015474668
0 0.8595656721030827 1.989266865540147
0 1.279265148384485 1.742866911929949
0 1.28349780469925 2.229079561539833
0 1.700403108141558 1.984250238410818
0 1.7053736708735 2.467934938405071
0 2.120616134420266 2.222931008247644
0 2.115574995172246 1.744684308441774
0 2.528760068889537 1.980178570536845
0 2.535328020534552 2.453523199332499
0 1.287724507437697 2.715084548209828
0 2.524131645850906 1.520627422527295
0 1.274279846227231 1.266758898732329
0 2.914276518927462 1.746437584379459
0 2.112463131616688 1.299110910334459
0 1.717980684630946 2.976643875385346
0 1.290941038554687 3.203914241636738
0 2.147208665727123 3.18503479707508
0 0.850774674053276 1.025332374647369
0 0.8581524808418085 0.5612449566830401
0 0.4315417674652327 2.24176546051035
0 1.699766617727532 1.510212242939079
0 1.704967833006901 0.9895857880507009
0 2.91718504560122 2.211684131448252
0 2.937345501502398 2.726424052753075
0 3.323766206741941 1.982629639275249
0 2.513348974720358 2.928274572065129
0 2.12713152661783 2.700918293186279
0 0.8659983453011921 2.475392921662744
0 3.619860344205302 2.888208656172467
0 3.207697947347813 3.095671031453808
0 0.8463957513313691 2.983893689328756
0 2.871979354481291 1.273849048329337
0 3.219187203002038 3.555579575143977
0 2.81157299080261 0.8157132441380555
0 1.96577569234106 0.5814028144187707
0 0.4045458586124518 3.233559627140979
0 3.613507434115625 1.14293606366157
0 2.469621088047623 1.082480689573965
0 1.2404018414643 0.8142878265720832
0 1.262814814118348 3.65736004773714
0 2.258895727543093 3.630321919619719
0 3.243785941011094 1.487499084974554
0 3.712861520175474 1.975057088858468
0 2.849054675518135 3.206620429427729
0 3.224641308404833 2.429619981510806
0 0.5080205096971103 0.3822753167881021
0 0.3660254037844387 3.633974596215561
0 2.10811188242708 0.9174406137872038
0 1.193592454001722 0.404661198926178
0 3.663584361014502 3.678360010637439
0 2.498881363519114 3.314367477600475
0 3.304049981923471 2.739937351464697
2 8 0 66
648
649
650
651
652
653
654
655
656
657
658
659
660
661
662
663
664
665
666
667
668
669
670
671
672
673
674
675
676
677
678
679
680
681
682
683
684
685
686
687
688
689
690
691
692
693
694
695
696
697
698
699
700
701
702
703
704
705
706
707
708
709
710
711
712
713
2.397170116685806 0 0.6706807565777524
1.740656663643462 0 3.537992147444842
3.608414069930438 0 2.417424305044278
0.4313089592218127 0 1.747337348161784
1.534445706227684 0 0.5201359775134646
3.652419989761708 0 1.591740541500368
0.4323776281653098 0 2.738595627697435
2.71529753557901 0 3.618658341988251
0.4418786433786933 0 0.7763259781625553
3.615189495566265 0 3.307387768273277
0.7824763683935945 0 3.544893849604136
3.221151886333793 0 0.974583505653195
0.4309671836481673 0 1.254372943910433
0.8562109681883179 0 1.49919401547467
0.8595656721030888 0 1.989266865540156
1.279265148384501 0 1.742866911929956
1.283497804699263 0 2.229079561539849
1.700403108141579 0 1.984250238410834
1.704389393042477 0 2.467816995252798
2.119403400622086 0 2.222526478883028
2.115372872872574 0 1.744616886881017
2.529057394597414 0 1.980998303593333
2.533223048065278 0 2.455304799341535
1.287669476329264 0 2.715514040630921
2.524147513085662 0 1.520752807776597
1.27023551573114 0 1.266194819911381
2.915122640068731 0 1.747495291891055
2.108387758609831 0 1.298556492128284
1.716881002703081 0 2.976572733316165
1.290941038554697 0 3.203914241636768
2.14494996780443 0 3.18509685390897
0.8501006189705995 0 1.025238361510541
0.8580722361891285 0 0.5612337646429455
0.4315417674652345 0 2.241765460510355
1.69433531626433 0 1.509450511020156
1.702567919465539 0 0.9893514757735057
2.916847042604494 0 2.214755937619485
2.936236508692553 0 2.728853404220451
3.324081050178621 0 1.984544964610587
2.511054481153605 0 2.928689779782792
0.8659983453011962 0 2.475392921662761
2.12157274399007 0 2.700179891502306
3.620314195990756 0 2.889013079049665
3.207697947347866 0 3.095671031453874
0.8463865794799661 0 2.983965271398948
2.872123019210735 0 1.274046230456193
3.218814933173271 0 3.555256469255719
2.811596934924359 0 0.8157461078259174
1.965775692341217 0 0.5814028144188377
0.4045443299705516 0 3.233571557486013
3.613575182875259 0 1.142936363036664
2.468972438560869 0 1.082447525050287
1.239513496770731 0 0.8142314019743337
1.262814814118351 0 3.65736004773715
2.258615101419299 0 3.630401226673985
3.243893987088873 0 1.487691766619311
2.848251805268394 0 3.207185770664569
3.713363321047591 0 1.975252713510153
3.220934246700617 0 2.430657050355495
0.5080205096971104 0 0.3822753167881054
0.3660254037844387 0 3.633974596215561
2.110673682538264 0 0.9183958522034363
1.193592454001791 0 0.404661198926228
3.663584361014522 0 3.67836001063747
2.496998248936122 0 3.31457188108446
3.304938627708375 0 2.742737170041303
2 9 0 65
714
715
716
717
718
719
720
721
722
723
724
725
726
727
728
729
730
731
732
733
734
735
736
737
738
739
740
741
742
743
744
745
746
747
748
749
750
751
752
753
754
755
756
757
758
759
760
761
762
763
764
765
766
767
768
769
770
771
772
773
774
775
776
777
778
1.75 3.566987298107781 4
1.72949368425272 0.4490058917150144 4
3.552340646544005 1.733653964774448 4
0.4238914066107833 1.734201453141714 4
2.75 3.566987298107781 4
0.4481480624777138 2.793362827353289 4
2.748756536060789 0.4179727443457508 4
3.569346645067194 2.745913491193612 4
0.4218481522075891 0.7693375672974062 4
0.7521186846404381 3.576613977472084 4
3.516921852945249 0.7476374304941589 4
1.25035311410674 3.568591744668498 4
1.500058852351124 3.134242003975681 4
2.019910816611958 3.12252931191501 4
1.753328278160515 2.699098914899937 4
2.252431193946552 2.695224267363166 4
2.000959912017847 2.266682424700527 4
1.500714698363062 2.267427567905456 4
1.750279101730154 1.83463842516286 4
2.250206502291335 1.834675685021131 4
2.000080934003583 1.401830643497715 4
1.474217478918626 1.444811257339933 4
2.500047906049155 1.401864796868895 4
2.717641309709854 1.855077059934766 4
2.250000000000003 0.9689110867544656 4
3.066176980880843 1.458500986904653 4
0.9223649123642971 3.09285354509958 4
2.750000000000003 0.9689110867544668 4
1.25 2.700961894323342 4
1.013674014198239 2.268209348726749 4
3.56698729810778 2.25 4
3.133974596215561 2.500000000000001 4
3.081037653480709 3.045909111778915 4
0.4330127018922194 1.25 4
0.8524782002231529 0.9829814108971768 4
0.8127699802702626 0.4576115532168462 4
1.278732470519487 0.7288092060961977 4
0.9248309791048832 1.468670032693382 4
2.24905639231542 0.4187315956410971 4
1.728968221697377 0.9718632201750971 4
0.504861452602984 2.264529109830649 4
3.562715439168886 1.246343074718978 4
2.471447141753938 2.258303054848152 4
3.25 3.56698729810778 4
2.502795428322758 3.108099425417014 4
2.253784374155786 3.560767222257931 4
1.245835650735131 1.864827558446444 4
3.23258511527445 0.3717025946938812 4
3.586797976956869 3.242135567914747 4
0.4159420180467443 3.254518954681966 4
3.180069283048471 2 4
3.178334395884016 1.023994513682239 4
1.264199227008494 0.3270853302056116 4
2.703494423183721 2.642129403880791 4
0.8370190528383289 2.650721420742504 4
0.8170736874808133 1.912799934012277 4
3.633974596215561 0.3660254037844387 4
3.633974596215562 3.633974596215562 4
0.3660254037844387 0.3660254037844386 4
0.3660254037844387 3.633974596215561 4
1.245295174064382 1.122033846196157 4
2.875524166870158 2.22404889664076 4
2.498945105800219 0.6956780662263433 4
2 0.7009618943233406 4
2.9958577064251 0.6985799895389392 4
2 10 0 51
779
780
781
782
783
784
785
786
787
788
789
790
791
792
793
794
795
796
797
798
799
800
801
802
803
804
805
806
807
808
809
810
811
812
813
814
815
816
817
818
819
820
821
822
823
824
825
826
827
828
829
0.3655755964375259 4 2.41957333725305
2.442558532297959 4 1.53602497788725
1.747645349552853 4 3.570114052719132
2.736389604373628 4 3.568573079573608
3.618786094948125 4 2.441518842858965
1.47412197578151 4 1.399944253970571
0.7806038176696124 4 3.551024473339121
0.345967097644316 4 1.482715566837795
3.623576149918279 4 3.3210194686957
3.162438476439352 4 1.852047090231109
1.258147580409244 4 3.564982678610934
1.501719890406648 4 3.14137979607936
1.989100751497889 4 3.142439771455085
1.74324027198226 4 2.721002041923089
2.227343259361998 4 2.720455122388874
1.26389494770832 4 2.721116635843527
1.502572027919078 4 2.311260254574058
1.049112068609135 4 2.28634924991267
1.264748213034473 4 1.869620960993599
1.724959657983909 4 1.873939517003649
1.030609905475179 4 1.469429613660247
0.8529967797083085 4 1.888845217965057
0.7520969047645054 4 2.669277709010008
2.475923067717017 4 3.140386487718936
2.705143258013448 4 2.715659924722297
2.45070222407502 4 2.311736681522005
2.915341923458971 4 2.284376926105308
3.186807138043471 4 2.694131419778328
2.940364701373626 4 3.134177965958669
1.966888788971105 4 2.309441795298723
1.015031332306126 4 3.129754061172563
0.5456952872481373 4 3.120425693448395
2.243553166562361 4 3.570709379128422
3.610944798832758 4 2.87689437438234
2.661785216597393 4 1.914238381071888
3.228458120196819 4 3.574122567924115
0.4238413544973637 4 1.923437918007255
1.98284380409664 4 1.478143982512442
3.622877571955896 4 1.999078043212681
2.189973205480059 4 1.908016964977327
0.6908785588085915 4 1.213465949633165
0.3326735576900337 4 2.789690863669193
0.3769719303966867 4 3.480188944375595
3.301414131915875 4 2.215796262782448
3.31803018167299 4 3.12006915934783
0.6822807787592445 4 2.203626284632807
2.847154850808693 4 1.582987456304994
3.665343542835331 4 3.681157486396075
0.3212275124502659 4 1.162023579860166
0.7014065140249359 4 1.559482708505358
1.112227713752711 4 1.150801014210431
2 11 0 85
830
831
832
833
834
835
836
837
838
839
840
841
842
843
844
845
846
847
848
849
850
851
852
853
854
855
856
857
858
859
860
861
862
863
864
865
866
867
868
869
870
871
872
873
874
875
876
877
878
879
880
881
882
883
884
885
886
887
888
889
890
891
892
893
894
895
896
897
898
899
900
901
902
903
904
905
906
907
908
909
910
911
912
913
914
0.2799042073944351 0.2799042073944351 0.007837708015056677
2.486450144381755 0.3959132703633826 0.3221480502203313
0.3980881180516574 2.050605428542706 0.2206061932910544
2.086043460613262 3.632921959867898 0.9197852055173144
3.653020146734949 1.630336577852257 0.8349879186950577
1.139720230247651 0.3959132703633771 0.07305230802970364
3.632921959880415 2.538885017615562 1.03585247216748
1.165757861166248 3.632921959848026 0.7564678481230409
0.3959132703650695 1.59227158024575 0.1355221173601624
0.7913931760514007 1.813079501270539 0.1976309208961204
0.373687662283318 2.91152445261904 0.4405343824637029
2.974053187029806 3.638021362937698 1.172780267630879
3.722972067547338 0.7021360026256729 0.7454614367825378
0.7906187106762587 1.361666952868441 0.124738729340141
1.185351610327732 1.580888063285361 0.197156815940831
1.185101649599705 2.030604327611195 0.2803199566650996
1.577977546397703 1.796471463783791 0.2900732678935629
1.583972775374433 2.255001615492178 0.3871961446724459
1.9750293706183 2.017002463714354 0.4067231851381834
1.645090511363519 1.366414743701731 0.2313466661153214
1.96426357690096 2.454159964810836 0.5069094880760812
2.360263000508446 2.222435466565233 0.5400877823637362
2.355279297697092 1.766538728744268 0.443222282082413
2.348298566667299 2.659307697666449 0.6504772094550049
1.570523759078156 2.688267695322021 0.4970177354443592
2.739244337704335 1.971703017162652 0.5867684788662277
2.737766235983859 1.52092600093654 0.5030836511643439
2.378890697652867 1.339631834919584 0.3799030360660787
2.749209843434787 1.076463737016235 0.44578255116358
3.095385495280877 1.253796946518513 0.5741535206377559
3.656406611365967 3.413254460941165 1.340878527401035
3.040747365193933 0.7969384612769467 0.5069106951422988
2.341606583665587 0.8592999584516055 0.3160709322744903
3.670994419011596 1.164646952527954 0.7713816065700776
1.627837937458028 3.637211491757 0.8282588232330053
1.884534719738688 3.258368562638025 0.7354674591692625
2.318679469960943 3.187994663505801 0.8097652075129123
1.420277781649427 3.296741351336631 0.6664954339037195
0.9704502968085416 3.323487597742062 0.6184939157361882
0.7165666210096888 3.675142303351477 0.7274673725151466
2.54093541199489 3.627855229089059 1.034381579118955
2.776250791910896 3.239588078495643 0.9558029310456178
3.221706109629721 3.234128062878928 1.102751806537398
3.006864162840519 2.847472625125482 0.8977657932029466
2.794828305603244 2.498415333059958 0.7292473031727464
3.11135058233899 2.140152005935252 0.7404510398578186
3.590092084439004 2.120759278010643 0.9107965745077422
3.661112757298471 2.98819967895794 1.187116473195504
0.3957093567108049 1.139359825003232 0.07300280577353391
0.7895926850703926 0.9076815250161039 0.07263088019651853
1.533202665647371 0.3609627216136682 0.1248293432641354
1.354520296905742 0.7569676455793001 0.1211197624013831
1.999882944371362 0.4440040695850662 0.2120825200145653
1.864506787426073 0.9030652025609195 0.2169489585525657
0.3745103032748483 2.505236372140816 0.3261417855933146
0.7740964614785585 2.673617299689073 0.395181146782118
0.4347094028865064 3.356435894584231 0.590145281642835
2.90936984078438 0.3818416872565135 0.4402006268223726
3.373199638611696 0.4413726164539949 0.5964520306687184
0.3954538280068143 0.6841408777032235 0.0312705157893749
1.99883037800996 1.587271706986664 0.3312231565650343
3.069093438809835 1.705184606951076 0.6366132772339519
1.19453262582295 2.454946119878742 0.3798996182816854
1.19610034863455 2.897277306819788 0.5039414406089833
0.7964565852408507 2.249953991453474 0.2890080864945084
0.7430624038822933 0.4349186519134912 0.03713374424034477
1.182248403279968 1.130169318647297 0.1346563149512985
1.977625023511359 2.859563794067151 0.6238657126701739
2.636234662262277 2.899576319876758 0.799851959305391
3.353486242653086 3.677437165624026 1.326443295093782
0.3608191541679429 3.697398280847053 0.7156553548042606
3.358236574939738 1.83420310109224 0.7610635844443312
2.725491585198895 0.7027699468208728 0.4042816829142275
3.701862173590442 0.3361277980713525 0.7165074163274117
3.366721784113466 2.801182585005232 1.010085620327674
3.246354995848798 2.528835238140033 0.88593550718074
2.050754275481141 1.211301713082481 0.2877832055972274
0.7511401339290178 3.025039566186552 0.4981620660944248
1.647009592441424 3.011468498125132 0.6075340358771655
3.396166466419081 1.408827219994156 0.7004699475417535
3.388397583664628 0.9411504069852338 0.6387502048899876
1.038030348572332 0.6610194733188408 0.07601157541303394
3.716923413966176 3.718151985041504 1.493542091396563
1.547199286624063 1.011012209251068 0.172282631240595
1.667195054107264 0.6509400582193144 0.1614666899905401
2 12 0 52
915
916
917
918
919
920
921
922
923
924
925
926
927
928
929
930
931
932
933
934
935
936
937
938
939
940
941
942
943
944
945
946
947
948
949
950
951
952
953
954
955
956
957
958
959
960
961
962
963
964
965
966
4 0.3660822910972532 2.424946961662188
4 2.442558532297954 1.536024977887252
4 1.747645349552853 3.570114052719132
4 2.731207678701152 3.566897405701818
4 3.618786094948122 2.441518842858965
4 1.474121975781507 1.399944253970582
4 0.7056848045484386 3.581957240164986
4 0.3461007144121978 1.489013340690507
4 3.628778615202961 3.318972606322218
4 3.162438476439345 1.852047090231111
4 1.24563912652025 3.571968632311739
4 1.501250885139101 3.143913517051296
4 1.989022583953295 3.142862058283742
4 1.743240271982257 2.721002041923094
4 2.227330231437891 2.720525503526985
4 1.263794828461598 2.72336941523535
4 1.502555341377955 2.311635717806039
4 1.050718536407772 2.299803829563636
4 1.265740424769498 1.879587514067844
4 1.725122245516223 1.875663186388024
4 1.039477124219112 1.457916024643942
4 0.8559400667602977 1.90248257572242
4 0.7549479688777476 2.677463506743592
4 2.471869812924508 3.133124997431817
4 2.704727776805412 2.712151420072674
4 2.450630805886322 2.311163660936755
4 2.915260773559508 2.283696671899497
4 3.190708238559359 2.689652435004245
4 2.939616335971434 3.131357190361566
4 1.966899031450835 2.309707877493594
4 1.015923015633935 3.137669021261812
4 0.5463443051438357 3.123737973002185
4 2.239957570855301 3.568833085689418
4 3.610944798832758 2.87689437438234
4 2.661759788582696 1.914029501940047
4 3.228477886624274 3.573879242529846
4 1.98287090201869 1.478431260743174
4 0.425583342795081 1.937041540700776
4 3.622877571955897 1.999078043212681
4 2.189985477114664 1.908194956655053
4 0.7036374138701023 1.221891725076292
4 0.3334749130237673 2.79306520400853
4 0.3214171483881726 3.437544837859802
4 3.301414131915867 2.215796262782453
4 3.319705175038156 3.118151169720043
4 2.847154850808686 1.582987456305
4 3.665343542835331 3.681157486396075
4 0.3212275124502316 1.162023579860189
4 0.6876729021862494 2.235756244352305
4 0.7053793738347107 1.585718165407596
4 0.2595583962034694 3.758182064633271
4 1.113353602643037 1.150640257568771
2 13 0 1
967
0 3.659858093488944 0.3166861078258091
2 14 0 14
968
969
970
971
972
973
974
975
976
977
978
979
980
981
3.081498353669988 4 0.8700890614995535
2.127258828041592 4 0.7708151828584566
3.592220317253655 4 0.6661764728736775
2.76740023220389 4 0.4122655681704134
1.202356727807806 4 0.4744131110193966
1.754503958935914 4 0.5009519837113213
0.7407918594659717 4 0.44825369637679
3.527986951200963 4 1.11013830300628
3.26881788223229 4 0.3761577155388494
2.565640938416904 4 0.8106997829835848
0.364367921046629 4 0.4877541964070196
2.268265642652916 4 0.3610641955386077
3.671788390266211 4 0.3084151906894522
0.2292568471080458 4 0.20871215252208
2 15 0 14
982
983
984
985
986
987
988
989
990
991
992
993
994
995
4 3.081498353669986 0.8700890614995529
4 2.061553735225449 0.6852245966591641
4 3.592220317253655 0.6661764728736773
4 2.767400232203888 0.4122655681704133
4 1.276052053661486 0.4454225023136144
4 1.66151563478231 0.6437873214813091
4 0.7516333244829341 0.4449663765319575
4 3.52798695120096 1.110138303006279
4 3.26881788223229 0.3761577155388492
4 2.545727560365804 0.7909280624749603
4 0.3557213852947275 0.4970208860438069
4 2.25 0.3040594482309463
4 3.671788390266212 0.3084151906894521
4 1.765131281806927 0.2822011303478652
2 16 0 1
996
3.65985809348895 0 0.3166861078258294
3 1 0 197
997
998
999
1000
1001
1002
1003
1004
1005
1006
1007
1008
1009
1010
1011
1012
1013
1014
1015
1016
1017
1018
1019
1020
1021
1022
1023
1024
1025
1026
1027
1028
1029
1030
1031
1032
1033
1034
1035
1036
1037
1038
1039
1040
1041
1042
1043
1044
1045
1046
1047
1048
1049
1050
1051
1052
1053
1054
1055
1056
1057
1058
1059
1060
1061
1062
1063
1064
1065
1066
1067
1068
1069
1070
1071
1072
1073
1074
1075
1076
1077
1078
1079
1080
1081
1082
1083
1084
1085
1086
1087
1088
1089
1090
1091
1092
1093
1094
1095
1096
1097
1098
1099
1100
1101
1102
1103
1104
1105
1106
1107
1108
1109
1110
1111
1112
1113
1114
1115
1116
1117
1118
1119
1120
1121
1122
1123
1124
1125
1126
1127
1128
1129
1130
1131
1132
1133
1134
1135
1136
1137
1138
1139
1140
1141
1142
1143
1144
1145
1146
1147
1148
1149
1150
1151
1152
1153
1154
1155
1156
1157
1158
1159
1160
1161
1162
1163
1164
1165
1166
1167
1168
1169
1170
1171
1172
1173
1174
1175
1176
1177
1178
1179
1180
1181
1182
1183
1184
1185
1186
1187
1188
1189
1190
1191
1192
1193
0.5987902631423536 2.482037009820016 -0.5359009051176569
0.92086197801739 3.473194531650701 -2.259693514680543
0.5895089578980472 3.156710900390183 -2.52402233305866
0.988785956973864 2.080819161388827 -0.9729322850669235
0.7880799799198731 1.629415748849603 -0.8419149996671329
0.52767480657874 1.939954076852498 -0.4775880261413121
2.37359795769551 0.5387662907669745 -0.6953396872722554
2.932236017992413 1.386677962395887 -0.621292371354501
2.765589879476169 3.448416188619293 -2.358935947767947
2.570245813959697 3.269387243847726 -1.82572495353637
3.26390407621976 2.609823320486033 -2.962833162998049
3.521260917412433 3.060138153204147 -2.815041331841253
3.088143529763257 2.760109647190813 -3.54994799465401
3.026751976735605 3.166693078606043 -3.11935258997219
3.383062023766426 1.579187022776118 -1.953700780278472
2.612055567899918 2.716231997756592 -3.418346409369857
0.7515649268055477 2.569465514555636 -1.969017900334773
0.668188646246284 2.393389887175278 -1.400328789415147
1.309219012151558 2.820766326545162 -1.262352449441333
0.5744526297870296 3.150832802397388 -1.498651268116491
3.150254968249812 0.5754523128759755 -1.99694328308926
3.27201967971034 0.5497535078859721 -1.508812446534878
0.581504499595814 2.75856120852027 -2.880306506449883
0.9486425439265419 2.711403291295367 -3.458528733924021
0.4102145720831464 2.550192657094689 -3.554609401565016
0.9307250295863914 3.096770605925526 -3.152258217735053
0.4449578547396282 0.4098168781534952 -2.897894785776123
0.464734420550352 0.5877407734810685 -3.510296218055716
3.48119450685566 1.045030065360253 -0.5485694032390964
3.519333304723925 1.359477322100675 -1.178922714359386
3.500092369667187 1.632574054812646 -0.756527556700799
1.584502931291989 3.128985155754217 -3.382624848699487
0.6924025013543214 0.5769626127397889 -2.509764794951266
1.311922777957746 1.707693497741341 -0.612920388799914
1.489890484490053 1.298403497407518 -1.156117411455205
1.806706621323172 1.559206639546542 -0.7891636552231835
1.625894921340822 0.7969627801296222 -0.7083047608681229
2.178504167225987 3.558912706339897 -0.7679599385986113
1.421650826977765 3.509834985339258 -1.172770343429968
1.673934306884173 3.505533506368164 -0.5242982491487251
1.092966200759843 0.5812746613622864 -0.5093775201649022
2.750907506684296 3.444780262818496 -0.5578412376669583
0.885402867606559 1.233419783317551 -0.5109372174185489
3.521696765732999 0.7896483495224265 -1.165589678913751
1.993368995537818 3.491022763862926 -2.158604276573485
1.437133128963243 3.510567907975952 -1.715176911525648
1.526800890402268 3.113060148955182 -2.596179348203604
1.721879410765291 3.021985108331233 -1.984896084740267
0.567763810732305 0.6611213151749467 -1.999965234072842
1.096944446064077 0.81494214351754 -1.889757965901014
2.482749828497611 0.4372883717526359 -3.06677907588887
1.694808412335598 0.4886662494577328 -3.252131396269639
0.5094127987398315 2.015169751465499 -3.464503707538457
3.333300383692735 3.124941997651546 -0.7126189628431601
1.491688623747333 0.5064666865671545 -1.974715351944148
3.557127347130655 2.146805731067149 -0.7216863795023782
0.541148435159991 3.409492970810311 -3.447872628101186
0.6744004741759136 3.416958370071796 -0.9864776156051508
0.9234772596066103 3.481264178351316 -1.750929979676088
1.045485396582905 0.9936226045193223 -0.9821711213023326
1.138879631045776 2.144305059122385 -1.587874225616855
0.5725249681660363 3.150400229932488 -2.001112408460088
1.596026173743242 2.269930771269822 -0.9428518109139435
2.781481510104913 0.5632500284628738 -3.485232459813667
3.432548089546716 0.4975366001700698 -0.4785729140475816
2.208625052149969 1.91937309154163 -0.645346838262561
1.793901823041299 0.4996265987145598 -1.382138895889655
3.226106697558785 3.5678505744955 -2.818079139764195
2.311241805500891 3.355577088128081 -2.762986702487482
0.5479101160343398 3.584657303509065 -2.886391960464807
0.5172159424610757 1.075644946554693 -3.454893602031155
3.01017920566025 3.524245771415347 -1.081839473933822
3.456434726219533 2.812542159000087 -1.363483537764289
2.888267075677287 2.909649055854478 -0.9574967557832855
3.255037152973458 3.213807280524005 -1.760719125332889
2.074454589045836 2.274303096345177 -1.089080277817857
2.667901758480016 2.032715459451072 -1.502335616211435
2.699374272112643 1.846654418057074 -0.7721869136155939
2.275245285976968 1.610302452086159 -1.208262745979292
2.152957077529006 3.209004091430438 -0.4496894312135754
2.531507981880724 2.746459115014701 -2.216840964582634
2.681359874582462 2.776225091847878 -1.706584591243168
3.417906800331355 2.788223176344953 -2.180783911011748
3.233392160723683 3.23427464584026 -2.382126669928108
0.4962708389182218 0.5059948110833036 -1.03081407009681
1.46423835598865 2.248142481470959 -3.400361856335698
2.554276617454123 0.5952103056870188 -1.177432781785104
2.365655543339754 0.4701696784228942 -1.886584308910641
1.607321526258959 3.515454711755418 -2.950885969549657
0.5492602147413118 0.4676006604279143 -0.4644206669431447
2.829734511297648 1.36976530564616 -1.25580140687964
3.475899368072131 1.155355664572028 -3.427122253309892
1.414655086891219 0.8488472699229784 -2.510193395886403
1.310825870457395 0.4997402879649637 -2.896489344201855
3.481679613212795 0.6307578431601059 -2.624620526498996
3.273660738832364 2.285749956109466 -1.381388947330865
3.228353320819744 2.170467503816734 -1.860762672911351
3.484542074278923 2.630776296052021 -0.5642102578585216
2.780820452883677 3.437966437281474 -3.48404126228607
2.072420204349478 3.543163821717632 -3.426722157974484
3.337826378993806 1.929012325651748 -3.492995383804223
3.000018555659576 1.543154277535951 -3.415181827282511
2.879874083503132 0.6660619283009854 -0.5101746515383987
1.972541649167728 1.646397359034843 -3.187894417598058
1.96921744509601 2.32728324425372 -3.314718348029137
1.293643525918358 2.08077997138931 -2.835720062220949
3.139010131337615 1.933003462789295 -0.4985049394581123
1.193675353432354 3.460325236261594 -0.7118458511420108
3.237222342184256 1.104845587387657 -1.999919513029716
2.154468763971662 3.027233279205733 -2.398767178256625
3.029129408370685 0.92995907285486 -0.9049251470864474
1.136945179009864 0.5009996248558336 -1.462900898195038
1.857872374492625 1.027161138205551 -3.526046239981063
1.500024871094952 1.056370352439038 -3.167314230279559
1.203002845696749 0.7702505435474785 -3.533242945159758
2.043604266546225 2.410126634492449 -0.588203398247468
1.872042631729371 2.713583753216147 -1.258826285482937
1.554505907108608 2.848788109647526 -0.6143934032115572
0.5361993523930091 3.401408276117482 -0.4816268014847996
2.439552819403052 2.323105574626585 -1.977113330022455
1.702691304021944 2.046696265057564 -1.528111535934776
2.274380700102318 1.844404266893846 -1.895406619535557
2.355541258098554 1.956881181579112 -2.911461001147619
2.298147435519899 2.475235541509131 -2.774702549569444
2.668163391722695 2.033227893396933 -2.495665256038975
2.834658046467387 2.816587536326767 -2.696257549035988
2.784466362454823 0.4762703219910648 -2.523725683510691
3.442738353115637 3.40352248301061 -3.454604216647038
1.027556093667273 1.643162945829012 -3.400986637112531
1.029643271146105 3.480925823183918 -3.475556656428116
2.168850113688551 1.028031884604779 -0.6301606857633202
0.8814343416766119 0.6192361298267237 -3.169267124880557
1.024991346986645 1.152057987950929 -2.926523502497728
0.4785896172940066 1.02500933867009 -2.680060702273935
3.492968877187616 2.089221957676903 -2.342285095914523
3.243405916491065 2.065507947961501 -3.013193497233321
0.9166458580283601 1.642835378131204 -1.572372021329632
0.4774271939595158 0.9828533648315343 -1.4371801091751
2.46430133265816 2.575563103173364 -0.8336395110821677
1.955156243933448 1.521653766256814 -2.407836693461588
2.450767490805882 1.369869861967542 -2.55103074981048
3.214507859359616 1.091037344546253 -1.48771111687819
1.839065415698897 0.6602714100264695 -2.721687992214769
2.184629485102457 0.9659172575147501 -3.101316883471664
2.177947933636079 2.987635364624482 -3.365876591091919
2.131898967611471 1.359599472761478 -1.927523244150112
1.895061388492459 0.8758081171762193 -1.959529306556939
2.357628412242594 0.8247117587336714 -2.395916204914078
0.5329175732462198 1.350423519421932 -1.868968758239669
0.822120667946481 1.3186872463993 -2.382378556458264
1.091233161688407 2.783569150982977 -2.342755877056092
1.283608037319334 2.541288980659128 -1.866890541827195
2.986680942090534 1.320666719302278 -2.551014647993671
2.860173441891876 1.632060108125006 -1.867167093736857
3.118891855901449 1.758987804074369 -2.343946468231787
1.701764109268352 2.047165348074004 -2.470464685889224
1.527285987202549 1.900648827362177 -2.01779650130646
1.844711878943706 3.389557952406122 -1.429159017981499
3.461007231423464 0.5830431715897855 -3.437777608744772
1.541964034508438 1.60569771721286 -3.524983523279477
1.531126418380834 1.360559326999353 -2.73363929923845
3.151948562972971 2.460875960759767 -2.493218100034412
2.725108971571032 2.079738807910274 -3.299966605696762
1.075924165719378 2.638064436420596 -0.4955397287082546
0.4374902838915394 1.931967421157966 -1.493506050903476
3.413102189658743 1.40765817436895 -2.963075346827149
0.4998164725391508 2.417512698977335 -2.41126767901249
3.504035808774478 3.482981810143704 -1.172487040734291
0.7003974666488362 2.007862554050575 -2.193417219888308
2.321813688531433 3.558702108065723 -1.335582530786813
1.219794622318749 2.180278871367322 -2.310091227248032
2.695661874950433 1.109274176276007 -3.46191879427641
2.78833452660918 0.7798058199681002 -1.655671358327367
2.878295297070274 0.9144382650351439 -3.017351322660787
2.885198817844825 2.475624347689347 -0.4536647796300377
2.512484277581152 2.847128487772067 -0.4054762615909171
1.12221201477072 3.426519651809422 -2.707080425447842
0.7968587073944849 2.17415152207458 -3.010101678811449
0.5003442034248503 1.083832469431647 -0.8781242967699584
0.9081181882409901 2.960470948523553 -0.9556657983263984
1.081615548949491 2.600670918325477 -2.973631533505979
1.633995989082116 2.451492916188064 -2.812110500595819
0.5339713123145846 1.628158102804379 -2.928955683606626
1.555786472637856 0.8856848396124901 -1.585733712369362
2.468949839667856 1.589512269417287 -3.250206804293419
2.055802357028708 3.050437867839609 -0.9346484978405598
2.196801531827656 0.8150759346140115 -1.423986790979015
2.027279989208556 1.186624548807391 -1.104035392921947
1.462969117538381 1.392274446875494 -1.881180845157608
2.286882863064474 3.033445402212124 -1.41842839504401
3.492912231875108 2.428745616220492 -3.383160113126951
1.260634435517383 1.578360695558751 -2.326242649873123
1.584923805967994 2.534180267391861 -2.269006256937585
1.39088434473159 1.791591824797258 -1.09741324292153
3.019550260500175 2.352391705813827 -0.913485972224805
3.403419308041244 1.745577069480801 -1.46762967941911
2.090615339897648 2.696586500316842 -1.738236530375954
3 28 0 196
1194
1195
1196
1197
1198
1199
1200
1201
1202
1203
1204
1205
1206
1207
1208
1209
1210
1211
1212
1213
1214
1215
1216
1217
1218
1219
1220
1221
1222
1223
1224
1225
1226
1227
1228
1229
1230
1231
1232
1233
1234
1235
1236
1237
1238
1239
1240
1241
1242
1243
1244
1245
1246
1247
1248
1249
1250
1251
1252
1253
1254
1255
1256
1257
1258
1259
1260
1261
1262
1263
1264
1265
1266
1267
1268
1269
1270
1271
1272
1273
1274
1275
1276
1277
1278
1279
1280
1281
1282
1283
1284
1285
1286
1287
1288
1289
1290
1291
1292
1293
1294
1295
1296
1297
1298
1299
1300
1301
1302
1303
1304
1305
1306
1307
1308
1309
1310
1311
1312
1313
1314
1315
1316
1317
1318
1319
1320
1321
1322
1323
1324
1325
1326
1327
1328
1329
1330
1331
1332
1333
1334
1335
1336
1337
1338
1339
1340
1341
1342
1343
1344
1345
1346
1347
1348
1349
1350
1351
1352
1353
1354
1355
1356
1357
1358
1359
1360
1361
1362
1363
1364
1365
1366
1367
1368
1369
1370
1371
1372
1373
1374
1375
1376
1377
1378
1379
1380
1381
1382
1383
1384
1385
1386
1387
1388
1389
1.924406639104441 0.4721630634539115 0.8869424383850195
0.7266910358522807 3.139381515793734 1.442252816763326
0.5685064029469804 3.004836236829223 1.017796474788486
0.8881635494476239 2.547553543427086 1.33507327431872
1.274713241535709 1.227799826206279 3.490789295956489
1.723748835872569 0.7781874748580881 3.415724216825176
1.134468127052136 0.5660978457602857 1.168311247338975
1.078043003695863 0.4749928387667635 0.4948338250349841
0.4965210867084319 0.5502966436545 0.6704080207071008
2.58107046477653 0.4677223527929304 2.743984342119878
2.597176926281697 0.5771272101637711 3.236368966962793
2.103150102687542 0.5017740946904699 3.125361027523047
3.440588420931128 2.502500104414128 1.452757804724758
0.5574680214883904 0.4594133487242848 3.266111000070601
1.318309885261774 0.5280491590124621 3.525847602808811
1.041410974304972 0.9022811428820769 3.130821259463923
1.454806857811529 3.300949570393573 3.31063051736295
3.581750005704937 0.7320825473163415 1.638489729311831
3.557218338929405 0.5067682125025994 1.233560645996814
2.428645369282823 1.141252416304291 0.8950230988033601
2.887627543862842 0.9951552917327962 1.085767453827231
3.48147849663963 3.584687088352542 3.036050702706156
2.857510009012876 3.422009628914926 3.462459472670242
2.503431233725274 0.8833757216889134 2.451520429141067
2.230402858338239 1.008407760493331 2.900608080805092
2.782837086030804 1.23007817549862 2.891744494111801
3.46232800739273 1.338074748521707 1.654674745750139
3.553752954498477 1.894527818604427 2.107409502669371
1.451727170345434 2.72638148698598 1.070694951726214
2.089019866755209 2.660779389198047 1.393668973765601
1.738710247969439 0.5361974070948744 2.209177243276408
2.247824871791626 0.5346530783589954 2.204436413332865
0.4936147357739956 3.470765457045478 3.475286271704432
1.040134342091802 3.140259603481885 1.076343768365103
0.973881970104334 1.709156349300212 2.438834096630393
1.32590393922878 1.427630764488994 2.108171697285831
0.9566117465449593 1.27497031654981 2.671722401341047
0.6120249014800747 1.39983744241972 1.92175367346378
1.881911620528096 2.092664570554709 1.754352344415257
2.013999867851156 1.373712583359769 2.181215190646016
2.288374078703104 1.795728333440318 1.865762345058886
1.989824896073873 2.143836849165192 2.261986639648008
1.495024282227804 1.775209175027332 2.584654460650667
1.399434582874993 1.996529428212159 2.158646187383364
2.153529526196398 3.531077741069222 2.633945188423287
0.5377051456301962 1.812284941066121 2.670435464190103
2.126176167000814 2.233791380998289 2.770758728452217
2.596192885555298 2.168896891397375 3.29584978409729
2.92464426769482 2.39670720034448 2.775102644251611
2.364551075035281 2.9017873458892 3.029611404776349
1.083741139642067 2.121663334671436 3.187428302059492
1.553993401776502 1.994337385326188 3.214870231470891
3.549475631489035 1.626012734042255 3.375724167769802
2.241040316768158 1.097989386121787 3.483283194489061
3.180921649378265 0.4821651028869345 1.890834630213408
2.668316172811446 2.65434021173527 1.984534188001465
2.422670841994067 3.035154141855063 1.836956912909918
2.439953785367594 2.985738377261667 2.379528283840489
2.881081516596604 2.879208906542585 2.391082985674564
2.424340742398258 0.4656946517167243 1.597593726260857
2.141213072312847 0.779506474129026 1.305970955162024
2.426476503015741 1.177051883574796 1.822540900474349
2.74264253967542 1.673182027843413 3.445669141694284
3.545275525128135 1.401858387212661 2.873968673263811
3.509434371515868 0.9379999493531173 3.025845023576105
3.486112777653836 2.538357050101007 3.302781442360443
1.110522517367611 1.701904692564357 2.917037282843213
0.6560229028397262 1.02043496493138 0.5317576003597465
3.29730855865217 2.65521537275492 2.586065698461897
3.033173329899854 2.946945720136072 2.871709790866041
3.332404994792182 3.33107959215375 2.29889365940896
1.438088457123128 3.476372283114315 2.806637269494659
1.889604838260015 1.333948637264063 3.174197600602196
1.469690286547435 1.229223747704989 2.936694692530118
3.525883273654705 0.4421155033042007 2.531794347966364
2.839612688685506 0.5178909432206192 1.262856966390959
3.499845473767291 1.83159858393116 1.548933652876552
0.7337315438606645 0.8950042961462854 2.332326365720541
0.4982521764213554 0.9734650771331864 2.791282243961575
3.293422282384881 3.186155173456438 3.384635057325355
0.7044503493794319 2.499930118397947 3.354290850666331
3.029676168282399 0.8592567417846695 3.11472658466605
3.222506842538038 1.260117177891078 3.52583684965644
2.91080310585068 2.53069410127469 3.232577246613803
2.600650657244933 2.947524448430298 3.497738063542779
2.101466345301629 2.894856353148721 3.456576571695877
1.882487466573233 2.941295063615563 2.760936111578195
1.864170407764061 2.56600351646621 3.15930102048481
1.559279251704715 3.274860839691433 1.180324036581601
1.745932931392604 3.391542736686934 2.055791801199726
3.334284987382554 0.4654654011139721 3.496879500665025
3.13999617886958 1.979557768918601 3.263439974671011
0.5961252765080289 3.384866980641139 2.542715545542748
1.151205104695844 3.305228485293803 2.272591373953297
3.066164886236475 1.706748167732373 1.964107062174272
2.951261071120019 1.257549669746435 1.679164855782041
0.7228034170015981 3.387062967468631 2.09287562736409
0.5154335297573036 3.561103831918742 1.685789509280312
3.568994213590946 0.7678648937046708 2.177782365470117
0.8886193684597117 1.45610480828934 0.650255870763869
0.8041747585150254 3.106067885528307 3.103192807614766
0.5313468546305834 2.201762156408107 2.314037417891062
3.083288148593549 2.922935760777468 1.465340471172004
3.349427120704951 2.803519127619666 1.906897498933473
3.587418499089563 3.069227434927782 1.627539481182733
3.001017920732348 3.205641653664181 1.840307561658173
0.5435680070968015 2.864201810901883 2.37722706705552
0.8557255452689893 1.708902403516594 3.347723417775954
0.4584784003000524 1.064347850018139 3.486746583440799
0.4782892514407122 1.451129438300765 3.008906673568789
1.164052164511364 3.578909704171398 1.693900122121455
1.433313566835121 0.4400210816526419 0.8015215955354767
1.918248619405787 1.18214576865765 1.18586912830663
1.886976216593098 1.284638124820473 0.6960929705330623
2.126161044725503 1.661525360417732 0.8402288058639801
3.463042104185646 2.040416923003946 2.766996299564504
2.624416947548305 2.792404095662806 1.47847843396006
0.4486168250727783 2.224507974747587 1.30572006547929
0.6069971466025347 0.4847348698183599 2.766959063083575
2.714919759883535 3.414628032049381 2.157063602055687
1.774087066050743 2.025693209946253 0.9470900287012325
1.60335160533133 0.5089166947942059 1.324773211122368
1.23378294869344 0.6625011771554228 1.950423814306445
2.06260391277104 0.8904781163637321 0.8084267233889626
2.497434767154516 3.408340925042777 3.03873291138091
3.065099959809192 3.512372138454058 2.652732565117084
0.743853211840805 2.271136608608977 2.767295555878675
1.349570623758378 2.240249953965366 2.779196561160531
1.514644174357208 2.553486592117375 3.588939765995905
1.114071082028984 2.796577718448525 2.888900154385886
0.9405989044511935 0.9989641493419913 1.715177574903832
0.9478088602934795 0.9099849096709725 0.8856830516194207
1.30661042552923 1.260424425974303 1.478863798808703
1.022957047188941 2.256793440655142 2.363942623020445
1.143023391742924 0.5216494931244164 2.659589302335877
1.504329317250858 0.4774699505259091 3.016529154591761
3.322383208225988 3.574950081013447 1.852567148997387
3.041471818407163 2.07662358814685 1.326585382806829
3.097643015004049 1.387802710321368 1.021306535511769
0.6331390450836616 3.549303929790234 1.217679266174201
2.435733922086493 0.5981287084060927 0.916183383305841
0.6378669440991648 0.6378965101866575 1.504863105047003
0.6194114424774463 3.546659554913091 3.004498337798143
1.160372745537307 3.028267746559297 1.645504416877378
1.924634765367128 2.870541307576707 1.919002483882869
1.280674317600392 2.463919493935279 1.677245956701897
1.377716238610836 2.559012565112469 2.236723234698581
1.421644047553667 0.942986352716588 2.467421275045813
0.4696557988528861 0.5091104357079648 2.060994363080645
2.986480204134543 2.183471049220022 2.353406321017601
2.474616395971304 2.396208530511493 1.091754592103474
2.90926487024915 2.428367939874061 1.647973232734457
2.186851072852479 2.417555697179161 3.569216550593591
3.438414756923274 0.4641759187121618 2.977253758000995
1.943350101848294 1.687094326278296 1.420632922966979
1.760253619347614 1.251603613381748 1.681106986512677
2.36448742051442 1.327609933985947 1.352500153454508
2.659557783729372 1.704620308083929 0.9651653731240549
2.693201140078096 3.335674047295879 1.390934271321214
0.4996993323215616 2.527038928986053 0.8544404672949281
2.464067169611242 2.473142337071423 2.449603575607211
2.455739980161929 2.227108936710391 2.026713289069682
3.541063202716551 0.9673080252187124 1.128653423153237
3.191226142056414 0.9293119722163325 1.457644039408358
1.359986255218822 0.8807324176228126 0.5836096591816405
2.245427986951514 3.378169152541792 3.500196355705489
1.605678962998852 2.318888101846673 1.351641527907731
1.283662815401249 1.713511916560758 1.641460303337471
1.146943940968728 2.126961864122089 1.044195087982387
2.720778848201205 0.4782344912644878 2.26038663181143
2.789837442860982 0.9098641305434999 1.977116338115645
1.945912819523566 0.8233110552705882 1.865870311713149
0.6741258947416093 2.02109341555534 0.8878711840130242
2.564084419419685 1.935511290170332 1.467048650495019
0.4907866801784406 0.9926798924824164 0.9968576265167495
0.531690980654117 2.981314712321088 1.859973682195542
2.037356975166723 1.687280688720555 2.593246436600555
3.196668415664395 1.141934161341826 2.356163721078292
2.742142814338607 1.419796505025498 2.288055849982368
0.6990517924516553 1.477358999206375 1.109540712529463
3.214506101871741 1.66590838835092 2.581837983822223
0.4887346253463976 1.186985977986218 1.455674727185993
1.637602097264123 0.8459357926926137 0.9684034618521773
2.493394575975931 1.824543437525161 2.481141706477723
2.149308838232957 2.109575034430441 1.313061037029547
3.063514692118818 0.5631679644691326 2.629503658001267
1.891161508261105 3.471821035392975 3.161976019827225
2.115285191336123 3.291572990843988 1.278402170274702
2.382823651096521 3.561257345850895 1.635720276674702
1.363126331067634 1.350812258951085 0.829844274078454
1.891919006320542 0.665816466142421 2.687043250036731
0.8363586546764274 2.489896096571144 1.826083180122352
0.7906220612063259 1.946716549944931 1.675573291496421
0.9780130925247437 2.812687199246701 2.181041728131683
1.548487047972248 3.036880250280483 2.341861954659234
2.212312690486355 1.770924652475863 3.104242739017461
3 38 0 4
1390
1391
1392
1393
3.088066776312776 3.284959956580971 0.5092912542983961
3.234298005367091 2.797904613450099 0.4301762378465224
2.641605170508396 3.504426651556946 0.5440460183188405
3.479229812232321 3.527663319789292 0.7372996314840395
$EndNodes
$Elements
11 6759 1 6759
2 1 2 162
1 232 193 237 
2 195 214 218 
3 188 217 228 
4 193 232 243 
5 195 218 241 
6 217 188 242 
7 199 220 222 
8 194 222 223 
9 220 199 244 
10 190 219 220 
11 190 218 219 
12 204 221 233 
13 222 221 223 
14 198 232 237 
15 226 230 243 
16 230 226 242 
17 221 219 233 
18 221 204 223 
19 228 217 239 
20 214 195 240 
21 220 219 221 
22 236 196 240 
23 240 196 252 
24 230 193 243 
25 220 221 222 
26 222 194 238 
27 207 210 225 
28 210 217 225 
29 201 191 202 
30 223 202 224 
31 32 194 224 
32 34 191 200 
33 202 191 224 
34 200 201 232 
35 204 202 223 
36 18 189 227 
37 207 208 209 
38 213 209 231 
39 211 214 215 
40 219 212 233 
41 24 25 228 
42 203 204 205 
43 206 205 207 
44 207 205 208 
45 212 208 233 
46 210 209 213 
47 209 211 231 
48 210 213 216 
49 214 212 218 
50 17 18 227 
51 196 17 227 
52 189 19 229 
53 20 192 229 
54 197 24 228 
55 32 31 194 
56 33 32 224 
57 34 33 191 
58 191 33 224 
59 35 34 200 
60 36 35 198 
61 198 35 200 
62 39 38 195 
63 41 40 190 
64 43 42 199 
65 200 191 201 
66 194 223 224 
67 198 200 232 
68 203 202 204 
69 206 207 225 
70 211 208 212 
71 16 17 196 
72 18 19 189 
73 19 20 229 
74 20 21 192 
75 23 24 197 
76 25 26 188 
77 25 188 228 
78 26 27 230 
79 188 26 230 
80 27 28 193 
81 27 193 230 
82 203 206 234 
83 206 226 234 
84 207 209 210 
85 211 212 214 
86 206 225 226 
87 209 208 211 
88 210 216 217 
89 211 215 231 
90 218 212 219 
91 205 204 233 
92 203 205 206 
93 201 202 203 
94 232 201 234 
95 208 205 233 
96 201 203 234 
97 235 197 253 
98 197 239 253 
99 188 230 242 
100 38 37 236 
101 21 22 235 
102 28 29 237 
103 218 190 241 
104 31 30 238 
105 194 31 238 
106 190 220 244 
107 193 28 237 
108 195 38 236 
109 192 21 235 
110 199 222 238 
111 225 217 242 
112 39 195 241 
113 190 40 241 
114 232 234 243 
115 199 42 244 
116 41 190 244 
117 29 3 248 
118 3 36 248 
119 30 4 246 
120 4 43 246 
121 1 16 245 
122 22 2 247 
123 2 23 247 
124 37 1 245 
125 217 216 239 
126 197 228 239 
127 215 214 240 
128 195 236 240 
129 40 39 241 
130 226 225 242 
131 234 226 243 
132 235 22 247 
133 236 37 245 
134 237 29 248 
135 42 41 244 
136 16 196 245 
137 23 197 247 
138 36 198 248 
139 43 199 246 
140 238 30 246 
141 251 215 252 
142 189 250 251 
143 250 231 251 
144 229 249 250 
145 213 231 250 
146 189 229 250 
147 229 192 249 
148 227 189 251 
149 249 213 250 
150 216 213 249 
151 231 215 251 
152 227 251 252 
153 196 227 252 
154 197 235 247 
155 196 236 245 
156 198 237 248 
157 216 249 253 
158 249 192 253 
159 199 238 246 
160 192 235 253 
161 215 240 252 
162 239 216 253 
2 3 2 160
163 358 324 363 
164 346 326 369 
165 321 345 370 
166 324 358 364 
167 345 321 361 
168 326 346 374 
169 364 333 365 
170 341 354 366 
171 324 364 365 
172 335 333 364 
173 354 341 380 
174 17 16 352 
175 345 343 370 
176 352 16 379 
177 358 357 373 
178 323 353 359 
179 330 346 369 
180 348 360 374 
181 358 363 368 
182 364 358 373 
183 345 361 371 
184 360 348 375 
185 360 326 374 
186 353 323 372 
187 339 336 362 
188 343 339 362 
189 350 322 354 
190 320 47 365 
191 334 337 347 
192 328 73 350 
193 327 83 356 
194 330 331 346 
195 46 320 331 
196 74 322 350 
197 76 326 360 
198 333 320 365 
199 328 351 352 
200 331 332 346 
201 332 333 334 
202 332 334 347 
203 346 332 347 
204 337 336 338 
205 347 337 348 
206 19 323 355 
207 338 336 339 
208 83 82 356 
209 20 19 355 
210 325 20 355 
211 44 45 330 
212 45 46 331 
213 330 45 331 
214 46 47 320 
215 48 49 324 
216 49 50 363 
217 72 73 328 
218 73 74 350 
219 74 75 322 
220 75 76 360 
221 322 75 360 
222 76 77 326 
223 80 79 329 
224 331 320 332 
225 327 356 357 
226 341 340 359 
227 351 350 354 
228 352 351 353 
229 19 18 323 
230 21 20 325 
231 81 80 361 
232 80 329 361 
233 82 81 321 
234 321 81 361 
235 84 83 327 
236 328 350 351 
237 338 340 341 
238 340 342 344 
239 340 344 359 
240 342 345 349 
241 342 343 345 
242 344 342 349 
243 324 49 363 
244 82 321 356 
245 332 320 333 
246 327 357 358 
247 334 333 335 
248 336 335 362 
249 338 339 340 
250 340 339 342 
251 47 48 365 
252 334 335 336 
253 48 324 365 
254 334 336 337 
255 338 341 366 
256 342 339 343 
257 348 337 366 
258 337 338 366 
259 329 367 384 
260 371 329 384 
261 22 21 367 
262 77 78 369 
263 85 84 368 
264 327 358 368 
265 359 353 380 
266 341 359 380 
267 357 356 370 
268 326 77 369 
269 21 325 367 
270 84 327 368 
271 323 18 372 
272 346 347 374 
273 322 360 375 
274 2 22 378 
275 1 72 379 
276 79 2 378 
277 5 44 376 
278 78 5 376 
279 328 352 379 
280 16 1 379 
281 50 6 377 
282 6 85 377 
283 351 354 380 
284 356 321 370 
285 349 345 371 
286 361 329 371 
287 323 359 383 
288 17 352 372 
289 366 354 375 
290 335 364 373 
291 373 357 381 
292 348 366 375 
293 18 17 372 
294 352 353 372 
295 362 335 373 
296 347 348 374 
297 354 322 375 
298 369 78 376 
299 22 367 378 
300 85 368 377 
301 343 362 381 
302 363 50 377 
303 329 79 378 
304 72 328 379 
305 44 330 376 
306 353 351 380 
307 357 370 381 
308 355 323 383 
309 325 355 382 
310 344 349 382 
311 382 355 383 
312 344 382 383 
313 359 344 383 
314 368 363 377 
315 367 329 378 
316 330 369 376 
317 382 349 384 
318 325 382 384 
319 362 373 381 
320 370 343 381 
321 367 325 384 
322 349 371 384 
2 5 2 162
323 485 457 499 
324 456 494 497 
325 450 482 487 
326 494 456 506 
327 457 485 505 
328 478 453 500 
329 482 450 503 
330 453 478 504 
331 480 478 500 
332 486 485 499 
333 494 459 497 
334 477 491 505 
335 489 496 506 
336 491 477 503 
337 496 489 504 
338 487 482 501 
339 456 489 506 
340 491 457 505 
341 71 70 486 
342 70 454 486 
343 476 470 483 
344 454 484 485 
345 465 475 484 
346 475 467 477 
347 468 472 493 
348 484 475 485 
349 454 485 486 
350 462 465 484 
351 464 474 495 
352 465 467 475 
353 452 67 492 
354 454 69 461 
355 463 492 494 
356 470 471 483 
357 468 466 469 
358 460 87 487 
359 454 461 484 
360 88 450 487 
361 90 457 491 
362 463 452 492 
363 461 462 484 
364 39 451 488 
365 75 453 489 
366 471 473 478 
367 464 463 474 
368 466 464 495 
369 470 469 471 
370 471 479 483 
371 38 39 488 
372 458 38 488 
373 451 40 490 
374 41 455 490 
375 66 65 459 
376 68 67 452 
377 69 68 461 
378 70 69 454 
379 76 75 489 
380 456 76 489 
381 86 87 460 
382 87 88 487 
383 88 89 450 
384 89 90 491 
385 90 91 457 
386 461 452 462 
387 462 452 463 
388 472 482 493 
389 37 38 458 
390 39 40 451 
391 40 41 490 
392 41 42 455 
393 75 74 453 
394 77 76 456 
395 462 463 464 
396 467 466 468 
397 468 470 472 
398 471 469 473 
399 472 470 476 
400 477 467 493 
401 468 469 470 
402 471 478 479 
403 450 89 491 
404 472 476 481 
405 472 481 482 
406 479 478 480 
407 67 66 492 
408 492 459 494 
409 465 464 466 
410 66 459 492 
411 68 452 461 
412 462 464 465 
413 474 463 494 
414 465 466 467 
415 467 468 493 
416 469 466 495 
417 495 474 496 
418 473 469 495 
419 473 495 496 
420 500 73 502 
421 498 460 515 
422 458 480 502 
423 460 501 515 
424 450 491 503 
425 489 453 504 
426 78 77 497 
427 42 43 498 
428 91 92 499 
429 74 73 500 
430 480 500 502 
431 455 42 498 
432 77 456 497 
433 457 91 499 
434 478 473 504 
435 493 482 503 
436 485 475 505 
437 474 494 506 
438 8 71 508 
439 92 8 508 
440 4 86 509 
441 65 5 507 
442 43 4 509 
443 5 78 507 
444 453 74 500 
445 1 37 510 
446 72 1 510 
447 460 487 501 
448 482 481 501 
449 480 458 511 
450 73 72 502 
451 477 493 503 
452 473 496 504 
453 475 477 505 
454 496 474 506 
455 498 43 509 
456 78 497 507 
457 499 92 508 
458 37 458 510 
459 71 486 508 
460 459 65 507 
461 86 460 509 
462 458 502 510 
463 476 512 514 
464 512 490 514 
465 451 512 513 
466 476 483 512 
467 458 488 511 
468 488 451 513 
469 512 483 513 
470 451 490 512 
471 481 476 514 
472 511 488 513 
473 479 511 513 
474 479 480 511 
475 490 455 514 
476 483 479 513 
477 460 498 509 
478 497 459 507 
479 486 499 508 
480 481 514 515 
481 514 455 515 
482 455 498 515 
483 502 72 510 
484 501 481 515 
2 7 2 162
485 120 2 641 
486 592 611 626 
487 2 100 641 
488 632 593 637 
489 583 610 611 
490 610 583 612 
491 611 592 635 
492 587 632 637 
493 592 626 631 
494 586 617 630 
495 610 612 622 
496 617 586 634 
497 583 611 635 
498 593 627 637 
499 612 621 622 
500 620 587 637 
501 112 113 628 
502 587 620 638 
503 595 607 613 
504 607 616 617 
505 590 594 613 
506 599 602 616 
507 590 101 594 
508 614 121 641 
509 594 595 613 
510 602 609 616 
511 627 593 629 
512 104 588 615 
513 607 617 634 
514 615 588 623 
515 584 620 640 
516 121 120 641 
517 590 613 614 
518 620 584 638 
519 616 609 617 
520 594 585 595 
521 597 599 616 
522 595 597 607 
523 100 101 590 
524 103 104 615 
525 602 603 606 
526 602 601 603 
527 599 601 602 
528 102 585 594 
529 606 603 608 
530 607 597 616 
531 111 112 589 
532 595 596 597 
533 599 600 601 
534 608 618 620 
535 597 598 599 
536 101 102 594 
537 102 103 585 
538 602 606 609 
539 595 585 596 
540 109 110 583 
541 625 619 639 
542 608 603 618 
543 618 604 619 
544 585 103 615 
545 597 596 598 
546 599 598 600 
547 603 601 604 
548 104 105 588 
549 603 604 618 
550 107 108 592 
551 127 126 593 
552 600 610 622 
553 623 588 626 
554 601 600 622 
555 115 114 587 
556 600 605 610 
557 612 583 636 
558 125 124 582 
559 596 585 615 
560 626 588 631 
561 600 598 605 
562 123 122 586 
563 604 601 622 
564 117 116 584 
565 610 605 611 
566 619 604 621 
567 627 629 633 
568 118 117 624 
569 614 613 634 
570 621 604 622 
571 119 118 591 
572 598 596 623 
573 596 615 623 
574 605 598 623 
575 589 112 628 
576 628 625 639 
577 117 584 624 
578 611 605 626 
579 606 608 627 
580 619 621 639 
581 605 623 626 
582 105 106 631 
583 591 118 624 
584 591 624 625 
585 100 590 641 
586 591 625 628 
587 589 628 639 
588 593 126 629 
589 111 589 636 
590 126 125 629 
591 109 583 635 
592 124 123 630 
593 125 582 629 
594 583 110 636 
595 11 127 632 
596 588 105 631 
597 592 108 635 
598 114 11 632 
599 582 124 630 
600 123 586 630 
601 608 620 637 
602 628 113 645 
603 587 114 632 
604 620 618 640 
605 9 107 642 
606 106 9 642 
607 115 587 638 
608 609 606 633 
609 127 593 632 
610 584 116 638 
611 121 614 644 
612 113 10 645 
613 630 617 643 
614 613 607 634 
615 606 627 633 
616 614 634 644 
617 10 119 645 
618 122 121 644 
619 624 584 647 
620 108 109 635 
621 591 628 645 
622 629 582 633 
623 110 111 636 
624 609 633 643 
625 636 589 646 
626 619 625 647 
627 633 582 643 
628 617 609 643 
629 584 640 647 
630 618 619 640 
631 116 115 638 
632 590 614 641 
633 621 612 646 
634 631 106 642 
635 627 608 637 
636 107 592 642 
637 634 586 644 
638 586 122 644 
639 119 591 645 
640 592 631 642 
641 625 624 647 
642 582 630 643 
643 612 636 646 
644 639 621 646 
645 640 619 647 
646 589 639 646 
2 8 2 162
647 2 128 707 
648 677 658 692 
649 100 2 707 
650 659 698 703 
651 676 649 677 
652 649 676 678 
653 658 677 701 
654 698 653 703 
655 692 658 697 
656 683 652 696 
657 678 676 689 
658 677 649 701 
659 693 659 703 
660 687 678 689 
661 653 686 703 
662 652 683 700 
663 675 682 683 
664 148 147 694 
665 686 653 705 
666 673 661 679 
667 686 650 706 
668 660 656 679 
669 668 665 682 
670 101 656 660 
671 129 680 707 
672 661 660 679 
673 675 668 682 
674 659 693 695 
675 654 104 681 
676 654 681 688 
677 128 129 707 
678 679 656 680 
679 684 674 686 
680 650 686 705 
681 651 660 661 
682 665 663 682 
683 669 674 684 
684 663 661 673 
685 101 100 656 
686 682 673 683 
687 104 103 681 
688 669 668 672 
689 667 668 669 
690 667 665 668 
691 651 102 660 
692 669 672 674 
693 663 673 682 
694 147 146 655 
695 662 661 663 
696 666 665 667 
697 664 663 665 
698 102 101 660 
699 103 102 651 
700 670 669 684 
701 672 668 675 
702 651 661 662 
703 145 144 649 
704 670 684 685 
705 103 651 681 
706 662 663 664 
707 664 665 666 
708 667 669 670 
709 105 104 654 
710 143 142 658 
711 134 135 659 
712 654 688 692 
713 136 137 653 
714 667 670 689 
715 671 666 676 
716 649 678 702 
717 132 133 648 
718 651 662 681 
719 654 692 697 
720 664 666 671 
721 130 131 652 
722 670 687 689 
723 138 139 650 
724 666 667 689 
725 671 676 677 
726 670 685 687 
727 685 691 704 
728 695 693 699 
729 676 666 689 
730 139 140 690 
731 679 680 700 
732 691 694 704 
733 140 141 657 
734 662 664 688 
735 681 662 688 
736 664 671 688 
737 147 655 694 
738 650 139 690 
739 671 677 692 
740 674 672 693 
741 688 671 692 
742 106 105 697 
743 140 657 690 
744 690 657 691 
745 683 673 700 
746 656 100 707 
747 694 655 704 
748 687 685 704 
749 691 657 694 
750 134 659 695 
751 655 146 702 
752 133 134 695 
753 649 144 701 
754 131 132 696 
755 648 133 695 
756 145 649 702 
757 135 12 698 
758 683 696 709 
759 105 654 697 
760 143 658 701 
761 12 136 698 
762 684 686 706 
763 132 648 696 
764 686 674 703 
765 652 131 696 
766 148 694 711 
767 136 653 698 
768 142 9 708 
769 9 106 708 
770 653 137 705 
771 672 675 699 
772 659 135 698 
773 138 650 705 
774 680 129 710 
775 13 148 711 
776 673 679 700 
777 693 672 699 
778 700 680 710 
779 141 13 711 
780 675 683 709 
781 129 130 710 
782 650 690 713 
783 144 143 701 
784 694 657 711 
785 648 695 699 
786 146 145 702 
787 699 675 709 
788 655 702 712 
789 648 699 709 
790 706 650 713 
791 691 685 713 
792 685 684 706 
793 680 656 707 
794 137 138 705 
795 106 697 708 
796 674 693 703 
797 678 687 712 
798 658 142 708 
799 652 700 710 
800 130 652 710 
801 657 141 711 
802 697 658 708 
803 690 691 713 
804 696 648 709 
805 702 678 712 
806 687 704 712 
807 685 706 713 
808 704 655 712 
2 9 2 160
809 746 757 718 
810 740 763 719 
811 716 764 739 
812 718 758 746 
813 739 755 716 
814 719 768 740 
815 758 759 727 
816 735 760 751 
817 718 759 758 
818 729 758 727 
819 751 774 735 
820 143 749 142 
821 739 764 737 
822 749 772 142 
823 746 767 745 
824 715 753 750 
825 723 763 740 
826 743 768 754 
827 746 762 757 
828 758 767 746 
829 739 765 755 
830 754 769 743 
831 754 768 719 
832 750 766 715 
833 733 756 730 
834 714 759 152 
835 721 744 160 
836 728 742 731 
837 737 756 733 
838 738 741 736 
839 723 725 150 
840 721 745 744 
841 151 725 714 
842 157 755 724 
843 727 759 714 
844 723 740 725 
845 725 740 726 
846 726 742 728 
847 740 742 726 
848 742 743 731 
849 109 747 717 
850 145 752 715 
851 747 751 717 
852 108 747 109 
853 722 747 108 
854 717 754 110 
855 111 754 719 
856 146 752 145 
857 720 752 146 
858 149 723 150 
859 150 725 151 
860 151 714 152 
861 153 718 154 
862 154 757 155 
863 718 757 154 
864 157 724 156 
865 158 755 157 
866 159 716 158 
867 716 755 158 
868 160 744 159 
869 161 721 160 
870 725 726 714 
871 726 727 714 
872 728 729 727 
873 730 756 729 
874 731 732 730 
875 735 753 734 
876 107 722 108 
877 109 717 110 
878 110 754 111 
879 111 719 112 
880 145 715 144 
881 147 720 146 
882 722 748 747 
883 722 749 748 
884 726 728 727 
885 732 735 734 
886 734 753 738 
887 736 739 737 
888 748 751 747 
889 749 750 748 
890 152 759 153 
891 153 759 718 
892 159 744 716 
893 721 746 745 
894 728 731 730 
895 732 733 730 
896 736 737 733 
897 734 738 736 
898 732 734 733 
899 734 736 733 
900 728 730 729 
901 732 760 735 
902 736 741 739 
903 731 760 732 
904 743 760 731 
905 724 778 761 
906 765 778 724 
907 148 761 147 
908 112 763 113 
909 162 762 161 
910 721 762 746 
911 753 774 750 
912 735 774 753 
913 745 764 744 
914 719 763 112 
915 147 761 720 
916 161 762 721 
917 715 766 144 
918 740 768 742 
919 717 769 754 
920 10 773 149 
921 156 770 13 
922 9 772 107 
923 113 773 10 
924 13 770 148 
925 142 772 9 
926 722 772 749 
927 155 771 14 
928 14 771 162 
929 748 774 751 
930 744 764 716 
931 741 765 739 
932 755 765 724 
933 715 777 753 
934 143 766 749 
935 760 769 751 
936 729 767 758 
937 767 775 745 
938 743 769 760 
939 749 766 750 
940 144 766 143 
941 756 767 729 
942 742 768 743 
943 751 769 717 
944 162 771 762 
945 763 773 113 
946 148 770 761 
947 737 775 756 
948 724 770 156 
949 757 771 155 
950 107 772 722 
951 149 773 723 
952 750 774 748 
953 745 775 764 
954 738 776 741 
955 738 777 776 
956 720 776 752 
957 752 777 715 
958 753 777 738 
959 776 777 752 
960 762 771 757 
961 723 773 763 
962 761 770 724 
963 776 778 741 
964 720 778 776 
965 756 775 767 
966 764 775 737 
967 761 778 720 
968 741 778 765 
2 13 2 19
969 29 28 126 
970 29 126 967 
971 28 27 125 
972 27 124 125 
973 28 125 126 
974 11 183 127 
975 126 127 967 
976 3 29 967 
977 183 3 967 
978 127 183 967 
979 2 120 23 
980 121 24 23 
981 120 121 23 
982 25 24 122 
983 24 121 122 
984 26 25 123 
985 25 122 123 
986 27 26 124 
987 26 123 124 
2 16 2 19
988 134 84 85 
989 134 85 996 
990 84 133 83 
991 133 132 83 
992 134 133 84 
993 135 187 12 
994 135 134 996 
995 85 6 996 
996 6 187 996 
997 187 135 996 
998 2 79 128 
999 79 80 129 
1000 79 129 128 
1001 80 81 130 
1002 129 80 130 
1003 131 81 82 
1004 81 131 130 
1005 132 82 83 
1006 132 131 82 
3 1 4 2562
1007 997 559 577 520 
1008 998 999 224 388 
1009 1000 1001 1002 242 
1010 1003 370 356 321 
1011 301 311 71 508 
1012 1004 549 550 552 
1013 396 256 296 60 
1014 400 1005 1006 401 
1015 1007 1008 1009 1010 
1016 1011 274 273 272 
1017 1009 475 1012 505 
1018 396 296 394 59 
1019 1013 1014 1015 1016 
1020 364 1017 1018 365 
1021 1019 1020 1021 1022 
1022 1023 252 1024 196 
1023 1004 1025 1026 1027 
1024 1028 450 482 487 
1025 1029 372 323 189 
1026 1028 450 503 482 
1027 19 189 323 18 
1028 1017 320 255 294 
1029 1030 1031 1032 1033 
1030 1034 1035 1036 435 
1031 1037 522 80 361 
1032 1038 392 421 523 
1033 1039 543 567 542 
1034 80 1037 329 563 
1035 1040 259 1018 317 
1036 1041 1042 1043 1044 
1037 344 1045 1046 359 
1038 1030 551 1039 539 
1039 99 573 564 442 
1040 50 49 363 302 
1041 1047 375 1048 360 
1042 1049 218 219 190 
1043 1050 564 442 433 
1044 1051 1046 1029 359 
1045 1052 254 1027 307 
1046 1053 509 498 246 
1047 1054 414 1055 447 
1048 356 517 569 82 
1049 1030 1039 1001 1056 
1050 1057 1015 1014 1000 
1051 1058 998 999 224 
1052 1059 537 1030 535 
1053 1060 489 456 76 
1054 1061 302 319 263 
1055 1059 538 537 535 
1056 1062 532 531 533 
1057 1063 343 339 362 
1058 1064 1010 1005 1065 
1059 1066 437 194 224 
1060 200 390 35 432 
1061 1053 444 238 417 
1062 241 1049 1067 451 
1063 1045 250 249 213 
1064 1068 1069 1070 1071 
1065 1072 1073 1074 1075 
1066 1016 232 200 201 
1067 1076 1036 555 516 
1068 1041 403 431 406 
1069 280 316 1018 1017 
1070 1077 1078 1079 1080 
1071 262 314 44 330 
1072 1040 259 317 319 
1073 1058 223 999 204 
1074 1081 1045 382 355 
1075 1082 469 470 468 
1076 1063 362 1083 381 
1077 1051 1084 339 338 
1078 1085 440 385 419 
1079 1023 1024 352 196 
1080 1038 556 1076 557 
1081 1086 367 1081 384 
1082 1074 1027 1004 1087 
1083 1086 563 574 79 
1084 1040 319 317 285 
1085 1068 400 438 429 
1086 427 1041 401 1006 
1087 1088 282 284 304 
1088 1089 1029 1090 359 
1089 1002 230 26 559 
1090 1091 255 292 318 
1091 1092 1078 1093 1073 
1092 1050 1038 564 433 
1093 1052 309 1094 295 
1094 1065 1095 1096 439 
1095 1081 382 325 355 
1096 368 84 526 571 
1097 1097 1098 462 463 
1098 1099 1025 1004 550 
1099 1097 461 291 257 
1100 1071 387 265 256 
1101 527 554 426 94 
1102 1097 452 461 257 
1103 1061 572 312 565 
1104 1082 1100 1101 1102 
1105 51 263 312 565 
1106 1027 1103 552 553 
1107 1035 414 1104 436 
1108 1011 280 1105 274 
1109 1050 442 290 428 
1110 434 91 499 391 
1111 1069 1050 1094 289 
1112 1053 444 509 246 
1113 1024 196 379 352 
1114 1094 1050 261 289 
1115 51 52 263 565 
1116 265 61 256 387 
1117 556 1034 1036 421 
1118 1041 1065 1005 1106 
1119 1004 1087 1026 1107 
1120 1091 331 332 346 
1121 1017 294 255 316 
1122 356 82 569 321 
1123 1108 342 344 340 
1124 1032 540 539 542 
1125 1061 363 302 377 
1126 1061 312 263 565 
1127 1109 1048 1110 1111 
1128 1040 319 285 305 
1129 1040 285 1026 305 
1130 1091 1105 1017 316 
1131 1112 1113 1059 1114 
1132 1115 581 562 520 
1133 997 1014 226 243 
1134 1025 52 565 263 
1135 1066 418 445 416 
1136 1116 1072 1117 1118 
1137 1119 1120 1121 1122 
1138 1123 332 347 346 
1139 1009 1124 260 454 
1140 1125 476 483 512 
1141 1058 448 998 388 
1142 1126 393 87 460 
1143 1024 379 328 352 
1144 1115 248 443 432 
1145 78 369 497 77 
1146 1042 1055 1035 407 
1147 1066 1126 1053 416 
1148 1099 549 547 548 
1149 1004 1127 1075 1087 
1150 1123 332 333 334 
1151 1071 265 387 430 
1152 1066 416 1053 417 
1153 1128 1129 1067 1130 
1154 1008 1064 1080 296 
1155 1131 1132 300 277 
1156 1041 1106 1043 1065 
1157 1133 1134 1056 1001 
1158 1074 532 1004 1103 
1159 1034 1036 386 435 
1160 1112 1135 1062 1072 
1161 1131 300 297 277 
1162 1086 378 367 329 
1163 1066 1053 238 417 
1164 1053 498 509 460 
1165 1136 1137 1119 1121 
1166 1138 1105 1011 280 
1167 1112 1076 1114 570 
1168 1047 1048 1139 1140 
1169 1085 431 413 440 
1170 98 433 99 564 
1171 1090 366 341 354 
1172 997 559 1002 579 
1173 1024 510 245 37 
1174 1141 505 477 491 
1175 36 443 248 432 
1176 1052 519 254 295 
1177 1142 1084 1143 1144 
1178 498 43 199 246 
1179 1058 448 388 420 
1180 1068 423 433 428 
1181 1101 493 1141 467 
1182 1145 1146 1046 1045 
1183 1042 1147 1044 1148 
1184 1002 188 228 558 
1185 1149 1121 1150 1151 
1186 92 441 508 8 
1187 1050 564 560 525 
1188 1064 394 396 296 
1189 1136 1152 1153 1118 
1190 1126 450 415 385 
1191 1154 404 1042 407 
1192 1155 369 507 376 
1193 1100 1102 1156 1157 
1194 99 442 564 433 
1195 1041 404 427 401 
1196 1111 453 500 478 
1197 1119 1122 1158 1159 
1198 1038 523 564 433 
1199 997 581 1160 1115 
1200 1104 554 566 545 
1201 1161 1134 1133 1001 
1202 1077 1078 1158 1079 
1203 1001 217 242 225 
1204 1078 1071 1080 1005 
1205 1063 381 1003 370 
1206 1138 280 1011 276 
1207 1090 1029 353 380 
1208 1025 293 52 263 
1209 393 509 444 86 
1210 1098 1149 1162 1132 
1211 1090 350 1048 354 
1212 396 296 59 60 
1213 1035 414 1054 1104 
1214 1163 219 233 221 
1215 1081 253 192 235 
1216 1108 1063 1033 345 
1217 1160 566 581 544 
1218 498 509 43 246 
1219 507 65 306 314 
1220 292 331 330 45 
1221 1069 288 1164 289 
1222 1090 354 341 380 
1223 262 44 45 330 
1224 4 30 246 444 
1225 1066 194 999 224 
1226 1053 509 393 460 
1227 1004 1027 1103 552 
1228 30 238 444 417 
1229 42 455 244 41 
1230 1145 1165 1161 1133 
1231 1109 1048 1111 453 
1232 393 87 460 86 
1233 1041 1154 1166 427 
1234 1163 1165 1167 1013 
1235 1168 474 1098 463 
1236 1169 1018 1138 1107 
1237 1027 552 521 553 
1238 1013 203 1058 204 
1239 1061 565 550 526 
1240 1128 352 328 351 
1241 1048 366 354 375 
1242 1061 302 312 377 
1243 254 553 54 519 
1244 1052 281 309 295 
1245 1162 1149 1170 1091 
1246 1153 1057 1165 1133 
1247 1052 281 295 307 
1248 1079 267 1008 1080 
1249 56 525 57 303 
1250 1171 1094 1070 1050 
1251 1159 484 462 465 
1252 1145 1046 1134 1045 
1253 1096 503 450 491 
1254 1091 315 292 262 
1255 1069 1094 1052 309 
1256 1072 1118 1075 1117 
1257 1059 1160 1030 537 
1258 1004 1062 532 1074 
1259 1050 303 290 313 
1260 1145 209 208 211 
1261 1145 211 231 209 
1262 1023 352 372 17 
1263 1023 227 252 196 
1264 1115 248 237 562 
1265 1161 1001 1133 1000 
1266 1051 1108 340 342 
1267 1033 345 370 321 
1268 1049 190 1021 490 
1269 1098 1162 1170 1088 
1270 1058 191 1055 420 
1271 1172 560 1050 1038 
1272 1069 288 279 269 
1273 1130 215 240 252 
1274 1172 560 1038 557 
1275 424 1173 418 445 
1276 1128 1111 328 502 
1277 1047 374 1060 346 
1278 1091 318 315 283 
1279 1155 306 262 314 
1280 544 997 1160 541 
1281 1043 998 1044 1042 
1282 1083 358 1018 1107 
1283 355 192 1081 229 
1284 1025 305 293 263 
1285 1092 269 1093 1069 
1286 1172 1050 1070 1038 
1287 1059 538 1160 537 
1288 4 444 509 86 
1289 1163 1167 1165 1174 
1290 1160 538 541 537 
1291 1119 1159 1101 1120 
1292 24 23 197 524 
1293 1127 561 540 547 
1294 364 1017 365 333 
1295 1175 524 1086 580 
1296 20 229 355 19 
1297 1168 1098 494 463 
1298 1161 1001 1000 242 
1299 1091 287 1105 316 
1300 1061 358 363 368 
1301 1030 541 1002 551 
1302 188 25 228 558 
1303 1124 486 499 508 
1304 1040 1018 259 324 
1305 1029 383 1045 323 
1306 1094 309 261 295 
1307 1099 1003 571 548 
1308 227 1029 372 1023 
1309 1067 38 236 195 
1310 38 458 236 37 
1311 1054 395 449 432 
1312 1155 497 1060 494 
1313 1094 261 309 289 
1314 1048 354 350 322 
1315 227 1029 1023 1130 
1316 1086 247 524 197 
1317 1164 63 258 389 
1318 392 98 523 433 
1319 1002 578 551 579 
1320 1023 353 352 351 
1321 1136 1100 1119 1137 
1322 1049 451 490 512 
1323 1128 1024 1111 502 
1324 997 232 1115 1176 
1325 1042 409 1055 407 
1326 1128 353 1029 1023 
1327 1024 245 379 196 
1328 1037 1033 542 522 
1329 355 19 189 323 
1330 1008 1124 299 260 
1331 261 56 525 528 
1332 1050 442 428 433 
1333 1030 1001 1039 551 
1334 1162 283 315 284 
1335 1088 492 306 459 
1336 1109 478 504 453 
1337 1155 1170 1088 1060 
1338 1149 1119 1121 1132 
1339 1003 571 356 327 
1340 1130 215 231 211 
1341 1133 1056 1031 1001 
1342 1163 1177 1167 1174 
1343 1178 1106 1120 1141 
1344 1130 1146 1179 211 
1345 1084 362 335 373 
1346 1047 489 1060 360 
1347 1036 426 95 386 
1348 96 556 421 97 
1349 1115 193 562 237 
1350 1047 374 348 360 
1351 1025 1061 319 263 
1352 1060 326 374 360 
1353 1020 514 1049 1021 
1354 1163 1174 212 219 
1355 1090 341 359 380 
1356 1049 490 451 40 
1357 490 190 41 40 
1358 1123 1091 332 346 
1359 1067 1024 511 480 
1360 1029 1045 251 189 
1361 1179 208 1165 212 
1362 1133 1180 1056 1046 
1363 524 24 228 197 
1364 192 355 20 229 
1365 1049 451 241 40 
1366 1021 490 455 514 
1367 1016 390 447 420 
1368 1062 532 1074 531 
1369 1032 540 1033 1127 
1370 1053 416 393 417 
1371 1014 205 206 203 
1372 1058 202 201 191 
1373 415 88 450 487 
1374 1025 565 1061 263 
1375 1048 375 322 360 
1376 1069 269 279 271 
1377 1054 1115 1104 395 
1378 1097 1132 1162 308 
1379 1151 1150 1149 1105 
1380 1155 284 315 262 
1381 1004 1107 1026 1025 
1382 1088 284 306 304 
1383 1161 1175 217 210 
1384 1144 1137 1149 1170 
1385 1048 489 322 453 
1386 1067 240 1130 214 
1387 1091 283 275 287 
1388 409 998 405 1055 
1389 1169 1087 1138 1150 
1390 1086 371 1037 329 
1391 1024 236 245 196 
1392 322 500 1048 453 
1393 57 525 573 303 
1394 1064 1065 1005 412 
1395 1119 1181 1149 1137 
1396 1071 266 265 288 
1397 1095 505 491 457 
1398 1078 1071 1005 1006 
1399 1094 295 261 55 
1400 1074 1004 1027 1103 
1401 1166 1070 1034 1182 
1402 1067 511 513 479 
1403 1067 479 1125 1111 
1404 1049 241 190 40 
1405 1126 482 501 487 
1406 1049 490 1021 514 
1407 1066 1053 222 238 
1408 1024 379 245 510 
1409 1024 510 502 379 
1410 1029 359 1045 383 
1411 1103 553 530 552 
1412 1064 396 256 296 
1413 1175 228 524 558 
1414 1175 580 1039 558 
1415 997 226 1014 1000 
1416 575 29 3 248 
1417 237 562 29 28 
1418 237 29 562 248 
1419 353 1090 380 351 
1420 1130 240 215 214 
1421 1155 346 1170 1060 
1422 1144 1139 337 338 
1423 1084 1183 1143 1063 
1424 1128 1024 1067 1111 
1425 997 1176 1160 1000 
1426 1093 1131 1079 270 
1427 1086 329 367 384 
1428 1125 479 1156 1111 
1429 1025 552 550 521 
1430 1057 1133 1161 1165 
1431 1067 240 214 195 
1432 229 189 355 19 
1433 1076 556 1036 516 
1434 1164 430 1071 429 
1435 1180 1033 1184 1031 
1436 1103 519 530 553 
1437 1052 553 254 519 
1438 1003 569 356 517 
1439 1124 311 301 508 
1440 1096 89 491 450 
1441 1064 1080 1005 1010 
1442 1016 447 1055 420 
1443 1125 1049 476 512 
1444 999 223 194 222 
1445 1178 1141 1101 1028 
1446 1115 581 527 562 
1447 1081 21 192 325 
1448 1149 1091 275 1105 
1449 1145 209 210 207 
1450 208 1146 211 1179 
1451 1033 1003 569 321 
1452 1054 198 1115 432 
1453 1099 550 549 548 
1454 1111 350 328 500 
1455 1038 523 556 557 
1456 997 579 1002 541 
1457 1086 371 1081 1037 
1458 1025 319 305 263 
1459 388 420 33 224 
1460 1082 1156 1100 1102 
1461 1036 421 96 516 
1462 1164 1071 265 288 
1463 1034 1154 1035 408 
1464 997 1002 1160 541 
1465 1126 87 487 460 
1466 1099 526 548 571 
1467 1062 1004 561 1127 
1468 1030 1039 1033 542 
1469 1086 567 1037 580 
1470 1180 1142 1184 1183 
1471 533 1112 534 531 
1472 1080 1071 266 256 
1473 1128 353 1023 351 
1474 1013 203 204 205 
1475 1067 1130 240 252 
1476 1101 1159 1012 1120 
1477 1175 253 1081 197 
1478 1125 1156 479 471 
1479 542 1030 539 1032 
1480 1054 390 200 432 
1481 1035 1114 1036 1104 
1482 292 330 262 45 
1483 508 434 92 499 
1484 1124 499 486 485 
1485 415 88 385 450 
1486 89 425 491 90 
1487 1028 1096 450 385 
1488 1136 1152 1100 1157 
1489 1099 1107 1083 1003 
1490 1034 1035 1154 1182 
1491 1136 1137 1142 1144 
1492 1086 1081 367 235 
1493 322 500 350 1048 
1494 73 500 350 74 
1495 1091 292 330 262 
1496 489 453 75 322 
1497 1136 1142 1137 1118 
1498 1066 238 31 417 
1499 48 259 365 324 
1500 1040 259 319 302 
1501 1124 499 434 508 
1502 1079 269 270 268 
1503 1040 363 324 302 
1504 1089 1143 1185 1046 
1505 1114 566 1160 545 
1506 1136 1157 1100 1140 
1507 61 60 256 387 
1508 1067 513 1125 479 
1509 1047 347 337 348 
1510 1125 1110 1129 1111 
1511 1090 351 354 380 
1512 1151 1132 1162 1149 
1513 1033 370 1003 321 
1514 1093 1011 1131 272 
1515 368 84 571 327 
1516 64 63 290 428 
1517 57 573 313 303 
1518 1096 425 413 439 
1519 1095 505 1141 491 
1520 1186 1006 1041 1154 
1521 1169 364 373 335 
1522 1009 465 475 484 
1523 200 35 198 432 
1524 1145 209 231 213 
1525 1108 382 344 349 
1526 1008 1010 1064 1124 
1527 260 1008 1187 310 
1528 301 71 486 508 
1529 368 572 85 377 
1530 556 523 421 97 
1531 1040 317 1018 280 
1532 1175 1037 1039 1086 
1533 1005 1122 1010 1080 
1534 1077 1093 1158 1078 
1535 1172 560 1171 1050 
1536 1158 278 268 297 
1537 1095 434 1124 499 
1538 1095 391 411 434 
1539 1064 1010 1065 412 
1540 1158 1132 1007 1131 
1541 1024 245 236 37 
1542 1001 228 217 1175 
1543 1136 1100 1137 1140 
1544 1109 471 473 478 
1545 48 365 259 294 
1546 1162 1091 1088 315 
1547 1114 1160 1176 1015 
1548 1066 222 999 194 
1549 1039 551 543 539 
1550 1161 217 1175 1001 
1551 524 24 558 228 
1552 1002 188 242 217 
1553 25 24 228 558 
1554 1188 1165 1146 1133 
1555 244 498 199 1021 
1556 1021 220 244 190 
1557 1020 1053 1022 1126 
1558 1058 1016 1055 191 
1559 1154 407 1035 408 
1560 1116 1072 1118 1073 
1561 1124 301 260 486 
1562 1058 201 202 203 
1563 1099 1107 1003 1127 
1564 1146 1185 1046 1089 
1565 1179 219 1174 1049 
1566 1166 1068 1038 1070 
1567 1050 573 564 525 
1568 572 85 377 6 
1569 572 377 312 6 
1570 1136 1119 1100 1152 
1571 480 1067 479 511 
1572 1181 466 1159 464 
1573 1063 1184 1033 1003 
1574 1039 567 1037 542 
1575 67 68 452 257 
1576 1155 306 507 459 
1577 1161 1001 242 225 
1578 1052 1027 298 307 
1579 1063 370 1033 345 
1580 1040 1026 1025 305 
1581 1026 1025 305 286 
1582 1071 430 398 429 
1583 2 574 378 247 
1584 1067 488 38 195 
1585 1028 503 1141 493 
1586 4 246 509 444 
1587 1053 1126 501 460 
1588 31 238 30 417 
1589 1002 579 518 578 
1590 997 1115 1160 1176 
1591 1049 513 451 512 
1592 1067 38 488 458 
1593 1049 514 476 512 
1594 1026 305 285 286 
1595 1099 1107 1004 1025 
1596 1016 1055 191 420 
1597 1145 208 209 207 
1598 1027 254 286 307 
1599 1017 320 294 365 
1600 1027 286 254 293 
1601 1084 1083 1169 1183 
1602 1135 1070 1172 1171 
1603 1145 1165 208 207 
1604 84 571 327 83 
1605 1153 1148 1167 1057 
1606 1060 346 374 326 
1607 489 322 75 360 
1608 1058 420 1055 448 
1609 1159 464 466 465 
1610 1000 1002 226 242 
1611 1081 229 1045 355 
1612 1155 262 1091 330 
1613 1124 311 441 264 
1614 1126 415 450 487 
1615 1155 507 369 497 
1616 1189 1147 1178 1167 
1617 261 525 56 303 
1618 1190 1075 1032 1031 
1619 1076 570 576 555 
1620 321 522 361 81 
1621 1082 468 472 493 
1622 997 232 1176 243 
1623 1155 1088 306 459 
1624 1131 1011 273 272 
1625 498 244 42 455 
1626 998 388 424 418 
1627 1084 334 1017 335 
1628 1039 539 543 542 
1629 1101 468 493 467 
1630 1038 392 523 433 
1631 1100 469 1156 1101 
1632 1064 264 1124 394 
1633 1006 400 1068 429 
1634 1132 277 308 300 
1635 1091 331 292 255 
1636 1131 273 275 277 
1637 1035 1104 410 436 
1638 7 573 99 442 
1639 1063 1003 1033 370 
1640 1155 1060 1088 494 
1641 997 579 541 577 
1642 1095 411 1124 434 
1643 1172 534 1171 568 
1644 1128 1111 1067 1129 
1645 1037 80 522 563 
1646 1063 343 381 370 
1647 1024 458 502 510 
1648 46 255 331 320 
1649 453 1109 489 504 
1650 93 94 527 395 
1651 1058 223 204 202 
1652 1035 1176 1054 1055 
1653 1042 409 407 405 
1654 33 420 191 224 
1655 1028 503 1096 1141 
1656 1054 1055 1016 447 
1657 1055 420 447 448 
1658 1001 551 578 1039 
1659 997 544 581 577 
1660 36 248 198 432 
1661 36 198 35 432 
1662 1058 420 388 224 
1663 1016 191 390 420 
1664 392 523 98 97 
1665 1166 408 446 427 
1666 1014 1015 1016 1176 
1667 1054 200 232 198 
1668 1036 426 386 410 
1669 241 218 1179 1049 
1670 1085 1141 1043 1028 
1671 1155 497 494 459 
1672 1028 450 1096 503 
1673 1126 1028 482 487 
1674 1021 1053 199 220 
1675 1156 1111 471 478 
1676 1040 1025 319 305 
1677 1175 524 580 558 
1678 1099 1004 1107 1127 
1679 1099 571 1003 327 
1680 1054 449 390 432 
1681 1004 550 1025 552 
1682 578 558 1001 1039 
1683 1060 456 494 497 
1684 1112 1171 1172 534 
1685 1114 1176 1104 1015 
1686 1001 551 1002 578 
1687 1108 1033 1037 345 
1688 1061 526 368 572 
1689 1084 336 334 335 
1690 1163 1019 1147 1177 
1691 1040 358 1018 324 
1692 1061 572 368 377 
1693 265 430 61 387 
1694 1069 1070 1191 1094 
1695 1038 421 556 523 
1696 68 257 291 461 
1697 1004 1062 1074 1075 
1698 1061 312 572 377 
1699 1155 262 330 314 
1700 1181 466 464 495 
1701 1003 1107 1087 1127 
1702 1025 305 286 293 
1703 1127 549 561 547 
1704 1136 1142 1153 1185 
1705 1003 356 571 517 
1706 1084 362 1063 339 
1707 1094 528 261 525 
1708 1116 1120 1121 1152 
1709 91 90 457 391 
1710 1179 219 1049 218 
1711 1054 390 1016 200 
1712 1086 371 329 384 
1713 48 47 365 294 
1714 1019 220 1021 219 
1715 1086 524 247 574 
1716 1039 578 543 551 
1717 1173 998 1043 406 
1718 1103 530 519 529 
1719 1074 1004 1075 1087 
1720 1034 386 1036 421 
1721 1037 522 361 321 
1722 1082 1101 1100 1156 
1723 1009 485 1124 486 
1724 508 434 441 92 
1725 301 71 70 486 
1726 372 323 189 18 
1727 344 1045 359 383 
1728 1109 1156 1100 473 
1729 1188 1129 1179 1102 
1730 67 452 492 257 
1731 1155 330 376 314 
1732 1088 463 452 492 
1733 1007 300 310 278 
1734 1080 387 1071 256 
1735 1109 473 1100 495 
1736 1085 385 415 419 
1737 1083 357 1003 381 
1738 33 191 420 34 
1739 1052 298 281 307 
1740 1020 515 481 514 
1741 1011 274 275 273 
1742 1080 398 1071 387 
1743 1134 1045 1108 1081 
1744 1175 216 1134 253 
1745 500 453 322 74 
1746 500 322 350 74 
1747 1178 1177 1167 1147 
1748 1045 213 231 250 
1749 1019 1021 1020 1174 
1750 1063 1184 1003 1183 
1751 1076 555 556 516 
1752 1104 527 1115 566 
1753 1009 465 1012 475 
1754 496 489 1047 1140 
1755 1095 457 499 485 
1756 396 256 60 387 
1757 1069 1071 288 269 
1758 1099 1083 1107 358 
1759 1013 1058 1147 999 
1760 1076 1172 1070 1038 
1761 1079 278 1008 268 
1762 1112 1072 1113 1135 
1763 392 97 421 523 
1764 1038 392 422 421 
1765 1114 1104 566 545 
1766 1035 1104 1176 1015 
1767 394 441 58 264 
1768 394 58 59 264 
1769 1124 264 299 301 
1770 394 264 59 296 
1771 1012 505 475 477 
1772 58 311 441 8 
1773 1012 1120 1159 1122 
1774 50 312 377 6 
1775 50 377 312 302 
1776 72 379 510 1 
1777 72 379 502 510 
1778 1119 1101 1181 1100 
1779 1082 472 1028 493 
1780 1114 555 1036 545 
1781 1034 1038 421 556 
1782 22 378 247 2 
1783 1053 393 444 417 
1784 498 199 43 42 
1785 1126 1028 450 385 
1786 64 313 7 442 
1787 64 290 313 442 
1788 1134 1045 1081 249 
1789 1062 1074 1135 1171 
1790 1179 1165 1102 1174 
1791 364 1083 1169 373 
1792 1082 1101 1156 469 
1793 1108 371 349 345 
1794 48 49 259 324 
1795 72 379 328 502 
1796 1067 458 1024 236 
1797 328 350 73 500 
1798 1030 539 1032 536 
1799 1175 1037 1081 1056 
1800 1039 1033 1037 1056 
1801 1175 1037 1086 1081 
1802 1085 1065 1043 1141 
1803 1072 1073 1075 1118 
1804 1013 1015 1014 1148 
1805 1091 330 292 331 
1806 292 45 46 331 
1807 1084 1183 1063 362 
1808 254 293 53 521 
1809 254 53 553 521 
1810 254 53 54 553 
1811 66 65 306 459 
1812 66 306 492 459 
1813 1173 424 998 406 
1814 1126 87 415 487 
1815 1158 1132 1159 1122 
1816 999 224 194 223 
1817 43 4 246 509 
1818 1021 490 41 455 
1819 1080 267 296 256 
1820 1187 484 454 461 
1821 1168 1088 1060 494 
1822 1062 535 536 533 
1823 1058 191 420 224 
1824 1082 1174 1020 1049 
1825 93 443 575 3 
1826 93 527 575 443 
1827 1175 1081 1086 197 
1828 1081 349 384 382 
1829 1029 359 383 323 
1830 1181 466 1100 1101 
1831 1094 519 55 528 
1832 1112 576 570 534 
1833 1040 285 317 280 
1834 997 193 232 243 
1835 1144 1047 1140 1170 
1836 1063 362 1183 1083 
1837 16 245 379 1 
1838 16 379 245 196 
1839 1112 1171 1062 1135 
1840 245 37 510 1 
1841 245 510 379 1 
1842 1027 293 254 521 
1843 1018 317 294 316 
1844 1074 1087 1192 1027 
1845 1099 358 327 357 
1846 507 5 65 314 
1847 1155 314 507 306 
1848 507 306 65 459 
1849 27 520 193 28 
1850 1165 208 207 205 
1851 1017 365 333 320 
1852 1027 521 254 553 
1853 1054 232 1115 198 
1854 1086 367 378 235 
1855 1081 249 1045 229 
1856 1175 239 217 216 
1857 1085 415 1126 419 
1858 1114 1036 1104 545 
1859 16 17 352 196 
1860 16 352 379 196 
1861 1047 1048 1140 489 
1862 375 1047 1139 348 
1863 1050 303 313 573 
1864 1050 313 442 573 
1865 1050 442 564 573 
1866 1191 1103 1074 1027 
1867 1101 466 469 468 
1868 1050 313 290 442 
1869 1069 1094 309 289 
1870 292 331 46 255 
1871 1155 346 1091 1170 
1872 1162 1170 1088 1091 
1873 1037 567 563 522 
1874 1115 232 237 198 
1875 1134 213 249 216 
1876 1134 1081 1108 1056 
1877 1086 524 567 580 
1878 1094 55 261 528 
1879 1145 1161 1165 207 
1880 1138 1026 1040 285 
1881 1136 1119 1152 1121 
1882 1099 549 1004 1127 
1883 1061 263 312 302 
1884 1138 285 1040 280 
1885 200 390 191 34 
1886 1188 1167 1153 1152 
1887 192 20 325 21 
1888 1001 1002 228 558 
1889 1088 282 304 257 
1890 1141 493 477 467 
1891 1100 469 495 473 
1892 1085 1126 415 385 
1893 1095 391 499 457 
1894 1024 196 240 236 
1895 1130 251 1029 1045 
1896 1119 1120 1178 1152 
1897 489 360 75 76 
1898 1047 1060 1170 346 
1899 1155 1060 497 369 
1900 1047 348 375 360 
1901 72 502 328 73 
1902 1067 1024 1023 252 
1903 1024 511 480 458 
1904 328 73 502 500 
1905 254 519 54 295 
1906 1092 1052 298 281 
1907 1035 1176 1055 1015 
1908 507 78 376 369 
1909 1151 1162 1132 1131 
1910 1105 1123 1091 1017 
1911 66 304 67 492 
1912 1077 1116 1093 1078 
1913 261 55 56 528 
1914 1062 536 1030 1032 
1915 1094 261 1050 525 
1916 31 32 194 437 
1917 1066 194 31 238 
1918 1066 31 194 437 
1919 1036 516 554 545 
1920 96 516 95 386 
1921 525 1094 560 1050 
1922 1166 1006 427 400 
1923 1084 1051 339 1063 
1924 1090 1048 366 354 
1925 1082 1020 1028 472 
1926 1123 332 334 347 
1927 1105 280 287 274 
1928 419 1173 406 445 
1929 997 193 27 520 
1930 1189 1077 1120 1106 
1931 1111 500 1048 350 
1932 1008 1187 1124 260 
1933 1188 1165 1153 1167 
1934 1188 1102 1157 1129 
1935 1057 1117 1190 1133 
1936 1124 299 260 301 
1937 1137 1100 1181 1140 
1938 412 1065 439 1095 
1939 30 238 246 444 
1940 1082 1101 469 468 
1941 1060 456 497 326 
1942 1091 287 316 318 
1943 575 3 443 248 
1944 81 321 569 82 
1945 321 522 81 569 
1946 1003 571 548 517 
1947 1037 345 1033 321 
1948 1164 288 258 289 
1949 1186 1135 1070 1182 
1950 1112 1062 1059 1072 
1951 1158 297 1007 278 
1952 1172 1171 1070 1050 
1953 429 1006 398 1071 
1954 1163 204 1058 999 
1955 1036 516 386 95 
1956 1167 1147 1013 1148 
1957 1084 1051 1063 1143 
1958 1164 290 1050 289 
1959 1181 1100 466 495 
1960 265 430 62 61 
1961 1064 397 411 412 
1962 258 62 265 430 
1963 258 389 62 430 
1964 1097 1159 1098 1132 
1965 1079 266 1080 1071 
1966 1109 1111 1110 1156 
1967 1108 349 344 342 
1968 1037 361 345 321 
1969 1081 229 192 249 
1970 1049 490 514 512 
1971 79 80 329 563 
1972 1175 1086 1039 580 
1973 1093 272 270 271 
1974 501 1053 1020 1126 
1975 1014 1015 1176 1000 
1976 1071 265 266 256 
1977 98 564 523 433 
1978 188 25 518 26 
1979 1002 518 188 558 
1980 1002 226 242 230 
1981 1002 578 518 558 
1982 376 330 44 314 
1983 376 5 314 44 
1984 1155 306 1088 284 
1985 1155 494 1088 459 
1986 1188 1102 1152 1157 
1987 1086 574 247 378 
1988 1188 1102 1167 1152 
1989 1045 383 344 382 
1990 1108 344 1045 1046 
1991 1045 383 382 355 
1992 1145 231 1130 1045 
1993 227 17 372 18 
1994 227 372 189 18 
1995 1153 1116 1193 1117 
1996 1023 17 227 196 
1997 1188 1167 1102 1165 
1998 1153 1167 1189 1152 
1999 1133 1153 1057 1117 
2000 1038 422 392 423 
2001 1114 1176 1160 1104 
2002 1064 1005 397 412 
2003 1012 1141 1065 1010 
2004 1155 1091 262 315 
2005 96 421 556 516 
2006 1036 96 421 386 
2007 1104 395 1115 527 
2008 23 524 247 197 
2009 1138 1026 285 280 
2010 578 558 1002 1001 
2011 1004 532 561 549 
2012 1136 1139 1089 1157 
2013 1053 393 1126 460 
2014 507 314 376 5 
2015 507 78 369 497 
2016 1035 1054 414 1055 
2017 1161 242 1000 226 
2018 1162 283 284 282 
2019 1033 542 546 540 
2020 1099 358 1107 1061 
2021 1050 303 261 289 
2022 1153 1117 1142 1118 
2023 89 450 385 88 
2024 1048 375 354 322 
2025 1077 1005 1080 1122 
2026 1154 404 407 408 
2027 1092 279 281 271 
2028 1063 343 370 345 
2029 1086 378 247 235 
2030 997 581 520 577 
2031 1006 1068 1071 429 
2032 1067 236 38 458 
2033 1153 1185 1142 1117 
2034 280 316 1017 1105 
2035 255 320 47 294 
2036 1091 255 318 316 
2037 1136 1152 1188 1153 
2038 1173 1085 1126 416 
2039 1058 202 191 224 
2040 1136 1140 1144 1139 
2041 1002 26 188 518 
2042 1002 230 188 26 
2043 1004 1062 1075 1127 
2044 1083 364 1018 358 
2045 1002 26 518 559 
2046 1130 252 227 251 
2047 1125 1156 1110 1111 
2048 1067 451 513 488 
2049 1111 500 328 502 
2050 27 26 230 559 
2051 217 1002 228 1001 
2052 1019 1022 1021 1053 
2053 1066 222 194 238 
2054 1126 415 416 419 
2055 1085 1126 416 419 
2056 1193 1153 1117 1148 
2057 1088 304 306 492 
2058 210 1175 217 216 
2059 75 322 453 74 
2060 1114 555 1076 1036 
2061 363 302 49 324 
2062 50 363 377 302 
2063 1040 302 1061 363 
2064 1025 1027 552 521 
2065 63 62 258 389 
2066 1131 273 1011 275 
2067 64 290 442 428 
2068 22 367 21 235 
2069 22 235 247 378 
2070 1040 363 358 324 
2071 1020 481 515 501 
2072 1095 425 90 491 
2073 1088 494 492 459 
2074 1060 506 494 456 
2075 1097 1162 1098 1088 
2076 390 34 420 191 
2077 482 1126 501 1020 
2078 200 390 34 35 
2079 1036 516 96 386 
2080 1042 1055 409 405 
2081 1061 526 572 565 
2082 1099 1003 1083 357 
2083 1138 276 1026 280 
2084 1061 368 363 377 
2085 368 85 526 84 
2086 1009 505 1012 1095 
2087 997 1176 1014 243 
2088 997 559 27 230 
2089 1023 352 17 196 
2090 1130 252 251 215 
2091 1161 1165 207 205 
2092 1124 411 394 434 
2093 1041 403 406 405 
2094 1179 208 212 211 
2095 1067 1111 1024 480 
2096 193 520 562 28 
2097 193 562 237 28 
2098 1104 554 527 566 
2099 1083 358 357 373 
2100 1030 537 536 535 
2101 1033 569 522 321 
2102 1164 428 63 389 
2103 1172 568 1171 560 
2104 1009 475 505 485 
2105 1005 402 399 412 
2106 1064 256 396 387 
2107 1188 1129 1146 1179 
2108 1082 1178 1177 1102 
2109 1080 266 267 256 
2110 1047 1060 374 360 
2111 1009 1159 465 484 
2112 1008 299 1124 264 
2113 1112 531 1171 534 
2114 1076 576 556 555 
2115 7 573 442 313 
2116 7 57 573 313 
2117 1081 349 371 384 
2118 1003 547 1127 517 
2119 1081 325 367 21 
2120 1033 522 546 542 
2121 1032 540 542 1033 
2122 1127 547 546 517 
2123 1030 541 1000 1002 
2124 1126 415 393 416 
2125 1055 409 414 407 
2126 1082 1028 1101 493 
2127 1126 501 460 487 
2128 1062 1032 1075 1127 
2129 1097 452 1088 463 
2130 260 70 69 454 
2131 260 486 70 454 
2132 375 1047 1048 1139 
2133 1111 500 502 480 
2134 1105 287 280 316 
2135 1162 282 275 283 
2136 1084 335 362 336 
2137 67 492 304 257 
2138 1155 1091 346 330 
2139 1155 507 497 459 
2140 1188 1185 1089 1157 
2141 1060 497 369 326 
2142 1189 1148 1193 1044 
2143 512 1125 513 483 
2144 1019 220 219 221 
2145 1049 190 241 218 
2146 1021 199 244 220 
2147 1163 204 1013 1058 
2148 1058 1055 998 448 
2149 1007 1187 1008 310 
2150 1095 90 457 491 
2151 58 441 311 264 
2152 1097 1159 1009 484 
2153 217 1002 188 228 
2154 1123 347 1047 346 
2155 1159 466 467 465 
2156 1101 467 466 468 
2157 1009 1159 1012 465 
2158 1041 1065 431 402 
2159 1043 1141 1065 1106 
2160 22 378 367 235 
2161 1162 275 282 277 
2162 1064 256 1080 296 
2163 1005 1106 1065 1122 
2164 1126 87 393 415 
2165 1126 450 1028 487 
2166 1173 1043 1085 406 
2167 208 1163 212 233 
2168 36 248 443 3 
2169 1187 69 260 291 
2170 54 519 55 295 
2171 1054 449 395 436 
2172 1014 234 226 243 
2173 1054 1104 414 436 
2174 1054 200 198 432 
2175 1189 1044 1147 1148 
2176 1082 469 1156 470 
2177 1021 41 490 190 
2178 1030 1056 1031 1033 
2179 1060 326 360 76 
2180 1189 1167 1178 1152 
2181 1139 1140 1110 1157 
2182 1036 554 516 95 
2183 1081 192 253 249 
2184 1033 546 1003 1127 
2185 1132 308 1187 300 
2186 1020 501 482 481 
2187 1060 456 489 506 
2188 1189 1152 1178 1120 
2189 1177 1020 1019 1022 
2190 192 20 355 325 
2191 1067 1130 1179 214 
2192 1125 483 476 470 
2193 208 1146 1179 1165 
2194 39 241 451 40 
2195 1134 249 1081 253 
2196 1069 289 309 279 
2197 1164 389 430 429 
2198 1095 391 434 499 
2199 1055 447 414 409 
2200 1083 364 358 373 
2201 426 554 95 94 
2202 1115 575 443 248 
2203 1104 426 527 554 
2204 1192 1026 1027 1087 
2205 1081 192 21 235 
2206 1030 1039 1056 1033 
2207 1153 1152 1189 1116 
2208 1142 1150 1075 1087 
2209 393 460 509 86 
2210 415 87 88 487 
2211 1053 444 393 509 
2212 1021 199 1053 498 
2213 1093 1192 272 271 
2214 1155 262 306 284 
2215 1103 552 530 532 
2216 1189 1193 1106 1044 
2217 1015 1013 1055 1148 
2218 1163 1147 1167 1177 
2219 1045 249 250 229 
2220 1039 1037 1033 542 
2221 571 368 1099 526 
2222 1190 1075 1031 1117 
2223 1161 1000 1014 226 
2224 1093 1150 1116 1121 
2225 1086 574 378 79 
2226 1171 1052 1191 1094 
2227 1193 1153 1148 1189 
2228 47 294 320 365 
2229 46 47 255 320 
2230 1086 329 563 79 
2231 1030 539 1039 542 
2232 558 1175 228 1001 
2233 1035 410 414 436 
2234 1112 531 1062 1171 
2235 279 1092 1052 1069 
2236 1155 376 507 314 
2237 1048 322 489 360 
2238 456 326 76 77 
2239 456 497 326 77 
2240 1084 334 1123 1017 
2241 1105 287 275 274 
2242 1162 315 1088 284 
2243 1115 575 248 562 
2244 53 521 293 52 
2245 1189 1147 1167 1148 
2246 1174 1021 1049 219 
2247 1028 472 482 493 
2248 1163 1013 1167 1147 
2249 1021 498 515 455 
2250 1125 479 483 471 
2251 1042 1147 1148 1055 
2252 1097 1088 1098 463 
2253 260 486 301 70 
2254 1132 1119 1158 1159 
2255 1098 1170 1162 1149 
2256 1024 252 240 196 
2257 1037 1033 522 321 
2258 1029 323 1045 189 
2259 39 451 241 488 
2260 39 38 488 195 
2261 39 488 241 195 
2262 241 218 195 1179 
2263 1091 275 1105 287 
2264 1007 1122 1159 1132 
2265 368 572 526 85 
2266 1041 1042 404 405 
2267 1091 1017 255 316 
2268 1040 1061 302 319 
2269 311 71 508 8 
2270 311 508 441 8 
2271 1188 1153 1165 1133 
2272 1050 564 1038 560 
2273 1076 1172 1182 1070 
2274 1054 1176 1016 1055 
2275 1047 1168 496 1140 
2276 1164 258 290 289 
2277 1132 1119 1121 1158 
2278 1172 1038 1076 557 
2279 1097 462 452 463 
2280 1111 453 1048 500 
2281 1123 332 1017 333 
2282 1067 488 195 241 
2283 260 1008 310 299 
2284 1021 41 244 455 
2285 1066 418 416 417 
2286 1124 260 454 486 
2287 997 1115 193 520 
2288 1115 527 575 562 
2289 1179 1067 195 241 
2290 1097 1159 484 462 
2291 1089 341 1051 359 
2292 413 1085 1096 1065 
2293 1104 436 426 410 
2294 1016 201 200 191 
2295 1036 95 426 554 
2296 997 1115 232 193 
2297 1111 502 1024 480 
2298 1020 476 514 481 
2299 1040 324 259 302 
2300 1089 1029 1146 1129 
2301 1008 267 299 296 
2302 1142 1075 1183 1087 
2303 1088 492 452 257 
2304 1091 346 330 331 
2305 1088 304 492 257 
2306 1008 296 299 264 
2307 1158 1078 1093 1079 
2308 1091 292 315 318 
2309 1187 461 454 69 
2310 1085 1065 1141 1096 
2311 1187 260 69 454 
2312 369 326 497 77 
2313 1155 284 1088 315 
2314 1060 506 489 496 
2315 1155 1060 369 346 
2316 1009 505 1095 485 
2317 1012 475 465 467 
2318 1124 264 301 311 
2319 1079 266 1071 269 
2320 1028 482 503 493 
2321 1065 439 413 412 
2322 1095 499 1124 485 
2323 1095 485 505 457 
2324 1072 1073 1135 1074 
2325 498 244 199 42 
2326 1125 1157 1102 1129 
2327 355 192 325 1081 
2328 356 83 517 82 
2329 356 571 517 83 
2330 356 327 571 83 
2331 1003 548 547 517 
2332 1003 517 546 569 
2333 1104 554 1036 426 
2334 1115 443 527 395 
2335 1068 1038 1050 433 
2336 575 29 248 562 
2337 527 426 395 94 
2338 413 1085 440 1096 
2339 1005 412 399 397 
2340 1020 1049 1174 1021 
2341 1035 1104 1054 1176 
2342 1058 202 224 223 
2343 1115 443 395 432 
2344 1111 479 471 478 
2345 259 324 49 302 
2346 1018 280 317 316 
2347 1091 283 287 318 
2348 66 306 304 492 
2349 68 452 257 461 
2350 1009 454 485 486 
2351 1065 1012 1122 1120 
2352 1112 534 535 533 
2353 1041 1044 1154 1042 
2354 1086 378 329 79 
2355 23 524 574 247 
2356 1086 247 197 235 
2357 1081 197 253 235 
2358 1092 1191 1078 1073 
2359 1083 357 381 373 
2360 194 32 224 437 
2361 1173 416 445 419 
2362 998 448 424 388 
2363 68 291 69 461 
2364 1079 266 269 268 
2365 1124 508 434 441 
2366 1038 423 392 433 
2367 1008 1080 267 296 
2368 1025 286 1027 293 
2369 1050 289 290 303 
2370 1050 303 573 525 
2371 1041 1085 1043 406 
2372 1080 1158 1079 1077 
2373 1020 1053 1021 1022 
2374 1138 276 1011 1026 
2375 1096 491 1095 1141 
2376 1128 351 328 350 
2377 1092 298 1192 271 
2378 227 1029 189 372 
2379 1108 1037 371 345 
2380 2 23 574 247 
2381 1058 202 204 203 
2382 1016 200 390 191 
2383 501 1053 515 1020 
2384 1179 212 219 218 
2385 1021 244 41 190 
2386 997 544 1160 581 
2387 1002 551 541 579 
2388 1112 1171 1135 1172 
2389 1175 197 1086 524 
2390 1111 478 500 480 
2391 1099 368 1061 526 
2392 1099 368 327 358 
2393 1177 1173 999 1147 
2394 1065 413 431 402 
2395 1172 568 560 557 
2396 1163 1165 1179 1174 
2397 1018 294 317 259 
2398 1155 369 330 346 
2399 1162 1131 275 277 
2400 1155 1091 1088 1170 
2401 1033 546 1127 540 
2402 1086 197 1081 235 
2403 1037 542 567 522 
2404 1115 232 193 237 
2405 1104 426 1036 410 
2406 1104 1036 554 545 
2407 1164 428 290 63 
2408 388 224 32 437 
2409 1019 1053 1021 220 
2410 388 33 32 224 
2411 1053 515 498 460 
2412 1187 291 461 69 
2413 507 5 376 78 
2414 1103 530 531 532 
2415 1020 1049 514 476 
2416 1052 519 1103 553 
2417 1011 1192 276 272 
2418 1096 385 89 450 
2419 1112 1059 1030 535 
2420 1094 55 519 295 
2421 1064 1080 256 387 
2422 499 391 91 457 
2423 434 92 499 91 
2424 1098 1088 494 463 
2425 1086 1081 371 384 
2426 1104 395 527 426 
2427 188 518 25 558 
2428 93 395 527 443 
2429 1054 1115 395 432 
2430 1014 1176 234 243 
2431 1018 294 259 365 
2432 1064 411 1095 439 
2433 1115 443 575 527 
2434 1115 248 198 237 
2435 1115 198 248 432 
2436 1004 561 1127 549 
2437 1171 1191 1052 1103 
2438 1033 569 546 522 
2439 1060 326 369 346 
2440 1093 1192 1011 272 
2441 1079 267 1080 266 
2442 1178 1101 1141 1120 
2443 51 6 572 312 
2444 51 312 572 565 
2445 1130 252 1023 227 
2446 1098 474 1181 464 
2447 1049 190 490 40 
2448 1155 376 330 369 
2449 1156 1111 479 471 
2450 1057 1133 1190 1000 
2451 1080 397 398 387 
2452 1111 479 478 480 
2453 1047 1168 1060 496 
2454 1138 1150 1087 1192 
2455 1175 253 1134 1081 
2456 1023 372 227 17 
2457 79 2 574 378 
2458 80 81 361 522 
2459 1052 309 281 279 
2460 1052 309 279 1069 
2461 1112 1172 1135 1182 
2462 1033 569 1003 546 
2463 1124 311 508 441 
2464 1003 1184 1083 1183 
2465 1063 362 381 343 
2466 1138 1011 1150 1192 
2467 1027 286 298 307 
2468 1134 213 1045 249 
2469 1138 1150 1011 1105 
2470 1025 550 1061 565 
2471 1025 521 550 565 
2472 1025 52 293 521 
2473 1025 52 521 565 
2474 1099 550 1004 549 
2475 1025 1027 521 293 
2476 1018 294 1017 316 
2477 1017 320 333 332 
2478 1084 338 1144 337 
2479 1128 1129 1110 1111 
2480 1075 1117 1142 1185 
2481 1161 242 226 225 
2482 1184 1083 1183 1087 
2483 1017 333 364 335 
2484 1123 1170 1091 346 
2485 1144 1105 1149 1137 
2486 1017 333 335 334 
2487 1018 1017 294 365 
2488 1018 324 364 365 
2489 1018 358 364 324 
2490 1040 363 1061 358 
2491 1185 1184 1142 1075 
2492 1018 365 259 324 
2493 1003 356 569 321 
2494 1164 265 258 288 
2495 1139 366 1048 375 
2496 1136 1118 1137 1121 
2497 1155 1088 1091 315 
2498 1003 370 381 357 
2499 1003 517 1127 546 
2500 1004 1027 1026 1087 
2501 1127 540 546 547 
2502 1161 1134 1175 210 
2503 1090 350 354 351 
2504 1035 435 408 410 
2505 547 1099 1003 1127 
2506 1099 1083 358 357 
2507 1003 356 370 357 
2508 1169 1087 1083 1107 
2509 1059 1062 1030 1032 
2510 1062 1030 536 535 
2511 1003 327 356 357 
2512 1099 1061 368 358 
2513 1099 549 1127 547 
2514 1032 540 561 536 
2515 1002 242 1001 217 
2516 1109 1156 471 478 
2517 1012 465 1159 467 
2518 1175 216 253 239 
2519 1108 342 1063 345 
2520 1081 21 367 235 
2521 1175 1039 1037 1056 
2522 1108 1045 344 382 
2523 1108 1056 1037 1033 
2524 1037 361 371 345 
2525 80 1037 361 329 
2526 1037 371 361 329 
2527 1029 251 227 189 
2528 1045 323 383 355 
2529 1045 323 355 189 
2530 1045 231 251 250 
2531 1029 372 1023 353 
2532 1045 229 189 355 
2533 1045 250 251 189 
2534 1045 189 229 250 
2535 1081 382 384 325 
2536 1081 367 325 384 
2537 1086 1037 563 329 
2538 1086 563 1037 567 
2539 1086 524 563 567 
2540 1086 574 563 524 
2541 1035 1036 435 410 
2542 997 27 559 520 
2543 1002 230 242 188 
2544 997 559 579 577 
2545 997 1000 1014 1176 
2546 1002 518 579 559 
2547 1076 556 576 557 
2548 1079 1080 1078 1071 
2549 1160 541 1030 537 
2550 1058 388 998 224 
2551 1108 1037 1081 371 
2552 1180 1031 1185 1133 
2553 1128 1130 1067 1023 
2554 1169 1083 1018 1107 
2555 1134 249 253 216 
2556 1059 1072 1062 1032 
2557 1175 197 524 228 
2558 1114 1104 1160 566 
2559 1160 1002 1000 541 
2560 542 1030 1032 1033 
2561 1176 243 232 234 
2562 997 230 27 193 
2563 1160 1115 1104 1176 
2564 1054 447 390 449 
2565 1160 1104 1115 566 
2566 1160 1115 581 566 
2567 1168 496 495 474 
2568 1115 527 581 566 
2569 1115 562 193 520 
2570 1055 447 409 448 
2571 1163 1179 1165 212 
2572 1145 210 1161 207 
2573 409 998 424 405 
2574 1021 498 1053 515 
2575 1173 1085 416 419 
2576 1047 337 1139 348 
2577 1016 234 1176 232 
2578 1016 234 232 201 
2579 1161 1001 225 217 
2580 1016 1015 1055 1176 
2581 1145 1045 1134 213 
2582 1016 234 201 203 
2583 1070 1034 1182 1076 
2584 1036 555 516 545 
2585 1036 516 556 421 
2586 1166 1154 408 427 
2587 1034 1036 1035 1182 
2588 1036 410 386 435 
2589 1104 436 395 426 
2590 1054 414 449 436 
2591 1054 447 1016 390 
2592 1059 538 1114 1160 
2593 1054 449 414 447 
2594 1054 1104 436 395 
2595 1166 427 438 400 
2596 533 1112 531 1062 
2597 1041 404 403 405 
2598 1034 1076 1038 556 
2599 1095 1064 412 1010 
2600 1154 407 1042 1035 
2601 1141 477 503 491 
2602 1164 63 290 258 
2603 1052 1103 1027 553 
2604 1050 261 303 525 
2605 529 519 1052 1094 
2606 1151 1093 1158 1121 
2607 1142 1118 1075 1150 
2608 1038 560 523 557 
2609 1038 523 560 564 
2610 1034 386 421 435 
2611 1068 423 1038 433 
2612 1068 1070 1069 1164 
2613 1093 1131 270 272 
2614 1069 289 1164 1050 
2615 1034 1035 435 408 
2616 1068 1164 1069 1071 
2617 1070 1166 1006 1186 
2618 525 1094 528 560 
2619 1094 560 529 528 
2620 1094 519 528 529 
2621 1070 1006 1071 1078 
2622 1052 1027 254 553 
2623 529 519 1103 1052 
2624 1071 387 398 430 
2625 1072 1116 1078 1073 
2626 1092 1093 269 271 
2627 1068 1164 1071 429 
2628 1011 276 274 272 
2629 1112 1182 1114 1076 
2630 1095 1064 439 412 
2631 1158 1007 1122 1008 
2632 1142 1169 1084 1144 
2633 1097 461 1187 291 
2634 1074 1092 1027 1192 
2635 1191 1052 1103 1027 
2636 1097 291 1187 308 
2637 1079 1071 1069 269 
2638 1052 254 307 295 
2639 1068 1050 1164 428 
2640 1108 1056 1081 1037 
2641 1026 276 285 280 
2642 1011 274 1105 275 
2643 1186 1041 1044 1154 
2644 1187 260 310 291 
2645 1079 1078 1069 1071 
2646 1069 1071 1164 288 
2647 1052 1171 1103 529 
2648 1071 266 288 269 
2649 1164 1071 430 265 
2650 1164 430 258 265 
2651 1164 428 1050 290 
2652 1166 1038 1034 1070 
2653 428 1068 389 1164 
2654 1164 389 258 430 
2655 1041 431 1085 406 
2656 1186 1072 1078 1135 
2657 1173 1022 1066 1126 
2658 1041 1106 1005 1006 
2659 1141 493 503 477 
2660 1187 308 291 300 
2661 1009 260 1187 454 
2662 1097 1009 1187 484 
2663 1008 1124 1064 264 
2664 1180 1063 1184 1033 
2665 1124 394 264 441 
2666 1007 310 1008 278 
2667 1007 297 300 278 
2668 1187 291 310 300 
2669 1119 1101 1178 1120 
2670 1097 1187 461 484 
2671 1162 284 1088 282 
2672 1097 462 1098 1159 
2673 1088 494 463 492 
2674 1091 255 1017 320 
2675 1009 1124 454 486 
2676 1158 278 1079 268 
2677 1124 301 486 508 
2678 1124 434 394 441 
2679 1008 1064 296 264 
2680 1064 264 394 296 
2681 1095 411 391 439 
2682 1096 1141 503 491 
2683 1096 1095 425 439 
2684 1095 391 425 439 
2685 1095 425 391 90 
2686 1095 391 457 90 
2687 1096 1095 491 425 
2688 1096 491 89 425 
2689 1096 425 89 385 
2690 1077 1116 1158 1093 
2691 1005 399 402 401 
2692 1082 1020 1177 1028 
2693 1085 440 1096 385 
2694 1096 413 425 440 
2695 1085 1141 1028 1096 
2696 1096 425 385 440 
2697 998 448 1055 409 
2698 1097 1162 1088 257 
2699 1058 201 1016 191 
2700 1053 501 515 460 
2701 1020 1021 515 514 
2702 1128 1023 1067 1024 
2703 1053 416 1126 393 
2704 1058 1016 201 203 
2705 1019 1053 1066 1022 
2706 1019 1163 204 221 
2707 998 424 448 409 
2708 1058 224 999 223 
2709 204 223 1019 221 
2710 998 406 424 405 
2711 1173 1126 1085 1022 
2712 1049 219 1021 190 
2713 1082 468 470 472 
2714 1066 1126 1022 1053 
2715 1041 404 1154 427 
2716 1161 225 210 217 
2717 1077 1121 1158 1116 
2718 244 498 1021 455 
2719 1085 431 1065 413 
2720 1189 1043 1178 1147 
2721 1053 246 498 199 
2722 1053 246 238 444 
2723 1173 998 1147 1043 
2724 1066 31 437 417 
2725 1019 1053 220 222 
2726 1053 199 238 246 
2727 1053 222 199 220 
2728 1053 238 199 222 
2729 1020 1021 1053 515 
2730 1020 1126 1022 1028 
2731 1177 1028 1020 1022 
2732 1163 1013 1147 999 
2733 1021 455 515 514 
2734 1177 1174 1019 1020 
2735 482 1126 1020 1028 
2736 1163 221 233 204 
2737 1021 190 219 220 
2738 1082 472 470 476 
2739 1125 1157 1156 1102 
2740 1147 1042 1044 998 
2741 1125 1156 483 470 
2742 1082 1125 1049 476 
2743 1186 1072 1113 1193 
2744 1144 1137 1150 1105 
2745 1029 323 372 353 
2746 1023 372 352 353 
2747 1035 1036 1114 1182 
2748 1163 212 233 219 
2749 1145 1165 1146 208 
2750 1055 1013 1147 1148 
2751 1043 406 998 405 
2752 1060 360 489 76 
2753 1047 1048 489 360 
2754 364 1083 1018 1169 
2755 1060 456 326 76 
2756 1181 1140 496 1168 
2757 1063 1083 1183 1003 
2758 1188 1179 1146 1165 
2759 1089 1143 1051 1139 
2760 1051 1143 1084 338 
2761 1051 340 339 342 
2762 1067 488 513 511 
2763 1090 1128 1111 350 
2764 1189 1043 1147 1044 
2765 1067 1023 1130 252 
2766 1067 1049 1125 513 
2767 1109 471 1156 473 
2768 1024 502 328 379 
2769 1024 236 458 37 
2770 1024 458 510 37 
2771 1024 480 502 458 
2772 1123 337 347 334 
2773 1067 451 1049 513 
2774 1130 251 1045 231 
2775 353 1090 351 1128 
2776 1051 340 344 359 
2777 1128 328 1111 350 
2778 1029 359 353 380 
2779 1029 353 359 323 
2780 1163 1165 1013 205 
2781 1145 1130 231 211 
2782 1188 1185 1153 1133 
2783 1029 1046 1045 359 
2784 1168 495 1181 474 
2785 1063 381 1083 1003 
2786 1139 366 375 348 
2787 1084 1083 1183 362 
2788 1168 474 506 496 
2789 208 1163 1165 212 
2790 1109 496 473 495 
2791 1082 1049 1020 476 
2792 1100 469 1101 466 
2793 1075 1117 1185 1031 
2794 1097 308 1162 257 
2795 496 489 1060 1047 
2796 1162 275 1091 283 
2797 1109 1111 478 453 
2798 1067 1179 1130 1129 
2799 453 1109 1048 489 
2800 1051 1108 344 340 
2801 1109 489 1140 1048 
2802 1100 1156 469 473 
2803 1091 320 1017 332 
2804 1091 320 332 331 
2805 1091 331 255 320 
2806 1098 474 464 463 
2807 1123 333 1017 334 
2808 1163 219 1019 1174 
2809 1163 205 233 208 
2810 1163 1165 205 208 
2811 1163 204 233 205 
2812 1163 1013 204 205 
2813 1186 1193 1006 1078 
2814 1186 1166 1182 1070 
2815 1186 1182 1166 1154 
2816 1044 1186 1154 1113 
2817 1026 1027 1025 286 
2818 1026 298 1027 286 
2819 1026 276 298 286 
2820 1099 327 1003 357 
2821 1026 286 285 276 
2822 1011 280 274 276 
2823 1149 1119 1132 1181 
2824 1011 276 1192 1026 
2825 1093 270 269 271 
2826 1192 1027 1026 298 
2827 1192 298 1026 276 
2828 1192 298 276 272 
2829 1192 271 298 272 
2830 1092 1074 1191 1073 
2831 1113 1044 1148 1015 
2832 1178 1043 1141 1028 
2833 1151 1011 1150 1105 
2834 1131 273 270 272 
2835 1093 1116 1150 1073 
2836 1007 300 1131 1132 
2837 1119 1181 1159 1132 
2838 1136 1188 1152 1157 
2839 1151 275 1131 1011 
2840 1040 1107 1018 358 
2841 1040 1061 1107 358 
2842 1040 1061 1025 1107 
2843 1040 1025 1061 319 
2844 1169 1144 1150 1105 
2845 1138 1040 1026 1107 
2846 1138 1026 1087 1107 
2847 1040 1025 1026 1107 
2848 1087 1184 1083 1003 
2849 571 368 327 1099 
2850 1138 1018 1040 1107 
2851 364 1169 1018 1017 
2852 1084 1083 362 373 
2853 1083 381 362 373 
2854 1180 1108 1033 1056 
2855 1032 540 536 539 
2856 1133 1056 1134 1046 
2857 1032 540 1127 561 
2858 1180 1133 1185 1046 
2859 1136 1153 1188 1185 
2860 1138 1040 1018 280 
2861 1093 1116 1073 1078 
2862 1150 1087 1192 1073 
2863 1051 1063 1108 342 
2864 1093 1192 1150 1011 
2865 1136 1144 1142 1143 
2866 1017 1138 280 1105 
2867 1138 1026 1011 1192 
2868 1123 1047 1144 1170 
2869 1093 269 1079 1069 
2870 1189 1106 1043 1044 
2871 1057 1148 1014 1015 
2872 1004 1025 1027 552 
2873 1075 1150 1118 1073 
2874 1075 1087 1150 1073 
2875 1030 1001 1031 1056 
2876 1013 1161 1014 205 
2877 1186 1113 1182 1154 
2878 1184 1127 1033 1003 
2879 1186 1182 1113 1135 
2880 1004 552 1103 532 
2881 1004 552 532 549 
2882 1041 1065 1085 431 
2883 1004 1107 1127 1087 
2884 279 1092 281 1052 
2885 1074 1073 1192 1087 
2886 1074 532 1103 531 
2887 1112 535 1062 533 
2888 1112 1172 1182 1076 
2889 1074 1087 1075 1073 
2890 1092 269 1069 271 
2891 1069 1164 1070 1050 
2892 547 1099 548 1003 
2893 1099 1025 550 1061 
2894 1099 1107 1025 1061 
2895 1099 526 1061 550 
2896 1099 526 550 548 
2897 1063 342 339 343 
2898 1063 342 343 345 
2899 1108 349 342 345 
2900 1108 382 1081 1045 
2901 1084 1017 1169 335 
2902 1180 1185 1184 1142 
2903 1180 1185 1142 1143 
2904 1051 344 1108 1046 
2905 1092 1069 1093 1078 
2906 1084 1169 1017 1144 
2907 1084 1017 1123 1144 
2908 1139 1090 1110 1048 
2909 1188 1146 1185 1133 
2910 1144 1143 1139 338 
2911 1090 1029 1128 353 
2912 1130 215 211 214 
2913 1108 1081 382 349 
2914 1108 1081 349 371 
2915 1180 1183 1184 1063 
2916 1133 1180 1031 1056 
2917 1180 1184 1185 1031 
2918 1145 1046 1185 1133 
2919 1134 1046 1108 1045 
2920 1134 1108 1046 1056 
2921 1145 231 1045 213 
2922 1175 228 239 197 
2923 210 1175 216 1134 
2924 1092 1093 1192 1073 
2925 1134 213 216 210 
2926 1039 580 578 558 
2927 1039 1037 567 580 
2928 1039 567 543 580 
2929 1175 253 197 239 
2930 1039 1086 1037 580 
2931 1039 543 578 580 
2932 1161 1001 1175 1134 
2933 558 1175 1001 1039 
2934 1175 239 228 217 
2935 1175 1081 1134 1056 
2936 1175 1056 1134 1001 
2937 1175 1001 1039 1056 
2938 1145 1130 1146 1045 
2939 1180 1033 1031 1056 
2940 1180 1108 1056 1046 
2941 1136 1139 1157 1140 
2942 1136 1185 1188 1157 
2943 1075 1190 1032 1072 
2944 1153 1148 1057 1117 
2945 1069 288 289 279 
2946 1112 1030 1059 1062 
2947 1087 1184 1003 1127 
2948 1030 537 539 536 
2949 1059 1190 1057 1117 
2950 1059 1057 1190 1000 
2951 1030 1002 1000 1001 
2952 1030 551 1002 1001 
2953 1030 541 551 537 
2954 1030 537 551 539 
2955 1059 1015 1057 1000 
2956 997 581 1115 520 
2957 1160 566 544 545 
2958 1160 1000 1030 541 
2959 544 997 541 577 
2960 1160 1000 1176 1015 
2961 1160 544 538 545 
2962 1160 541 538 544 
2963 1059 1057 1015 1117 
2964 1135 1070 1171 1191 
2965 1114 1076 1182 1036 
2966 1114 570 1076 555 
2967 1114 570 555 545 
2968 1114 1160 538 545 
2969 1114 538 570 545 
2970 1186 1044 1041 1006 
2971 1092 1192 1093 271 
2972 1145 1185 1146 1133 
2973 1059 1113 1072 1117 
2974 1057 1148 1015 1117 
2975 1129 1188 1146 1089 
2976 1161 1014 206 226 
2977 1057 1014 1161 1000 
2978 1015 1013 1016 1055 
2979 1013 1165 1161 205 
2980 1014 234 1016 203 
2981 1014 206 234 203 
2982 1014 1176 1016 234 
2983 1014 206 226 234 
2984 1163 1019 219 221 
2985 1057 1161 1133 1000 
2986 997 230 1002 559 
2987 997 226 1000 1002 
2988 997 1000 1160 1002 
2989 997 243 230 193 
2990 997 226 1002 230 
2991 997 226 230 243 
2992 1054 200 1016 232 
2993 1054 1016 1176 232 
2994 1054 1176 1115 232 
2995 1054 1176 1104 1115 
2996 1166 1068 1006 400 
2997 1035 1055 414 407 
2998 1035 1114 1104 1015 
2999 1035 1182 1114 1015 
3000 1035 407 414 410 
3001 1035 1104 1036 410 
3002 1041 1005 1065 402 
3003 1035 407 410 408 
3004 1012 1010 1065 1122 
3005 1042 405 407 404 
3006 1034 435 446 408 
3007 1042 998 1055 405 
3008 1041 1043 1085 1065 
3009 1042 1035 1055 1015 
3010 1042 1055 1148 1015 
3011 1078 1135 1072 1073 
3012 1038 1166 422 1068 
3013 1068 433 1050 428 
3014 1189 1077 1106 1193 
3015 1062 561 1032 1127 
3016 1154 1182 1035 1015 
3017 1092 1052 1191 1027 
3018 1074 1092 1191 1027 
3019 1044 1015 1042 1148 
3020 1154 1042 1044 1015 
3021 1154 1035 1042 1015 
3022 1154 408 427 404 
3023 1186 1078 1006 1070 
3024 1041 1043 1042 405 
3025 1092 1191 1052 1094 
3026 556 1034 1076 1036 
3027 1034 1038 422 421 
3028 1070 1034 1076 1038 
3029 1034 1036 1182 1076 
3030 1034 422 446 435 
3031 1034 435 421 422 
3032 1052 1094 519 295 
3033 1027 1092 298 1192 
3034 1092 1069 279 271 
3035 1171 560 1094 1050 
3036 1092 298 271 281 
3037 1186 1113 1072 1135 
3038 1079 267 266 268 
3039 1171 1094 1191 1070 
3040 1171 1094 560 529 
3041 1171 560 568 529 
3042 1171 1074 1191 1103 
3043 1171 1074 1103 531 
3044 1052 1171 529 1094 
3045 1171 531 1103 530 
3046 1171 530 1103 529 
3047 1171 531 530 529 
3048 1171 534 531 568 
3049 1171 568 531 529 
3050 1172 576 534 568 
3051 1172 557 1076 576 
3052 1172 557 576 568 
3053 1135 1191 1171 1074 
3054 1135 1172 1070 1182 
3055 1112 1072 1059 1113 
3056 1135 1073 1191 1074 
3057 1112 1172 576 534 
3058 1062 1074 1171 531 
3059 1059 1072 1190 1117 
3060 1059 1113 1117 1015 
3061 1059 1032 1190 1072 
3062 1075 1190 1072 1117 
3063 1112 576 1076 570 
3064 1092 1052 1069 1094 
3065 1070 1166 1068 1006 
3066 427 1041 1006 1166 
3067 1189 1106 1178 1043 
3068 1092 1069 1191 1094 
3069 1078 1070 1135 1191 
3070 1078 1191 1135 1073 
3071 1027 1092 1052 298 
3072 1069 1050 1070 1094 
3073 1092 1070 1078 1191 
3074 1113 1148 1193 1117 
3075 1059 1190 1032 1030 
3076 1113 1044 1193 1148 
3077 1186 1166 1006 1154 
3078 1116 1072 1193 1117 
3079 1113 1148 1117 1015 
3080 1069 1078 1070 1071 
3081 1068 1164 429 389 
3082 428 1068 423 389 
3083 1068 429 423 389 
3084 1068 1070 1164 1050 
3085 1068 1038 1070 1050 
3086 1186 1135 1078 1070 
3087 1068 422 1038 423 
3088 1068 422 423 438 
3089 1068 438 423 429 
3090 1070 1006 1068 1071 
3091 429 1006 400 398 
3092 1005 1077 1078 1006 
3093 1041 431 403 402 
3094 1041 1006 1166 1154 
3095 1006 401 427 400 
3096 400 1005 401 399 
3097 1093 1079 269 270 
3098 1106 1193 1006 1044 
3099 1005 1122 1065 1010 
3100 1041 1005 401 1006 
3101 1064 411 439 412 
3102 1005 1065 402 412 
3103 1065 413 402 412 
3104 1065 1096 413 439 
3105 1041 1154 404 1042 
3106 412 1065 1095 1010 
3107 1101 467 1012 1159 
3108 1085 1028 1126 385 
3109 1065 1141 1096 1095 
3110 1065 1141 1095 1010 
3111 1012 1141 505 477 
3112 1097 1187 1009 1159 
3113 1005 1077 1080 1078 
3114 1005 1006 1071 398 
3115 1005 1071 1080 398 
3116 1005 1006 398 400 
3117 1092 1069 1070 1191 
3118 1005 398 399 400 
3119 1005 1080 397 398 
3120 1005 397 399 398 
3121 1064 1005 1080 397 
3122 1064 1010 1095 1124 
3123 1064 1124 1095 411 
3124 1064 394 1124 411 
3125 1064 396 394 411 
3126 1064 397 1080 387 
3127 1064 396 397 387 
3128 1064 397 396 411 
3129 1008 310 299 278 
3130 1007 300 1132 1187 
3131 1079 1008 267 268 
3132 1077 1158 1121 1122 
3133 1008 278 267 268 
3134 1008 1080 1064 1010 
3135 1008 1080 1010 1122 
3136 1008 299 267 278 
3137 1158 1080 1079 1008 
3138 1080 1158 1077 1122 
3139 1131 1079 270 268 
3140 268 1131 1079 1158 
3141 1131 270 297 268 
3142 1007 1010 1009 1012 
3143 1007 300 1187 310 
3144 1119 1120 1122 1159 
3145 1158 1080 1008 1122 
3146 1007 297 1131 300 
3147 1131 273 297 270 
3148 1131 273 277 297 
3149 1162 283 1091 315 
3150 1158 1007 1008 278 
3151 1120 1106 1065 1141 
3152 1120 1065 1106 1122 
3153 1065 1012 1120 1141 
3154 1119 1137 1149 1121 
3155 1101 467 1159 466 
3156 1101 1141 1012 467 
3157 1159 465 462 464 
3158 1067 1024 252 240 
3159 1077 1006 1106 1193 
3160 1173 1126 1066 416 
3161 1043 998 1042 405 
3162 1158 1008 1079 278 
3163 1012 1141 477 467 
3164 1012 477 475 467 
3165 1009 260 1124 1187 
3166 1007 1010 1012 1122 
3167 1007 1009 1008 1187 
3168 1012 1141 1095 505 
3169 1012 1010 1095 1141 
3170 1009 484 475 485 
3171 1009 454 1187 484 
3172 1009 454 484 485 
3173 1009 1010 1008 1124 
3174 1007 1122 1012 1159 
3175 1009 1124 1008 1187 
3176 1009 1124 1095 1010 
3177 1009 1095 1124 485 
3178 1077 1121 1120 1122 
3179 1007 1012 1009 1159 
3180 1009 1095 1012 1010 
3181 1077 1120 1106 1122 
3182 1041 406 1043 405 
3183 1173 1147 998 999 
3184 1066 999 388 224 
3185 1066 388 437 224 
3186 1066 999 998 388 
3187 1066 388 998 418 
3188 1066 437 418 417 
3189 1066 437 388 418 
3190 1082 1101 1178 1102 
3191 1082 1178 1101 1028 
3192 1020 482 1028 472 
3193 1020 481 482 472 
3194 1019 1066 1053 222 
3195 1020 472 476 481 
3196 1067 1111 1125 1129 
3197 1125 483 1156 471 
3198 1019 1021 1174 219 
3199 1019 220 221 222 
3200 1019 1022 1066 999 
3201 1019 999 1066 222 
3202 1019 999 222 223 
3203 1019 1163 999 204 
3204 1019 222 221 223 
3205 1101 1028 1141 493 
3206 1177 1043 1028 1022 
3207 1189 1120 1077 1116 
3208 1146 1185 1089 1188 
3209 1100 469 466 495 
3210 1189 1116 1077 1193 
3211 1142 1169 1087 1183 
3212 1178 1043 1106 1141 
3213 1125 1110 1156 1157 
3214 1077 1116 1078 1193 
3215 1167 1102 1165 1174 
3216 1147 998 1058 1055 
3217 1147 1042 998 1055 
3218 1163 1174 1179 212 
3219 1178 1167 1177 1102 
3220 1189 1120 1178 1106 
3221 1163 1147 1019 999 
3222 1163 1019 1177 1174 
3223 999 1019 1177 1147 
3224 999 1019 1022 1177 
3225 1147 1044 1043 998 
3226 1147 999 1058 998 
3227 1178 1167 1102 1152 
3228 1173 1043 1147 1177 
3229 1173 1043 1177 1022 
3230 1177 1173 1022 999 
3231 1101 1120 1012 1141 
3232 496 495 1181 1168 
3233 1181 1140 1109 496 
3234 1089 1139 1110 1157 
3235 1051 344 1046 359 
3236 1097 1187 1159 1132 
3237 1109 1110 1100 1156 
3238 1181 466 1101 1159 
3239 1100 1102 1157 1152 
3240 1156 483 470 471 
3241 1082 1020 472 476 
3242 1067 488 511 458 
3243 1156 471 470 469 
3244 1156 469 473 471 
3245 1090 1128 350 351 
3246 1105 1151 1011 275 
3247 1125 1129 1110 1157 
3248 1128 352 1024 328 
3249 1090 1111 1048 350 
3250 1109 1111 1156 478 
3251 1067 488 241 451 
3252 1067 511 1024 458 
3253 1179 214 218 195 
3254 1179 212 1174 219 
3255 1125 513 483 479 
3256 1082 1049 1125 1174 
3257 480 1067 1111 479 
3258 512 1125 1049 513 
3259 1082 1101 468 493 
3260 1178 1177 1043 1028 
3261 1136 1139 1144 1143 
3262 1162 275 1149 1091 
3263 1100 1110 1140 1157 
3264 1100 1156 1110 1157 
3265 1077 1106 1005 1122 
3266 1130 211 1179 214 
3267 1179 1129 1125 1102 
3268 1179 1102 1125 1174 
3269 1067 214 1179 195 
3270 1179 1174 1125 1049 
3271 1179 212 218 214 
3272 204 223 999 1019 
3273 1179 211 212 214 
3274 1089 1046 1146 1029 
3275 1089 1110 1139 1090 
3276 1089 1090 341 359 
3277 1146 1029 1046 1045 
3278 1145 1146 1130 211 
3279 1130 1029 1146 1045 
3280 1130 251 231 215 
3281 227 1029 1130 251 
3282 1130 1179 1146 1129 
3283 1090 359 1029 380 
3284 1130 1129 1146 1029 
3285 1128 328 1024 502 
3286 1067 1049 1179 1125 
3287 1179 1067 241 1049 
3288 1067 236 1024 240 
3289 1067 236 240 195 
3290 1067 1125 1179 1129 
3291 1128 352 1023 1024 
3292 1128 1023 352 351 
3293 1128 1129 1130 1029 
3294 1128 1029 1130 1023 
3295 1090 1111 1128 1110 
3296 1090 1111 1110 1048 
3297 1089 1090 1139 341 
3298 1136 1157 1089 1185 
3299 1090 1129 1128 1029 
3300 1089 1139 1051 341 
3301 1090 1110 1128 1129 
3302 1139 1110 1140 1048 
3303 1144 1140 1047 1139 
3304 1139 341 1090 366 
3305 1139 338 341 366 
3306 1142 1117 1075 1118 
3307 1084 362 339 336 
3308 1139 337 338 366 
3309 1139 337 366 348 
3310 1119 1181 1101 1159 
3311 1139 1090 1048 366 
3312 1142 1087 1169 1150 
3313 1123 337 1047 347 
3314 1047 347 374 346 
3315 1168 506 1060 496 
3316 1047 374 347 348 
3317 1181 495 464 474 
3318 1109 1100 1181 495 
3319 1168 1098 1088 494 
3320 496 495 1109 1181 
3321 1168 494 474 463 
3322 1168 474 494 506 
3323 1168 1047 1060 1170 
3324 1109 1140 1181 1100 
3325 1136 1137 1144 1140 
3326 1136 1153 1142 1118 
3327 1137 1140 1181 1170 
3328 1142 1084 1183 1143 
3329 1137 1121 1118 1150 
3330 1144 1140 1137 1170 
3331 1149 1150 1137 1105 
3332 1151 1149 1162 275 
3333 1105 1151 275 1149 
3334 1151 275 1162 1131 
3335 1149 1170 1137 1181 
3336 1144 1139 1047 337 
3337 1123 337 1144 1047 
3338 1123 1047 1170 346 
3339 1084 337 334 336 
3340 1084 337 1123 334 
3341 1084 1144 1123 337 
3342 1077 1006 1005 1106 
3343 1123 1149 1144 1105 
3344 1123 1105 1144 1017 
3345 1077 1078 1006 1193 
3346 1123 1170 1149 1091 
3347 1105 1123 1149 1091 
3348 1123 1170 1144 1149 
3349 1123 1091 1017 332 
3350 1112 570 538 535 
3351 1162 1132 1131 277 
3352 1097 291 308 257 
3353 1168 494 1060 506 
3354 1098 1181 1149 1132 
3355 1097 461 462 484 
3356 1162 282 1088 257 
3357 1162 308 282 257 
3358 1162 308 1132 277 
3359 1162 282 308 277 
3360 1098 1170 1149 1181 
3361 1098 464 1159 462 
3362 1098 464 462 463 
3363 1098 1159 1181 1132 
3364 1098 464 1181 1159 
3365 1112 570 1114 538 
3366 1112 535 534 570 
3367 1112 538 1059 535 
3368 1112 1114 1059 538 
3369 1112 1030 1062 535 
3370 1169 1138 1087 1107 
3371 1138 1026 1192 1087 
3372 1017 1138 1018 280 
3373 1169 1150 1138 1105 
3374 1169 1017 1144 1105 
3375 373 1169 335 1084 
3376 373 1169 1084 1083 
3377 364 1169 1017 335 
3378 1169 1183 1083 1087 
3379 1169 1017 1138 1018 
3380 1169 1105 1138 1017 
3381 1084 338 337 336 
3382 1051 339 1063 342 
3383 1084 339 338 336 
3384 1003 1107 1083 1087 
3385 1084 1143 1144 338 
3386 1142 1183 1084 1169 
3387 1142 1144 1137 1150 
3388 1142 1137 1118 1150 
3389 1142 1150 1169 1144 
3390 1180 1143 1142 1183 
3391 1180 1033 1108 1063 
3392 1184 1033 1032 1031 
3393 1184 1032 1033 1127 
3394 1184 1183 1142 1075 
3395 1185 1184 1075 1031 
3396 1184 1031 1032 1075 
3397 1184 1075 1032 1127 
3398 1184 1183 1075 1087 
3399 1184 1087 1075 1127 
3400 1062 536 1032 561 
3401 1062 536 561 533 
3402 1004 1062 561 532 
3403 1062 561 532 533 
3404 1062 1072 1074 1075 
3405 1062 1032 1072 1075 
3406 1062 1074 1072 1135 
3407 1180 1063 1143 1183 
3408 1051 1063 1180 1108 
3409 1051 340 338 339 
3410 1180 1185 1143 1046 
3411 1051 341 1139 338 
3412 1051 341 338 340 
3413 1051 359 341 340 
3414 1051 1143 1180 1063 
3415 1051 1108 1180 1046 
3416 1089 1051 1029 359 
3417 1136 1185 1089 1143 
3418 1051 338 1139 1143 
3419 1051 1180 1143 1046 
3420 1161 206 225 226 
3421 1161 206 1014 205 
3422 1161 207 206 205 
3423 1145 1046 1146 1185 
3424 1145 208 1146 211 
3425 1161 225 206 207 
3426 1161 225 207 210 
3427 1145 1161 210 1134 
3428 1145 1133 1161 1134 
3429 1145 1134 210 213 
3430 1145 210 209 213 
3431 1145 1046 1133 1134 
3432 1145 1133 1146 1165 
3433 1190 1133 1185 1031 
3434 1190 1185 1133 1117 
3435 1190 1031 1185 1117 
3436 1190 1133 1031 1001 
3437 1190 1000 1133 1001 
3438 1190 1001 1030 1000 
3439 1190 1030 1001 1031 
3440 1190 1032 1030 1031 
3441 1161 1013 1057 1165 
3442 1044 1186 1113 1193 
3443 1113 1154 1044 1015 
3444 1186 1006 1193 1044 
3445 1112 1113 1182 1135 
3446 1113 1117 1193 1072 
3447 1186 1072 1193 1078 
3448 1113 1182 1154 1015 
3449 1059 1030 1160 1000 
3450 1112 1113 1114 1182 
3451 1113 1015 1114 1182 
3452 1167 1177 1102 1174 
3453 1153 1148 1189 1167 
3454 1153 1057 1167 1165 
3455 1013 1055 1058 1016 
3456 1133 1153 1117 1185 
3457 1163 1058 1013 999 
3458 1013 1057 1148 1014 
3459 1161 1013 1014 1057 
3460 1013 205 1014 203 
3461 1013 1014 1016 203 
3462 1013 1016 1058 203 
3463 1055 1013 1058 1147 
3464 1136 1143 1089 1139 
3465 1116 1121 1118 1152 
3466 1149 1121 1137 1150 
3467 1116 1073 1118 1150 
3468 1116 1150 1118 1121 
3469 1072 1116 1193 1078 
3470 1158 1131 1007 297 
3471 1093 1069 1079 1078 
3472 1092 1070 1069 1078 
3473 1092 1192 1074 1073 
3474 1093 1150 1192 1073 
3475 1166 438 1068 400 
3476 1038 1166 1034 422 
3477 1166 422 1068 438 
3478 1166 1034 446 408 
3479 1166 1154 1034 408 
3480 1166 446 1034 422 
3481 1166 446 422 438 
3482 1166 446 438 427 
3483 1166 1182 1034 1154 
3484 1007 1159 1009 1187 
3485 1007 1132 1159 1187 
3486 1007 1122 1008 1010 
3487 268 1131 1158 297 
3488 1158 1122 1007 1132 
3489 1158 1121 1093 1116 
3490 1077 1121 1116 1120 
3491 1158 1079 1093 1131 
3492 1151 1131 1158 1093 
3493 1085 1028 1022 1126 
3494 1085 1096 1028 385 
3495 1085 419 431 440 
3496 1085 431 419 406 
3497 1085 1028 1043 1022 
3498 1041 401 1005 402 
3499 1041 1044 1106 1006 
3500 1041 1044 1043 1106 
3501 1041 401 402 403 
3502 1041 404 401 403 
3503 1173 424 406 445 
3504 1173 999 1066 1022 
3505 1173 1066 999 998 
3506 1173 418 1066 998 
3507 1173 1066 418 445 
3508 424 1173 998 418 
3509 1173 1066 445 416 
3510 1173 1022 1085 1043 
3511 419 1173 1085 406 
3512 1153 1152 1116 1118 
3513 1153 1116 1189 1193 
3514 1167 1148 1013 1057 
3515 1167 1057 1013 1165 
3516 1189 1120 1116 1152 
3517 1153 1118 1116 1117 
3518 1188 1102 1179 1165 
3519 1178 1177 1147 1043 
3520 1082 1177 1178 1028 
3521 1119 1178 1100 1152 
3522 1178 1101 1100 1102 
3523 1119 1100 1178 1101 
3524 1178 1102 1100 1152 
3525 1082 1177 1020 1174 
3526 1082 1102 1177 1174 
3527 1082 1174 1125 1102 
3528 1082 470 1125 476 
3529 1082 1102 1125 1156 
3530 1082 1156 1125 470 
3531 1109 1140 489 496 
3532 1109 489 504 496 
3533 1109 1140 1100 1110 
3534 1109 478 473 504 
3535 1109 1140 1110 1048 
3536 1109 473 496 504 
3537 1089 1110 1090 1129 
3538 1089 1157 1110 1129 
3539 1089 1129 1090 1029 
3540 1129 1188 1089 1157 
3541 1089 1051 1046 1029 
3542 1089 1046 1051 1143 
3543 1168 1140 1047 1170 
3544 1168 1088 1098 1170 
3545 1168 1060 1088 1170 
3546 1168 1170 1181 1140 
3547 1168 1181 1098 474 
3548 1168 1098 1181 1170 
3549 1136 1118 1121 1152 
3550 1136 1143 1142 1185 
3551 1119 1122 1121 1158 
3552 1119 1181 1137 1100 
3553 1119 1120 1152 1121 
3554 1151 1132 1158 1131 
3555 1151 1158 1132 1121 
3556 1151 1093 1150 1011 
3557 1151 1131 1093 1011 
3558 1151 1150 1093 1121 
3559 1151 1132 1149 1121 
3560 1097 452 462 461 
3561 1097 1088 452 257 
3562 1097 1132 1098 1162 
3563 1097 1187 1132 308 
3564 1059 1190 1030 1000 
3565 1059 1160 1015 1000 
3566 1059 1160 1114 1015 
3567 1059 1113 1015 1114 
3568 1112 576 1172 1076 
3 28 4 2516
3569 1194 831 882 862 
3570 1195 1196 1197 627 
3571 1198 750 1199 753 
3572 1200 1201 679 1202 
3573 1203 1204 1205 687 
3574 1206 180 960 916 
3575 677 1207 1208 1209 
3576 821 773 149 10 
3577 785 1210 789 725 
3578 715 777 752 1205 
3579 1211 1212 922 653 
3580 902 1213 1214 858 
3581 1215 807 1216 823 
3582 1203 1217 1218 1219 
3583 1220 1221 933 934 
3584 1222 865 1223 897 
3585 1224 668 1225 667 
3586 1226 591 821 810 
3587 1222 1197 1227 893 
3588 1202 707 680 656 
3589 1228 1229 1230 1231 
3590 1232 1233 1234 1235 
3591 1236 1237 1235 1233 
3592 1238 792 793 808 
3593 1228 1230 1239 1231 
3594 1240 1241 1242 1243 
3595 1244 760 1245 731 
3596 1246 739 716 764 
3597 1247 777 776 738 
3598 1226 645 591 628 
3599 1248 653 686 703 
3600 1207 749 1208 748 
3601 1249 1250 1251 1252 
3602 1253 1254 1255 1214 
3603 1256 1257 1258 1219 
3604 1226 785 821 773 
3605 1212 964 922 955 
3606 1259 947 918 744 
3607 1228 1230 1260 1239 
3608 1196 629 593 840 
3609 1261 879 843 896 
3610 821 10 119 645 
3611 1262 1263 1264 1252 
3612 1265 1210 790 809 
3613 1266 1267 1245 1236 
3614 1259 938 918 947 
3615 1268 713 650 690 
3616 659 887 695 1269 
3617 1261 634 586 644 
3618 1220 920 1270 934 
3619 1239 1271 1272 1231 
3620 923 826 1273 961 
3621 1264 783 817 822 
3622 1211 922 952 653 
3623 1274 754 768 719 
3624 1247 1275 1276 741 
3625 1277 746 1278 745 
3626 1279 1280 1243 1281 
3627 1282 1283 816 784 
3628 1284 778 1276 1275 
3629 1198 750 1208 1199 
3630 1204 776 752 720 
3631 963 1268 952 915 
3632 1246 1285 739 764 
3633 1286 796 824 801 
3634 1215 948 812 165 
3635 1287 1286 1265 801 
3636 1279 758 727 729 
3637 1286 584 647 624 
3638 1288 1289 1255 1234 
3639 1286 820 584 624 
3640 815 1290 1291 800 
3641 1220 1292 936 933 
3642 1283 1287 795 797 
3643 1293 843 844 896 
3644 1294 1274 639 621 
3645 1295 602 601 603 
3646 815 638 779 116 
3647 1296 1297 1298 1299 
3648 117 584 116 779 
3649 1213 856 859 858 
3650 1241 756 733 737 
3651 1300 604 619 618 
3652 1198 751 1301 1302 
3653 1303 1272 1230 1209 
3654 1304 797 798 784 
3655 1305 914 1194 882 
3656 1306 1213 1307 1308 
3657 582 884 832 124 
3658 1262 1242 1309 1259 
3659 1310 1223 866 898 
3660 1256 1247 1275 1276 
3661 1311 609 643 617 
3662 1303 611 610 605 
3663 1226 740 725 723 
3664 1312 688 692 654 
3665 1277 767 1241 775 
3666 1238 1313 804 803 
3667 1314 1222 850 854 
3668 1196 868 907 886 
3669 1273 746 745 721 
3670 1314 845 847 846 
3671 1313 804 813 818 
3672 1262 938 1309 929 
3673 1303 1272 1209 1302 
3674 1315 1224 1316 665 
3675 1317 883 906 862 
3676 1318 1319 1263 1252 
3677 1260 1320 1244 1321 
3678 1292 936 963 952 
3679 1244 1322 1321 1323 
3680 1324 1200 1325 1326 
3681 1228 1239 1295 1231 
3682 1228 1239 1327 1295 
3683 920 177 834 178 
3684 677 1328 1209 1329 
3685 1302 108 747 635 
3686 958 1330 1264 817 
3687 1331 1332 891 901 
3688 1312 588 615 681 
3689 1260 1236 1267 1230 
3690 1333 632 593 637 
3691 1213 902 1334 862 
3692 1301 1302 717 583 
3693 1226 591 625 628 
3694 1243 1318 1278 1263 
3695 1202 594 590 656 
3696 1273 826 787 814 
3697 1331 876 1270 901 
3698 1227 1282 837 829 
3699 131 880 130 652 
3700 1202 830 889 895 
3701 1245 735 732 760 
3702 1335 1202 679 660 
3703 1336 820 624 810 
3704 1227 1282 1304 1337 
3705 1291 815 786 587 
3706 1206 960 180 877 
3707 1208 749 766 750 
3708 1328 677 692 671 
3709 1260 1301 1244 1239 
3710 1261 1293 843 838 
3711 1227 1304 1282 829 
3712 1224 666 665 667 
3713 1212 703 698 653 
3714 134 659 887 695 
3715 175 12 962 903 
3716 1232 1338 1339 1340 
3717 1266 1233 1218 1341 
3718 1260 1245 1244 1301 
3719 958 817 783 953 
3720 1298 872 1299 899 
3721 1312 1342 1328 688 
3722 1303 1301 612 583 
3723 1249 1343 1297 1252 
3724 1207 1208 749 658 
3725 1202 594 656 660 
3726 1260 1236 1245 1267 
3727 1202 707 895 680 
3728 1331 874 1344 905 
3729 1297 941 949 924 
3730 960 1297 924 1298 
3731 1330 825 813 788 
3732 1260 1239 1303 1301 
3733 1309 1257 928 927 
3734 1330 825 1313 813 
3735 1203 685 687 670 
3736 1296 905 1345 873 
3737 1240 1346 1241 1243 
3738 1347 690 691 713 
3739 1284 1204 720 778 
3740 1233 1348 1255 1349 
3741 1200 1325 1201 1202 
3742 1274 754 743 768 
3743 1350 1214 1332 1289 
3744 1306 1254 1350 1349 
3745 1317 1334 1194 862 
3746 1351 855 1344 875 
3747 1294 719 1274 740 
3748 1352 169 841 870 
3749 1353 893 885 907 
3750 1249 1354 1355 1343 
3751 1264 942 958 919 
3752 1240 1346 1243 1281 
3753 1356 909 1332 834 
3754 1211 1357 1356 1212 
3755 1305 1325 1358 1201 
3756 1202 641 590 614 
3757 131 882 880 652 
3758 1315 1200 1316 1326 
3759 1244 743 769 760 
3760 1279 758 1278 1359 
3761 1215 919 948 942 
3762 1316 661 1200 663 
3763 1226 773 821 645 
3764 1306 1350 1348 1349 
3765 1360 1314 1361 1362 
3766 1306 1349 1315 1254 
3767 1239 598 605 600 
3768 1330 168 825 788 
3769 1215 823 787 812 
3770 1336 647 1294 625 
3771 1238 1283 792 808 
3772 1248 1269 1212 703 
3773 1298 924 181 182 
3774 1302 611 626 592 
3775 1319 806 807 823 
3776 1363 1248 1253 1364 
3777 1302 747 722 748 
3778 1353 629 1196 840 
3779 1213 1332 859 856 
3780 1194 675 683 709 
3781 1212 175 842 955 
3782 140 957 657 141 
3783 1261 634 1293 586 
3784 1208 701 677 649 
3785 134 135 888 659 
3786 1247 1199 777 753 
3787 1253 1225 1255 1365 
3788 1261 586 838 644 
3789 1366 630 582 832 
3790 120 2 830 641 
3791 1355 1367 1288 1234 
3792 1368 1202 1261 1325 
3793 179 1270 876 178 
3794 1216 807 814 823 
3795 1203 1275 1219 1204 
3796 1272 588 626 623 
3797 1336 591 1226 810 
3798 1333 819 869 174 
3799 1262 942 943 939 
3800 1358 881 911 896 
3801 1249 1223 1338 1250 
3802 1369 618 1300 620 
3803 1266 1370 1218 1233 
3804 1217 1219 1371 1372 
3805 1362 1293 1366 845 
3806 1202 830 707 641 
3807 1373 634 617 586 
3808 1374 1219 1257 1285 
3809 1258 937 932 930 
3810 965 1284 770 921 
3811 1253 672 674 669 
3812 1359 714 811 781 
3813 1333 837 173 829 
3814 1210 781 790 789 
3815 1368 1325 1375 1335 
3816 1315 1326 1349 1376 
3817 815 1290 800 824 
3818 1248 686 1268 706 
3819 1359 714 727 759 
3820 1315 1326 1316 1349 
3821 1330 182 953 924 
3822 841 168 825 899 
3823 636 754 111 110 
3824 763 645 628 113 
3825 1356 910 909 863 
3826 1242 1374 1377 1343 
3827 1242 1343 1377 1354 
3828 1238 804 793 803 
3829 1246 1285 1259 927 
3830 1204 712 687 704 
3831 761 655 147 720 
3832 1304 797 800 796 
3833 1220 935 1211 1356 
3834 1284 965 711 957 
3835 1378 1232 1355 1223 
3836 1296 1298 1297 1206 
3837 1368 1375 1325 1373 
3838 1368 1325 1335 1202 
3839 1203 685 1363 1379 
3840 895 830 128 707 
3841 1368 1202 613 614 
3842 1368 1261 1202 614 
3843 1306 1350 1213 1308 
3844 13 148 770 711 
3845 1360 1361 1339 1362 
3846 899 872 1299 1352 
3847 826 771 155 814 
3848 791 1318 1359 1380 
3849 1207 592 626 631 
3850 594 1368 613 595 
3851 1249 1299 1250 1252 
3852 1346 733 1241 756 
3853 1269 699 1334 695 
3854 1319 783 1264 822 
3855 761 770 148 711 
3856 1258 1268 1347 1379 
3857 104 103 615 681 
3858 707 830 128 2 
3859 748 1207 722 1302 
3860 1202 656 590 100 
3861 1244 1322 1323 1274 
3862 1249 1343 1355 1345 
3863 1264 1215 1263 942 
3864 1238 1380 1265 1280 
3865 1211 1212 964 922 
3866 1309 1221 940 944 
3867 1220 1292 1211 936 
3868 1352 871 866 870 
3869 1341 1328 1230 1271 
3870 1248 1212 653 703 
3871 1259 938 947 927 
3872 1336 624 647 625 
3873 1287 797 796 795 
3874 1249 1355 1310 1345 
3875 725 789 150 151 
3876 1274 589 636 754 
3877 127 593 886 900 
3878 1291 638 815 587 
3879 1238 808 804 818 
3880 1220 834 1332 1270 
3881 1221 928 1374 931 
3882 1246 739 1276 716 
3883 1256 1257 1276 1258 
3884 1381 170 1382 870 
3885 1353 1196 893 907 
3886 1249 1297 1299 1252 
3887 1262 929 1309 940 
3888 1333 828 799 819 
3889 1373 1325 1383 1326 
3890 1288 1377 1234 1372 
3891 1201 700 679 680 
3892 1261 911 1358 1201 
3893 1249 1310 1250 1299 
3894 1366 1353 582 643 
3895 1207 697 631 654 
3896 1241 756 775 767 
3897 1249 1251 1354 1252 
3898 1300 604 1320 621 
3899 1363 1248 1364 1379 
3900 1242 1243 1252 1354 
3901 1264 1215 942 919 
3902 878 121 889 614 
3903 838 630 123 586 
3904 1358 881 1201 911 
3905 1202 679 660 656 
3906 1279 1210 1322 726 
3907 1297 958 941 924 
3908 1321 1237 1340 1235 
3909 133 134 887 695 
3910 1378 1367 1355 1234 
3911 1363 1364 1217 1379 
3912 1304 828 1291 800 
3913 740 1322 1274 1294 
3914 821 149 773 785 
3915 1273 923 961 950 
3916 1261 1293 1358 896 
3917 900 174 11 827 
3918 1348 1360 1314 1361 
3919 1366 832 839 838 
3920 1198 1245 1301 760 
3921 1204 712 704 655 
3922 1279 1278 1346 1243 
3923 869 1227 1196 868 
3924 1200 1202 1335 1325 
3925 1216 1359 758 718 
3926 1363 1217 1364 1225 
3927 1226 785 773 723 
3928 1226 628 639 589 
3929 1210 789 725 714 
3930 1277 1263 1278 1273 
3931 965 13 156 770 
3932 1238 1318 1319 803 
3933 1290 638 584 779 
3934 1274 742 768 743 
3935 1240 1235 1340 1280 
3936 1279 729 1346 1278 
3937 134 888 887 659 
3938 140 657 946 690 
3939 1238 1318 1243 1251 
3940 1333 786 1291 828 
3941 1291 786 815 828 
3942 1273 950 918 943 
3943 1279 1243 1280 1380 
3944 1374 928 1257 931 
3945 1205 689 678 676 
3946 1204 778 776 720 
3947 761 147 655 694 
3948 1347 1284 691 657 
3949 884 1366 582 832 
3950 1311 616 602 609 
3951 1249 1223 1355 1338 
3952 1211 705 1248 653 
3953 1363 685 670 684 
3954 1356 177 920 966 
3955 1306 1307 1213 1317 
3956 1220 1270 1221 934 
3957 1366 839 832 894 
3958 121 122 644 878 
3959 1303 1209 1230 1301 
3960 1253 1254 1334 675 
3961 1212 888 842 903 
3962 1220 1292 1371 1289 
3963 1212 910 842 888 
3964 899 872 1352 841 
3965 801 1265 809 1336 
3966 1371 933 931 932 
3967 1196 637 1333 593 
3968 1295 599 601 602 
3969 1286 640 584 620 
3970 1213 858 857 856 
3971 1261 843 878 838 
3972 878 644 838 122 
3973 1220 1332 1356 1357 
3974 1211 952 1248 705 
3975 650 139 956 690 
3976 1268 963 1292 937 
3977 1207 626 1312 588 
3978 1282 908 867 865 
3979 1284 946 921 957 
3980 1196 886 869 868 
3981 1214 1212 1357 1269 
3982 1356 177 966 863 
3983 1220 1371 1292 933 
3984 1301 717 747 751 
3985 108 592 722 107 
3986 1329 1341 1266 1384 
3987 1290 824 815 779 
3988 1381 833 170 870 
3989 706 1363 684 685 
3990 1203 1379 1217 1219 
3991 1268 705 915 650 
3992 1279 758 1359 727 
3993 1383 1293 844 896 
3994 1314 1222 1223 850 
3995 1369 1311 1385 606 
3996 1320 622 612 621 
3997 630 838 1366 586 
3998 1330 953 958 924 
3999 1273 814 1216 757 
4000 1297 1264 958 924 
4001 1298 182 181 860 
4002 1215 948 923 959 
4003 1294 1226 719 740 
4004 894 1362 1353 1366 
4005 1311 643 1366 617 
4006 1342 595 1335 585 
4007 1200 661 1335 679 
4008 1331 875 905 876 
4009 1274 646 639 621 
4010 1202 879 895 889 
4011 1207 677 1208 658 
4012 1198 1209 1208 748 
4013 838 630 832 123 
4014 1283 1287 1265 795 
4015 1284 711 965 770 
4016 1300 618 619 640 
4017 1333 819 786 828 
4018 1352 866 1381 870 
4019 1329 676 677 671 
4020 1275 741 1204 778 
4021 1368 595 1375 607 
4022 1258 1257 1371 1219 
4023 1203 1384 1205 1218 
4024 1370 1218 1217 1372 
4025 1203 1204 687 704 
4026 1333 786 819 827 
4027 1293 1366 845 839 
4028 1304 1283 1282 784 
4029 140 946 956 690 
4030 1301 717 1302 747 
4031 135 659 698 903 
4032 1297 940 1221 954 
4033 1284 1276 778 765 
4034 1306 1213 1350 1254 
4035 1312 681 1342 688 
4036 1282 837 829 172 
4037 1295 601 599 600 
4038 740 1322 726 742 
4039 1228 1260 1320 1239 
4040 1283 1265 792 795 
4041 1249 1345 1296 1297 
4042 1290 1291 620 638 
4043 1333 900 593 632 
4044 1369 608 618 620 
4045 1363 684 670 669 
4046 1309 1374 1221 928 
4047 869 819 173 174 
4048 1258 1371 1379 1275 
4049 717 636 1301 583 
4050 717 636 754 1301 
4051 654 1207 692 1312 
4052 1381 816 1382 170 
4053 1304 1287 797 796 
4054 131 696 882 652 
4055 1248 705 686 653 
4056 1207 1328 1312 1209 
4057 1270 876 834 901 
4058 1253 675 1315 1254 
4059 1258 1268 1379 1371 
4060 1227 869 1333 837 
4061 1386 1362 1373 1366 
4062 1246 1259 947 927 
4063 1258 1284 946 921 
4064 965 1284 921 957 
4065 1284 1204 1275 704 
4066 1258 930 945 937 
4067 1268 705 1292 952 
4068 1297 941 1262 940 
4069 168 1330 167 788 
4070 1200 661 679 673 
4071 899 1352 1330 825 
4072 1293 845 844 839 
4073 900 11 632 827 
4074 1226 763 645 628 
4075 1353 629 633 627 
4076 1248 674 1269 703 
4077 1301 636 612 583 
4078 1239 605 610 600 
4079 1301 747 1302 751 
4080 1319 1252 1264 1263 
4081 1207 631 626 588 
4082 1370 1377 1219 1372 
4083 1208 658 677 701 
4084 1258 1268 1371 1292 
4085 1249 1223 1310 1355 
4086 1330 822 788 805 
4087 1279 1278 1243 1359 
4088 1246 158 925 917 
4089 1227 1353 1196 893 
4090 1216 807 782 814 
4091 1206 954 916 949 
4092 1353 1196 907 840 
4093 1316 1224 1328 664 
4094 1258 945 925 921 
4095 1284 720 1204 655 
4096 655 761 1284 720 
4097 1198 751 1302 748 
4098 1284 724 1276 765 
4099 1230 1209 1272 1328 
4100 1315 1224 1365 1316 
4101 918 160 721 744 
4102 160 947 159 744 
4103 1333 1291 786 587 
4104 1203 1205 689 687 
4105 1387 1287 1337 1290 
4106 1246 739 1285 1276 
4107 697 631 105 106 
4108 102 103 651 585 
4109 912 182 15 953 
4110 1253 1269 1248 674 
4111 1302 747 108 722 
4112 1300 1320 1323 1294 
4113 144 715 145 649 
4114 1293 838 839 843 
4115 1322 742 1274 743 
4116 1316 1328 1342 688 
4117 1341 1316 1328 1271 
4118 1247 776 1204 741 
4119 762 162 161 950 
4120 1346 767 1278 729 
4121 1321 1245 1240 1281 
4122 1333 869 900 174 
4123 100 641 830 2 
4124 1334 709 648 699 
4125 140 957 946 657 
4126 1339 1340 1387 1385 
4127 1198 751 735 760 
4128 1204 655 752 702 
4129 654 588 105 631 
4130 1335 660 651 585 
4131 1347 1268 956 690 
4132 1366 582 630 643 
4133 1238 791 793 792 
4134 1314 1362 1222 847 
4135 1238 792 1283 1265 
4136 1339 1340 1338 1337 
4137 1221 928 931 944 
4138 1212 962 175 955 
4139 762 961 771 162 
4140 1273 918 1259 943 
4141 1273 787 1215 814 
4142 1388 1287 1387 1323 
4143 1279 729 727 728 
4144 1380 1210 781 790 
4145 1210 714 781 789 
4146 763 773 645 113 
4147 1363 1248 706 684 
4148 1333 637 1291 587 
4149 1335 660 585 594 
4150 1307 890 906 849 
4151 1238 1280 1243 1380 
4152 817 163 783 953 
4153 1329 1199 1208 649 
4154 710 1305 652 880 
4155 1302 611 635 583 
4156 1311 1196 1353 627 
4157 1360 1339 1232 1338 
4158 1260 1198 1301 1209 
4159 1322 731 1245 732 
4160 1259 721 745 744 
4161 1304 1337 1282 1283 
4162 1353 907 885 840 
4163 1307 849 1358 1383 
4164 1311 627 1353 633 
4165 1204 752 655 720 
4166 1338 1360 1222 1223 
4167 1227 1333 1304 829 
4168 1386 1339 1237 1361 
4169 1319 822 1264 805 
4170 1353 892 885 893 
4171 832 124 123 630 
4172 589 628 112 719 
4173 589 112 111 719 
4174 1260 1245 1198 1267 
4175 630 838 832 1366 
4176 878 644 121 614 
4177 884 1366 1353 582 
4178 1307 906 890 857 
4179 648 696 831 132 
4180 1342 1231 596 1271 
4181 1298 860 912 182 
4182 1297 1298 1264 924 
4183 1226 628 625 639 
4184 1274 589 754 719 
4185 1295 1300 603 604 
4186 1333 632 637 587 
4187 1238 1319 1313 803 
4188 1266 1198 1199 753 
4189 1272 1328 1312 1271 
4190 1316 662 664 688 
4191 705 138 952 915 
4192 1284 761 694 711 
4193 1288 1255 1289 1372 
4194 1211 964 1212 955 
4195 1253 672 668 675 
4196 1305 880 914 882 
4197 1250 1251 1313 1283 
4198 1286 584 1290 620 
4199 591 810 624 118 
4200 821 591 119 118 
4201 1310 866 1223 1381 
4202 1266 1247 734 753 
4203 1348 1308 1367 1350 
4204 1363 674 1248 684 
4205 1202 830 895 707 
4206 965 770 156 921 
4207 761 148 694 711 
4208 724 925 157 921 
4209 1194 1334 831 862 
4210 1202 889 641 614 
4211 1379 1268 1248 1292 
4212 1308 1351 851 1344 
4213 1202 895 911 1201 
4214 1246 1276 755 716 
4215 1224 689 1384 666 
4216 1307 890 1308 857 
4217 1273 959 923 950 
4218 1362 1383 1373 1293 
4219 1302 751 747 748 
4220 654 105 697 631 
4221 813 1330 788 805 
4222 1266 1389 1245 732 
4223 1305 914 1358 1194 
4224 1333 632 786 827 
4225 1284 770 761 711 
4226 1268 686 1292 705 
4227 104 615 588 681 
4228 1250 1299 1313 1252 
4229 1318 802 793 791 
4230 785 1336 1210 1226 
4231 9 642 708 106 
4232 1250 1382 1352 1381 
4233 1313 825 1382 813 
4234 1262 943 1263 1259 
4235 1215 942 959 943 
4236 1266 1245 1198 735 
4237 838 586 123 122 
4238 1378 1308 1344 1351 
4239 1205 1204 712 687 
4240 1253 672 1269 674 
4241 100 641 707 830 
4242 1307 846 890 849 
4243 895 129 680 707 
4244 962 698 903 12 
4245 1252 1243 1318 1251 
4246 1320 612 1274 621 
4247 1290 815 638 779 
4248 1287 1265 1294 1323 
4249 1347 1268 690 713 
4250 144 701 715 649 
4251 1307 846 1308 890 
4252 1253 1269 1364 1248 
4253 1262 942 1263 943 
4254 1273 918 950 721 
4255 1307 1308 1213 857 
4256 1253 1365 1255 1254 
4257 1249 1354 1343 1252 
4258 1381 866 833 870 
4259 816 170 833 171 
4260 1296 871 872 873 
4261 1258 930 1257 945 
4262 1307 1317 906 857 
4263 1211 1212 1356 955 
4264 175 176 842 955 
4265 659 887 1269 888 
4266 135 903 698 12 
4267 1205 678 689 687 
4268 1308 852 1351 856 
4269 1338 1250 1381 1382 
4270 1202 707 656 100 
4271 1305 1200 1325 1201 
4272 1366 630 586 617 
4273 1348 1314 1383 1361 
4274 1348 1378 1308 1314 
4275 143 766 144 701 
4276 9 708 642 772 
4277 1276 765 755 739 
4278 1238 1265 1380 792 
4279 1358 1383 849 896 
4280 657 957 711 141 
4281 1205 777 1247 1199 
4282 128 129 895 707 
4283 1198 774 750 753 
4284 1306 1348 1314 1383 
4285 120 121 641 889 
4286 830 889 120 641 
4287 1199 750 715 753 
4288 1274 768 742 740 
4289 1207 692 1312 1328 
4290 1303 1302 1301 583 
4291 1320 1323 1294 1274 
4292 1286 820 779 584 
4293 1286 824 1290 779 
4294 164 783 948 812 
4295 164 812 948 165 
4296 1353 582 633 629 
4297 1319 807 1215 823 
4298 166 165 923 787 
4299 1352 1330 1299 899 
4300 1296 873 872 904 
4301 1304 800 1290 796 
4302 1272 1312 588 623 
4303 1255 1350 1367 1289 
4304 1200 1335 1202 679 
4305 1307 1358 1317 1376 
4306 1306 1315 1376 1254 
4307 1210 725 740 726 
4308 1198 735 1245 760 
4309 1311 602 1385 606 
4310 1306 1376 1315 1349 
4311 1306 1383 1307 1376 
4312 1358 849 913 896 
4313 1355 1288 1367 1345 
4314 179 836 916 180 
4315 1348 1232 1361 1349 
4316 1294 639 589 1226 
4317 820 118 624 810 
4318 820 118 117 624 
4319 820 584 117 779 
4320 1307 913 1358 849 
4321 648 831 133 132 
4322 648 133 887 695 
4323 109 717 583 110 
4324 109 583 717 635 
4325 109 717 747 635 
4326 791 1359 811 781 
4327 1197 1369 1337 1195 
4328 1348 1234 1378 1232 
4329 1348 1378 1360 1232 
4330 735 1266 734 753 
4331 811 152 759 153 
4332 811 759 782 153 
4333 1261 1325 1358 1293 
4334 1210 809 785 789 
4335 1266 1199 1329 1384 
4336 1265 790 1380 792 
4337 127 632 593 900 
4338 127 632 900 11 
4339 1307 906 1317 883 
4340 1276 724 755 765 
4341 1258 1371 1257 930 
4342 1290 800 824 796 
4343 1246 755 1276 925 
4344 1244 760 731 743 
4345 1268 686 650 706 
4346 1296 1298 1206 877 
4347 1277 1263 1243 1278 
4348 724 157 925 755 
4349 1259 918 721 744 
4350 1273 757 771 814 
4351 1386 1197 1362 1311 
4352 1276 755 724 925 
4353 1285 745 775 764 
4354 1328 666 1224 1384 
4355 1200 1201 700 679 
4356 815 115 638 116 
4357 815 638 115 587 
4358 815 115 786 587 
4359 1333 173 819 829 
4360 593 840 126 886 
4361 1344 1345 905 873 
4362 593 840 629 126 
4363 1386 1385 1339 1197 
4364 1315 663 1200 673 
4365 724 921 157 156 
4366 1207 692 677 658 
4367 1204 741 776 778 
4368 705 138 137 952 
4369 1245 732 731 760 
4370 1203 1275 1379 1219 
4371 705 952 137 653 
4372 1333 799 829 819 
4373 1273 950 762 721 
4374 1341 1230 1229 1271 
4375 1241 733 1389 1256 
4376 1342 596 585 615 
4377 1253 1225 1364 1255 
4378 157 158 925 755 
4379 1284 694 655 704 
4380 1196 886 1333 869 
4381 1222 1362 1197 893 
4382 1195 1369 1290 1291 
4383 786 115 114 587 
4384 1339 1337 1387 1340 
4385 1348 1314 1360 1378 
4386 786 632 114 827 
4387 786 587 114 632 
4388 142 708 772 658 
4389 142 708 9 772 
4390 142 772 749 658 
4391 590 101 656 594 
4392 590 100 656 101 
4393 1232 1233 1235 1237 
4394 1356 1357 1332 1214 
4395 1211 964 955 935 
4396 137 922 136 653 
4397 137 952 922 653 
4398 918 160 161 721 
4399 918 161 950 721 
4400 911 1261 879 1202 
4401 1362 892 1353 893 
4402 1305 880 1201 914 
4403 1316 1335 1200 661 
4404 1356 1212 1214 910 
4405 1315 663 673 682 
4406 1315 1194 1254 675 
4407 1224 665 668 667 
4408 1227 868 869 837 
4409 1213 1334 1214 1254 
4410 1314 850 848 847 
4411 1293 839 844 843 
4412 1269 1334 887 695 
4413 1306 1317 1213 1254 
4414 1205 1204 1247 752 
4415 1317 862 906 857 
4416 1315 665 1316 663 
4417 1238 1313 1283 818 
4418 1311 1369 1197 627 
4419 817 163 953 15 
4420 817 912 15 953 
4421 817 912 167 15 
4422 144 766 715 701 
4423 1224 1225 689 667 
4424 1214 1253 1364 1255 
4425 1284 1275 1204 778 
4426 1284 657 957 711 
4427 1358 1293 1383 896 
4428 1205 1247 777 752 
4429 1198 748 1208 750 
4430 1317 882 883 862 
4431 1383 844 849 896 
4432 1212 955 922 962 
4433 1226 810 821 785 
4434 1333 174 900 827 
4435 1274 612 1320 1239 
4436 1333 837 869 173 
4437 1201 835 881 880 
4438 1261 879 878 843 
4439 1201 679 1202 680 
4440 1261 843 1293 896 
4441 710 1305 880 1201 
4442 1202 100 590 641 
4443 1202 707 100 641 
4444 1205 1384 689 676 
4445 1259 1246 744 1285 
4446 1203 687 685 704 
4447 1198 748 750 774 
4448 109 747 108 635 
4449 1211 952 705 653 
4450 696 882 831 132 
4451 1331 1289 1367 1332 
4452 179 916 1206 1270 
4453 1260 1303 1230 1301 
4454 752 146 145 702 
4455 649 752 715 145 
4456 1276 765 741 778 
4457 1319 1216 1215 807 
4458 131 882 696 132 
4459 1314 847 848 846 
4460 1216 758 746 718 
4461 1282 784 864 172 
4462 125 840 582 884 
4463 125 126 629 840 
4464 125 629 582 840 
4465 1368 1261 1293 1325 
4466 1308 857 852 856 
4467 838 644 586 122 
4468 1336 820 1286 624 
4469 1226 645 763 773 
4470 763 112 628 719 
4471 1300 620 618 640 
4472 1352 1382 169 870 
4473 1293 838 1366 839 
4474 1201 895 911 835 
4475 1304 828 1333 1291 
4476 1333 819 174 827 
4477 1311 616 609 617 
4478 1353 884 582 840 
4479 1201 880 881 914 
4480 1278 746 767 745 
4481 1205 1329 676 649 
4482 1310 898 866 871 
4483 1311 1366 1373 617 
4484 1215 1216 814 823 
4485 1215 942 948 959 
4486 782 718 154 153 
4487 782 814 154 718 
4488 961 762 771 1273 
4489 1352 841 871 870 
4490 1215 783 806 812 
4491 757 154 814 718 
4492 899 1352 825 841 
4493 1355 1288 1345 1343 
4494 780 170 169 870 
4495 143 749 701 658 
4496 1209 1329 1208 677 
4497 1297 940 1262 1221 
4498 121 641 889 614 
4499 1282 864 784 171 
4500 1210 789 790 809 
4501 1246 158 917 716 
4502 762 161 721 950 
4503 757 155 771 814 
4504 1215 812 806 823 
4505 1273 923 1215 787 
4506 1216 802 1359 782 
4507 1282 784 816 171 
4508 1305 700 1201 710 
4509 1291 620 638 587 
4510 1369 608 627 606 
4511 1368 1335 1375 595 
4512 1294 639 619 621 
4513 1342 662 688 681 
4514 1226 763 719 740 
4515 821 119 591 645 
4516 1226 821 591 645 
4517 821 810 591 118 
4518 1212 175 962 903 
4519 1286 619 1294 647 
4520 820 624 117 584 
4521 1371 1292 933 932 
4522 1258 1284 1347 946 
4523 1224 1225 1384 689 
4524 1261 1201 1358 1325 
4525 1272 605 598 623 
4526 1274 754 769 743 
4527 1327 1237 1339 1340 
4528 1356 955 176 966 
4529 1377 1219 1374 1285 
4530 1253 1254 1315 1365 
4531 1353 582 629 840 
4532 1315 1365 665 682 
4533 1311 609 633 643 
4534 1347 1284 704 691 
4535 1246 1285 764 744 
4536 1258 925 1276 921 
4537 1220 1356 920 935 
4538 1220 1221 1371 931 
4539 1342 623 1271 596 
4540 1304 798 1283 784 
4541 1201 680 1202 895 
4542 1331 1289 1332 1270 
4543 1342 585 1335 651 
4544 715 777 1205 1199 
4545 146 720 147 655 
4546 752 655 146 702 
4547 1366 845 839 894 
4548 152 781 714 151 
4549 936 1220 935 1211 
4550 1312 1271 1342 623 
4551 1321 1280 1240 1340 
4552 1315 663 1316 1200 
4553 1381 866 865 833 
4554 1273 959 1215 923 
4555 1360 1222 1314 1362 
4556 1268 706 650 713 
4557 1216 802 782 807 
4558 757 154 155 814 
4559 782 759 718 153 
4560 960 181 180 877 
4561 1329 677 676 649 
4562 1206 916 960 949 
4563 1296 871 1352 872 
4564 582 832 630 124 
4565 960 1297 949 924 
4566 1268 650 915 956 
4567 741 1256 736 739 
4568 1379 1371 1268 1292 
4569 1212 903 698 659 
4570 1297 1206 1298 960 
4571 1351 891 1332 856 
4572 958 783 1264 919 
4573 1264 941 958 942 
4574 1313 1252 1299 1264 
4575 1310 1345 1367 1344 
4576 179 1270 178 951 
4577 1258 1292 1371 932 
4578 1310 866 1352 871 
4579 1273 1259 918 721 
4580 1314 851 848 850 
4581 930 1371 1257 931 
4582 1359 811 782 802 
4583 1274 639 646 589 
4584 1320 1274 1294 621 
4585 636 717 110 583 
4586 1384 1266 1218 1341 
4587 636 717 754 110 
4588 1226 773 763 723 
4589 1274 636 589 646 
4590 1336 810 809 801 
4591 1286 824 779 801 
4592 1338 1360 1339 1222 
4593 1207 1208 1209 748 
4594 1205 649 752 715 
4595 1272 598 1271 623 
4596 1360 1314 1222 1223 
4597 1210 1226 740 725 
4598 648 887 133 831 
4599 1269 699 695 693 
4600 1334 831 902 887 
4601 1334 648 831 887 
4602 1220 834 1270 920 
4603 166 14 826 961 
4604 166 961 826 923 
4605 1382 780 169 870 
4606 1360 1222 1362 1197 
4607 1360 1362 1339 1197 
4608 114 632 11 827 
4609 1386 1311 1373 616 
4610 1360 1339 1222 1197 
4611 705 138 915 650 
4612 1212 659 698 703 
4613 1356 920 177 834 
4614 1339 1387 1337 1385 
4615 837 172 173 829 
4616 1222 1282 1227 1337 
4617 911 1261 1202 1201 
4618 1302 635 717 583 
4619 1284 655 1204 704 
4620 1366 617 643 630 
4621 1261 896 1358 879 
4622 1305 1194 652 882 
4623 1307 1383 846 849 
4624 1215 812 948 783 
4625 1215 948 919 783 
4626 1322 731 732 730 
4627 754 589 111 719 
4628 1338 1223 1282 1381 
4629 176 966 177 863 
4630 656 101 660 594 
4631 1368 1293 1373 1325 
4632 1305 700 710 652 
4633 1375 1373 1361 1326 
4634 1375 1335 1324 1342 
4635 1207 658 749 772 
4636 1207 722 1302 592 
4637 722 107 642 772 
4638 1198 1199 1208 1209 
4639 722 107 592 642 
4640 1207 1209 1302 748 
4641 1305 673 1315 1200 
4642 130 880 710 652 
4643 130 710 880 835 
4644 1284 921 724 770 
4645 1253 699 672 675 
4646 1200 673 679 700 
4647 1213 1351 1332 856 
4648 965 141 711 957 
4649 1284 778 724 765 
4650 965 141 13 711 
4651 1301 769 754 717 
4652 1312 1271 1328 1342 
4653 1212 888 903 659 
4654 864 172 784 171 
4655 102 101 594 660 
4656 102 594 585 660 
4657 102 585 651 660 
4658 1201 710 835 880 
4659 1363 674 1253 1248 
4660 1277 1263 1262 1242 
4661 1264 1215 919 783 
4662 1207 642 592 631 
4663 1214 859 861 858 
4664 1307 883 1358 913 
4665 1210 1226 1294 740 
4666 1227 1353 1197 1196 
4667 1248 952 1292 705 
4668 1273 959 950 943 
4669 1319 1215 1264 783 
4670 1359 714 1210 727 
4671 1276 739 741 765 
4672 1338 1282 1283 1381 
4673 917 716 158 159 
4674 1375 595 596 597 
4675 1388 1340 1338 1235 
4676 1273 771 826 814 
4677 826 771 14 155 
4678 826 14 771 961 
4679 1203 1219 1218 1204 
4680 1220 920 934 933 
4681 1302 635 747 717 
4682 1277 1273 746 745 
4683 1249 1338 1354 1251 
4684 1319 1215 1273 1263 
4685 1272 1271 1312 623 
4686 1207 1272 626 1302 
4687 1353 885 884 840 
4688 125 884 582 124 
4689 1311 1369 627 606 
4690 1222 908 865 897 
4691 1212 698 922 653 
4692 1327 1386 1385 1237 
4693 104 654 588 105 
4694 104 588 654 681 
4695 1275 1256 1258 1219 
4696 1261 889 878 879 
4697 1201 680 895 129 
4698 1231 599 598 600 
4699 1333 900 632 827 
4700 1328 666 671 664 
4701 1380 1210 714 781 
4702 1359 782 759 718 
4703 1388 1265 1238 1283 
4704 1212 962 698 903 
4705 1232 1235 1338 1340 
4706 1246 917 947 744 
4707 1284 720 761 778 
4708 1347 1275 1379 704 
4709 1262 1343 1309 1242 
4710 1194 914 883 882 
4711 1341 1365 1316 1349 
4712 850 851 1378 1314 
4713 140 139 690 956 
4714 1276 741 1275 778 
4715 724 921 156 770 
4716 1226 628 589 719 
4717 773 785 149 723 
4718 773 645 113 10 
4719 1294 639 1274 589 
4720 1317 1376 1358 1194 
4721 1220 933 1221 931 
4722 1382 780 813 825 
4723 785 1210 725 1226 
4724 1272 1209 1312 1328 
4725 1355 1377 1288 1343 
4726 1334 699 675 709 
4727 1316 661 663 662 
4728 1368 1202 1335 594 
4729 1329 1208 677 649 
4730 1228 1237 1229 1361 
4731 127 886 593 126 
4732 1361 1228 1231 1229 
4733 1249 1338 1355 1354 
4734 1356 909 834 863 
4735 1314 850 847 854 
4736 1220 1371 933 931 
4737 1327 1321 1237 1340 
4738 1314 1307 1306 1383 
4739 1312 623 1342 615 
4740 1207 749 722 772 
4741 821 645 773 10 
4742 763 113 628 112 
4743 1297 954 1221 1206 
4744 1346 1322 1281 1245 
4745 1298 860 1330 912 
4746 9 772 642 107 
4747 1352 169 1382 825 
4748 143 749 766 701 
4749 1268 915 937 956 
4750 1328 671 692 688 
4751 1328 666 1384 1329 
4752 649 752 145 702 
4753 1268 686 705 650 
4754 1258 1371 1275 1219 
4755 129 130 835 710 
4756 1293 1368 1373 634 
4757 1315 682 683 675 
4758 642 697 106 631 
4759 642 697 708 106 
4760 1238 808 793 804 
4761 1327 1320 1295 1239 
4762 1202 889 830 641 
4763 1212 842 175 903 
4764 1327 1320 1321 1323 
4765 1212 922 698 962 
4766 1269 887 861 888 
4767 1305 1194 683 652 
4768 1268 915 705 952 
4769 1194 831 696 882 
4770 1305 683 700 652 
4771 1315 665 663 682 
4772 1382 169 780 825 
4773 1287 794 796 801 
4774 1313 825 1299 1382 
4775 1380 781 791 790 
4776 594 1368 595 1335 
4777 1324 1342 1316 1271 
4778 1239 599 1231 600 
4779 636 754 589 111 
4780 1333 869 886 900 
4781 1202 895 879 911 
4782 1305 1315 673 683 
4783 1274 612 646 621 
4784 917 716 159 744 
4785 1301 717 751 769 
4786 917 159 947 744 
4787 1247 1204 1275 741 
4788 741 1256 739 1276 
4789 1301 769 751 760 
4790 1277 1263 1242 1243 
4791 1260 1236 1321 1245 
4792 1311 1196 1197 1353 
4793 1261 1358 911 879 
4794 923 826 787 1273 
4795 1215 923 948 165 
4796 166 923 826 787 
4797 919 948 164 783 
4798 919 953 783 163 
4799 919 783 164 163 
4800 1269 887 1334 902 
4801 1342 615 623 596 
4802 1347 704 1284 1275 
4803 1347 690 946 657 
4804 655 761 694 1284 
4805 761 148 147 694 
4806 1327 1321 1340 1323 
4807 1327 1237 1321 1236 
4808 1290 620 584 638 
4809 1307 906 883 849 
4810 1228 1386 1327 1237 
4811 1375 1342 1324 1231 
4812 1296 904 1206 905 
4813 1304 1290 1287 796 
4814 1223 853 866 898 
4815 1228 1236 1260 1230 
4816 1309 1285 1257 1246 
4817 589 719 1294 1226 
4818 1203 689 1384 1225 
4819 1199 753 715 777 
4820 1336 801 820 810 
4821 1222 854 892 893 
4822 915 650 139 956 
4823 915 650 138 139 
4824 963 1268 1292 952 
4825 1266 1199 1267 1329 
4826 1356 910 1332 909 
4827 100 830 707 2 
4828 1381 833 816 170 
4829 1332 1270 834 901 
4830 136 698 962 12 
4831 922 962 136 698 
4832 1240 1242 1354 1243 
4833 1359 714 1380 1210 
4834 1268 650 956 690 
4835 1356 1214 1332 910 
4836 965 711 13 770 
4837 149 785 150 723 
4838 589 719 1274 1294 
4839 1386 1237 1339 1385 
4840 771 961 14 162 
4841 1215 812 787 165 
4842 1231 596 1271 598 
4843 1307 1383 1358 1376 
4844 1273 961 826 771 
4845 1273 814 1215 1216 
4846 1330 1264 822 805 
4847 1285 1259 764 744 
4848 1255 1254 1350 1214 
4849 1359 782 811 759 
4850 1283 798 816 784 
4851 1205 1199 1247 1218 
4852 1256 1285 1257 1219 
4853 1256 739 1285 764 
4854 1336 801 1286 820 
4855 725 151 714 789 
4856 1226 725 785 723 
4857 169 825 841 168 
4858 752 146 655 720 
4859 1228 1295 1327 1386 
4860 930 1371 931 932 
4861 1256 764 775 737 
4862 1296 1310 871 873 
4863 1253 668 672 669 
4864 1327 1295 1387 1385 
4865 1277 1273 1278 746 
4866 1251 1388 1338 1354 
4867 1311 627 633 606 
4868 1226 719 763 628 
4869 135 659 903 888 
4870 922 136 653 698 
4871 1259 1246 947 744 
4872 1295 603 601 604 
4873 1370 1266 1245 1236 
4874 1327 1340 1339 1385 
4875 1383 844 1293 845 
4876 1331 875 876 901 
4877 1248 1269 1357 1212 
4878 1298 1330 1264 924 
4879 1304 1333 799 829 
4880 1366 832 884 894 
4881 1226 763 740 723 
4882 1227 1197 1353 893 
4883 1265 794 790 792 
4884 1222 1227 867 893 
4885 1331 1288 1289 1270 
4886 1266 735 734 732 
4887 1259 745 764 744 
4888 1246 716 917 744 
4889 1259 943 918 938 
4890 1268 915 963 937 
4891 1356 955 1212 842 
4892 1275 1203 704 1204 
4893 1210 714 725 726 
4894 725 150 785 723 
4895 1303 611 583 610 
4896 1222 893 908 854 
4897 1327 1339 1237 1385 
4898 1294 625 619 639 
4899 1336 624 1286 647 
4900 1290 815 1291 638 
4901 584 638 116 779 
4902 143 142 749 658 
4903 1204 655 702 712 
4904 1246 764 716 744 
4905 1203 1217 1363 1225 
4906 1217 1219 1379 1371 
4907 1239 1244 1274 1301 
4908 1272 588 1312 626 
4909 1231 596 598 597 
4910 1262 938 929 939 
4911 714 151 781 789 
4912 1328 1329 677 671 
4913 1370 1245 1266 1389 
4914 1362 1383 1293 845 
4915 811 714 152 781 
4916 1215 814 787 823 
4917 1359 811 714 759 
4918 1383 846 844 845 
4919 1333 173 869 819 
4920 1333 786 632 587 
4921 1260 1321 1244 1245 
4922 725 785 150 789 
4923 735 1266 753 1198 
4924 811 759 152 714 
4925 1300 619 604 621 
4926 1298 1264 1330 1299 
4927 1285 1259 745 764 
4928 762 950 961 162 
4929 918 947 160 744 
4930 1319 1215 806 823 
4931 938 1262 943 939 
4932 1262 940 1309 1221 
4933 1353 1196 629 627 
4934 1222 908 1282 865 
4935 1211 955 1356 935 
4936 1370 1235 1240 1377 
4937 938 1262 1259 943 
4938 1351 851 1344 855 
4939 1319 1318 1216 807 
4940 1274 719 768 740 
4941 1369 1385 1311 1197 
4942 1224 689 666 667 
4943 1221 933 934 931 
4944 1296 871 1310 1352 
4945 1260 1301 1198 1245 
4946 1216 757 814 718 
4947 1283 808 798 795 
4948 1379 706 1248 1268 
4949 1225 689 667 670 
4950 1208 749 750 748 
4951 1327 1300 1295 1320 
4952 1327 1387 1320 1323 
4953 1335 585 595 594 
4954 1244 1245 1321 1322 
4955 1244 1274 769 743 
4956 1291 828 815 800 
4957 1291 637 620 587 
4958 1387 1337 1369 1290 
4959 1282 833 864 171 
4960 1304 1282 829 784 
4961 1244 769 1274 1301 
4962 1244 1301 1245 760 
4963 1278 1273 1216 746 
4964 1363 670 1225 669 
4965 1384 1329 666 676 
4966 1375 1324 1335 1325 
4967 1240 1377 1241 1389 
4968 1363 1225 1253 669 
4969 677 1207 1209 692 
4970 1332 859 856 891 
4971 1331 1344 874 875 
4972 1214 1253 1269 1364 
4973 1270 920 834 178 
4974 1203 1225 1384 1217 
4975 1356 842 176 955 
4976 1269 887 902 861 
4977 1334 902 831 862 
4978 1334 648 887 695 
4979 1214 1212 1269 888 
4980 1334 699 648 695 
4981 1276 925 724 921 
4982 1256 737 739 764 
4983 1282 1381 1223 865 
4984 1276 755 716 739 
4985 1246 755 158 716 
4986 1246 755 925 158 
4987 1256 1247 1276 741 
4988 1321 1240 1236 1235 
4989 1256 1276 1285 739 
4990 1253 1365 1315 668 
4991 1377 1343 1374 1372 
4992 1256 764 1285 775 
4993 1256 737 736 739 
4994 1312 688 1328 692 
4995 1262 1259 1309 938 
4996 1211 964 952 922 
4997 1292 937 963 932 
4998 1292 963 936 932 
4999 1258 932 1371 930 
5000 1292 932 936 933 
5001 1347 691 690 657 
5002 1266 1384 1218 1199 
5003 1347 956 946 690 
5004 1347 691 1379 713 
5005 1258 1347 1268 937 
5006 1258 937 1268 1292 
5007 1262 941 1264 942 
5008 1228 1236 1230 1229 
5009 1316 663 664 662 
5010 791 1359 781 1380 
5011 1229 1361 1349 1326 
5012 1274 754 1301 769 
5013 1282 864 837 172 
5014 1362 845 1366 894 
5015 1253 1225 668 669 
5016 1256 736 1247 741 
5017 1249 1310 1296 1345 
5018 1198 1301 751 760 
5019 1342 596 595 585 
5020 865 1223 897 866 
5021 1347 1379 1268 713 
5022 1258 945 946 937 
5023 1262 941 942 939 
5024 1288 1371 1374 1372 
5025 1270 834 876 178 
5026 1309 1246 1257 927 
5027 1309 1257 1374 928 
5028 1248 705 1292 686 
5029 1258 945 1246 925 
5030 1203 689 670 687 
5031 1324 1335 1316 1342 
5032 1364 1371 1292 1289 
5033 1384 1365 1224 1341 
5034 1205 1329 1384 676 
5035 1346 732 1245 1389 
5036 1389 1219 1247 1218 
5037 1256 1275 1247 1219 
5038 1292 1364 1379 1371 
5039 1239 1244 1320 1274 
5040 1247 1204 1219 1275 
5041 1361 1324 1231 1375 
5042 1365 668 1224 665 
5043 1341 1329 1267 1209 
5044 1373 1383 1361 1326 
5045 1271 623 598 596 
5046 1207 592 1302 626 
5047 1261 1202 1201 1325 
5048 1302 722 108 592 
5049 1302 592 108 635 
5050 1302 635 611 592 
5051 1295 603 1300 1385 
5052 1346 1240 1389 1281 
5053 1359 791 811 802 
5054 1311 609 602 606 
5055 1341 1229 1316 1271 
5056 1304 1333 828 799 
5057 1333 886 593 900 
5058 1311 1353 1366 643 
5059 1228 1320 1327 1239 
5060 1320 622 1239 612 
5061 1287 796 1286 801 
5062 1281 1322 1210 1323 
5063 1242 1377 1374 1285 
5064 1310 1381 1352 866 
5065 1355 1234 1288 1377 
5066 1221 931 934 944 
5067 1242 1252 1343 1354 
5068 1206 836 179 876 
5069 1273 1215 959 943 
5070 1332 1213 1350 1351 
5071 1388 1235 1354 1280 
5072 1277 775 1285 745 
5073 1369 1385 1300 603 
5074 1300 619 1286 640 
5075 1228 1321 1327 1320 
5076 1313 1382 1283 818 
5077 1294 1226 625 639 
5078 1322 730 728 731 
5079 1294 647 619 625 
5080 1286 796 1290 824 
5081 1378 1355 1232 1234 
5082 1274 1301 754 636 
5083 1274 612 1301 636 
5084 1274 646 612 636 
5085 1238 1283 1313 1251 
5086 1336 591 810 624 
5087 1286 640 619 647 
5088 1336 647 1286 1294 
5089 1336 625 591 624 
5090 1287 1286 1300 1323 
5091 1388 1337 1387 1287 
5092 1336 625 1226 591 
5093 1286 779 820 801 
5094 1286 640 647 584 
5095 1286 779 1290 584 
5096 801 1265 794 809 
5097 1370 1234 1377 1233 
5098 1346 1278 1241 1243 
5099 1380 790 791 792 
5100 1359 1380 714 781 
5101 1210 727 714 726 
5102 1313 1319 1252 1264 
5103 1240 1242 1377 1354 
5104 1236 1229 1237 1233 
5105 1265 1286 1336 801 
5106 1316 662 1342 1335 
5107 1278 1216 758 746 
5108 1359 727 758 759 
5109 1359 758 718 759 
5110 1216 782 718 814 
5111 1273 745 1259 721 
5112 1215 787 923 165 
5113 1242 1252 1243 1263 
5114 1385 606 602 603 
5115 1216 782 1359 718 
5116 1216 746 757 718 
5117 1298 860 872 899 
5118 1238 1318 793 791 
5119 1287 1265 794 801 
5120 1319 1216 1318 1263 
5121 1250 1382 1299 1352 
5122 1283 795 798 797 
5123 1338 1282 1222 1337 
5124 1370 1389 1240 1245 
5125 902 1214 1334 1269 
5126 1296 904 872 877 
5127 1250 1283 1313 1382 
5128 1367 1289 1351 1332 
5129 1298 1299 1330 899 
5130 1296 1206 1345 905 
5131 1331 905 1344 1345 
5132 1288 1371 1220 1221 
5133 1247 752 1204 776 
5134 1377 1374 1219 1372 
5135 1270 951 920 178 
5136 1222 867 1282 908 
5137 1297 1264 1262 941 
5138 961 762 1273 950 
5139 1279 727 726 728 
5140 1263 942 1215 943 
5141 1330 1313 1264 805 
5142 958 783 919 953 
5143 1296 1206 904 877 
5144 1249 1250 1338 1251 
5145 1319 806 822 805 
5146 1319 783 822 806 
5147 1318 1319 1252 1251 
5148 1243 1278 1318 1359 
5149 1238 1243 1280 1251 
5150 1277 767 775 745 
5151 1241 737 775 756 
5152 1273 771 757 762 
5153 1297 958 1264 941 
5154 1330 1352 1299 825 
5155 1352 841 169 825 
5156 1250 1252 1313 1251 
5157 1195 1290 1369 1337 
5158 1282 816 1283 1381 
5159 1352 1381 1382 870 
5160 1227 837 1333 829 
5161 1382 813 780 818 
5162 1382 816 780 170 
5163 1382 170 780 870 
5164 1382 816 798 818 
5165 1382 818 780 816 
5166 1196 907 840 886 
5167 865 1223 866 1381 
5168 1239 1231 598 600 
5169 1222 867 908 893 
5170 1321 1280 1340 1323 
5171 1386 1231 1295 599 
5172 1238 793 1318 803 
5173 1330 182 912 953 
5174 1299 825 1352 1382 
5175 1296 872 1298 877 
5176 1297 941 940 949 
5177 1352 841 872 871 
5178 1296 904 905 873 
5179 958 1330 817 953 
5180 1297 954 1206 949 
5181 1338 1283 1282 1337 
5182 1296 1297 1345 1206 
5183 1298 1330 860 899 
5184 1249 1343 1345 1297 
5185 179 916 1270 951 
5186 1206 916 179 836 
5187 1206 905 836 876 
5188 1206 180 916 836 
5189 1206 180 836 877 
5190 1206 836 905 904 
5191 1206 877 836 904 
5192 1346 732 733 730 
5193 847 1222 854 892 
5194 1222 867 1227 1282 
5195 1196 840 593 886 
5196 1196 637 593 627 
5197 1196 593 1333 886 
5198 1196 627 593 629 
5199 1195 1197 1369 627 
5200 1195 1291 1304 1333 
5201 1353 884 885 894 
5202 1353 633 582 643 
5203 1304 797 1283 798 
5204 1369 603 618 608 
5205 1366 884 1353 894 
5206 1353 894 885 892 
5207 1300 1323 1286 1294 
5208 1311 1373 616 617 
5209 1311 633 609 606 
5210 1342 103 615 585 
5211 620 1286 1300 1290 
5212 1239 1231 1272 598 
5213 1362 892 845 894 
5214 1317 882 1194 883 
5215 1213 859 1214 858 
5216 1321 1240 1245 1236 
5217 1272 598 1231 1271 
5218 1316 664 1328 688 
5219 1341 1329 1328 1384 
5220 1315 1349 1365 1254 
5221 1312 681 654 588 
5222 1362 1373 1366 1293 
5223 1201 881 835 911 
5224 1261 586 1293 838 
5225 1317 1194 882 862 
5226 1358 1194 914 883 
5227 1342 651 1335 662 
5228 1335 1202 660 594 
5229 845 1314 1383 846 
5230 1205 712 678 687 
5231 1305 1201 1358 914 
5232 1306 1348 1308 1314 
5233 1261 634 644 614 
5234 1373 1293 634 586 
5235 1373 1293 1383 1325 
5236 1293 586 1366 838 
5237 1202 680 679 656 
5238 1202 590 594 613 
5239 1202 590 613 614 
5240 1325 1305 1376 1200 
5241 1342 651 103 585 
5242 1368 1202 594 613 
5243 1358 896 911 879 
5244 1314 845 1362 847 
5245 1311 1197 1196 627 
5246 1261 878 889 614 
5247 1261 1202 889 879 
5248 1368 634 1261 614 
5249 1378 1367 1308 1351 
5250 1368 634 613 607 
5251 1386 599 1295 602 
5252 1384 1365 1341 1233 
5253 1335 679 661 660 
5254 1335 661 662 651 
5255 1335 660 661 651 
5256 1194 882 696 652 
5257 1194 675 1334 1254 
5258 1194 1334 675 709 
5259 1194 831 1334 648 
5260 1194 831 648 696 
5261 1194 696 683 652 
5262 1306 1326 1348 1383 
5263 1194 648 1334 709 
5264 1194 696 648 709 
5265 1194 683 696 709 
5266 1201 129 895 835 
5267 1201 710 700 680 
5268 1201 710 680 129 
5269 1201 710 129 835 
5270 1288 1234 1255 1372 
5271 1211 1248 1212 653 
5272 1356 834 177 863 
5273 1356 966 920 935 
5274 1269 672 699 693 
5275 1220 834 1356 1332 
5276 1248 686 706 684 
5277 1269 672 693 674 
5278 1269 703 674 693 
5279 1269 659 1212 703 
5280 1269 659 703 693 
5281 1269 1212 659 888 
5282 1269 659 693 695 
5283 1213 1317 1334 1254 
5284 1378 1367 1310 1355 
5285 1214 858 861 902 
5286 1214 1269 861 888 
5287 1214 861 910 888 
5288 902 1214 1269 861 
5289 1214 861 859 910 
5290 1348 1255 1349 1350 
5291 1356 1357 1214 1212 
5292 1356 935 955 966 
5293 1306 1348 1326 1349 
5294 1288 1374 1343 1372 
5295 1270 876 1206 179 
5296 1270 916 1206 954 
5297 1270 951 916 954 
5298 1270 951 934 920 
5299 1270 934 951 954 
5300 1295 599 1239 600 
5301 1327 1387 1340 1385 
5302 1369 637 627 608 
5303 1369 603 1300 618 
5304 1195 1369 1291 637 
5305 1195 1337 1304 1290 
5306 1321 1340 1240 1235 
5307 1274 612 1239 1301 
5308 1315 1316 1365 1349 
5309 1203 1225 1363 670 
5310 1384 666 689 676 
5311 1203 685 1379 704 
5312 1386 1375 1373 1361 
5313 1275 1256 1276 1258 
5314 1214 910 1212 888 
5315 1303 612 610 583 
5316 1303 1209 1301 1302 
5317 1279 1210 1280 1281 
5318 677 1328 692 1209 
5319 1203 1363 685 670 
5320 1346 732 1389 733 
5321 1348 1367 1378 1234 
5322 1232 1233 1229 1349 
5323 1358 1325 1383 1293 
5324 1383 849 844 846 
5325 1306 1326 1383 1376 
5326 1213 1308 1351 856 
5327 1307 883 913 849 
5328 1383 1325 1376 1326 
5329 1311 633 1353 643 
5330 1316 1335 661 662 
5331 1231 598 599 597 
5332 1386 1231 599 616 
5333 1324 1325 1200 1335 
5334 1386 1339 1362 1197 
5335 1231 597 599 616 
5336 1261 889 1202 614 
5337 1373 1366 1293 586 
5338 1373 617 1366 586 
5339 1373 617 634 607 
5340 1373 607 616 617 
5341 1368 1375 1373 607 
5342 1342 651 662 681 
5343 1342 681 103 651 
5344 1342 103 681 615 
5345 1207 626 1272 1312 
5346 1312 615 1342 681 
5347 1295 1385 602 603 
5348 1207 772 642 708 
5349 1341 1218 1384 1233 
5350 1312 654 681 688 
5351 1307 1314 1308 846 
5352 1213 1214 1350 1254 
5353 1358 1201 881 914 
5354 1358 913 883 914 
5355 1358 1383 1325 1376 
5356 1358 913 881 896 
5357 1200 661 673 663 
5358 1358 914 881 913 
5359 1214 1269 1254 1334 
5360 1332 834 909 901 
5361 1332 1214 859 910 
5362 1331 1332 1351 891 
5363 1214 1364 1357 1289 
5364 1213 859 1332 1214 
5365 1248 686 674 703 
5366 1363 669 674 684 
5367 1203 1379 1363 1217 
5368 1248 1292 1268 686 
5369 1379 685 691 704 
5370 1248 674 686 684 
5371 1332 859 909 910 
5372 1288 1289 1234 1367 
5373 1332 891 909 859 
5374 1332 1289 1214 1357 
5375 1332 909 891 901 
5376 1284 761 724 778 
5377 1284 1276 724 921 
5378 1347 1284 657 957 
5379 1284 704 691 694 
5380 1284 770 724 761 
5381 1284 694 657 711 
5382 1284 691 657 694 
5383 1246 947 917 927 
5384 1346 1389 1240 1241 
5385 1258 937 1292 932 
5386 1257 1246 1285 1276 
5387 1258 946 945 921 
5388 1246 945 926 925 
5389 1246 917 926 927 
5390 1309 938 1259 927 
5391 1246 925 926 917 
5392 1257 1246 926 927 
5393 1257 926 928 927 
5394 1257 926 1246 945 
5395 1257 930 926 945 
5396 1371 1374 1257 931 
5397 1309 928 1221 944 
5398 1257 931 928 930 
5399 1257 928 926 930 
5400 1221 1270 1206 954 
5401 1220 1356 1211 1357 
5402 1309 929 938 927 
5403 1371 1221 1374 931 
5404 1309 940 929 944 
5405 1221 934 1270 954 
5406 1221 934 954 944 
5407 1221 944 954 940 
5408 1288 1374 1371 1221 
5409 1262 942 1264 1263 
5410 1365 668 665 682 
5411 1203 689 1225 670 
5412 1225 670 667 669 
5413 1253 1225 1365 668 
5414 1371 1257 1374 1219 
5415 1371 1219 1374 1372 
5416 706 1363 685 1379 
5417 1363 1248 1379 706 
5418 1379 1275 1371 1219 
5419 1347 1379 691 704 
5420 1379 706 1268 713 
5421 1379 685 706 713 
5422 1379 691 685 713 
5423 1347 946 1284 957 
5424 1347 657 946 957 
5425 1258 946 1347 937 
5426 1347 956 1268 937 
5427 1347 956 937 946 
5428 1258 1246 1276 925 
5429 1258 1276 1284 921 
5430 1258 1379 1347 1275 
5431 1363 1253 674 669 
5432 1203 1218 1205 1204 
5433 1203 1217 1384 1218 
5434 1247 777 752 776 
5435 1253 1254 1214 1269 
5436 1255 1214 1350 1289 
5437 1225 668 669 667 
5438 1305 652 880 882 
5439 1328 1224 666 664 
5440 1341 1236 1267 1233 
5441 1367 1350 1351 1289 
5442 1247 776 741 738 
5443 1370 1217 1233 1372 
5444 1322 740 1210 1294 
5445 1378 1344 1310 1367 
5446 1348 1308 1378 1367 
5447 1266 1233 1341 1267 
5448 1370 1217 1218 1233 
5449 1218 1219 1217 1372 
5450 1275 1203 1379 704 
5451 1205 1199 1329 649 
5452 1247 777 738 753 
5453 1247 1204 1218 1219 
5454 1247 741 736 738 
5455 1205 702 752 649 
5456 1266 1245 735 732 
5457 1247 734 753 738 
5458 1247 733 734 736 
5459 1247 736 734 738 
5460 1256 1219 1377 1285 
5461 1389 1256 1219 1377 
5462 1389 1219 1256 1247 
5463 1241 737 1256 775 
5464 1346 733 756 730 
5465 1256 733 1247 736 
5466 1256 733 736 737 
5467 1277 1263 1273 1259 
5468 1370 1245 1240 1236 
5469 1346 1241 1278 767 
5470 1389 734 1247 733 
5471 1389 732 734 733 
5472 1389 1247 1256 733 
5473 1207 642 722 592 
5474 1208 701 749 658 
5475 1208 1199 750 715 
5476 1208 750 766 715 
5477 1208 1199 715 649 
5478 1208 715 701 649 
5479 1208 766 749 701 
5480 1208 715 766 701 
5481 1312 588 623 615 
5482 1239 598 1272 605 
5483 1205 676 678 649 
5484 1329 1209 1208 1199 
5485 1217 1365 1225 1384 
5486 1329 676 671 666 
5487 1205 649 715 1199 
5488 1341 1209 1267 1230 
5489 1316 664 663 665 
5490 1316 1342 662 688 
5491 1203 689 1205 1384 
5492 1239 1230 1271 1231 
5493 1384 1218 1217 1233 
5494 1217 1365 1384 1233 
5495 1365 1384 1224 1225 
5496 1341 1365 1349 1233 
5497 1255 1350 1254 1349 
5498 1224 664 665 666 
5499 1315 675 668 682 
5500 1316 1224 664 665 
5501 1266 734 1389 732 
5502 1370 1235 1234 1233 
5503 1328 688 664 671 
5504 1328 666 1329 671 
5505 1316 1342 1328 1271 
5506 654 588 631 1207 
5507 748 1207 749 722 
5508 1303 610 1239 605 
5509 654 588 1207 1312 
5510 1303 612 1239 610 
5511 1272 626 1302 611 
5512 1272 605 626 611 
5513 1207 722 642 772 
5514 1207 692 1328 1209 
5515 1272 623 626 605 
5516 1230 1328 1272 1271 
5517 1315 665 1365 1224 
5518 1239 1271 1230 1272 
5519 1230 1271 1231 1229 
5520 1287 1294 1286 1323 
5521 1238 1243 1318 1380 
5522 1260 1267 1198 1209 
5523 1331 874 905 875 
5524 1303 1301 1239 612 
5525 1239 612 622 610 
5526 1239 610 622 600 
5527 1386 1311 1362 1366 
5528 1388 1338 1340 1337 
5529 1244 1245 1322 731 
5530 1228 1327 1321 1236 
5531 1244 1322 1274 743 
5532 1331 1351 1367 1344 
5533 1346 756 1241 767 
5534 1198 735 774 753 
5535 1244 731 1322 743 
5536 1260 1230 1303 1239 
5537 1198 1302 1209 748 
5538 1341 1349 1229 1233 
5539 1341 1236 1233 1229 
5540 1266 1370 1233 1267 
5541 1266 1199 1247 753 
5542 1329 1341 1267 1266 
5543 1267 1209 1329 1199 
5544 1279 1278 758 729 
5545 1322 731 742 743 
5546 740 1322 742 1274 
5547 1287 794 1265 795 
5548 732 1346 1322 730 
5549 1240 1281 1243 1280 
5550 1198 1302 1301 1209 
5551 1198 735 751 774 
5552 1198 774 751 748 
5553 1260 1230 1267 1209 
5554 1228 1327 1236 1237 
5555 1228 1236 1229 1237 
5556 1198 1209 1267 1199 
5557 1370 1236 1240 1235 
5558 1266 1218 1247 1199 
5559 1266 1198 1267 1199 
5560 1266 1247 1389 734 
5561 1266 1267 1198 1245 
5562 1266 1218 1389 1247 
5563 1322 1274 1294 1323 
5564 1322 1294 1210 1323 
5565 740 1322 1210 726 
5566 1322 726 742 728 
5567 1322 728 742 731 
5568 1321 1236 1237 1235 
5569 1228 1295 1386 1231 
5570 1277 775 1241 1285 
5571 1265 1336 1210 809 
5572 1265 1294 1336 1286 
5573 1244 1323 1321 1320 
5574 1388 1340 1235 1280 
5575 1265 790 794 809 
5576 1243 1359 1318 1380 
5577 1279 727 1210 726 
5578 1279 726 1322 728 
5579 1280 1281 1210 1323 
5580 1250 1382 1313 1299 
5581 1287 794 795 796 
5582 1331 891 875 901 
5583 1222 865 1282 1223 
5584 1339 1197 1385 1337 
5585 1339 1338 1222 1337 
5586 1321 1240 1280 1281 
5587 1195 1291 1333 637 
5588 1300 1294 1286 619 
5589 1300 1294 619 621 
5590 1287 1290 1300 1286 
5591 1287 1290 1286 796 
5592 1295 1320 1300 604 
5593 1195 1369 637 627 
5594 1386 599 602 616 
5595 1195 637 1196 627 
5596 1300 1320 1294 621 
5597 1320 622 621 604 
5598 1283 792 808 795 
5599 1387 1369 1300 1290 
5600 1386 1295 1385 602 
5601 1300 604 618 603 
5602 1304 829 799 784 
5603 1387 1300 1320 1323 
5604 620 1286 640 1300 
5605 785 1336 809 1210 
5606 1336 1294 1210 1226 
5607 1336 1226 785 810 
5608 1336 785 809 810 
5609 1336 1294 1226 625 
5610 1287 1294 1265 1286 
5611 1265 794 792 795 
5612 1238 1283 808 818 
5613 1265 1210 1380 790 
5614 1265 1210 1336 1294 
5615 1304 799 828 800 
5616 1265 1210 1280 1380 
5617 1265 1323 1210 1294 
5618 1265 1323 1280 1210 
5619 1238 1388 1283 1251 
5620 1388 1387 1337 1340 
5621 1369 606 1385 603 
5622 1387 1323 1287 1300 
5623 1387 1369 1337 1385 
5624 1387 1300 1287 1290 
5625 1369 608 606 603 
5626 1283 1382 1381 816 
5627 1283 798 1382 816 
5628 1283 818 1382 798 
5629 1283 818 798 808 
5630 1330 899 825 168 
5631 1330 958 1264 924 
5632 1238 804 1313 818 
5633 1319 1273 1215 1216 
5634 1319 1263 1273 1216 
5635 1238 1380 791 792 
5636 1318 803 793 802 
5637 1318 802 1216 807 
5638 1318 802 807 803 
5639 1278 758 767 746 
5640 791 1318 802 1359 
5641 1318 1359 1216 802 
5642 1273 1263 1215 943 
5643 1273 1259 1263 943 
5644 1273 757 1216 746 
5645 1273 762 757 746 
5646 1273 762 746 721 
5647 1313 813 1382 818 
5648 1279 1346 728 1322 
5649 1278 758 729 767 
5650 1278 1263 1318 1216 
5651 1278 1216 1318 1359 
5652 1278 1216 1273 1263 
5653 1278 758 1216 1359 
5654 1241 733 1256 737 
5655 1282 816 833 171 
5656 1252 1243 1263 1318 
5657 1243 1252 1354 1251 
5658 1238 1380 1318 791 
5659 1240 1377 1242 1241 
5660 1243 1280 1251 1354 
5661 1241 775 1256 1285 
5662 1346 756 767 729 
5663 1297 949 1206 960 
5664 1240 1280 1243 1354 
5665 1241 1256 1389 1377 
5666 1241 1285 1256 1377 
5667 1277 1262 1263 1259 
5668 1309 929 928 944 
5669 1309 1285 1246 927 
5670 1242 1285 1241 1377 
5671 1277 1242 1262 1259 
5672 1262 1221 1309 1343 
5673 1309 1343 1221 1374 
5674 1309 928 929 927 
5675 1309 1285 1374 1257 
5676 1309 1259 1285 927 
5677 1309 1374 1242 1343 
5678 1309 1242 1285 1259 
5679 1309 1242 1374 1285 
5680 1262 939 929 940 
5681 1297 940 954 949 
5682 1262 1242 1263 1252 
5683 1262 1343 1242 1252 
5684 1262 940 941 939 
5685 1319 1215 783 806 
5686 1319 803 1318 807 
5687 1319 803 807 806 
5688 1319 805 803 806 
5689 1319 1263 1264 1215 
5690 1313 1252 1319 1251 
5691 1249 1297 1296 1299 
5692 1313 1319 1264 805 
5693 1331 905 1206 876 
5694 813 1330 805 1313 
5695 1319 1238 1251 1318 
5696 1313 803 1319 805 
5697 1313 804 803 805 
5698 1232 1339 1361 1237 
5699 1313 805 813 804 
5700 1319 1238 1313 1251 
5701 1238 1388 1251 1280 
5702 1282 784 172 829 
5703 1338 1223 1222 1282 
5704 1298 912 1330 182 
5705 1298 182 1330 924 
5706 1330 1299 1313 825 
5707 1330 899 912 860 
5708 1330 167 912 899 
5709 168 1330 899 167 
5710 1330 822 1264 817 
5711 1330 822 817 788 
5712 958 817 1264 783 
5713 1330 912 817 953 
5714 1330 167 817 912 
5715 1330 817 167 788 
5716 1330 1264 1313 1299 
5717 1298 877 872 860 
5718 1298 924 960 181 
5719 1298 181 960 877 
5720 1298 860 181 877 
5721 1298 1206 877 960 
5722 1296 1298 872 1299 
5723 1297 1298 1299 1264 
5724 1297 1262 1264 1252 
5725 1297 1264 1299 1252 
5726 1297 1221 1262 1343 
5727 1344 905 874 873 
5728 1297 1262 1252 1343 
5729 1351 855 875 891 
5730 1288 1289 1220 1371 
5731 1282 816 1381 833 
5732 1249 1296 1310 1299 
5733 1345 1206 1297 1221 
5734 1345 1221 1297 1343 
5735 1296 1345 1310 873 
5736 1345 1206 1221 1270 
5737 1288 1374 1221 1343 
5738 1331 1270 1332 901 
5739 1331 1332 1367 1351 
5740 1223 866 853 897 
5741 1310 898 871 873 
5742 1223 853 850 897 
5743 1344 873 874 898 
5744 1344 850 1223 853 
5745 1344 850 853 851 
5746 1344 853 1223 898 
5747 1344 874 853 898 
5748 1344 874 875 855 
5749 1344 851 853 874 
5750 1344 851 874 855 
5751 1282 1381 865 833 
5752 1282 865 864 833 
5753 1282 837 864 867 
5754 1282 864 865 867 
5755 1304 1337 1283 1287 
5756 1304 1287 1283 797 
5757 1304 1291 1290 800 
5758 1195 1304 1291 1290 
5759 1304 784 799 797 
5760 1304 1337 1287 1290 
5761 1304 799 800 797 
5762 1222 892 1362 893 
5763 1386 1311 616 602 
5764 1227 837 1282 867 
5765 1227 837 867 868 
5766 1195 1333 1196 637 
5767 1227 893 868 867 
5768 869 1227 1333 1196 
5769 1227 907 1196 868 
5770 1227 1196 907 893 
5771 1227 907 868 893 
5772 1386 1385 1311 602 
5773 1362 1353 1197 893 
5774 1311 1353 1197 1366 
5775 1369 1300 1290 620 
5776 1369 620 1291 637 
5777 1369 608 620 637 
5778 1197 1369 1385 1337 
5779 1369 1290 1291 620 
5780 1386 1362 1339 1361 
5781 1228 1386 1237 1361 
5782 1362 1373 1383 1361 
5783 1360 1361 1232 1339 
5784 847 1222 892 1362 
5785 1362 1366 1197 1353 
5786 894 1362 892 1353 
5787 1362 847 845 892 
5788 1386 1373 1311 1366 
5789 1362 1311 1197 1366 
5790 1222 1227 1197 1337 
5791 1314 847 1222 854 
5792 1317 1194 1358 883 
5793 1222 897 1223 850 
5794 1222 897 850 854 
5795 1222 854 908 897 
5796 1351 855 891 856 
5797 1338 1283 1250 1382 
5798 1338 1381 1283 1382 
5799 1388 1283 1338 1337 
5800 1388 1238 1265 1280 
5801 1378 1223 850 1314 
5802 1338 1250 1223 1381 
5803 1338 1250 1283 1251 
5804 1348 1383 1326 1361 
5805 1306 1349 1326 1376 
5806 1314 1307 1308 1306 
5807 850 851 1344 1378 
5808 845 1314 1362 1383 
5809 1232 1340 1339 1237 
5810 1232 1229 1237 1361 
5811 1314 1361 1362 1383 
5812 1368 613 595 607 
5813 1293 1368 634 1261 
5814 1368 613 634 614 
5815 1261 644 878 614 
5816 1261 838 878 644 
5817 1305 673 700 683 
5818 595 1342 1335 1375 
5819 1200 1376 1325 1326 
5820 1315 1200 1326 1376 
5821 1316 1326 1229 1349 
5822 1324 1361 1231 1229 
5823 1324 1231 1342 1271 
5824 1324 1229 1231 1271 
5825 1324 1316 1229 1271 
5826 1324 1361 1229 1326 
5827 1341 1316 1229 1349 
5828 1341 1328 1329 1209 
5829 1315 673 683 682 
5830 1305 1194 1315 683 
5831 1315 683 1194 675 
5832 1253 1334 699 675 
5833 1350 1332 1351 1289 
5834 1348 1234 1232 1233 
5835 1365 1225 1224 668 
5836 1253 1315 675 668 
5837 1306 1308 1348 1350 
5838 1348 1367 1234 1350 
5839 1315 668 1365 682 
5840 1315 1254 1194 1376 
5841 1305 673 1200 700 
5842 1325 1305 1358 1376 
5843 1305 1315 1194 1376 
5844 1305 1200 1315 1376 
5845 1305 1200 1201 700 
5846 1305 1358 1376 1194 
5847 1213 1351 1308 1350 
5848 1348 1234 1255 1350 
5849 1317 1254 1194 1334 
5850 1317 1194 1254 1376 
5851 1351 852 851 855 
5852 1351 852 855 856 
5853 1213 1334 1317 862 
5854 1213 902 862 858 
5855 1364 1292 1357 1289 
5856 1364 1214 1255 1289 
5857 1363 1364 1253 1225 
5858 1306 1307 1317 1376 
5859 1306 1317 1254 1376 
5860 1255 1372 1234 1233 
5861 1233 1348 1234 1255 
5862 1255 1350 1234 1367 
5863 1255 1254 1365 1349 
5864 1255 1217 1365 1225 
5865 1232 1234 1355 1235 
5866 1232 1235 1340 1237 
5867 1360 1378 1314 1223 
5868 1348 1232 1360 1361 
5869 1296 1352 1310 1299 
5870 1288 1377 1372 1343 
5871 1255 1367 1234 1289 
5872 1232 1229 1233 1237 
5873 1232 1349 1229 1361 
5874 1355 1354 1377 1343 
5875 1234 1372 1377 1233 
5876 1370 1219 1218 1372 
5877 1364 1292 1248 1357 
5878 1255 1365 1217 1233 
5879 1255 1217 1372 1233 
5880 1255 1349 1365 1233 
5881 1356 842 1212 910 
5882 1356 842 910 863 
5883 1356 176 842 863 
5884 1356 966 176 863 
5885 1220 1356 834 920 
5886 1211 935 936 964 
5887 1211 936 1292 952 
5888 1211 936 952 964 
5889 1211 1212 1248 1357 
5890 1211 1292 1248 952 
5891 1211 1357 1248 1292 
5892 1220 935 920 933 
5893 1220 1357 1211 1292 
5894 1220 1289 1357 1292 
5895 936 1220 933 935 
5896 1220 1332 1357 1289 
5897 1220 1270 1332 1289 
5898 1288 1371 1372 1289 
5899 1331 1289 1288 1367 
5900 1288 1270 1345 1221 
5901 1288 1221 1345 1343 
5902 1288 1220 1289 1270 
5903 1288 1221 1220 1270 
5904 1331 891 1351 875 
5905 1378 1223 1344 850 
5906 1378 1308 851 1344 
5907 1378 851 1308 1314 
5908 1331 1351 1344 875 
5909 1331 905 1345 1206 
5910 1331 1206 1270 876 
5911 1331 1288 1270 1345 
5912 1331 1367 1288 1345 
5913 1331 1344 1367 1345 
5914 1331 1206 1345 1270 
5915 1279 727 1359 1210 
5916 1355 1338 1235 1354 
5917 1310 1345 1355 1367 
5918 1355 1234 1377 1235 
5919 1355 1377 1354 1235 
5920 1232 1235 1355 1338 
5921 1370 1377 1234 1235 
5922 732 1346 1245 1322 
5923 1240 1280 1354 1235 
5924 1240 1389 1281 1245 
5925 1240 1354 1377 1235 
5926 1277 1285 1259 745 
5927 1277 1278 1241 767 
5928 1277 1278 767 745 
5929 1277 1259 1273 745 
5930 1277 1243 1242 1241 
5931 1277 1243 1241 1278 
5932 1277 1241 1242 1285 
5933 1277 1285 1242 1259 
5934 1195 1304 1227 1333 
5935 1195 1227 1304 1337 
5936 1195 1196 1227 1197 
5937 1195 1197 1227 1337 
5938 1195 1333 1227 1196 
5939 1295 622 1320 604 
5940 1295 601 622 604 
5941 1295 1239 622 600 
5942 1295 622 601 600 
5943 1327 1387 1300 1320 
5944 1295 1231 1239 599 
5945 1327 1385 1386 1295 
5946 1295 1239 1320 622 
5947 1251 1388 1354 1280 
5948 1388 1338 1283 1251 
5949 1232 1338 1355 1223 
5950 1387 1300 1369 1385 
5951 1387 1295 1300 1385 
5952 1361 1228 1386 1231 
5953 1228 1321 1260 1236 
5954 1339 1337 1222 1197 
5955 1327 1300 1387 1295 
5956 1279 1243 1346 1281 
5957 1348 1326 1349 1361 
5958 1378 1355 1310 1223 
5959 1307 1213 1317 857 
5960 1378 1344 1367 1351 
5961 1378 1310 1344 1223 
5962 1348 1232 1349 1233 
5963 1279 1210 1359 1380 
5964 1360 1232 1223 1338 
5965 1360 1232 1378 1223 
5966 1207 1272 1302 1209 
5967 1207 1312 1272 1209 
5968 1207 697 642 631 
5969 1207 772 708 658 
5970 1207 708 642 697 
5971 654 1207 697 692 
5972 1207 697 692 658 
5973 1279 1281 1322 1210 
5974 1207 658 708 697 
5975 1326 1375 1325 1324 
5976 1375 596 1231 597 
5977 1324 1200 1316 1335 
5978 1324 1316 1200 1326 
5979 1324 1316 1326 1229 
5980 1375 596 1342 1231 
5981 1326 1375 1373 1325 
5982 1341 1209 1230 1328 
5983 1341 1230 1267 1236 
5984 1341 1230 1236 1229 
5985 1341 1316 1365 1224 
5986 1341 1384 1328 1224 
5987 1341 1328 1316 1224 
5988 1308 1351 1367 1350 
5989 1213 857 1308 856 
5990 1308 851 1351 852 
5991 1308 846 1314 848 
5992 1308 846 848 890 
5993 1308 848 1314 851 
5994 1308 848 851 852 
5995 1308 890 852 857 
5996 1308 890 848 852 
5997 1279 1281 1346 1322 
5998 1364 1357 1248 1269 
5999 1214 1364 1269 1357 
6000 1296 1352 1299 872 
6001 1364 1217 1371 1372 
6002 1364 1371 1289 1372 
6003 1364 1371 1217 1379 
6004 1292 1364 1248 1379 
6005 1364 1372 1255 1217 
6006 1364 1255 1372 1289 
6007 1364 1217 1255 1225 
6008 1258 1246 1257 1276 
6009 1258 1257 1246 945 
6010 1258 1275 1284 1276 
6011 1258 1275 1347 1284 
6012 1256 1285 1276 1257 
6013 1370 1267 1266 1236 
6014 1370 1267 1236 1233 
6015 1370 1219 1389 1218 
6016 1370 1389 1219 1377 
6017 1370 1389 1266 1218 
6018 1370 1233 1377 1372 
6019 1370 1240 1389 1377 
6020 1370 1236 1235 1233 
6021 1205 1218 1247 1204 
6022 1205 1204 752 702 
6023 1205 712 1204 702 
6024 1205 678 712 702 
6025 1205 678 702 649 
6026 1205 1384 1329 1199 
6027 1205 1218 1384 1199 
6028 1303 611 1302 583 
6029 1303 1239 1272 605 
6030 1303 1272 611 605 
6031 1303 1272 1239 1230 
6032 1260 1301 1230 1209 
6033 1303 1272 1302 611 
6034 1321 1281 1280 1323 
6035 1321 1245 1281 1322 
6036 1321 1322 1281 1323 
6037 1244 769 1301 760 
6038 1244 1323 1320 1274 
6039 1327 1340 1387 1323 
6040 1388 1323 1387 1340 
6041 1388 1265 1287 1323 
6042 1388 1280 1265 1323 
6043 1388 1265 1283 1287 
6044 1388 1235 1338 1354 
6045 1388 1287 1283 1337 
6046 1388 1340 1280 1323 
6047 1346 1389 1241 733 
6048 1346 1245 1281 1389 
6049 1279 1346 729 728 
6050 1279 1280 1210 1380 
6051 1279 1359 1243 1380 
6052 1346 728 1322 730 
6053 1346 756 729 730 
6054 1346 729 728 730 
6055 1310 1344 1223 898 
6056 1310 1381 1223 1250 
6057 1310 1381 1250 1352 
6058 1310 873 1344 898 
6059 1310 1345 1344 873 
6060 1249 1310 1223 1250 
6061 1310 1352 1250 1299 
6062 1361 1324 1375 1326 
6063 1386 1373 1362 1361 
6064 1260 1244 1320 1239 
6065 1228 1260 1321 1320 
6066 1386 1197 1311 1385 
6067 1386 1375 1361 1231 
6068 1375 1386 1373 616 
6069 1375 1231 1386 616 
6070 1375 597 1231 616 
6071 1375 607 597 616 
6072 595 1342 1375 596 
6073 1375 595 597 607 
6074 1368 1373 634 607 
6075 1375 1373 607 616 
6076 1307 1317 1358 883 
6077 902 1213 1334 1214 
6078 1213 862 1317 857 
6079 1213 858 862 857 
6080 1332 1213 1214 1350 
6081 1307 1383 1314 846 
6082 1253 1269 672 699 
6083 1253 1334 1269 699 
6084 1253 1254 1269 1334 
3 38 4 675
6085 561 890 852 533 
6086 847 854 850 570 
6087 831 517 83 132 
6088 554 972 867 864 
6089 530 531 532 855 
6090 902 550 526 548 
6091 546 914 883 913 
6092 983 834 178 876 
6093 1390 564 560 523 
6094 556 865 555 897 
6095 130 880 522 835 
6096 528 993 1391 519 
6097 986 834 909 863 
6098 992 903 996 187 
6099 547 882 517 862 
6100 876 1391 875 905 
6101 977 968 169 841 
6102 537 846 539 536 
6103 131 882 569 880 
6104 1391 568 560 529 
6105 907 544 581 566 
6106 534 848 535 533 
6107 831 517 571 83 
6108 576 570 850 897 
6109 831 517 548 571 
6110 979 969 973 833 
6111 995 54 553 519 
6112 532 852 531 533 
6113 126 967 886 562 
6114 521 986 909 863 
6115 907 544 566 893 
6116 534 850 848 851 
6117 908 570 555 897 
6118 133 887 134 84 
6119 991 1391 904 985 
6120 988 842 176 863 
6121 1391 898 874 873 
6122 900 11 978 183 
6123 532 561 852 533 
6124 550 910 859 861 
6125 549 856 857 858 
6126 902 571 831 548 
6127 981 967 978 183 
6128 532 857 549 856 
6129 992 12 903 187 
6130 134 84 526 85 
6131 995 519 553 901 
6132 987 178 834 177 
6133 883 849 906 540 
6134 834 986 177 863 
6135 1392 557 866 556 
6136 550 565 521 910 
6137 571 902 887 526 
6138 848 890 536 533 
6139 134 526 84 887 
6140 978 869 886 974 
6141 547 857 862 549 
6142 1391 904 905 836 
6143 1392 833 556 865 
6144 543 843 879 896 
6145 23 524 121 889 
6146 996 888 135 903 
6147 563 522 911 835 
6148 980 99 573 976 
6149 995 553 834 901 
6150 1393 860 975 899 
6151 1390 1391 560 525 
6152 906 890 561 540 
6153 569 517 882 82 
6154 134 135 996 888 
6155 844 537 551 845 
6156 1391 525 990 985 
6157 538 541 892 544 
6158 988 842 175 176 
6159 909 859 891 552 
6160 895 524 574 889 
6161 563 911 567 879 
6162 909 891 553 552 
6163 561 536 890 533 
6164 838 832 518 123 
6165 125 840 520 28 
6166 93 978 575 974 
6167 908 893 867 545 
6168 527 554 972 868 
6169 126 29 967 562 
6170 530 855 875 531 
6171 543 567 542 896 
6172 848 536 535 533 
6173 908 854 893 545 
6174 862 858 549 857 
6175 895 574 563 79 
6176 1391 990 982 985 
6177 904 982 836 991 
6178 1393 872 1390 904 
6179 1393 994 984 990 
6180 869 900 174 978 
6181 98 564 971 523 
6182 907 562 581 840 
6183 550 565 910 861 
6184 134 996 526 888 
6185 1390 871 898 873 
6186 516 867 554 545 
6187 1392 833 866 870 
6188 878 524 121 24 
6189 131 82 569 882 
6190 169 841 968 168 
6191 170 969 833 171 
6192 1393 970 980 976 
6193 1392 977 833 870 
6194 849 542 913 896 
6195 895 563 911 835 
6196 517 82 83 132 
6197 79 895 830 128 
6198 849 542 896 539 
6199 1391 875 874 529 
6200 981 3 967 183 
6201 567 881 911 522 
6202 861 902 526 887 
6203 576 534 853 850 
6204 1393 984 982 990 
6205 175 992 12 903 
6206 983 876 993 901 
6207 1391 874 898 568 
6208 550 859 521 552 
6209 1392 1390 871 898 
6210 127 900 967 183 
6211 96 979 556 97 
6212 24 524 558 878 
6213 1393 1390 1391 904 
6214 1393 841 872 899 
6215 912 975 860 899 
6216 133 887 84 571 
6217 133 571 84 83 
6218 885 520 884 840 
6219 2 79 830 128 
6220 575 527 974 886 
6221 836 1391 991 876 
6222 133 831 83 132 
6223 530 875 891 901 
6224 563 911 879 895 
6225 130 129 835 80 
6226 878 879 524 580 
6227 1393 984 185 989 
6228 98 564 99 976 
6229 1393 980 984 994 
6230 99 564 573 976 
6231 995 521 53 986 
6232 530 532 891 855 
6233 550 910 521 859 
6234 995 993 519 901 
6235 176 177 986 863 
6236 968 899 975 168 
6237 874 851 531 855 
6238 1392 871 1390 841 
6239 26 124 832 559 
6240 543 580 567 879 
6241 521 859 909 552 
6242 561 540 890 536 
6243 532 857 561 549 
6244 542 540 539 849 
6245 1390 523 971 564 
6246 548 549 862 858 
6247 906 561 890 857 
6248 888 992 903 996 
6249 846 849 539 536 
6250 575 974 978 886 
6251 848 851 852 533 
6252 1391 993 985 991 
6253 1393 968 841 899 
6254 531 852 851 533 
6255 543 844 843 896 
6256 869 174 974 978 
6257 516 864 867 865 
6258 93 974 575 527 
6259 98 976 971 564 
6260 1393 1390 841 968 
6261 866 556 576 897 
6262 567 580 524 879 
6263 878 889 121 524 
6264 844 839 551 843 
6265 1393 1391 982 904 
6266 893 566 867 545 
6267 538 541 845 892 
6268 1393 1391 1390 525 
6269 860 982 181 877 
6270 1393 975 968 899 
6271 1393 990 1391 525 
6272 127 886 126 967 
6273 530 553 519 901 
6274 874 568 531 851 
6275 906 547 561 857 
6276 521 552 909 553 
6277 134 888 526 887 
6278 840 562 520 28 
6279 527 566 907 581 
6280 885 893 892 544 
6281 1393 975 970 968 
6282 912 989 186 182 
6283 1393 573 990 525 
6284 27 124 26 559 
6285 885 907 893 544 
6286 120 121 889 23 
6287 23 2 574 830 
6288 518 123 26 25 
6289 567 881 896 911 
6290 516 867 908 865 
6291 908 854 570 897 
6292 864 516 867 554 
6293 23 889 830 574 
6294 1390 1391 898 557 
6295 912 989 182 860 
6296 982 836 180 877 
6297 528 993 985 1391 
6298 181 860 182 989 
6299 126 840 562 886 
6300 885 581 577 520 
6301 866 557 576 556 
6302 995 834 983 901 
6303 996 572 526 888 
6304 576 568 853 534 
6305 848 852 890 533 
6306 538 544 892 893 
6307 538 854 570 545 
6308 531 855 851 852 
6309 847 570 850 535 
6310 538 893 854 545 
6311 838 25 518 558 
6312 838 122 123 25 
6313 543 539 844 896 
6314 839 518 832 579 
6315 532 852 857 856 
6316 530 519 875 901 
6317 561 852 890 857 
6318 530 891 553 901 
6319 902 831 571 887 
6320 133 83 831 571 
6321 912 975 989 860 
6322 912 989 975 186 
6323 861 887 526 888 
6324 133 571 831 887 
6325 2 79 574 830 
6326 134 526 996 85 
6327 906 540 561 547 
6328 883 849 540 913 
6329 56 525 528 985 
6330 56 528 55 985 
6331 540 849 890 536 
6332 831 548 517 862 
6333 882 82 517 132 
6334 994 573 7 57 
6335 882 517 831 132 
6336 882 831 517 862 
6337 93 575 978 981 
6338 868 867 893 566 
6339 527 907 868 886 
6340 538 845 541 537 
6341 885 840 581 520 
6342 126 562 840 28 
6343 537 847 846 535 
6344 546 881 542 522 
6345 975 185 186 989 
6346 546 883 540 913 
6347 534 851 848 533 
6348 1393 980 573 976 
6349 885 581 907 544 
6350 839 578 518 579 
6351 1391 557 560 568 
6352 983 834 987 178 
6353 878 889 524 879 
6354 988 565 51 572 
6355 550 859 552 549 
6356 902 548 831 862 
6357 902 548 862 858 
6358 1392 971 977 968 
6359 179 876 836 991 
6360 983 834 876 901 
6361 982 904 836 877 
6362 135 187 903 12 
6363 547 548 549 862 
6364 547 517 548 862 
6365 1390 872 841 871 
6366 842 910 565 888 
6367 992 572 51 6 
6368 54 519 993 55 
6369 995 987 983 834 
6370 538 845 537 847 
6371 885 884 520 577 
6372 534 535 848 850 
6373 544 893 545 566 
6374 567 542 881 522 
6375 1390 1391 904 873 
6376 538 570 847 535 
6377 538 847 537 535 
6378 538 544 893 545 
6379 570 908 545 854 
6380 79 895 574 830 
6381 23 889 120 830 
6382 80 522 563 835 
6383 1390 971 968 976 
6384 1393 573 564 976 
6385 968 841 899 168 
6386 1393 982 860 877 
6387 579 577 559 894 
6388 838 123 518 25 
6389 518 832 26 123 
6390 578 580 843 558 
6391 125 840 884 520 
6392 884 559 577 894 
6393 179 836 180 991 
6394 550 549 548 858 
6395 902 550 861 526 
6396 550 565 861 526 
6397 550 548 902 858 
6398 550 902 861 858 
6399 550 858 859 549 
6400 550 861 859 858 
6401 860 982 989 181 
6402 982 877 180 181 
6403 530 531 875 529 
6404 530 875 519 529 
6405 530 875 855 891 
6406 1392 1390 898 557 
6407 988 52 51 565 
6408 903 988 842 175 
6409 543 542 539 896 
6410 543 843 578 580 
6411 972 869 974 868 
6412 978 869 900 886 
6413 869 173 837 972 
6414 869 974 173 972 
6415 869 173 974 174 
6416 869 974 527 886 
6417 184 994 980 7 
6418 980 984 184 970 
6419 546 883 547 540 
6420 546 569 517 882 
6421 546 914 569 882 
6422 995 553 54 53 
6423 521 995 553 909 
6424 834 995 987 986 
6425 1391 875 905 874 
6426 876 1391 519 875 
6427 1393 994 990 573 
6428 93 575 981 3 
6429 127 11 900 183 
6430 127 900 886 967 
6431 93 974 527 94 
6432 575 967 3 29 
6433 27 125 520 28 
6434 179 876 983 178 
6435 983 993 876 991 
6436 179 983 876 991 
6437 995 983 993 901 
6438 575 967 562 886 
6439 527 554 868 566 
6440 527 972 554 94 
6441 527 974 972 94 
6442 527 562 907 886 
6443 575 562 967 29 
6444 527 581 907 562 
6445 543 879 567 896 
6446 844 845 551 839 
6447 844 539 849 896 
6448 844 539 846 849 
6449 844 537 846 539 
6450 844 846 537 845 
6451 551 578 839 579 
6452 551 839 541 579 
6453 551 541 845 537 
6454 184 984 185 970 
6455 1393 982 877 904 
6456 1393 982 989 860 
6457 1393 989 975 860 
6458 1393 841 1390 872 
6459 1393 564 1390 976 
6460 1393 185 970 975 
6461 995 553 53 521 
6462 576 556 555 897 
6463 576 555 570 897 
6464 866 898 853 557 
6465 96 95 516 973 
6466 973 556 96 979 
6467 973 556 516 96 
6468 556 516 555 865 
6469 97 1392 556 523 
6470 833 556 865 973 
6471 556 973 516 865 
6472 541 577 579 894 
6473 844 551 537 539 
6474 541 839 894 579 
6475 541 894 839 845 
6476 541 845 892 894 
6477 538 892 847 854 
6478 895 879 524 889 
6479 879 524 563 895 
6480 995 993 54 519 
6481 527 868 907 566 
6482 575 562 527 886 
6483 972 869 868 837 
6484 575 978 981 967 
6485 980 7 573 99 
6486 980 7 994 573 
6487 1393 877 872 904 
6488 131 82 882 132 
6489 131 82 81 569 
6490 131 880 81 130 
6491 839 579 832 894 
6492 839 838 578 843 
6493 551 845 541 839 
6494 538 893 892 854 
6495 125 126 840 28 
6496 878 580 524 558 
6497 878 843 580 558 
6498 878 838 843 558 
6499 878 580 843 879 
6500 878 122 838 558 
6501 838 578 843 558 
6502 838 518 578 558 
6503 878 24 122 558 
6504 838 122 25 558 
6505 563 80 835 129 
6506 79 80 563 129 
6507 98 523 971 97 
6508 980 984 994 184 
6509 1392 979 556 833 
6510 879 524 567 563 
6511 27 520 884 559 
6512 27 884 125 124 
6513 990 525 56 985 
6514 990 57 56 525 
6515 990 57 525 573 
6516 994 57 990 573 
6517 576 853 568 557 
6518 516 554 973 95 
6519 866 576 853 897 
6520 1392 841 1390 968 
6521 977 169 170 870 
6522 1392 866 833 865 
6523 977 170 833 870 
6524 977 833 170 969 
6525 837 972 173 172 
6526 837 554 867 868 
6527 837 972 554 868 
6528 837 554 972 867 
6529 837 972 864 867 
6530 837 864 972 172 
6531 543 843 844 551 
6532 567 879 911 896 
6533 881 546 913 914 
6534 881 542 896 913 
6535 895 79 563 129 
6536 883 547 906 862 
6537 883 906 547 540 
6538 546 883 914 882 
6539 1391 519 993 876 
6540 1393 989 982 984 
6541 1390 898 1391 873 
6542 903 988 175 992 
6543 988 572 888 565 
6544 875 901 519 876 
6545 1391 898 557 568 
6546 530 532 552 891 
6547 875 531 874 529 
6548 875 855 874 531 
6549 906 547 857 862 
6550 906 890 540 849 
6551 988 176 986 863 
6552 988 888 842 565 
6553 1393 1390 564 525 
6554 1392 898 866 557 
6555 1392 979 977 971 
6556 1390 904 872 873 
6557 995 553 909 834 
6558 988 910 842 863 
6559 988 842 888 903 
6560 543 551 844 539 
6561 563 522 567 911 
6562 836 1391 876 905 
6563 993 55 528 985 
6564 993 55 519 528 
6565 876 1391 991 993 
6566 167 912 186 15 
6567 167 186 912 975 
6568 167 168 975 899 
6569 167 975 912 899 
6570 551 843 839 578 
6571 518 832 579 559 
6572 518 26 832 559 
6573 532 549 552 856 
6574 532 856 855 852 
6575 532 855 531 852 
6576 532 891 855 856 
6577 532 552 891 856 
6578 834 986 987 177 
6579 988 572 992 888 
6580 864 516 554 973 
6581 833 556 973 979 
6582 853 850 534 851 
6583 576 570 534 850 
6584 853 851 534 568 
6585 853 898 874 568 
6586 853 874 851 568 
6587 27 520 125 884 
6588 1393 982 1391 990 
6589 1391 982 904 985 
6590 841 977 968 1392 
6591 1390 523 560 557 
6592 561 857 547 549 
6593 530 552 553 891 
6594 904 982 991 985 
6595 543 879 843 580 
6596 546 547 883 862 
6597 869 868 527 974 
6598 972 172 864 973 
6599 972 95 554 94 
6600 972 973 554 95 
6601 863 521 988 910 
6602 993 876 519 901 
6603 864 973 833 865 
6604 864 171 833 969 
6605 864 833 973 969 
6606 864 973 171 969 
6607 864 973 172 171 
6608 881 522 914 880 
6609 541 544 577 894 
6610 839 518 838 832 
6611 541 892 544 894 
6612 537 847 845 846 
6613 543 843 551 578 
6614 537 535 846 536 
6615 567 896 881 542 
6616 524 23 574 889 
6617 853 557 898 568 
6618 874 531 568 529 
6619 988 888 992 903 
6620 988 521 986 52 
6621 988 910 521 565 
6622 521 995 909 986 
6623 988 565 842 910 
6624 81 569 522 880 
6625 885 577 544 894 
6626 885 544 892 894 
6627 885 884 577 894 
6628 885 577 581 544 
6629 1392 871 866 898 
6630 1392 556 866 865 
6631 1392 969 979 833 
6632 866 853 576 557 
6633 1390 560 564 525 
6634 866 865 556 897 
6635 914 880 569 882 
6636 914 880 522 569 
6637 881 911 522 835 
6638 516 973 864 865 
6639 1391 519 875 529 
6640 534 531 851 533 
6641 534 851 531 568 
6642 534 535 850 570 
6643 884 559 832 124 
6644 126 28 29 562 
6645 884 832 559 894 
6646 884 520 577 559 
6647 885 840 907 581 
6648 909 834 553 901 
6649 977 841 169 870 
6650 1392 977 969 833 
6651 1392 969 977 979 
6652 907 868 893 566 
6653 907 562 840 886 
6654 909 553 891 901 
6655 521 909 910 863 
6656 900 11 174 978 
6657 978 886 900 967 
6658 869 527 868 886 
6659 900 978 967 183 
6660 1393 860 872 877 
6661 23 2 830 120 
6662 895 524 563 574 
6663 1393 185 984 970 
6664 527 972 974 868 
6665 859 552 856 891 
6666 859 856 549 858 
6667 859 856 552 549 
6668 522 80 130 835 
6669 546 914 881 522 
6670 910 888 861 565 
6671 834 995 986 909 
6672 848 535 847 850 
6673 848 847 535 846 
6674 576 853 897 850 
6675 546 540 542 913 
6676 131 569 81 880 
6677 546 882 547 862 
6678 516 908 555 865 
6679 516 908 867 545 
6680 554 867 868 566 
6681 542 913 540 849 
6682 546 517 547 882 
6683 540 539 849 536 
6684 546 883 882 862 
6685 129 128 895 79 
6686 848 536 890 846 
6687 538 847 570 854 
6688 516 555 908 545 
6689 908 555 865 897 
6690 570 908 555 545 
6691 996 85 572 6 
6692 863 521 986 988 
6693 992 187 996 6 
6694 996 903 135 187 
6695 888 992 996 572 
6696 912 182 186 15 
6697 850 570 854 897 
6698 848 535 536 846 
6699 861 526 565 888 
6700 521 910 909 859 
6701 538 892 845 847 
6702 890 849 846 536 
6703 839 578 838 518 
6704 841 977 1392 870 
6705 80 81 522 130 
6706 881 546 542 913 
6707 26 123 832 124 
6708 982 180 836 991 
6709 554 972 864 973 
6710 988 565 521 52 
6711 53 986 521 52 
6712 991 1391 836 904 
6713 532 852 561 857 
6714 996 85 526 572 
6715 81 522 130 880 
6716 546 569 914 522 
6717 895 129 563 835 
6718 978 886 967 575 
6719 575 967 981 3 
6720 554 867 566 545 
6721 832 894 579 559 
6722 27 884 124 559 
6723 571 902 526 548 
6724 526 571 84 887 
6725 526 572 565 888 
6726 581 520 840 562 
6727 988 51 992 572 
6728 992 996 572 6 
6729 1392 871 841 870 
6730 1393 185 975 989 
6731 1390 560 1391 557 
6732 881 835 522 880 
6733 121 122 878 24 
6734 830 889 895 574 
6735 24 23 524 121 
6736 25 24 558 122 
6737 1391 874 568 529 
6738 1393 573 980 994 
6739 1391 985 528 525 
6740 1391 519 529 528 
6741 1391 874 905 873 
6742 1391 528 560 525 
6743 1391 560 528 529 
6744 1391 873 905 904 
6745 1393 564 573 525 
6746 1390 564 971 976 
6747 1390 872 871 873 
6748 1392 557 556 523 
6749 1392 968 1390 971 
6750 1392 866 871 870 
6751 97 1392 979 556 
6752 1392 971 523 97 
6753 1392 979 971 97 
6754 1392 1390 557 523 
6755 1392 1390 523 971 
6756 1393 976 1390 968 
6757 1393 970 976 968 
6758 1393 984 980 970 
6759 1393 872 860 899 
$EndElements
