$MeshFormat
2.2 0 8
$EndMeshFormat
$PhysicalNames
7
1 200 "FOUND_BOT"
1 201 "SYM_FOUND"
1 202 "SYM_IND"
1 203 "IND_TOP"
2 100 "FOUNDATION"
2 101 "VOID"
2 102 "INDENTER"
$EndPhysicalNames
$Nodes
1667
1 0 -4 0
2 4 -4 0
3 4 0 0
4 0 0 0
5 4 0.8348486100883203 0
6 4 4 0
7 0 4 0
8 0.1025641025639084 -4 0
9 0.2051282051277912 -4 0
10 0.3076923076917055 -4 0
11 0.410256410255651 -4 0
12 0.5128205128195722 -4 0
13 0.6153846153833817 -4 0
14 0.717948717947185 -4 0
15 0.8205128205109882 -4 0
16 0.9230769230747913 -4 0
17 1.025641025638595 -4 0
18 1.128205128202398 -4 0
19 1.230769230766201 -4 0
20 1.333333333330004 -4 0
21 1.435897435893807 -4 0
22 1.53846153845761 -4 0
23 1.641025641021414 -4 0
24 1.743589743585217 -4 0
25 1.84615384614902 -4 0
26 1.948717948712823 -4 0
27 2.051282051276911 -4 0
28 2.153846153841285 -4 0
29 2.256410256405657 -4 0
30 2.35897435897003 -4 0
31 2.461538461534404 -4 0
32 2.564102564098777 -4 0
33 2.66666666666315 -4 0
34 2.769230769227522 -4 0
35 2.871794871791896 -4 0
36 2.974358974356269 -4 0
37 3.076923076920642 -4 0
38 3.179487179485015 -4 0
39 3.282051282049388 -4 0
40 3.384615384613761 -4 0
41 3.487179487178135 -4 0
42 3.589743589742507 -4 0
43 3.692307692306881 -4 0
44 3.794871794871254 -4 0
45 3.897435897435627 -4 0
46 4 -3.78947368420965 0
47 4 -3.578947368419299 0
48 4 -3.36842105263041 0
49 4 -3.157894736842398 0
50 4 -2.947368421054385 0
51 4 -2.736842105266371 0
52 4 -2.526315789478358 0
53 4 -2.315789473690344 0
54 4 -2.105263157902331 0
55 4 -1.894736842113149 0
56 4 -1.684210526322799 0
57 4 -1.473684210532449 0
58 4 -1.263157894742099 0
59 4 -1.05263157895175 0
60 4 -0.8421052631613999 0
61 4 -0.6315789473710498 0
62 4 -0.4210526315806997 0
63 4 -0.2105263157903496 0
64 3.897435897435471 0 0
65 3.794871794870941 0 0
66 3.692307692306411 0 0
67 3.589743589741881 0 0
68 3.487179487177545 0 0
69 3.384615384614103 0 0
70 3.282051282050713 0 0
71 3.179487179487322 0 0
72 3.076923076923931 0 0
73 2.97435897436054 0 0
74 2.871794871797149 0 0
75 2.769230769233758 0 0
76 2.666666666670367 0 0
77 2.564102564106975 0 0
78 2.461538461543585 0 0
79 2.358974358980193 0 0
80 2.256410256416802 0 0
81 2.153846153853411 0 0
82 2.05128205129002 0 0
83 1.94871794872606 0 0
84 1.84615384616153 0 0
85 1.743589743597001 0 0
86 1.641025641032471 0 0
87 1.538461538467942 0 0
88 1.435897435903412 0 0
89 1.333333333338883 0 0
90 1.230769230774353 0 0
91 1.128205128209824 0 0
92 1.025641025645294 0 0
93 0.9230769230807652 0 0
94 0.8205128205162353 0 0
95 0.7179487179517059 0 0
96 0.6153846153871769 0 0
97 0.5128205128226471 0 0
98 0.4102564102581181 0 0
99 0.3076923076935882 0 0
100 0.2051282051290588 0 0
101 0.1025641025645294 0 0
102 0 -0.2105263157890478 0
103 0 -0.4210526315781716 0
104 0 -0.6315789473671402 0
105 0 -0.8421052631559993 0
106 0 -1.052631578944858 0
107 0 -1.263157894733718 0
108 0 -1.473684210522577 0
109 0 -1.684210526311436 0
110 0 -1.894736842100295 0
111 0 -2.105263157889739 0
112 0 -2.315789473679768 0
113 0 -2.526315789469797 0
114 0 -2.736842105259826 0
115 0 -2.947368421049855 0
116 0 -3.157894736839884 0
117 0 -3.368421052629913 0
118 0 -3.578947368419942 0
119 0 -3.789473684209971 0
120 3.903071062688209 0.7931527502838449 0
121 3.805707566555702 0.7524819590410825 0
122 3.707920352162761 0.7128407646892807 0
123 3.609720306642272 0.6742335806747555 0
124 3.511118363024255 0.6366647053075223 0
125 3.412125500223471 0.6001383217238381 0
126 3.312752739456639 0.5646584965236947 0
127 3.21301114446133 0.5302291798815286 0
128 3.112911819634847 0.4968542048868017 0
129 3.012465911028078 0.4645372878452427 0
130 2.911684601460858 0.4332820266501152 0
131 2.810579112524636 0.4030919014382448 0
132 2.709160699979125 0.3739702731765568 0
133 2.607440656303304 0.3459203844252148 0
134 2.505430306193428 0.3189453580300707 0
135 2.403141006976223 0.2930481972665966 0
136 2.300584147871465 0.2682317856125174 0
137 2.197771147139473 0.2444988860232691 0
138 2.094713451952294 0.2218521409108316 0
139 1.991422536581061 0.2002940717184227 0
140 1.887909901706419 0.1798270787608409 0
141 1.784187071608637 0.160453440655683 0
142 1.680265593802426 0.142175314285419 0
143 1.57615703907546 0.1249947347774594 0
144 1.471872998706454 0.1089136149925931 0
145 1.36742508308721 0.0939337453182798 0
146 1.262824921957738 0.08005679368664786 0
147 1.158084160954195 0.06728430507814132 0
148 1.053214462314204 0.05561770161805413 0
149 0.9482275011632608 0.04505828213757468 0
150 0.843134965889385 0.03560722224908019 0
151 0.7379485582286343 0.02726557430669985 0
152 0.6326799894091195 0.02003426704273359 0
153 0.5273409792251438 0.01391410553514838 0
154 0.4219432565055259 0.008905771223579606 0
155 0.3164985549037223 0.005009821678470416 0
156 0.2110186152469606 0.002226690706612189 0
157 0.1055151815284057 0.0005566881717342653 0
158 4 0.2087121525215315 0
159 4 0.4174243050428799 0
160 4 0.6261364575655947 0
161 4 1.001435525346469 0
162 4 1.168022440604682 0
163 4 1.334609355862853 0
164 4 1.501196271120872 0
165 4 1.667783186378891 0
166 4 1.834370101636909 0
167 4 2.000957016894927 0
168 4 2.167543932153023 0
169 4 2.334130847410964 0
170 4 2.500717762669741 0
171 4 2.667304677928147 0
172 4 2.833891593187595 0
173 4 3.000478508446522 0
174 4 3.167065423705449 0
175 4 3.333652338964372 0
176 4 3.500239254223304 0
177 4 3.666826169482186 0
178 4 3.833413084741137 0
179 3.897435897435471 4 0
180 3.794871794870941 4 0
181 3.692307692306411 4 0
182 3.589743589741881 4 0
183 3.487179487177545 4 0
184 3.384615384614103 4 0
185 3.282051282050713 4 0
186 3.179487179487322 4 0
187 3.076923076923931 4 0
188 2.97435897436054 4 0
189 2.871794871797149 4 0
190 2.769230769233758 4 0
191 2.666666666670367 4 0
192 2.564102564106975 4 0
193 2.461538461543585 4 0
194 2.358974358980193 4 0
195 2.256410256416802 4 0
196 2.153846153853411 4 0
197 2.05128205129002 4 0
198 1.94871794872606 4 0
199 1.84615384616153 4 0
200 1.743589743597001 4 0
201 1.641025641032471 4 0
202 1.538461538467942 4 0
203 1.435897435903412 4 0
204 1.333333333338883 4 0
205 1.230769230774353 4 0
206 1.128205128209824 4 0
207 1.025641025645294 4 0
208 0.9230769230807652 4 0
209 0.8205128205162353 4 0
210 0.7179487179517059 4 0
211 0.6153846153871769 4 0
212 0.5128205128226471 4 0
213 0.4102564102581181 4 0
214 0.3076923076935882 4 0
215 0.2051282051290588 4 0
216 0.1025641025645294 4 0
217 0 3.78947368420965 0
218 0 3.578947368419299 0
219 0 3.36842105263041 0
220 0 3.157894736842398 0
221 0 2.947368421054385 0
222 0 2.736842105266371 0
223 0 2.526315789478358 0
224 0 2.315789473690344 0
225 0 2.105263157902331 0
226 0 1.894736842113149 0
227 0 1.684210526322799 0
228 0 1.473684210532449 0
229 0 1.263157894742099 0
230 0 1.05263157895175 0
231 0 0.8421052631613999 0
232 0 0.6315789473710498 0
233 0 0.4210526315806997 0
234 0 0.2105263157903496 0
235 0.1025641025639217 -3.789473684210005 0
236 0.1025641025639433 -3.578947368420011 0
237 0.1025641025639687 -3.368421052630019 0
238 0.1025641025639967 -3.157894736840031 0
239 0.1025641025640259 -2.947368421050047 0
240 0.1025641025640556 -2.736842105260073 0
241 0.1025641025640854 -2.526315789470111 0
242 0.1025641025641153 -2.315789473680181 0
243 0.1025641025641453 -2.105263157890337 0
244 0.1025641025641757 -1.894736842100892 0
245 0.1025641025642071 -1.684210526311847 0
246 0.1025641025642397 -1.473684210522886 0
247 0.1025641025642741 -1.263157894733955 0
248 0.1025641025643107 -1.052631578945034 0
249 0.1025641025643499 -0.8421052631561141 0
250 0.1025641025643916 -0.6315789473671812 0
251 0.1025641025644359 -0.4210526315781735 0
252 0.1025641025644821 -0.2105263157890754 0
253 0.2051282051278413 -3.789473684210039 0
254 0.2051282051278855 -3.57894736842008 0
255 0.2051282051279366 -3.368421052630125 0
256 0.2051282051279928 -3.157894736840177 0
257 0.2051282051280513 -2.947368421050238 0
258 0.2051282051281106 -2.736842105260316 0
259 0.2051282051281701 -2.526315789470418 0
260 0.2051282051282297 -2.315789473680572 0
261 0.2051282051282895 -2.105263157890839 0
262 0.2051282051283503 -1.894736842101395 0
263 0.2051282051284128 -1.684210526312236 0
264 0.2051282051284779 -1.473684210523189 0
265 0.2051282051285467 -1.263157894734189 0
266 0.2051282051286199 -1.052631578945209 0
267 0.2051282051286982 -0.8421052631562318 0
268 0.205128205128782 -0.6315789473672399 0
269 0.2051282051288708 -0.4210526315781968 0
270 0.2051282051289636 -0.2105263157890977 0
271 0.3076923076917623 -3.789473684210073 0
272 0.3076923076918259 -3.578947368420149 0
273 0.3076923076919031 -3.368421052630231 0
274 0.3076923076919877 -3.157894736840321 0
275 0.3076923076920758 -2.947368421050427 0
276 0.3076923076921648 -2.736842105260553 0
277 0.3076923076922538 -2.526315789470713 0
278 0.3076923076923427 -2.315789473680935 0
279 0.3076923076924322 -2.105263157891274 0
280 0.3076923076925229 -1.89473684210183 0
281 0.3076923076926162 -1.684210526312599 0
282 0.3076923076927136 -1.473684210523481 0
283 0.3076923076928165 -1.26315789473442 0
284 0.3076923076929263 -1.052631578945383 0
285 0.307692307693044 -0.8421052631563527 0
286 0.3076923076931701 -0.6315789473673106 0
287 0.307692307693304 -0.4210526315782332 0
288 0.3076923076934444 -0.2105263157891196 0
289 0.4102564102556814 -3.789473684210107 0
290 0.410256410255763 -3.578947368420217 0
291 0.4102564102558672 -3.368421052630334 0
292 0.4102564102559814 -3.157894736840464 0
293 0.4102564102560994 -2.947368421050611 0
294 0.410256410256218 -2.736842105260783 0
295 0.4102564102563362 -2.526315789470995 0
296 0.4102564102564541 -2.315789473681272 0
297 0.4102564102565725 -2.105263157891659 0
298 0.4102564102566927 -1.894736842102213 0
299 0.4102564102568166 -1.684210526312934 0
300 0.4102564102569458 -1.47368421052376 0
301 0.4102564102570825 -1.263157894734643 0
302 0.4102564102572288 -1.052631578945555 0
303 0.410256410257386 -0.842105263156476 0
304 0.4102564102575549 -0.631578947367389 0
305 0.4102564102577348 -0.4210526315782781 0
306 0.4102564102579238 -0.2105263157891429 0
307 0.5128205128195882 -3.78947368421014 0
308 0.5128205128196942 -3.578947368420284 0
309 0.5128205128198287 -3.368421052630437 0
310 0.5128205128199735 -3.157894736840604 0
311 0.5128205128201218 -2.947368421050789 0
312 0.5128205128202699 -2.736842105261004 0
313 0.512820512820417 -2.526315789471261 0
314 0.5128205128205634 -2.315789473681583 0
315 0.5128205128207103 -2.105263157892004 0
316 0.5128205128208592 -1.894736842102558 0
317 0.5128205128210129 -1.684210526313245 0
318 0.5128205128211734 -1.473684210524024 0
319 0.5128205128213436 -1.26315789473486 0
320 0.5128205128215262 -1.052631578945725 0
321 0.5128205128217231 -0.8421052631566008 0
322 0.5128205128219354 -0.6315789473674726 0
323 0.5128205128221625 -0.4210526315783285 0
324 0.5128205128224014 -0.2105263157891678 0
325 0.6153846153834736 -3.789473684210172 0
326 0.6153846153836182 -3.57894736842035 0
327 0.6153846153837867 -3.368421052630537 0
328 0.6153846153839641 -3.15789473684074 0
329 0.6153846153841429 -2.947368421050962 0
330 0.6153846153843205 -2.736842105261216 0
331 0.6153846153844961 -2.526315789471512 0
332 0.6153846153846703 -2.315789473681872 0
333 0.6153846153848448 -2.105263157892318 0
334 0.6153846153850218 -1.894736842102872 0
335 0.6153846153852043 -1.684210526313533 0
336 0.6153846153853954 -1.473684210524274 0
337 0.6153846153855986 -1.263157894735069 0
338 0.6153846153858173 -1.052631578945892 0
339 0.6153846153860542 -0.8421052631567263 0
340 0.6153846153863106 -0.6315789473675595 0
341 0.615384615386586 -0.4210526315783826 0
342 0.6153846153868768 -0.2105263157891941 0
343 0.7179487179473464 -3.789473684210205 0
344 0.7179487179475363 -3.578947368420414 0
345 0.7179487179477422 -3.368421052630635 0
346 0.717948717947953 -3.157894736840872 0
347 0.7179487179481632 -2.94736842105113 0
348 0.7179487179483699 -2.736842105261419 0
349 0.7179487179485731 -2.526315789471751 0
350 0.7179487179487744 -2.31578947368214 0
351 0.7179487179489755 -2.105263157892606 0
352 0.7179487179491795 -1.89473684210316 0
353 0.7179487179493903 -1.684210526313801 0
354 0.717948717949611 -1.473684210524512 0
355 0.7179487179498464 -1.26315789473527 0
356 0.7179487179501007 -1.052631578946054 0
357 0.7179487179503776 -0.8421052631568511 0
358 0.7179487179506788 -0.6315789473676483 0
359 0.7179487179510042 -0.421052631578439 0
360 0.7179487179513493 -0.2105263157892217 0
361 0.820512820511212 -3.789473684210236 0
362 0.8205128205114501 -3.578947368420478 0
363 0.8205128205116958 -3.368421052630731 0
364 0.8205128205119414 -3.157894736840999 0
365 0.8205128205121828 -2.947368421051291 0
366 0.8205128205124183 -2.736842105261613 0
367 0.8205128205126485 -2.526315789471976 0
368 0.8205128205128756 -2.315789473682392 0
369 0.8205128205131021 -2.105263157892872 0
370 0.8205128205133319 -1.894736842103427 0
371 0.8205128205135697 -1.684210526314053 0
372 0.820512820513819 -1.473684210524738 0
373 0.8205128205140859 -1.263157894735463 0
374 0.8205128205143754 -1.052631578946213 0
375 0.8205128205146921 -0.8421052631569745 0
376 0.820512820515039 -0.6315789473677378 0
377 0.8205128205154162 -0.4210526315784968 0
378 0.8205128205158183 -0.2105263157892501 0
379 0.9230769230750742 -3.789473684210266 0
380 0.9230769230753616 -3.57894736842054 0
381 0.9230769230756487 -3.368421052630823 0
382 0.9230769230759299 -3.157894736841123 0
383 0.9230769230762021 -2.947368421051447 0
384 0.9230769230764656 -2.736842105261799 0
385 0.9230769230767218 -2.52631578947219 0
386 0.9230769230769736 -2.315789473682628 0
387 0.9230769230772246 -2.105263157893122 0
388 0.9230769230774789 -1.894736842103677 0
389 0.923076923077742 -1.684210526314291 0
390 0.9230769230780187 -1.473684210524953 0
391 0.9230769230783158 -1.26315789473565 0
392 0.9230769230786399 -1.052631578946368 0
393 0.9230769230789964 -0.8421052631570969 0
394 0.9230769230793896 -0.6315789473678276 0
395 0.9230769230798204 -0.4210526315785554 0
396 0.9230769230802831 -0.210526315789279 0
397 1.025641025638935 -3.789473684210296 0
398 1.025641025639273 -3.578947368420599 0
399 1.025641025639602 -3.368421052630914 0
400 1.025641025639919 -3.157894736841244 0
401 1.025641025640222 -2.947368421051596 0
402 1.025641025640513 -2.736842105261978 0
403 1.025641025640794 -2.526315789472394 0
404 1.025641025641069 -2.315789473682851 0
405 1.025641025641342 -2.105263157893356 0
406 1.02564102564162 -1.894736842103912 0
407 1.025641025641907 -1.684210526314515 0
408 1.025641025642209 -1.473684210525158 0
409 1.025641025642535 -1.26315789473583 0
410 1.025641025642892 -1.052631578946519 0
411 1.025641025643288 -0.8421052631572175 0
412 1.025641025643728 -0.631578947367917 0
413 1.025641025644215 -0.4210526315786143 0
414 1.025641025644742 -0.2105263157893082 0
415 1.128205128202796 -3.789473684210326 0
416 1.128205128203185 -3.578947368420658 0
417 1.128205128203558 -3.368421052631001 0
418 1.128205128203911 -3.157894736841361 0
419 1.128205128204244 -2.947368421051741 0
420 1.12820512820456 -2.73684210526215 0
421 1.128205128204864 -2.526315789472588 0
422 1.128205128205161 -2.315789473683063 0
423 1.128205128205456 -2.105263157893579 0
424 1.128205128205754 -1.894736842104135 0
425 1.128205128206063 -1.684210526314729 0
426 1.128205128206389 -1.473684210525356 0
427 1.128205128206742 -1.263157894736005 0
428 1.128205128207131 -1.052631578946667 0
429 1.128205128207566 -0.8421052631573362 0
430 1.128205128208054 -0.6315789473680059 0
431 1.128205128208598 -0.4210526315786732 0
432 1.128205128209195 -0.2105263157893375 0
433 1.23076923076666 -3.789473684210354 0
434 1.230769230767102 -3.578947368420715 0
435 1.230769230767518 -3.368421052631086 0
436 1.230769230767905 -3.157894736841474 0
437 1.230769230768267 -2.947368421051882 0
438 1.230769230768609 -2.736842105262315 0
439 1.230769230768934 -2.526315789472775 0
440 1.230769230769251 -2.315789473683266 0
441 1.230769230769564 -2.10526315789379 0
442 1.230769230769881 -1.894736842104348 0
443 1.23076923077021 -1.684210526314935 0
444 1.230769230770558 -1.473684210525546 0
445 1.230769230770936 -1.263157894736174 0
446 1.230769230771355 -1.052631578946812 0
447 1.230769230771827 -0.8421052631574533 0
448 1.230769230772362 -0.6315789473680942 0
449 1.230769230772968 -0.421052631578732 0
450 1.230769230773639 -0.2105263157893669 0
451 1.333333333330527 -3.789473684210382 0
452 1.333333333331024 -3.578947368420771 0
453 1.333333333331483 -3.36842105263117 0
454 1.333333333331905 -3.157894736841584 0
455 1.333333333332295 -2.947368421052018 0
456 1.333333333332658 -2.736842105262474 0
457 1.333333333333004 -2.526315789472954 0
458 1.333333333333338 -2.315789473683461 0
459 1.333333333333668 -2.105263157893994 0
460 1.333333333334002 -1.894736842104552 0
461 1.333333333334348 -1.684210526315133 0
462 1.333333333334716 -1.47368421052573 0
463 1.333333333335116 -1.263157894736339 0
464 1.333333333335563 -1.052631578946953 0
465 1.33333333333607 -0.8421052631575686 0
466 1.333333333336651 -0.6315789473681815 0
467 1.333333333337319 -0.4210526315787906 0
468 1.333333333338072 -0.2105263157893962 0
469 1.4358974358944 -3.789473684210409 0
470 1.435897435894955 -3.578947368420825 0
471 1.435897435895458 -3.368421052631251 0
472 1.435897435895912 -3.157894736841692 0
473 1.435897435896327 -2.94736842105215 0
474 1.43589743589671 -2.736842105262629 0
475 1.435897435897073 -2.526315789473128 0
476 1.435897435897423 -2.315789473683649 0
477 1.435897435897767 -2.10526315789419 0
478 1.435897435898115 -1.89473684210475 0
479 1.435897435898477 -1.684210526315324 0
480 1.435897435898861 -1.47368421052591 0
481 1.43589743589928 -1.263157894736501 0
482 1.435897435899751 -1.052631578947093 0
483 1.435897435900291 -0.8421052631576827 0
484 1.435897435900917 -0.6315789473682683 0
485 1.435897435901649 -0.4210526315788488 0
486 1.43589743590249 -0.2105263157894255 0
487 1.538461538458282 -3.789473684210436 0
488 1.538461538458897 -3.578947368420878 0
489 1.538461538459443 -3.368421052631331 0
490 1.538461538459928 -3.157894736841797 0
491 1.538461538460365 -2.947368421052279 0
492 1.538461538460766 -2.736842105262779 0
493 1.538461538461143 -2.526315789473297 0
494 1.538461538461506 -2.315789473683832 0
495 1.538461538461862 -2.105263157894381 0
496 1.538461538462222 -1.894736842104942 0
497 1.538461538462595 -1.684210526315511 0
498 1.538461538462992 -1.473684210526085 0
499 1.538461538463428 -1.263157894736659 0
500 1.53846153846392 -1.05263157894723 0
501 1.538461538464487 -0.8421052631577955 0
502 1.538461538465155 -0.6315789473683545 0
503 1.538461538465951 -0.4210526315789069 0
504 1.538461538466888 -0.2105263157894546 0
505 1.641025641022178 -3.789473684210462 0
506 1.641025641022856 -3.57894736842093 0
507 1.641025641023442 -3.368421052631407 0
508 1.641025641023954 -3.157894736841899 0
509 1.64102564102441 -2.947368421052405 0
510 1.641025641024826 -2.736842105262927 0
511 1.641025641025215 -2.526315789473462 0
512 1.641025641025588 -2.31578947368401 0
513 1.641025641025953 -2.105263157894567 0
514 1.641025641026321 -1.89473684210513 0
515 1.641025641026704 -1.684210526315695 0
516 1.641025641027111 -1.473684210526258 0
517 1.641025641027559 -1.263157894736816 0
518 1.641025641028066 -1.052631578947366 0
519 1.641025641028656 -0.8421052631579076 0
520 1.64102564102936 -0.6315789473684401 0
521 1.641025641030216 -0.4210526315789648 0
522 1.641025641031256 -0.2105263157894838 0
523 1.743589743586094 -3.789473684210487 0
524 1.743589743586837 -3.578947368420981 0
525 1.74358974358746 -3.368421052631484 0
526 1.743589743587993 -3.157894736841999 0
527 1.743589743588464 -2.947368421052529 0
528 1.743589743588892 -2.736842105263071 0
529 1.743589743589289 -2.526315789473624 0
530 1.743589743589668 -2.315789473684185 0
531 1.74358974359004 -2.10526315789475 0
532 1.743589743590414 -1.894736842105315 0
533 1.743589743590802 -1.684210526315875 0
534 1.743589743591216 -1.473684210526428 0
535 1.743589743591671 -1.263157894736971 0
536 1.743589743592189 -1.052631578947501 0
537 1.743589743592795 -0.8421052631580191 0
538 1.743589743593527 -0.6315789473685258 0
539 1.743589743594436 -0.4210526315790228 0
540 1.743589743595583 -0.210526315789513 0
541 1.846153846150042 -3.789473684210512 0
542 1.846153846150846 -3.57894736842103 0
543 1.846153846151497 -3.368421052631557 0
544 1.846153846152047 -3.157894736842096 0
545 1.846153846152529 -2.94736842105265 0
546 1.846153846152963 -2.736842105263213 0
547 1.846153846153366 -2.526315789473784 0
548 1.846153846153749 -2.315789473684358 0
549 1.846153846154124 -2.105263157894931 0
550 1.8461538461545 -1.894736842105498 0
551 1.846153846154891 -1.684210526316055 0
552 1.846153846155307 -1.473684210526597 0
553 1.846153846155765 -1.263157894737125 0
554 1.846153846156287 -1.052631578947636 0
555 1.846153846156901 -0.8421052631581307 0
556 1.84615384615765 -0.6315789473686115 0
557 1.846153846158597 -0.4210526315790808 0
558 1.846153846159846 -0.2105263157895423 0
559 1.948717948714042 -3.789473684210536 0
560 1.948717948714892 -3.578947368421078 0
561 1.94871794871556 -3.368421052631629 0
562 1.948717948716118 -3.157894736842192 0
563 1.948717948716604 -2.947368421052769 0
564 1.948717948717041 -2.736842105263352 0
565 1.948717948717445 -2.526315789473942 0
566 1.948717948717829 -2.315789473684529 0
567 1.948717948718204 -2.105263157895112 0
568 1.948717948718581 -1.894736842105681 0
569 1.94871794871897 -1.684210526316234 0
570 1.948717948719385 -1.473684210526767 0
571 1.948717948719841 -1.263157894737279 0
572 1.94871794872036 -1.052631578947771 0
573 1.948717948720972 -0.8421052631582426 0
574 1.948717948721723 -0.6315789473686976 0
575 1.948717948722686 -0.4210526315791392 0
576 1.948717948724004 -0.2105263157895717 0
577 2.051282051278131 -3.789473684210559 0
578 2.05128205127898 -3.578947368421124 0
579 2.051282051279648 -3.368421052631699 0
580 2.051282051280206 -3.157894736842287 0
581 2.051282051280692 -2.947368421052885 0
582 2.051282051281127 -2.736842105263492 0
583 2.051282051281529 -2.526315789474099 0
584 2.051282051281911 -2.315789473684701 0
585 2.051282051282283 -2.105263157895292 0
586 2.051282051282656 -1.894736842105864 0
587 2.051282051283041 -1.684210526316414 0
588 2.05128205128345 -1.473684210526937 0
589 2.051282051283899 -1.263157894737435 0
590 2.051282051284409 -1.052631578947907 0
591 2.051282051285009 -0.8421052631583557 0
592 2.051282051285745 -0.6315789473687846 0
593 2.051282051286689 -0.4210526315791982 0
594 2.051282051287986 -0.2105263157896015 0
595 2.153846153842307 -3.789473684210581 0
596 2.153846153843112 -3.578947368421169 0
597 2.153846153843763 -3.368421052631767 0
598 2.153846153844312 -3.157894736842379 0
599 2.15384615384479 -2.947368421053001 0
600 2.15384615384522 -2.73684210526363 0
601 2.153846153845617 -2.526315789474257 0
602 2.153846153845994 -2.315789473684874 0
603 2.15384615384636 -2.105263157895474 0
604 2.153846153846727 -1.894736842106049 0
605 2.153846153847104 -1.684210526316596 0
606 2.153846153847503 -1.47368421052711 0
607 2.153846153847939 -1.263157894737593 0
608 2.153846153848433 -1.052631578948045 0
609 2.153846153849011 -0.8421052631584702 0
610 2.153846153849714 -0.6315789473688728 0
611 2.153846153850608 -0.4210526315792578 0
612 2.153846153851793 -0.2105263157896316 0
613 2.256410256406537 -3.789473684210603 0
614 2.25641025640728 -3.578947368421212 0
615 2.256410256407903 -3.368421052631834 0
616 2.256410256408435 -3.157894736842469 0
617 2.256410256408901 -2.947368421053116 0
618 2.256410256409322 -2.736842105263767 0
619 2.25641025640971 -2.526315789474415 0
620 2.256410256410079 -2.315789473685048 0
621 2.256410256410436 -2.105263157895658 0
622 2.256410256410794 -1.894736842106238 0
623 2.256410256411159 -1.684210526316781 0
624 2.256410256411545 -1.473684210527286 0
625 2.256410256411964 -1.263157894737754 0
626 2.256410256412435 -1.052631578948186 0
627 2.256410256412981 -0.8421052631585867 0
628 2.256410256413638 -0.6315789473689626 0
629 2.256410256414455 -0.4210526315793187 0
630 2.256410256415498 -0.2105263157896623 0
631 2.358974358970798 -3.789473684210623 0
632 2.358974358971478 -3.578947368421253 0
633 2.358974358972064 -3.368421052631897 0
634 2.358974358972573 -3.157894736842556 0
635 2.358974358973024 -2.947368421053228 0
636 2.358974358973431 -2.736842105263904 0
637 2.358974358973808 -2.526315789474574 0
638 2.358974358974165 -2.315789473685225 0
639 2.358974358974512 -2.105263157895847 0
640 2.358974358974857 -1.894736842106431 0
641 2.358974358975209 -1.684210526316972 0
642 2.358974358975579 -1.473684210527467 0
643 2.358974358975976 -1.263157894737919 0
644 2.358974358976418 -1.05263157894833 0
645 2.358974358976924 -0.8421052631587059 0
646 2.358974358977522 -0.631578947369054 0
647 2.358974358978248 -0.4210526315793807 0
648 2.35897435897914 -0.2105263157896936 0
649 2.461538461535081 -3.789473684210641 0
650 2.461538461535699 -3.578947368421292 0
651 2.461538461536246 -3.368421052631958 0
652 2.461538461536728 -3.157894736842642 0
653 2.461538461537158 -2.947368421053339 0
654 2.461538461537549 -2.736842105264042 0
655 2.461538461537911 -2.526315789474736 0
656 2.461538461538256 -2.315789473685407 0
657 2.461538461538588 -2.105263157896041 0
658 2.461538461538919 -1.894736842106631 0
659 2.461538461539254 -1.684210526317169 0
660 2.461538461539604 -1.473684210527654 0
661 2.461538461539977 -1.263157894738089 0
662 2.461538461540385 -1.052631578948478 0
663 2.461538461540844 -0.8421052631588284 0
664 2.461538461541375 -0.6315789473691479 0
665 2.461538461542001 -0.4210526315794442 0
666 2.461538461542743 -0.2105263157897257 0
667 2.564102564099378 -3.789473684210657 0
668 2.564102564099938 -3.578947368421326 0
669 2.564102564100444 -3.368421052632014 0
670 2.564102564100895 -3.157894736842724 0
671 2.564102564101303 -2.947368421053449 0
672 2.564102564101674 -2.736842105264181 0
673 2.56410256410202 -2.526315789474902 0
674 2.564102564102348 -2.315789473685594 0
675 2.564102564102664 -2.105263157896243 0
676 2.56410256410298 -1.894736842106839 0
677 2.564102564103296 -1.684210526317374 0
678 2.564102564103623 -1.473684210527848 0
679 2.564102564103968 -1.263157894738266 0
680 2.564102564104338 -1.052631578948631 0
681 2.564102564104746 -0.8421052631589548 0
682 2.564102564105204 -0.6315789473692447 0
683 2.564102564105727 -0.4210526315795096 0
684 2.564102564106321 -0.2105263157897586 0
685 2.666666666663685 -3.78947368421067 0
686 2.666666666664192 -3.578947368421356 0
687 2.666666666664655 -3.368421052632066 0
688 2.666666666665075 -3.157894736842803 0
689 2.666666666665457 -2.947368421053558 0
690 2.666666666665807 -2.736842105264321 0
691 2.666666666666134 -2.526315789475071 0
692 2.666666666666444 -2.315789473685788 0
693 2.666666666666743 -2.105263157896454 0
694 2.666666666667039 -1.894736842107057 0
695 2.666666666667335 -1.68421052631759 0
696 2.666666666667637 -1.473684210528052 0
697 2.666666666667952 -1.26315789473845 0
698 2.666666666668282 -1.052631578948791 0
699 2.666666666668636 -0.842105263159086 0
700 2.666666666669018 -0.6315789473693446 0
701 2.666666666669434 -0.4210526315795772 0
702 2.666666666669886 -0.2105263157897925 0
703 2.769230769228 -3.78947368421068 0
704 2.769230769228455 -3.57894736842138 0
705 2.769230769228878 -3.368421052632111 0
706 2.769230769229265 -3.157894736842875 0
707 2.76923076922962 -2.947368421053665 0
708 2.769230769229948 -2.736842105264462 0
709 2.769230769230253 -2.526315789475245 0
710 2.769230769230544 -2.315789473685991 0
711 2.769230769230824 -2.105263157896677 0
712 2.7692307692311 -1.894736842107288 0
713 2.769230769231373 -1.684210526317817 0
714 2.769230769231649 -1.473684210528267 0
715 2.769230769231932 -1.263157894738643 0
716 2.769230769232221 -1.052631578948958 0
717 2.769230769232519 -0.8421052631592225 0
718 2.769230769232824 -0.6315789473694485 0
719 2.769230769233133 -0.421052631579647 0
720 2.769230769233445 -0.2105263157898276 0
721 2.87179487179232 -3.789473684210686 0
722 2.871794871792729 -3.578947368421398 0
723 2.871794871793112 -3.368421052632149 0
724 2.871794871793465 -3.157894736842943 0
725 2.871794871793792 -2.947368421053769 0
726 2.871794871794095 -2.736842105264606 0
727 2.871794871794378 -2.526315789475428 0
728 2.871794871794648 -2.315789473686205 0
729 2.871794871794907 -2.105263157896913 0
730 2.87179487179516 -1.894736842107534 0
731 2.871794871795411 -1.68421052631806 0
732 2.871794871795661 -1.473684210528494 0
733 2.871794871795911 -1.263157894738847 0
734 2.871794871796158 -1.052631578949133 0
735 2.8717948717964 -0.842105263159365 0
736 2.871794871796628 -0.6315789473695566 0
737 2.871794871796832 -0.4210526315797194 0
738 2.871794871797004 -0.2105263157898639 0
739 2.974358974356645 -3.789473684210687 0
740 2.974358974357009 -3.578947368421405 0
741 2.974358974357353 -3.368421052632176 0
742 2.974358974357673 -3.157894736843002 0
743 2.974358974357971 -2.94736842105387 0
744 2.974358974358247 -2.736842105264752 0
745 2.974358974358507 -2.526315789475619 0
746 2.974358974358755 -2.315789473686433 0
747 2.974358974358992 -2.105263157897168 0
748 2.974358974359224 -1.894736842107799 0
749 2.974358974359451 -1.68421052631832 0
750 2.974358974359673 -1.473684210528736 0
751 2.974358974359889 -1.263157894739063 0
752 2.974358974360096 -1.052631578949317 0
753 2.974358974360283 -0.842105263159514 0
754 2.974358974360437 -0.631578947369669 0
755 2.974358974360538 -0.4210526315797946 0
756 2.97435897436057 -0.2105263157899016 0
757 3.076923076920973 -3.78947368421068 0
758 3.076923076921295 -3.578947368421402 0
759 3.076923076921601 -3.368421052632191 0
760 3.076923076921887 -3.157894736843052 0
761 3.076923076922156 -2.947368421053966 0
762 3.076923076922406 -2.736842105264901 0
763 3.076923076922641 -2.526315789475818 0
764 3.076923076922866 -2.315789473686678 0
765 3.076923076923081 -2.105263157897444 0
766 3.076923076923289 -1.894736842108087 0
767 3.076923076923491 -1.684210526318601 0
768 3.076923076923686 -1.473684210528997 0
769 3.076923076923871 -1.263157894739293 0
770 3.076923076924039 -1.052631578949511 0
771 3.076923076924175 -0.84210526315967 0
772 3.076923076924259 -0.6315789473697863 0
773 3.076923076924261 -0.4210526315798727 0
774 3.076923076924151 -0.2105263157899407 0
775 3.179487179485304 -3.789473684210664 0
776 3.179487179485585 -3.578947368421382 0
777 3.179487179485855 -3.368421052632188 0
778 3.179487179486109 -3.157894736843088 0
779 3.179487179486347 -2.947368421054056 0
780 3.17948717948657 -2.736842105265052 0
781 3.179487179486781 -2.526315789476031 0
782 3.179487179486981 -2.315789473686943 0
783 3.179487179487174 -2.105263157897746 0
784 3.179487179487358 -1.894736842108403 0
785 3.179487179487535 -1.684210526318908 0
786 3.179487179487703 -1.473684210529277 0
787 3.179487179487858 -1.263157894739537 0
788 3.17948717948799 -1.052631578949716 0
789 3.17948717948808 -0.8421052631598337 0
790 3.179487179488101 -0.6315789473699085 0
791 3.17948717948801 -0.4210526315799538 0
792 3.179487179487756 -0.2105263157899812 0
793 3.282051282049637 -3.789473684210635 0
794 3.28205128204988 -3.57894736842134 0
795 3.282051282050114 -3.368421052632164 0
796 3.282051282050335 -3.157894736843109 0
797 3.282051282050543 -2.94736842105414 0
798 3.282051282050738 -2.736842105265207 0
799 3.282051282050924 -2.526315789476257 0
800 3.2820512820511 -2.315789473687232 0
801 3.282051282051269 -2.105263157898078 0
802 3.282051282051429 -1.894736842108751 0
803 3.282051282051583 -1.684210526319243 0
804 3.282051282051726 -1.47368421052958 0
805 3.282051282051852 -1.263157894739799 0
806 3.282051282051951 -1.052631578949932 0
807 3.282051282052003 -0.8421052631600056 0
808 3.28205128205197 -0.6315789473700361 0
809 3.2820512820518 -0.4210526315800382 0
810 3.282051282051404 -0.2105263157900231 0
811 3.384615384613971 -3.78947368421059 0
812 3.384615384614178 -3.578947368421271 0
813 3.384615384614377 -3.368421052632111 0
814 3.384615384614566 -3.157894736843109 0
815 3.384615384614744 -2.947368421054214 0
816 3.384615384614912 -2.736842105265366 0
817 3.384615384615071 -2.526315789476499 0
818 3.384615384615222 -2.31578947368755 0
819 3.384615384615367 -2.10526315789845 0
820 3.384615384615504 -1.89473684210914 0
821 3.384615384615634 -1.684210526319611 0
822 3.384615384615752 -1.473684210529908 0
823 3.384615384615853 -1.263157894740078 0
824 3.384615384615924 -1.052631578950161 0
825 3.384615384615944 -0.8421052631601853 0
826 3.384615384615873 -0.6315789473701688 0
827 3.384615384615641 -0.4210526315801257 0
828 3.384615384615123 -0.2105263157900666 0
829 3.487179487178307 -3.789473684210523 0
830 3.487179487178478 -3.578947368421164 0
831 3.487179487178643 -3.368421052632019 0
832 3.4871794871788 -3.157894736843081 0
833 3.487179487178948 -2.947368421054276 0
834 3.487179487179088 -2.736842105265526 0
835 3.487179487179221 -2.526315789476759 0
836 3.487179487179347 -2.315789473687902 0
837 3.487179487179468 -2.10526315789887 0
838 3.487179487179581 -1.894736842109578 0
839 3.487179487179688 -1.68421052632002 0
840 3.487179487179783 -1.473684210530263 0
841 3.487179487179862 -1.263157894740375 0
842 3.487179487179911 -1.052631578950402 0
843 3.487179487179908 -0.8421052631603728 0
844 3.487179487179813 -0.6315789473703066 0
845 3.487179487179551 -0.4210526315802161 0
846 3.487179487178961 -0.2105263157901113 0
847 3.589743589742645 -3.789473684210429 0
848 3.589743589742781 -3.578947368421006 0
849 3.589743589742912 -3.368421052631878 0
850 3.589743589743037 -3.157894736843024 0
851 3.589743589743155 -2.947368421054327 0
852 3.589743589743267 -2.73684210526569 0
853 3.589743589743373 -2.526315789477039 0
854 3.589743589743475 -2.315789473688294 0
855 3.589743589743571 -2.10526315789935 0
856 3.589743589743661 -1.894736842110078 0
857 3.589743589743746 -1.684210526320473 0
858 3.58974358974382 -1.473684210530647 0
859 3.589743589743878 -1.263157894740691 0
860 3.589743589743909 -1.052631578950654 0
861 3.589743589743894 -0.8421052631605677 0
862 3.589743589743793 -0.6315789473704487 0
863 3.589743589743538 -0.4210526315803091 0
864 3.589743589742995 -0.2105263157901573 0
865 3.692307692306983 -3.789473684210299 0
866 3.692307692307085 -3.578947368420779 0
867 3.692307692307182 -3.368421052631671 0
868 3.692307692307276 -3.157894736842928 0
869 3.692307692307364 -2.947368421054362 0
870 3.692307692307448 -2.736842105265858 0
871 3.692307692307527 -2.526315789477341 0
872 3.692307692307605 -2.315789473688732 0
873 3.692307692307677 -2.105263157899906 0
874 3.692307692307744 -1.894736842110656 0
875 3.692307692307807 -1.684210526320976 0
876 3.69230769230786 -1.473684210531061 0
877 3.692307692307901 -1.263157894741024 0
878 3.69230769230792 -1.052631578950917 0
879 3.6923076923079 -0.8421052631607692 0
880 3.692307692307809 -0.6315789473705949 0
881 3.692307692307595 -0.4210526315804046 0
882 3.692307692307163 -0.2105263157902044 0
883 3.794871794871322 -3.789473684210127 0
884 3.794871794871389 -3.578947368420452 0
885 3.794871794871455 -3.368421052631379 0
886 3.794871794871516 -3.157894736842791 0
887 3.794871794871575 -2.947368421054381 0
888 3.794871794871631 -2.736842105266027 0
889 3.794871794871684 -2.526315789477664 0
890 3.794871794871736 -2.315789473689222 0
891 3.794871794871784 -2.105263157900562 0
892 3.794871794871828 -1.894736842111334 0
893 3.79487179487187 -1.684210526321534 0
894 3.794871794871904 -1.473684210531504 0
895 3.79487179487193 -1.263157894741372 0
896 3.794871794871941 -1.052631578951189 0
897 3.794871794871924 -0.8421052631609761 0
898 3.794871794871855 -0.6315789473707445 0
899 3.794871794871702 -0.4210526315805018 0
900 3.794871794871408 -0.2105263157902523 0
901 3.897435897435661 -3.789473684209909 0
902 3.897435897435694 -3.578947368419984 0
903 3.897435897435727 -3.368421052630972 0
904 3.897435897435758 -3.15789473684261 0
905 3.897435897435787 -2.947368421054387 0
906 3.897435897435815 -2.736842105266199 0
907 3.897435897435842 -2.526315789478005 0
908 3.897435897435868 -2.315789473689763 0
909 3.897435897435892 -2.105263157901353 0
910 3.897435897435914 -1.894736842112147 0
911 3.897435897435934 -1.684210526322146 0
912 3.897435897435952 -1.473684210531969 0
913 3.897435897435964 -1.263157894741733 0
914 3.897435897435969 -1.052631578951468 0
915 3.897435897435959 -0.8421052631611869 0
916 3.897435897435923 -0.6315789473708966 0
917 3.897435897435843 -0.4210526315806004 0
918 3.897435897435695 -0.2105263157903008 0
919 3.693917989469914 0.09707601024204224 0
920 3.502637475350136 0.08771926699968245 0
921 3.551249380770541 0.5428586814891616 0
922 3.296935700228515 0.1033119317044242 0
923 3.346960635537826 0.4674477192752903 0
924 3.084941192666965 0.09125231218901862 0
925 2.89864208714659 0.09986048127102107 0
926 3.138757547538982 0.3987884258156679 0
927 2.680651279493448 0.1394290842217671 0
928 3.750515301899584 0.6329849438405758 0
929 2.927553255088794 0.3318072619824235 0
930 2.53111093618713 0.2189273018503506 0
931 2.728998699334946 0.2828587829427417 0
932 2.323144807939253 0.1679135211640696 0
933 2.078306255324054 0.1101177231001787 0
934 2.552633608656041 0.1128791049600672 0
935 2.445788923464441 0.0968639814808713 0
936 1.971265168960343 0.1004487497880801 0
937 3.889536607386529 0.09587561161547675 0
938 3.818586707649128 0.21922831124051 0
939 1.869114647575749 0.09144109407404311 0
940 3.795196967926932 0.3413548877081818 0
941 3.887134640374751 0.6614580429507586 0
942 3.653727816004979 0.5817634717979041 0
943 3.450653236515156 0.5047513017122585 0
944 2.345978633223719 0.08038847822217357 0
945 2.272682114804136 0.06230093507456121 0
946 1.775400318369822 0.08799697970828466 0
947 3.242337022860096 0.4330579623104217 0
948 3.034051710658972 0.3638750250212087 0
949 3.813933177784317 0.6830432547487526 0
950 2.824051679226268 0.307927345890398 0
951 2.63417426539821 0.2496126302187416 0
952 2.425916503756559 0.1944958941957224 0
953 2.206697966591663 0.1160089690313124 0
954 3.503304316666931 0.3974384969605194 0
955 3.271994061227953 0.3356549841470338 0
956 3.16512963459045 0.3004541643296393 0
957 3.620326284270075 0.3433141361770168 0
958 2.943822888334196 0.212530063552251 0
959 3.187320667599333 0.09963706357875024 0
960 2.992085499688066 0.09069223777246005 0
961 3.404108517619784 0.09688556226135614 0
962 2.797418543799551 0.1109115907595956 0
963 3.595201024254804 0.0874777079349832 0
964 3.697074082266285 0.4572589886738677 0
965 2.821613199867279 0.2122720874983553 0
966 3.804651742492393 0.1032703061052491 0
967 2.74646342731275 0.2152857195772775 0
968 3.375803303146268 0.3704880636804488 0
969 3.05875907829437 0.2665569447635649 0
970 3.580884766239461 0.4694379160005866 0
971 3.827692167563649 0.547545886074397 0
972 3.567266538967534 0.2539436080837554 0
973 3.392638496743459 0.2984228709873354 0
974 3.317334140286739 0.2272879821113458 0
975 3.184363853233712 0.2006244486795499 0
976 3.672251122187307 0.2061716532553489 0
977 3.528094640890222 0.1702813359736498 0
978 3.080083660727093 0.1779793956384608 0
979 3.469520217832462 0.2828313751382711 0
980 3.008258495066981 0.1577859035729217 0
981 3.433132770373768 0.191497515737437 0
982 3.594990619815925 0.1518444755372353 0
983 3.695386230833875 0.3013458069470997 0
984 3.901363240988637 0.9673143467396759 0
985 3.802840295512682 0.9322939972963726 0
986 3.704222462551932 0.8971612124413804 0
987 3.605406437021448 0.862325726436323 0
988 3.506339088378357 0.8280176325227223 0
989 3.406992800961736 0.7943757053042528 0
990 3.307353787288652 0.7614893090965034 0
991 3.207416227426713 0.7294194149300184 0
992 3.107179164706876 0.6982097156750509 0
993 3.006644772671579 0.6678928104462168 0
994 2.905817337237009 0.6384938134357045 0
995 2.804702630736712 0.6100325542765005 0
996 2.703307509385653 0.5825249730913168 0
997 2.601639644579886 0.5559840356348363 0
998 2.499707336386752 0.530420350535646 0
999 2.3975193802722 0.5058425947561395 0
1000 2.29508496898253 0.48225781088216 0
1001 2.192413618145431 0.4596716155571279 0
1002 2.089515108777777 0.4380883440582017 0
1003 1.986399441719361 0.4175111469089051 0
1004 1.883076800845747 0.3979420486865199 0
1005 1.779557522627931 0.3793819751336351 0
1006 1.675852070754982 0.3618307517749375 0
1007 1.571971014549169 0.3452870746059892 0
1008 1.46792500994575 0.3297484508809504 0
1009 1.363724782623136 0.3152111052542852 0
1010 1.259381112825257 0.3016698427424233 0
1011 1.154904821014524 0.2891178545684815 0
1012 1.050306754351209 0.2775464449627945 0
1013 0.9455977730838271 0.2669446439966235 0
1014 0.840788736750125 0.2572986503808052 0
1015 0.7358904891301538 0.2485910117971415 0
1016 0.6309138403582394 0.2407993864154863 0
1017 0.5258695446075674 0.2338946130507635 0
1018 0.4207682695772521 0.2278375991039383 0
1019 0.3156205502007854 0.2225741126144925 0
1020 0.2104367127931567 0.2180257192383325 0
1021 0.1052267385180163 0.2140733579391126 0
1022 3.9005391158909 1.138157293007848 0
1023 3.80119384274628 1.107456976436497 0
1024 3.701857614543785 1.076323730378802 0
1025 3.602443247882319 1.045097661178985 0
1026 3.502888057353683 1.014035089899847 0
1027 3.403149246975528 0.9833233152512322 0
1028 3.303198473467668 0.9530991832937409 0
1029 3.203017557796294 0.9234639626405347 0
1030 3.10259545107611 0.8944939297821872 0
1031 3.001926162806119 0.8662476054408396 0
1032 2.901007355082115 0.8387706526695796 0
1033 2.799839381397039 0.8120992055809212 0
1034 2.698424619520989 0.7862621556041285 0
1035 2.596766999825581 0.7612827424941855 0
1036 2.494871664910868 0.7371796760210201 0
1037 2.392744718847359 0.7139679354319021 0
1038 2.290393038612711 0.6916593430913266 0
1039 2.18782412942852 0.6702629760719798 0
1040 2.085046011665543 0.6497854582654631 0
1041 1.982067130808984 0.630231161527257 0
1042 1.878896284531929 0.6116023348178582 0
1043 1.775542562622124 0.5938991735334789 0
1044 1.672015296704839 0.5771198361314241 0
1045 1.56832401747154 0.5612604109603313 0
1046 1.464478417643179 0.5463148323421561 0
1047 1.360488319327933 0.5322747409369949 0
1048 1.25636364469228 0.5191292787281948 0
1049 1.152114388987503 0.5068648030063387 0
1050 1.047750595104212 0.495464495755819 0
1051 0.9432823287771063 0.484907833794898 0
1052 0.8387196535079633 0.4751698695230715 0
1053 0.7340726039929585 0.466220250431375 0
1054 0.6293511564050256 0.4580218758985938 0
1055 0.5245651932560799 0.450529051765969 0
1056 0.4197244594401606 0.4436849615320982 0
1057 0.3148385043975243 0.4374182488511846 0
1058 0.2099166032701943 0.4316385662175673 0
1059 0.1049676479082174 0.4262312787902879 0
1060 3.900023497729046 1.307821567181609 0
1061 3.80012738794633 1.280381476710626 0
1062 3.70025510004868 1.252504980692539 0
1063 3.600350221952008 1.22441384075123 0
1064 3.50036351720223 1.196308888841629 0
1065 3.400255227097333 1.168360358616638 0
1066 3.299994783145114 1.140707871273162 0
1067 3.199559527173554 1.113464296070022 0
1068 3.098933247704667 1.086720494252802 0
1069 2.998104858835839 1.06054969831607 0
1070 2.897067313910898 1.03501114048374 0
1071 2.795816749506977 1.010152910533931 0
1072 2.694351823327978 0.9860141509154198 0
1073 2.592673204881542 0.9626267225134504 0
1074 2.490783182812974 0.9400164616485499 0
1075 2.388685360093647 0.918204125721232 0
1076 2.286384415112848 0.8972061021240395 0
1077 2.183885912297907 0.8770349360144197 0
1078 2.081196150159615 0.8576997177066649 0
1079 1.978322037823645 0.8392063592040314 0
1080 1.875270993419362 0.8215577809335273 0
1081 1.772050859373333 0.8047540233015256 0
1082 1.668669830871929 0.7887922926286229 0
1083 1.565136394634495 0.7736669468473439 0
1084 1.461459275772 0.7593694226654746 0
1085 1.357647390969997 0.7458881023994732 0
1086 1.253709806563431 0.7332081151124372 0
1087 1.14965570029157 0.7213110628548854 0
1088 1.045494325661983 0.7101746585943677 0
1089 0.9412349779111739 0.6997722578783933 0
1090 0.8368869605389717 0.6900722617822037 0
1091 0.7324595513025309 0.6810373652951461 0
1092 0.6279619663930591 0.672623625370686 0
1093 0.5234033213021118 0.6647793312908572 0
1094 0.4187925866475001 0.6574436861894435 0
1095 0.3141385371066308 0.6505453695392885 0
1096 0.2094496919106114 0.6440011742232207 0
1097 0.1047342466946994 0.6377151377328231 0
1098 3.899655082890103 1.476913168432336 0
1099 3.799364604389504 1.452115100006633 0
1100 3.699093316994979 1.426938996804868 0
1101 3.598803961567319 1.401533714292789 0
1102 3.498460806233316 1.376046758443278 0
1103 3.398031948249787 1.350615271987184 0
1104 3.297490355206881 1.325361561393626 0
1105 3.196814030568632 1.300391866747071 0
1106 3.095985693707568 1.275796990466845 0
1107 2.994992248305805 1.251653787889037 0
1108 2.8938241993742 1.228026921671244 0
1109 2.79247509983981 1.20497056741574 0
1110 2.690941060336741 1.182529931768175 0
1111 2.589220330579644 1.160742539273306 0
1112 2.487312948688265 1.139639291045897 0
1113 2.38522045007812 1.119245318133791 0
1114 2.282945626436469 1.099580658326998 0
1115 2.180492325865924 1.080660784447136 0
1116 2.077865286461815 1.062497008724118 0
1117 1.975069996890306 1.045096783655132 0
1118 1.872112578733434 1.028463915609586 0
1119 1.768999686388548 1.012598703716242 0
1120 1.66573842114355 0.9974980133094844 0
1121 1.562336256712698 0.9831552903750795 0
1122 1.458800974037163 0.9695605209461292 0
1123 1.355140603556939 0.9567001371941808 0
1124 1.251363373467881 0.9445568700188616 0
1125 1.147477662707056 0.9331095463164235 0
1126 1.043491957576016 0.9223328279748365 0
1127 0.9394148110259 0.9121968893540402 0
1128 0.8352548037012872 0.9026670311974877 0
1129 0.7310205058836556 0.8937032326339505 0
1130 0.6267204395093662 0.8852596507992773 0
1131 0.5223630394932677 0.8772840920008653 0
1132 0.4179566137187535 0.8697175023309972 0
1133 0.3135093013433409 0.8624935623864632 0
1134 0.2090290296397618 0.8555385215513704 0
1135 0.1045234705929233 0.848771466504914 0
1136 3.899371301659856 1.645670071702031 0
1137 3.798779953979996 1.623139214440506 0
1138 3.69820101286257 1.600289513504724 0
1139 3.597607986567191 1.57722890379055 0
1140 3.496974496753848 1.554068215943075 0
1141 3.396275697097697 1.530915724242368 0
1142 3.295489238224248 1.507873239083005 0
1143 3.194595778854087 1.485033815878286 0
1144 3.093579143228836 1.462480760910381 0
1145 2.99242624382691 1.440287522712235 0
1146 2.891126869454962 1.418518111147443 0
1147 2.789673410017185 1.397227782696286 0
1148 2.688060563351965 1.376463821029096 0
1149 2.586285050255367 1.356266311052854 0
1150 2.484345350966317 1.336668851683712 0
1151 2.382241468487866 1.317699182212607 0
1152 2.279974719607642 1.29937971452657 0
1153 2.177547552123694 1.281727972919698 0
1154 2.074963385715283 1.264756947844923 0
1155 1.972226473560421 1.24847537174623 0
1156 1.869341781848225 1.23288792533611 0
1157 1.766314884561952 1.217995382102214 0
1158 1.663151871204568 1.203794697879549 0
1159 1.559859265442662 1.190279051261651 0
1160 1.456443952927424 1.177437839596878 0
1161 1.352913116801126 1.165256634432456 0
1162 1.249274179611118 1.153717099634815 0
1163 1.145534750532369 1.142796875164007 0
1164 1.041702576948177 1.132469429801011 0
1165 0.9377854995628112 1.122703887285376 0
1166 0.8337914103270765 1.113464832676882 0
1167 0.7297282125585167 1.104712109761973 0
1168 0.6256037827462207 1.096400626488917 0
1169 0.5214259336649815 1.088480194164616 0
1170 0.417202378608977 1.080895437549403 0
1171 0.3129406968184998 1.073585826204806 0
1172 0.2086483005374812 1.066485889826106 0
1173 0.1043324046053049 1.059525686100891 0
1174 3.899141236445058 1.814211548745682 0
1175 3.798308511440944 1.79370615765991 0
1176 3.697482658834105 1.772931430930543 0
1177 3.596643533782164 1.751971077711574 0
1178 3.495770858188041 1.730911930153913 0
1179 3.394845041383263 1.709840822189099 0
1180 3.293847852022261 1.688841915568029 0
1181 3.192762887938238 1.667994704028942 0
1182 3.091575847247297 1.64737271458908 0
1183 2.990274634657183 1.627042803797528 0
1184 2.888849346497029 1.607064903027965 0
1185 2.787292175226733 1.587492070153343 0
1186 2.685597266242403 1.568370729441284 0
1187 2.583760550948382 1.549741011208914 0
1188 2.481779572328449 1.531637129774102 0
1189 2.379653313255269 1.514087759717014 0
1190 2.277382033482684 1.497116386222483 0
1191 2.174967118362604 1.480741616190351 0
1192 2.072410940462996 1.46497744402363 0
1193 1.969716734125663 1.449833470583511 0
1194 1.866888482351562 1.43531507657275 0
1195 1.76393081506444 1.421423553192984 0
1196 1.660848917661499 1.40815619375518 0
1197 1.557648448734344 1.395506350311347 0
1198 1.454335465884018 1.383463459537013 0
1199 1.350916358629336 1.372013042191001 0
1200 1.247397787499118 1.361136680648084 0
1201 1.143786628495528 1.350811979367807 0
1202 1.040089922212429 1.34101251385792 0
1203 0.9363148269877746 1.331707774845174 0
1204 0.8324685755638309 1.322863116105057 0
1205 0.7285584348268636 1.31443971681672 0
1206 0.624591668304089 1.306394572403604 0
1207 0.5205755012163648 1.298680531422129 0
1208 0.4165170880262662 1.291246399691496 0
1209 0.3124234825857408 1.284037135569394 0
1210 0.2083016111711422 1.276994160503742 0
1211 0.1041582488783833 1.270055804527949 0
1212 3.898947129381491 1.982607123625545 0
1213 3.797912672330347 1.963964199134624 0
1214 3.69688112855996 1.945092023221396 0
1215 3.595836406268358 1.926058669154069 0
1216 3.494762305080478 1.906934760113665 0
1217 3.39364300988 1.887791602732529 0
1218 3.292463535481935 1.868699428178948 0
1219 3.191210082971296 1.849725900772391 0
1220 3.089870292333859 1.830934967966715 0
1221 2.988433394601659 1.812386055172831 0
1222 2.886890277702712 1.794133565045079 0
1223 2.785233484571407 1.77622662108622 0
1224 2.683457162044011 1.758708992376454 0
1225 2.581556976700233 1.741619142561729 0
1226 2.479530010588215 1.724990356519791 0
1227 2.377374646552925 1.708850909034554 0
1228 2.275090450092708 1.69322424965181 0
1229 2.172678052431584 1.67812918601014 0
1230 2.070139037801874 1.663580054270648 0
1231 1.967475836704011 1.649586870011174 0
1232 1.864691626051609 1.636155456401197 0
1233 1.761790236529522 1.623287548930558 0
1234 1.658776067115357 1.610980877688806 0
1235 1.555654006481792 1.59922922939662 0
1236 1.452429360864384 1.588022492247699 0
1237 1.349107787915496 1.57734668726602 0
1238 1.245695236047384 1.567183990431291 0
1239 1.142197888780738 1.557512750367104 0
1240 1.038622113648973 1.548307506996312 0
1241 0.9349744152565816 1.539539017300182 0
1242 0.8312613921479602 1.531174295194484 0
1243 0.7274896972093398 1.523176673531227 0
1244 0.6236660013996027 1.515505897250727 0
1245 0.5197969606853442 1.508118257543648 0
1246 0.4158891861398778 1.500966777204163 0
1247 0.311949217251482 1.494001456688874 0
1248 0.2079834985659961 1.487169588157391 0
1249 0.1039983598512788 1.480416140380909 0
1250 3.898777824314215 2.150901108031237 0
1251 3.797568842129236 2.134007703430837 0
1252 3.696360117274134 2.116917732281802 0
1253 3.595138363136422 2.099688266271582 0
1254 3.493890249936477 2.082378331716768 0
1255 3.392602722895508 2.065047709823867 0
1256 3.291263302279449 2.047755749966177 0
1257 3.189860342314134 2.030560287665431 0
1258 3.088383235255744 2.013516726897822 0
1259 2.98682255609546 1.996677312759345 0
1260 2.885170150485166 1.98009059336958 0
1261 2.78341917289696 1.96380105200164 0
1262 2.681564084066936 1.947848881217994 0
1263 2.579600617078952 1.932269868155341 0
1264 2.477525720694078 1.917095361683942 0
1265 2.375337487265455 1.902352296007617 0
1266 2.273035071162928 1.888063249986688 0
1267 2.170618602282348 1.874246526203178 0
1268 2.068089098036706 1.860916238089965 0
1269 1.965448376256111 1.848082397122077 0
1270 1.862698970657118 1.835750995084411 0
1271 1.759844049956165 1.823924078833863 0
1272 1.656887341267076 1.81259981684922 0
1273 1.553833058109028 1.801772558302987 0
1274 1.450685833132749 1.791432886486111 0
1275 1.34745065552667 1.781567669250422 0
1276 1.244132812973597 1.772160109774085 0
1277 1.140737837978123 1.76318980145886 0
1278 1.037271458364775 1.754632791175781 0
1279 0.9337395517484453 1.746461655410694 0
1280 0.8301481037958971 1.738645594121658 0
1281 0.7265031701251281 1.731150547275035 0
1282 0.6228108417243301 1.723939339007746 0
1283 0.5190772138105676 1.716971854060767 0
1284 0.4153083580865479 1.710205250397927 0
1285 0.3115102983878334 1.703594210598324 0
1286 0.2076889897376081 1.697091232541461 0
1287 0.1038503008359731 1.690646957021368 0
1288 3.898625922428603 2.31912329383585 0
1289 3.797261420090523 2.303899918835078 0
1290 3.695895498051716 2.288507183503396 0
1291 3.594516958745904 2.272993796503795 0
1292 3.493114615254072 2.257409949274267 0
1293 3.391677510907221 2.241806486931277 0
1294 3.290195130341381 2.226234070178962 0
1295 3.188657588955609 2.210742379385902 0
1296 3.087055791415996 2.195379400102151 0
1297 2.985381554184152 2.180190814104553 0
1298 2.883627691024815 2.165219505425505 0
1299 2.781788063500481 2.150505179074612 0
1300 2.679857600432201 2.136084082150895 0
1301 2.577832291300471 2.121988812582025 0
1302 2.475709158805831 2.108248199112895 0
1303 2.373486215553353 2.094887236554373 0
1304 2.271162409282839 2.081927061926951 0
1305 2.168737560397546 2.069384959392676 0
1306 2.066212294856118 2.057274384340295 0
1307 1.963587974849104 2.04560499940398 0
1308 1.860866629115705 2.034382717401505 0
1309 1.75805088427995 2.023609748099063 0
1310 1.655143898197863 2.013284647323623 0
1311 1.552149296000799 2.003402368256491 0
1312 1.449071109284739 1.993954315776715 0
1313 1.345913718719625 1.984928405510048 0
1314 1.242681800226085 1.976309129810243 0
1315 1.139380274779311 1.968077633282962 0
1316 1.036014261842952 1.960211800681638 0
1317 0.9325890364022287 1.95268636007322 0
1318 0.8291099895489298 1.945473004092698 0
1319 0.725582592566177 1.938540531868447 0
1320 0.6220123644633131 1.931855013782378 0
1321 0.5184048429170069 1.925379980595453 0
1322 0.4147655585800605 1.919076637582322 0
1323 0.3111000127211414 1.912904103149049 0
1324 0.2074136581537702 1.90681966995191 0
1325 0.1037118833988238 1.90077908483874 0
1326 3.898486352903816 2.487294364440404 0
1327 3.796979744488711 2.473684630685578 0
1328 3.695470748915855 2.459928778590124 0
1329 3.593949828023904 2.446068724777133 0
1330 3.492407489212197 2.432147517926112 0
1331 3.390834446036266 2.418208730071497 0
1332 3.289221773274905 2.404295836752092 0
1333 3.187561048870998 2.390451615388578 0
1334 3.085844476739892 2.376717586617436 0
1335 2.98406498653701 2.363133516344704 0
1336 2.882216308633867 2.349736988665811 0
1337 2.780293024439056 2.336563052836179 0
1338 2.678290593641464 2.323643941941734 0
1339 2.57620536090409 2.311008857083193 0
1340 2.474034545043955 2.298683808675731 0
1341 2.371776213887009 2.286691505605233 0
1342 2.269429247887806 2.275051283133529 0
1343 2.166993295344421 2.26377906127705 0
1344 2.064468721694196 2.25288732661584 0
1345 1.961856554999951 2.242385131904951 0
1346 1.859158429366204 2.232278109301066 0
1347 1.756376527683178 2.222568494377589 0
1348 1.653513524794894 2.213255159315377 0
1349 1.550572531931003 2.204333654686587 0
1350 1.447557043030122 2.195796260079753 0
1351 1.344470883412139 2.187632044442468 0
1352 1.241318161123727 2.179826937450453 0
1353 1.138103221179642 2.172363813459483 0
1354 1.034830602846846 2.165222589672697 0
1355 0.9315050000637223 2.158380340072926 0
1356 0.8281312250475085 2.151811426438443 0
1357 0.7247141751152574 2.145487647388798 0
1358 0.6212588027228942 2.139378405900818 0
1359 0.5177700887099673 2.133450895098553 0
1360 0.4142530187214223 2.127670301363509 0
1361 0.3107125627598533 2.122000022950151 0
1362 0.2071536578003913 2.116401901358445 0
1363 0.1035811933746733 2.110836461762874 0
1364 3.89835557279924 2.655428952957045 0
1365 3.79671638318846 2.643392744047591 0
1366 3.695074343516818 2.631230828618554 0
1367 3.59342130853436 2.618979298308467 0
1368 3.491749197471956 2.606675118413924 0
1369 3.390050116615133 2.594355660721863 0
1370 3.288316477426864 2.582058227569839 0
1371 3.186541105575815 2.569819584864809 0
1372 3.084717337005848 2.557675519766355 0
1373 2.982839098271051 2.545660435352881 0
1374 2.880900969561891 2.533806990550267 0
1375 2.778898229991116 2.522145789571738 0
1376 2.67682688567496 2.510705121581314 0
1377 2.574683681877375 2.499510748527425 0
1378 2.472466100972309 2.488585737188794 0
1379 2.370172348244715 2.477950330387956 0
1380 2.267801327635528 2.467621851936044 0
1381 2.165352609485235 2.457614640018845 0
1382 2.062826392188651 2.447940004258666 0
1383 1.960223459476946 2.438606202444694 0
1384 1.857545134821156 2.429618433795098 0
1385 1.754793234225474 2.420978846502166 0
1386 1.651970018463027 2.412686558146109 0
1387 1.549078145610467 2.40473768829451 0
1388 1.446120624565182 2.397125403200625 0
1389 1.343100770081734 2.389839972957422 0
1390 1.240022159741679 2.382868841748757 0
1391 1.136888593171115 2.376196711966613 0
1392 1.033704053740212 2.369805642941833 0
1393 0.9304726729152788 2.363675164877812 0
1394 0.8271986973831433 2.357782408297298 0
1395 0.7238864590264324 2.352102248928908 0
1396 0.6205403477936443 2.346607467490864 0
1397 0.5171647874771265 2.341268923295297 0
1398 0.4137642143829499 2.336055740020637 0
1399 0.3103430588476535 2.330935501409614 0
1400 0.2069057295268845 2.325874454078836 0
1401 0.1034566003496981 2.320837714111499 0
1402 3.898231081237785 2.823537520699738 0
1403 3.796466099468667 2.813046311718267 0
1404 3.694698158138975 2.802447810579644 0
1405 3.592920335571889 2.791772893207388 0
1406 3.491125781782966 2.781053115908032 0
1407 3.389307814589364 2.770320346772454 0
1408 3.287460011826139 2.759606391024527 0
1409 3.185576296676383 2.748942621622652 0
1410 3.083651013563879 2.73835962539047 0
1411 2.981678992676505 2.727886873154276 0
1412 2.879655601895663 2.717552420114232 0
1413 2.777576785614297 2.707382640303266 0
1414 2.67543909056441 2.697401996768808 0
1415 2.573239679300093 2.687632847240853 0
1416 2.470976332374007 2.678095283628434 0
1417 2.368647440503929 2.668807002740806 0
1418 2.266251988164601 2.659783205128297 0
1419 2.163789530079429 2.651036518813828 0
1420 2.061260162049795 2.642576944855473 0
1421 1.958664487469427 2.634411822055134 0
1422 1.856003580747264 2.626545808625481 0
1423 1.753278948720831 2.618980879174304 0
1424 1.650492490995845 2.611716335902587 0
1425 1.547646460005546 2.60474883339353 0
1426 1.444743421451097 2.598072416761212 0
1427 1.341786215665542 2.591678573208305 0
1428 1.238777920339872 2.585556297201436 0
1429 1.135721814960457 2.57969216950896 0
1430 1.032621347231482 2.574070450264757 0
1431 0.9294801016922241 2.56867318603511 0
1432 0.8263017706849828 2.563480330590069 0
1433 0.723090127782958 2.558469878735586 0
1434 0.619849003746351 2.553618012170107 0
1435 0.5165822650375241 2.548899255912811 0
1436 0.4132937948908004 2.544286643434824 0
1437 0.3099874768983616 2.539751888234888 0
1438 0.206667181040165 2.535265559262355 0
1439 0.1033367520527866 2.530797257327876 0
1440 3.898111105498335 2.991627586453778 0
1441 3.796225186656187 2.982661158515455 0
1442 3.694336442561653 2.973604460097423 0
1443 3.59243906564164 2.964483540819779 0
1444 3.490527319139221 2.955324981842606 0
1445 3.388595613336477 2.946155601661251 0
1446 3.286638578350275 2.937002157964798 0
1447 3.184651131478027 2.927891053134208 0
1448 3.082628537355645 2.918848050339427 0
1449 2.980566459576834 2.909898006140757 0
1450 2.878461002866835 2.901064624162867 0
1451 2.776308745359044 2.892370232959501 0
1452 2.674106760949845 2.883835589778895 0
1453 2.571852632076718 2.875479710695032 0
1454 2.469544453559972 2.867319726566592 0
1455 2.367180828363603 2.85937076355976 0
1456 2.264760856268102 2.85164584652324 0
1457 2.16228411651629 2.844155823307887 0
1458 2.059750645504198 2.836909308135845 0
1459 1.957160910555491 2.829912642293213 0
1460 1.854515780752856 2.823169870691776 0
1461 1.751816495714254 2.816682733168097 0
1462 1.649064633105588 2.810450669716633 0
1463 1.546262075581618 2.804470839150543 0
1464 1.44341097774931 2.798738150920645 0
1465 1.340513733655954 2.793245309980692 0
1466 1.237572945220401 2.787982874655222 0
1467 1.134591391950666 2.782939327442475 0
1468 1.0315720022246 2.778101158574144 0
1469 0.9285178263520071 2.773452961966751 0
1470 0.8254320115848954 2.76897754295147 0
1471 0.722317779196645 2.764656036878853 0
1472 0.6191784037090464 2.760468037382616 0
1473 0.5160171943075671 2.756391732773796 0
1474 0.4128374784487286 2.752404048744236 0
1475 0.3096425876286369 2.748480795306592 0
1476 0.2064358452482107 2.744596815704569 0
1477 0.1032205564785919 2.740726134907279 0
1478 3.897994388273482 3.159704570264837 0
1479 3.795991018975789 3.152248675432425 0
1480 3.693985124087054 3.144718574435447 0
1481 3.591971938537768 3.137135740806204 0
1482 3.48994676178925 3.129522060497933 0
1483 3.387905018011396 3.121899598150807 0
1484 3.285842313321911 3.114290360882469 0
1485 3.183754488673691 3.106716064868404 0
1486 3.081637667177361 3.099197909558393 0
1487 2.979488294905592 3.091756363702321 0
1488 2.877303174520698 3.084410966513506 0
1489 2.775079491371792 3.077180146373476 0
1490 2.672814831999319 3.070081058567743 0
1491 2.570507195244954 3.063129442711645 0
1492 2.468154996381577 3.056339499831657 0
1493 2.365757064845015 3.049723788540354 0
1494 2.263312636265843 3.043293139390658 0
1495 2.160821339568841 3.037056586307505 0
1496 2.058283179935626 3.031021313949839 0
1497 1.955698518419977 3.025192619921993 0
1498 1.853068048973172 3.019573890895956 0
1499 1.750392773585958 3.014166591889731 0
1500 1.647673976191151 3.008970268139225 0
1501 1.54491319590217 3.003982559174092 0
1502 1.442112200092266 2.999199224839725 0
1503 1.339272957750229 2.994614183083042 0
1504 1.236397613482999 2.990219559330582 0
1505 1.13348846247503 2.986005747232098 0
1506 1.030547926658947 2.981961480425553 0
1507 0.927578532301825 2.978073914809531 0
1508 0.8245828891658143 2.974328720599637 0
1509 0.7215636713601035 2.970710183212338 0
1510 0.6185235999626943 2.96720131178005 0
1511 0.5154654274543811 2.963783953872462 0
1512 0.4123919239732413 2.960438914797731 0
1513 0.3093058653655378 2.957146079697939 0
1514 0.2062100229781008 2.95388453654825 0
1515 0.1031071551082068 2.950632698127472 0
1516 3.897880038036739 3.327772394028227 0
1517 3.795761736690968 3.321817092481207 0
1518 3.693641319288263 3.315803002533161 0
1519 3.591515016146209 3.30974718126365 0
1520 3.489379112295095 3.303666998608788 0
1521 3.387229993889079 3.297579955999702 0
1522 3.285064192210149 3.291503503482638 0
1523 3.182878424266079 3.285454859035399 0
1524 3.080669629129047 3.279450833493148 0
1525 2.978434999342566 3.273507664042993 0
1526 2.876172006926622 3.267640858689159 0
1527 2.773878423719613 3.261865053482871 0
1528 2.671552335997073 3.256193883706095 0
1529 2.569192153489837 3.2506398696413 0
1530 2.466796613080132 3.245214317084586 0
1531 2.364364777578357 3.239927232387771 0
1532 2.261896030074416 3.234787251554432 0
1533 2.159390064416529 3.229801582761801 0
1534 2.056846872400429 3.224975961622428 0
1535 1.95426672825694 3.220314618517358 0
1536 1.85165017101107 3.215820257403862 0
1537 1.748997985255794 3.211494045601593 0
1538 1.646311180843269 3.20733561416897 0
1539 1.543590971949401 3.203343068576646 0
1540 1.44083875591775 3.199513009451554 0
1541 1.338056092238313 3.195840563191992 0
1542 1.235244681967523 3.19231942223598 0
1543 1.132406347849062 3.188941894700558 0
1544 1.029543015351231 3.185698963002691 0
1545 0.9266566947959952 3.182580350930583 0
1546 0.8237494647170799 3.17957459846787 0
1547 0.7208234565494279 3.17666914349503 0
1548 0.6178808407195184 3.173850409315603 0
1549 0.5149238141751216 3.171103896792784 0
1550 0.411954589363791 3.168414279746802 0
1551 0.3089753846416102 3.165765502165647 0
1552 0.2059884160674622 3.163140875729178 0
1553 0.1029958905135141 3.160523176144648 0
1554 3.897767420502469 3.495833921800759 0
1555 3.795536018333155 3.491372409402712 0
1556 3.693302980714674 3.486867100521402 0
1557 3.591065502438646 3.482330734598379 0
1558 3.488820820933252 3.477776276976336 0
1559 3.386566250259386 3.473216785265307 0
1560 3.284299213268643 3.468665274801158 0
1561 3.182017271231784 3.464134585772706 0
1562 3.079718150350384 3.459637254377285 0
1563 2.977399764689732 3.455185390056242 0
1564 2.875060235208994 3.450790560491164 0
1565 2.772697904706286 3.446463685641105 0
1566 2.670311348633171 3.442214941702495 0
1567 2.567899381858224 3.438053675504389 0
1568 2.465461061567436 3.43398832953369 0
1569 2.3629956865771 3.430026377531507 0
1570 2.260502793401064 3.426174270418887 0
1571 2.157982149459127 3.422437392196231 0
1572 2.055433743838513 3.418820025408491 0
1573 1.95285777602815 3.415325325765977 0
1574 1.850254643039019 3.411955305543601 0
1575 1.74762492530611 3.408710825434354 0
1576 1.644969371741738 3.405591594590487 0
1577 1.542288884278783 3.402596178635029 0
1578 1.439584502208134 3.399722015456231 0
1579 1.336857386579268 3.396965438600811 0
1580 1.234108804897557 3.394321708054834 0
1581 1.131340116317831 3.391785048143242 0
1582 1.028552757501127 3.389348692193509 0
1583 0.9257482292709437 3.387004933501382 0
1584 0.8229280841764384 3.384745182014858 0
1585 0.720093915042985 3.382560026025599 0
1586 0.6172473445649386 3.380439298034416 0
1587 0.5143900159713397 3.378372143848664 0
1588 0.4115235847724124 3.376347093882766 0
1589 0.3086497115730551 3.374352135575613 0
1590 0.2057700559191301 3.372374785815475 0
1591 0.1028862711233405 3.370402162277335 0
1592 3.897656077498762 3.663891292069891 0
1593 3.795312910844483 3.660919096472645 0
1594 3.692968633441224 3.657917827651052 0
1595 3.5906213847391 3.654895963524424 0
1596 3.488269333338338 3.651862128831155 0
1597 3.385910699347291 3.648825006733106 0
1598 3.283543775499959 3.64579324990042 0
1599 3.181166946591064 3.64277539273371 0
1600 3.078778706855581 3.639779766234598 0
1601 2.976377675000508 3.636814416837633 0
1602 2.873962606684426 3.633887030283777 0
1603 2.77153240432981 3.631004861366564 0
1604 2.66908612423939 3.628174670134948 0
1605 2.566622981066917 3.625402664907797 0
1606 2.464142349761392 3.622694452256446 0
1607 2.361643765160187 3.620054993951777 0
1608 2.259126919449526 3.617488570754696 0
1609 2.156591657740607 3.614998752852831 0
1610 2.054037972027095 3.612588376707678 0
1611 1.951465993796158 3.610259528068169 0
1612 1.848875985562375 3.60801353092006 0
1613 1.746268331583673 3.605850942166207 0
1614 1.643643528002846 3.603771551861519 0
1615 1.541002172638768 3.601774388849904 0
1616 1.438344954629766 3.599857731662378 0
1617 1.33567264410879 3.598019124531157 0
1618 1.232986082067138 3.59625539835171 0
1619 1.130286170541031 3.59456269638347 0
1620 1.02757386323371 3.592936504422148 0
1621 0.9248501566652085 3.591371685106163 0
1622 0.822116081922501 3.589862515941588 0
1623 0.7193726970644098 3.588402730550074 0
1624 0.616621080218282 3.586985562568418 0
1625 0.5138623233890844 3.585603791562715 0
1626 0.4110975269860612 3.584249790269361 0
1627 0.3083277950575049 3.582915572443966 0
1628 0.2055542312105383 3.581592840590114 0
1629 0.1027779351801381 3.580273032855031 0
1630 3.897545664106164 3.831946177672735 0
1631 3.795091698241706 3.830460641593856 0
1632 3.692637171448017 3.828960601480401 0
1633 3.59018115608659 3.827450297699714 0
1634 3.487722739329442 3.825934042951169 0
1635 3.385261034277365 3.824416178057779 0
1636 3.282795190454523 3.822901027504833 0
1637 3.180324403459639 3.821392855560513 0
1638 3.07784792358909 3.819895823732074 0
1639 2.97536506328907 3.818413950209778 0
1640 2.872875203337233 3.816951071834924 0
1641 2.770377797698338 3.815510809006012 0
1642 2.667872377040742 3.81409653381602 0
1643 2.565358550939342 3.812711341601803 0
1644 2.462836008824266 3.811358025989104 0
1645 2.360304519762304 3.810039057437703 0
1646 2.257763931179273 3.808756565232387 0
1647 2.155214166646333 3.807512322826518 0
1648 2.052655222861971 3.806307736423935 0
1649 1.950087165964719 3.80514383667852 0
1650 1.847510127310588 3.804021273394875 0
1651 1.744924298843927 3.802940313123611 0
1652 1.642329928183025 3.801900839556525 0
1653 1.539727313532505 3.800902356636418 0
1654 1.437116798523401 3.799943994300405 0
1655 1.334498767070683 3.799024516772217 0
1656 1.23187363832652 3.798142333307067 0
1657 1.129241861796324 3.797295511272217 0
1658 1.026603912673782 3.796481791418437 0
1659 0.9239602874407221 3.795698605163877 0
1660 0.821311499767853 3.79494309367495 0
1661 0.7186580767432194 3.794212128491309 0
1662 0.6160005554464543 3.793502333406826 0
1663 0.5133394798787461 3.792810107288256 0
1664 0.4106753982507487 3.792131647490203 0
1665 0.3080088606235357 3.791462973510868 0
1666 0.2053404168912301 3.790799950528293 0
1667 0.1026706150882966 3.790138312461207 0
$EndNodes
$Elements
1706
1 1 2 200 1 1 8
2 1 2 200 1 8 9
3 1 2 200 1 9 10
4 1 2 200 1 10 11
5 1 2 200 1 11 12
6 1 2 200 1 12 13
7 1 2 200 1 13 14
8 1 2 200 1 14 15
9 1 2 200 1 15 16
10 1 2 200 1 16 17
11 1 2 200 1 17 18
12 1 2 200 1 18 19
13 1 2 200 1 19 20
14 1 2 200 1 20 21
15 1 2 200 1 21 22
16 1 2 200 1 22 23
17 1 2 200 1 23 24
18 1 2 200 1 24 25
19 1 2 200 1 25 26
20 1 2 200 1 26 27
21 1 2 200 1 27 28
22 1 2 200 1 28 29
23 1 2 200 1 29 30
24 1 2 200 1 30 31
25 1 2 200 1 31 32
26 1 2 200 1 32 33
27 1 2 200 1 33 34
28 1 2 200 1 34 35
29 1 2 200 1 35 36
30 1 2 200 1 36 37
31 1 2 200 1 37 38
32 1 2 200 1 38 39
33 1 2 200 1 39 40
34 1 2 200 1 40 41
35 1 2 200 1 41 42
36 1 2 200 1 42 43
37 1 2 200 1 43 44
38 1 2 200 1 44 45
39 1 2 200 1 45 2
40 1 2 201 4 4 102
41 1 2 201 4 102 103
42 1 2 201 4 103 104
43 1 2 201 4 104 105
44 1 2 201 4 105 106
45 1 2 201 4 106 107
46 1 2 201 4 107 108
47 1 2 201 4 108 109
48 1 2 201 4 109 110
49 1 2 201 4 110 111
50 1 2 201 4 111 112
51 1 2 201 4 112 113
52 1 2 201 4 113 114
53 1 2 201 4 114 115
54 1 2 201 4 115 116
55 1 2 201 4 116 117
56 1 2 201 4 117 118
57 1 2 201 4 118 119
58 1 2 201 4 119 1
59 1 2 203 8 6 179
60 1 2 203 8 179 180
61 1 2 203 8 180 181
62 1 2 203 8 181 182
63 1 2 203 8 182 183
64 1 2 203 8 183 184
65 1 2 203 8 184 185
66 1 2 203 8 185 186
67 1 2 203 8 186 187
68 1 2 203 8 187 188
69 1 2 203 8 188 189
70 1 2 203 8 189 190
71 1 2 203 8 190 191
72 1 2 203 8 191 192
73 1 2 203 8 192 193
74 1 2 203 8 193 194
75 1 2 203 8 194 195
76 1 2 203 8 195 196
77 1 2 203 8 196 197
78 1 2 203 8 197 198
79 1 2 203 8 198 199
80 1 2 203 8 199 200
81 1 2 203 8 200 201
82 1 2 203 8 201 202
83 1 2 203 8 202 203
84 1 2 203 8 203 204
85 1 2 203 8 204 205
86 1 2 203 8 205 206
87 1 2 203 8 206 207
88 1 2 203 8 207 208
89 1 2 203 8 208 209
90 1 2 203 8 209 210
91 1 2 203 8 210 211
92 1 2 203 8 211 212
93 1 2 203 8 212 213
94 1 2 203 8 213 214
95 1 2 203 8 214 215
96 1 2 203 8 215 216
97 1 2 203 8 216 7
98 1 2 202 9 7 217
99 1 2 202 9 217 218
100 1 2 202 9 218 219
101 1 2 202 9 219 220
102 1 2 202 9 220 221
103 1 2 202 9 221 222
104 1 2 202 9 222 223
105 1 2 202 9 223 224
106 1 2 202 9 224 225
107 1 2 202 9 225 226
108 1 2 202 9 226 227
109 1 2 202 9 227 228
110 1 2 202 9 228 229
111 1 2 202 9 229 230
112 1 2 202 9 230 231
113 1 2 202 9 231 232
114 1 2 202 9 232 233
115 1 2 202 9 233 234
116 1 2 202 9 234 4
117 2 2 101 2 141 142 946
118 2 2 101 2 86 142 143
119 2 2 101 2 101 100 157
120 2 2 101 2 157 4 101
121 2 2 101 2 156 157 100
122 2 2 101 2 100 99 156
123 3 2 100 1 1 8 235 119
124 3 2 100 1 119 235 236 118
125 3 2 100 1 118 236 237 117
126 3 2 100 1 117 237 238 116
127 3 2 100 1 116 238 239 115
128 3 2 100 1 115 239 240 114
129 3 2 100 1 114 240 241 113
130 3 2 100 1 113 241 242 112
131 3 2 100 1 112 242 243 111
132 3 2 100 1 111 243 244 110
133 3 2 100 1 110 244 245 109
134 3 2 100 1 109 245 246 108
135 3 2 100 1 108 246 247 107
136 3 2 100 1 107 247 248 106
137 3 2 100 1 106 248 249 105
138 3 2 100 1 105 249 250 104
139 3 2 100 1 104 250 251 103
140 3 2 100 1 103 251 252 102
141 3 2 100 1 102 252 101 4
142 3 2 100 1 8 9 253 235
143 3 2 100 1 235 253 254 236
144 3 2 100 1 236 254 255 237
145 3 2 100 1 237 255 256 238
146 3 2 100 1 238 256 257 239
147 3 2 100 1 239 257 258 240
148 3 2 100 1 240 258 259 241
149 3 2 100 1 241 259 260 242
150 3 2 100 1 242 260 261 243
151 3 2 100 1 243 261 262 244
152 3 2 100 1 244 262 263 245
153 3 2 100 1 245 263 264 246
154 3 2 100 1 246 264 265 247
155 3 2 100 1 247 265 266 248
156 3 2 100 1 248 266 267 249
157 3 2 100 1 249 267 268 250
158 3 2 100 1 250 268 269 251
159 3 2 100 1 251 269 270 252
160 3 2 100 1 252 270 100 101
161 3 2 100 1 9 10 271 253
162 3 2 100 1 253 271 272 254
163 3 2 100 1 254 272 273 255
164 3 2 100 1 255 273 274 256
165 3 2 100 1 256 274 275 257
166 3 2 100 1 257 275 276 258
167 3 2 100 1 258 276 277 259
168 3 2 100 1 259 277 278 260
169 3 2 100 1 260 278 279 261
170 3 2 100 1 261 279 280 262
171 3 2 100 1 262 280 281 263
172 3 2 100 1 263 281 282 264
173 3 2 100 1 264 282 283 265
174 3 2 100 1 265 283 284 266
175 3 2 100 1 266 284 285 267
176 3 2 100 1 267 285 286 268
177 3 2 100 1 268 286 287 269
178 3 2 100 1 269 287 288 270
179 3 2 100 1 270 288 99 100
180 3 2 100 1 10 11 289 271
181 3 2 100 1 271 289 290 272
182 3 2 100 1 272 290 291 273
183 3 2 100 1 273 291 292 274
184 3 2 100 1 274 292 293 275
185 3 2 100 1 275 293 294 276
186 3 2 100 1 276 294 295 277
187 3 2 100 1 277 295 296 278
188 3 2 100 1 278 296 297 279
189 3 2 100 1 279 297 298 280
190 3 2 100 1 280 298 299 281
191 3 2 100 1 281 299 300 282
192 3 2 100 1 282 300 301 283
193 3 2 100 1 283 301 302 284
194 3 2 100 1 284 302 303 285
195 3 2 100 1 285 303 304 286
196 3 2 100 1 286 304 305 287
197 3 2 100 1 287 305 306 288
198 3 2 100 1 288 306 98 99
199 3 2 100 1 11 12 307 289
200 3 2 100 1 289 307 308 290
201 3 2 100 1 290 308 309 291
202 3 2 100 1 291 309 310 292
203 3 2 100 1 292 310 311 293
204 3 2 100 1 293 311 312 294
205 3 2 100 1 294 312 313 295
206 3 2 100 1 295 313 314 296
207 3 2 100 1 296 314 315 297
208 3 2 100 1 297 315 316 298
209 3 2 100 1 298 316 317 299
210 3 2 100 1 299 317 318 300
211 3 2 100 1 300 318 319 301
212 3 2 100 1 301 319 320 302
213 3 2 100 1 302 320 321 303
214 3 2 100 1 303 321 322 304
215 3 2 100 1 304 322 323 305
216 3 2 100 1 305 323 324 306
217 3 2 100 1 306 324 97 98
218 3 2 100 1 12 13 325 307
219 3 2 100 1 307 325 326 308
220 3 2 100 1 308 326 327 309
221 3 2 100 1 309 327 328 310
222 3 2 100 1 310 328 329 311
223 3 2 100 1 311 329 330 312
224 3 2 100 1 312 330 331 313
225 3 2 100 1 313 331 332 314
226 3 2 100 1 314 332 333 315
227 3 2 100 1 315 333 334 316
228 3 2 100 1 316 334 335 317
229 3 2 100 1 317 335 336 318
230 3 2 100 1 318 336 337 319
231 3 2 100 1 319 337 338 320
232 3 2 100 1 320 338 339 321
233 3 2 100 1 321 339 340 322
234 3 2 100 1 322 340 341 323
235 3 2 100 1 323 341 342 324
236 3 2 100 1 324 342 96 97
237 3 2 100 1 13 14 343 325
238 3 2 100 1 325 343 344 326
239 3 2 100 1 326 344 345 327
240 3 2 100 1 327 345 346 328
241 3 2 100 1 328 346 347 329
242 3 2 100 1 329 347 348 330
243 3 2 100 1 330 348 349 331
244 3 2 100 1 331 349 350 332
245 3 2 100 1 332 350 351 333
246 3 2 100 1 333 351 352 334
247 3 2 100 1 334 352 353 335
248 3 2 100 1 335 353 354 336
249 3 2 100 1 336 354 355 337
250 3 2 100 1 337 355 356 338
251 3 2 100 1 338 356 357 339
252 3 2 100 1 339 357 358 340
253 3 2 100 1 340 358 359 341
254 3 2 100 1 341 359 360 342
255 3 2 100 1 342 360 95 96
256 3 2 100 1 14 15 361 343
257 3 2 100 1 343 361 362 344
258 3 2 100 1 344 362 363 345
259 3 2 100 1 345 363 364 346
260 3 2 100 1 346 364 365 347
261 3 2 100 1 347 365 366 348
262 3 2 100 1 348 366 367 349
263 3 2 100 1 349 367 368 350
264 3 2 100 1 350 368 369 351
265 3 2 100 1 351 369 370 352
266 3 2 100 1 352 370 371 353
267 3 2 100 1 353 371 372 354
268 3 2 100 1 354 372 373 355
269 3 2 100 1 355 373 374 356
270 3 2 100 1 356 374 375 357
271 3 2 100 1 357 375 376 358
272 3 2 100 1 358 376 377 359
273 3 2 100 1 359 377 378 360
274 3 2 100 1 360 378 94 95
275 3 2 100 1 15 16 379 361
276 3 2 100 1 361 379 380 362
277 3 2 100 1 362 380 381 363
278 3 2 100 1 363 381 382 364
279 3 2 100 1 364 382 383 365
280 3 2 100 1 365 383 384 366
281 3 2 100 1 366 384 385 367
282 3 2 100 1 367 385 386 368
283 3 2 100 1 368 386 387 369
284 3 2 100 1 369 387 388 370
285 3 2 100 1 370 388 389 371
286 3 2 100 1 371 389 390 372
287 3 2 100 1 372 390 391 373
288 3 2 100 1 373 391 392 374
289 3 2 100 1 374 392 393 375
290 3 2 100 1 375 393 394 376
291 3 2 100 1 376 394 395 377
292 3 2 100 1 377 395 396 378
293 3 2 100 1 378 396 93 94
294 3 2 100 1 16 17 397 379
295 3 2 100 1 379 397 398 380
296 3 2 100 1 380 398 399 381
297 3 2 100 1 381 399 400 382
298 3 2 100 1 382 400 401 383
299 3 2 100 1 383 401 402 384
300 3 2 100 1 384 402 403 385
301 3 2 100 1 385 403 404 386
302 3 2 100 1 386 404 405 387
303 3 2 100 1 387 405 406 388
304 3 2 100 1 388 406 407 389
305 3 2 100 1 389 407 408 390
306 3 2 100 1 390 408 409 391
307 3 2 100 1 391 409 410 392
308 3 2 100 1 392 410 411 393
309 3 2 100 1 393 411 412 394
310 3 2 100 1 394 412 413 395
311 3 2 100 1 395 413 414 396
312 3 2 100 1 396 414 92 93
313 3 2 100 1 17 18 415 397
314 3 2 100 1 397 415 416 398
315 3 2 100 1 398 416 417 399
316 3 2 100 1 399 417 418 400
317 3 2 100 1 400 418 419 401
318 3 2 100 1 401 419 420 402
319 3 2 100 1 402 420 421 403
320 3 2 100 1 403 421 422 404
321 3 2 100 1 404 422 423 405
322 3 2 100 1 405 423 424 406
323 3 2 100 1 406 424 425 407
324 3 2 100 1 407 425 426 408
325 3 2 100 1 408 426 427 409
326 3 2 100 1 409 427 428 410
327 3 2 100 1 410 428 429 411
328 3 2 100 1 411 429 430 412
329 3 2 100 1 412 430 431 413
330 3 2 100 1 413 431 432 414
331 3 2 100 1 414 432 91 92
332 3 2 100 1 18 19 433 415
333 3 2 100 1 415 433 434 416
334 3 2 100 1 416 434 435 417
335 3 2 100 1 417 435 436 418
336 3 2 100 1 418 436 437 419
337 3 2 100 1 419 437 438 420
338 3 2 100 1 420 438 439 421
339 3 2 100 1 421 439 440 422
340 3 2 100 1 422 440 441 423
341 3 2 100 1 423 441 442 424
342 3 2 100 1 424 442 443 425
343 3 2 100 1 425 443 444 426
344 3 2 100 1 426 444 445 427
345 3 2 100 1 427 445 446 428
346 3 2 100 1 428 446 447 429
347 3 2 100 1 429 447 448 430
348 3 2 100 1 430 448 449 431
349 3 2 100 1 431 449 450 432
350 3 2 100 1 432 450 90 91
351 3 2 100 1 19 20 451 433
352 3 2 100 1 433 451 452 434
353 3 2 100 1 434 452 453 435
354 3 2 100 1 435 453 454 436
355 3 2 100 1 436 454 455 437
356 3 2 100 1 437 455 456 438
357 3 2 100 1 438 456 457 439
358 3 2 100 1 439 457 458 440
359 3 2 100 1 440 458 459 441
360 3 2 100 1 441 459 460 442
361 3 2 100 1 442 460 461 443
362 3 2 100 1 443 461 462 444
363 3 2 100 1 444 462 463 445
364 3 2 100 1 445 463 464 446
365 3 2 100 1 446 464 465 447
366 3 2 100 1 447 465 466 448
367 3 2 100 1 448 466 467 449
368 3 2 100 1 449 467 468 450
369 3 2 100 1 450 468 89 90
370 3 2 100 1 20 21 469 451
371 3 2 100 1 451 469 470 452
372 3 2 100 1 452 470 471 453
373 3 2 100 1 453 471 472 454
374 3 2 100 1 454 472 473 455
375 3 2 100 1 455 473 474 456
376 3 2 100 1 456 474 475 457
377 3 2 100 1 457 475 476 458
378 3 2 100 1 458 476 477 459
379 3 2 100 1 459 477 478 460
380 3 2 100 1 460 478 479 461
381 3 2 100 1 461 479 480 462
382 3 2 100 1 462 480 481 463
383 3 2 100 1 463 481 482 464
384 3 2 100 1 464 482 483 465
385 3 2 100 1 465 483 484 466
386 3 2 100 1 466 484 485 467
387 3 2 100 1 467 485 486 468
388 3 2 100 1 468 486 88 89
389 3 2 100 1 21 22 487 469
390 3 2 100 1 469 487 488 470
391 3 2 100 1 470 488 489 471
392 3 2 100 1 471 489 490 472
393 3 2 100 1 472 490 491 473
394 3 2 100 1 473 491 492 474
395 3 2 100 1 474 492 493 475
396 3 2 100 1 475 493 494 476
397 3 2 100 1 476 494 495 477
398 3 2 100 1 477 495 496 478
399 3 2 100 1 478 496 497 479
400 3 2 100 1 479 497 498 480
401 3 2 100 1 480 498 499 481
402 3 2 100 1 481 499 500 482
403 3 2 100 1 482 500 501 483
404 3 2 100 1 483 501 502 484
405 3 2 100 1 484 502 503 485
406 3 2 100 1 485 503 504 486
407 3 2 100 1 486 504 87 88
408 3 2 100 1 22 23 505 487
409 3 2 100 1 487 505 506 488
410 3 2 100 1 488 506 507 489
411 3 2 100 1 489 507 508 490
412 3 2 100 1 490 508 509 491
413 3 2 100 1 491 509 510 492
414 3 2 100 1 492 510 511 493
415 3 2 100 1 493 511 512 494
416 3 2 100 1 494 512 513 495
417 3 2 100 1 495 513 514 496
418 3 2 100 1 496 514 515 497
419 3 2 100 1 497 515 516 498
420 3 2 100 1 498 516 517 499
421 3 2 100 1 499 517 518 500
422 3 2 100 1 500 518 519 501
423 3 2 100 1 501 519 520 502
424 3 2 100 1 502 520 521 503
425 3 2 100 1 503 521 522 504
426 3 2 100 1 504 522 86 87
427 3 2 100 1 23 24 523 505
428 3 2 100 1 505 523 524 506
429 3 2 100 1 506 524 525 507
430 3 2 100 1 507 525 526 508
431 3 2 100 1 508 526 527 509
432 3 2 100 1 509 527 528 510
433 3 2 100 1 510 528 529 511
434 3 2 100 1 511 529 530 512
435 3 2 100 1 512 530 531 513
436 3 2 100 1 513 531 532 514
437 3 2 100 1 514 532 533 515
438 3 2 100 1 515 533 534 516
439 3 2 100 1 516 534 535 517
440 3 2 100 1 517 535 536 518
441 3 2 100 1 518 536 537 519
442 3 2 100 1 519 537 538 520
443 3 2 100 1 520 538 539 521
444 3 2 100 1 521 539 540 522
445 3 2 100 1 522 540 85 86
446 3 2 100 1 24 25 541 523
447 3 2 100 1 523 541 542 524
448 3 2 100 1 524 542 543 525
449 3 2 100 1 525 543 544 526
450 3 2 100 1 526 544 545 527
451 3 2 100 1 527 545 546 528
452 3 2 100 1 528 546 547 529
453 3 2 100 1 529 547 548 530
454 3 2 100 1 530 548 549 531
455 3 2 100 1 531 549 550 532
456 3 2 100 1 532 550 551 533
457 3 2 100 1 533 551 552 534
458 3 2 100 1 534 552 553 535
459 3 2 100 1 535 553 554 536
460 3 2 100 1 536 554 555 537
461 3 2 100 1 537 555 556 538
462 3 2 100 1 538 556 557 539
463 3 2 100 1 539 557 558 540
464 3 2 100 1 540 558 84 85
465 3 2 100 1 25 26 559 541
466 3 2 100 1 541 559 560 542
467 3 2 100 1 542 560 561 543
468 3 2 100 1 543 561 562 544
469 3 2 100 1 544 562 563 545
470 3 2 100 1 545 563 564 546
471 3 2 100 1 546 564 565 547
472 3 2 100 1 547 565 566 548
473 3 2 100 1 548 566 567 549
474 3 2 100 1 549 567 568 550
475 3 2 100 1 550 568 569 551
476 3 2 100 1 551 569 570 552
477 3 2 100 1 552 570 571 553
478 3 2 100 1 553 571 572 554
479 3 2 100 1 554 572 573 555
480 3 2 100 1 555 573 574 556
481 3 2 100 1 556 574 575 557
482 3 2 100 1 557 575 576 558
483 3 2 100 1 558 576 83 84
484 3 2 100 1 26 27 577 559
485 3 2 100 1 559 577 578 560
486 3 2 100 1 560 578 579 561
487 3 2 100 1 561 579 580 562
488 3 2 100 1 562 580 581 563
489 3 2 100 1 563 581 582 564
490 3 2 100 1 564 582 583 565
491 3 2 100 1 565 583 584 566
492 3 2 100 1 566 584 585 567
493 3 2 100 1 567 585 586 568
494 3 2 100 1 568 586 587 569
495 3 2 100 1 569 587 588 570
496 3 2 100 1 570 588 589 571
497 3 2 100 1 571 589 590 572
498 3 2 100 1 572 590 591 573
499 3 2 100 1 573 591 592 574
500 3 2 100 1 574 592 593 575
501 3 2 100 1 575 593 594 576
502 3 2 100 1 576 594 82 83
503 3 2 100 1 27 28 595 577
504 3 2 100 1 577 595 596 578
505 3 2 100 1 578 596 597 579
506 3 2 100 1 579 597 598 580
507 3 2 100 1 580 598 599 581
508 3 2 100 1 581 599 600 582
509 3 2 100 1 582 600 601 583
510 3 2 100 1 583 601 602 584
511 3 2 100 1 584 602 603 585
512 3 2 100 1 585 603 604 586
513 3 2 100 1 586 604 605 587
514 3 2 100 1 587 605 606 588
515 3 2 100 1 588 606 607 589
516 3 2 100 1 589 607 608 590
517 3 2 100 1 590 608 609 591
518 3 2 100 1 591 609 610 592
519 3 2 100 1 592 610 611 593
520 3 2 100 1 593 611 612 594
521 3 2 100 1 594 612 81 82
522 3 2 100 1 28 29 613 595
523 3 2 100 1 595 613 614 596
524 3 2 100 1 596 614 615 597
525 3 2 100 1 597 615 616 598
526 3 2 100 1 598 616 617 599
527 3 2 100 1 599 617 618 600
528 3 2 100 1 600 618 619 601
529 3 2 100 1 601 619 620 602
530 3 2 100 1 602 620 621 603
531 3 2 100 1 603 621 622 604
532 3 2 100 1 604 622 623 605
533 3 2 100 1 605 623 624 606
534 3 2 100 1 606 624 625 607
535 3 2 100 1 607 625 626 608
536 3 2 100 1 608 626 627 609
537 3 2 100 1 609 627 628 610
538 3 2 100 1 610 628 629 611
539 3 2 100 1 611 629 630 612
540 3 2 100 1 612 630 80 81
541 3 2 100 1 29 30 631 613
542 3 2 100 1 613 631 632 614
543 3 2 100 1 614 632 633 615
544 3 2 100 1 615 633 634 616
545 3 2 100 1 616 634 635 617
546 3 2 100 1 617 635 636 618
547 3 2 100 1 618 636 637 619
548 3 2 100 1 619 637 638 620
549 3 2 100 1 620 638 639 621
550 3 2 100 1 621 639 640 622
551 3 2 100 1 622 640 641 623
552 3 2 100 1 623 641 642 624
553 3 2 100 1 624 642 643 625
554 3 2 100 1 625 643 644 626
555 3 2 100 1 626 644 645 627
556 3 2 100 1 627 645 646 628
557 3 2 100 1 628 646 647 629
558 3 2 100 1 629 647 648 630
559 3 2 100 1 630 648 79 80
560 3 2 100 1 30 31 649 631
561 3 2 100 1 631 649 650 632
562 3 2 100 1 632 650 651 633
563 3 2 100 1 633 651 652 634
564 3 2 100 1 634 652 653 635
565 3 2 100 1 635 653 654 636
566 3 2 100 1 636 654 655 637
567 3 2 100 1 637 655 656 638
568 3 2 100 1 638 656 657 639
569 3 2 100 1 639 657 658 640
570 3 2 100 1 640 658 659 641
571 3 2 100 1 641 659 660 642
572 3 2 100 1 642 660 661 643
573 3 2 100 1 643 661 662 644
574 3 2 100 1 644 662 663 645
575 3 2 100 1 645 663 664 646
576 3 2 100 1 646 664 665 647
577 3 2 100 1 647 665 666 648
578 3 2 100 1 648 666 78 79
579 3 2 100 1 31 32 667 649
580 3 2 100 1 649 667 668 650
581 3 2 100 1 650 668 669 651
582 3 2 100 1 651 669 670 652
583 3 2 100 1 652 670 671 653
584 3 2 100 1 653 671 672 654
585 3 2 100 1 654 672 673 655
586 3 2 100 1 655 673 674 656
587 3 2 100 1 656 674 675 657
588 3 2 100 1 657 675 676 658
589 3 2 100 1 658 676 677 659
590 3 2 100 1 659 677 678 660
591 3 2 100 1 660 678 679 661
592 3 2 100 1 661 679 680 662
593 3 2 100 1 662 680 681 663
594 3 2 100 1 663 681 682 664
595 3 2 100 1 664 682 683 665
596 3 2 100 1 665 683 684 666
597 3 2 100 1 666 684 77 78
598 3 2 100 1 32 33 685 667
599 3 2 100 1 667 685 686 668
600 3 2 100 1 668 686 687 669
601 3 2 100 1 669 687 688 670
602 3 2 100 1 670 688 689 671
603 3 2 100 1 671 689 690 672
604 3 2 100 1 672 690 691 673
605 3 2 100 1 673 691 692 674
606 3 2 100 1 674 692 693 675
607 3 2 100 1 675 693 694 676
608 3 2 100 1 676 694 695 677
609 3 2 100 1 677 695 696 678
610 3 2 100 1 678 696 697 679
611 3 2 100 1 679 697 698 680
612 3 2 100 1 680 698 699 681
613 3 2 100 1 681 699 700 682
614 3 2 100 1 682 700 701 683
615 3 2 100 1 683 701 702 684
616 3 2 100 1 684 702 76 77
617 3 2 100 1 33 34 703 685
618 3 2 100 1 685 703 704 686
619 3 2 100 1 686 704 705 687
620 3 2 100 1 687 705 706 688
621 3 2 100 1 688 706 707 689
622 3 2 100 1 689 707 708 690
623 3 2 100 1 690 708 709 691
624 3 2 100 1 691 709 710 692
625 3 2 100 1 692 710 711 693
626 3 2 100 1 693 711 712 694
627 3 2 100 1 694 712 713 695
628 3 2 100 1 695 713 714 696
629 3 2 100 1 696 714 715 697
630 3 2 100 1 697 715 716 698
631 3 2 100 1 698 716 717 699
632 3 2 100 1 699 717 718 700
633 3 2 100 1 700 718 719 701
634 3 2 100 1 701 719 720 702
635 3 2 100 1 702 720 75 76
636 3 2 100 1 34 35 721 703
637 3 2 100 1 703 721 722 704
638 3 2 100 1 704 722 723 705
639 3 2 100 1 705 723 724 706
640 3 2 100 1 706 724 725 707
641 3 2 100 1 707 725 726 708
642 3 2 100 1 708 726 727 709
643 3 2 100 1 709 727 728 710
644 3 2 100 1 710 728 729 711
645 3 2 100 1 711 729 730 712
646 3 2 100 1 712 730 731 713
647 3 2 100 1 713 731 732 714
648 3 2 100 1 714 732 733 715
649 3 2 100 1 715 733 734 716
650 3 2 100 1 716 734 735 717
651 3 2 100 1 717 735 736 718
652 3 2 100 1 718 736 737 719
653 3 2 100 1 719 737 738 720
654 3 2 100 1 720 738 74 75
655 3 2 100 1 35 36 739 721
656 3 2 100 1 721 739 740 722
657 3 2 100 1 722 740 741 723
658 3 2 100 1 723 741 742 724
659 3 2 100 1 724 742 743 725
660 3 2 100 1 725 743 744 726
661 3 2 100 1 726 744 745 727
662 3 2 100 1 727 745 746 728
663 3 2 100 1 728 746 747 729
664 3 2 100 1 729 747 748 730
665 3 2 100 1 730 748 749 731
666 3 2 100 1 731 749 750 732
667 3 2 100 1 732 750 751 733
668 3 2 100 1 733 751 752 734
669 3 2 100 1 734 752 753 735
670 3 2 100 1 735 753 754 736
671 3 2 100 1 736 754 755 737
672 3 2 100 1 737 755 756 738
673 3 2 100 1 738 756 73 74
674 3 2 100 1 36 37 757 739
675 3 2 100 1 739 757 758 740
676 3 2 100 1 740 758 759 741
677 3 2 100 1 741 759 760 742
678 3 2 100 1 742 760 761 743
679 3 2 100 1 743 761 762 744
680 3 2 100 1 744 762 763 745
681 3 2 100 1 745 763 764 746
682 3 2 100 1 746 764 765 747
683 3 2 100 1 747 765 766 748
684 3 2 100 1 748 766 767 749
685 3 2 100 1 749 767 768 750
686 3 2 100 1 750 768 769 751
687 3 2 100 1 751 769 770 752
688 3 2 100 1 752 770 771 753
689 3 2 100 1 753 771 772 754
690 3 2 100 1 754 772 773 755
691 3 2 100 1 755 773 774 756
692 3 2 100 1 756 774 72 73
693 3 2 100 1 37 38 775 757
694 3 2 100 1 757 775 776 758
695 3 2 100 1 758 776 777 759
696 3 2 100 1 759 777 778 760
697 3 2 100 1 760 778 779 761
698 3 2 100 1 761 779 780 762
699 3 2 100 1 762 780 781 763
700 3 2 100 1 763 781 782 764
701 3 2 100 1 764 782 783 765
702 3 2 100 1 765 783 784 766
703 3 2 100 1 766 784 785 767
704 3 2 100 1 767 785 786 768
705 3 2 100 1 768 786 787 769
706 3 2 100 1 769 787 788 770
707 3 2 100 1 770 788 789 771
708 3 2 100 1 771 789 790 772
709 3 2 100 1 772 790 791 773
710 3 2 100 1 773 791 792 774
711 3 2 100 1 774 792 71 72
712 3 2 100 1 38 39 793 775
713 3 2 100 1 775 793 794 776
714 3 2 100 1 776 794 795 777
715 3 2 100 1 777 795 796 778
716 3 2 100 1 778 796 797 779
717 3 2 100 1 779 797 798 780
718 3 2 100 1 780 798 799 781
719 3 2 100 1 781 799 800 782
720 3 2 100 1 782 800 801 783
721 3 2 100 1 783 801 802 784
722 3 2 100 1 784 802 803 785
723 3 2 100 1 785 803 804 786
724 3 2 100 1 786 804 805 787
725 3 2 100 1 787 805 806 788
726 3 2 100 1 788 806 807 789
727 3 2 100 1 789 807 808 790
728 3 2 100 1 790 808 809 791
729 3 2 100 1 791 809 810 792
730 3 2 100 1 792 810 70 71
731 3 2 100 1 39 40 811 793
732 3 2 100 1 793 811 812 794
733 3 2 100 1 794 812 813 795
734 3 2 100 1 795 813 814 796
735 3 2 100 1 796 814 815 797
736 3 2 100 1 797 815 816 798
737 3 2 100 1 798 816 817 799
738 3 2 100 1 799 817 818 800
739 3 2 100 1 800 818 819 801
740 3 2 100 1 801 819 820 802
741 3 2 100 1 802 820 821 803
742 3 2 100 1 803 821 822 804
743 3 2 100 1 804 822 823 805
744 3 2 100 1 805 823 824 806
745 3 2 100 1 806 824 825 807
746 3 2 100 1 807 825 826 808
747 3 2 100 1 808 826 827 809
748 3 2 100 1 809 827 828 810
749 3 2 100 1 810 828 69 70
750 3 2 100 1 40 41 829 811
751 3 2 100 1 811 829 830 812
752 3 2 100 1 812 830 831 813
753 3 2 100 1 813 831 832 814
754 3 2 100 1 814 832 833 815
755 3 2 100 1 815 833 834 816
756 3 2 100 1 816 834 835 817
757 3 2 100 1 817 835 836 818
758 3 2 100 1 818 836 837 819
759 3 2 100 1 819 837 838 820
760 3 2 100 1 820 838 839 821
761 3 2 100 1 821 839 840 822
762 3 2 100 1 822 840 841 823
763 3 2 100 1 823 841 842 824
764 3 2 100 1 824 842 843 825
765 3 2 100 1 825 843 844 826
766 3 2 100 1 826 844 845 827
767 3 2 100 1 827 845 846 828
768 3 2 100 1 828 846 68 69
769 3 2 100 1 41 42 847 829
770 3 2 100 1 829 847 848 830
771 3 2 100 1 830 848 849 831
772 3 2 100 1 831 849 850 832
773 3 2 100 1 832 850 851 833
774 3 2 100 1 833 851 852 834
775 3 2 100 1 834 852 853 835
776 3 2 100 1 835 853 854 836
777 3 2 100 1 836 854 855 837
778 3 2 100 1 837 855 856 838
779 3 2 100 1 838 856 857 839
780 3 2 100 1 839 857 858 840
781 3 2 100 1 840 858 859 841
782 3 2 100 1 841 859 860 842
783 3 2 100 1 842 860 861 843
784 3 2 100 1 843 861 862 844
785 3 2 100 1 844 862 863 845
786 3 2 100 1 845 863 864 846
787 3 2 100 1 846 864 67 68
788 3 2 100 1 42 43 865 847
789 3 2 100 1 847 865 866 848
790 3 2 100 1 848 866 867 849
791 3 2 100 1 849 867 868 850
792 3 2 100 1 850 868 869 851
793 3 2 100 1 851 869 870 852
794 3 2 100 1 852 870 871 853
795 3 2 100 1 853 871 872 854
796 3 2 100 1 854 872 873 855
797 3 2 100 1 855 873 874 856
798 3 2 100 1 856 874 875 857
799 3 2 100 1 857 875 876 858
800 3 2 100 1 858 876 877 859
801 3 2 100 1 859 877 878 860
802 3 2 100 1 860 878 879 861
803 3 2 100 1 861 879 880 862
804 3 2 100 1 862 880 881 863
805 3 2 100 1 863 881 882 864
806 3 2 100 1 864 882 66 67
807 3 2 100 1 43 44 883 865
808 3 2 100 1 865 883 884 866
809 3 2 100 1 866 884 885 867
810 3 2 100 1 867 885 886 868
811 3 2 100 1 868 886 887 869
812 3 2 100 1 869 887 888 870
813 3 2 100 1 870 888 889 871
814 3 2 100 1 871 889 890 872
815 3 2 100 1 872 890 891 873
816 3 2 100 1 873 891 892 874
817 3 2 100 1 874 892 893 875
818 3 2 100 1 875 893 894 876
819 3 2 100 1 876 894 895 877
820 3 2 100 1 877 895 896 878
821 3 2 100 1 878 896 897 879
822 3 2 100 1 879 897 898 880
823 3 2 100 1 880 898 899 881
824 3 2 100 1 881 899 900 882
825 3 2 100 1 882 900 65 66
826 3 2 100 1 44 45 901 883
827 3 2 100 1 883 901 902 884
828 3 2 100 1 884 902 903 885
829 3 2 100 1 885 903 904 886
830 3 2 100 1 886 904 905 887
831 3 2 100 1 887 905 906 888
832 3 2 100 1 888 906 907 889
833 3 2 100 1 889 907 908 890
834 3 2 100 1 890 908 909 891
835 3 2 100 1 891 909 910 892
836 3 2 100 1 892 910 911 893
837 3 2 100 1 893 911 912 894
838 3 2 100 1 894 912 913 895
839 3 2 100 1 895 913 914 896
840 3 2 100 1 896 914 915 897
841 3 2 100 1 897 915 916 898
842 3 2 100 1 898 916 917 899
843 3 2 100 1 899 917 918 900
844 3 2 100 1 900 918 64 65
845 3 2 100 1 45 2 46 901
846 3 2 100 1 901 46 47 902
847 3 2 100 1 902 47 48 903
848 3 2 100 1 903 48 49 904
849 3 2 100 1 904 49 50 905
850 3 2 100 1 905 50 51 906
851 3 2 100 1 906 51 52 907
852 3 2 100 1 907 52 53 908
853 3 2 100 1 908 53 54 909
854 3 2 100 1 909 54 55 910
855 3 2 100 1 910 55 56 911
856 3 2 100 1 911 56 57 912
857 3 2 100 1 912 57 58 913
858 3 2 100 1 913 58 59 914
859 3 2 100 1 914 59 60 915
860 3 2 100 1 915 60 61 916
861 3 2 100 1 916 61 62 917
862 3 2 100 1 917 62 63 918
863 3 2 100 1 918 63 3 64
864 3 2 101 2 930 934 927 951
865 3 2 101 2 142 86 85 946
866 3 2 101 2 144 87 86 143
867 3 2 101 2 972 976 983 957
868 3 2 101 2 954 979 972 957
869 3 2 101 2 955 956 975 974
870 3 2 101 2 953 933 82 81
871 3 2 101 2 147 90 89 146
872 3 2 101 2 981 977 972 979
873 3 2 101 2 159 971 964 940
874 3 2 101 2 940 938 158 159
875 3 2 101 2 975 978 924 959
876 3 2 101 2 952 935 934 930
877 3 2 101 2 960 924 978 980
878 3 2 101 2 145 88 87 144
879 3 2 101 2 983 940 964 957
880 3 2 101 2 146 89 88 145
881 3 2 101 2 946 939 140 141
882 3 2 101 2 939 936 139 140
883 3 2 101 2 936 933 138 139
884 3 2 101 2 975 959 922 974
885 3 2 101 2 961 922 70 69
886 3 2 101 2 959 71 70 922
887 3 2 101 2 959 924 72 71
888 3 2 101 2 960 73 72 924
889 3 2 101 2 981 974 922 961
890 3 2 101 2 960 925 74 73
891 3 2 101 2 962 75 74 925
892 3 2 101 2 933 953 137 138
893 3 2 101 2 962 927 76 75
894 3 2 101 2 961 69 68 920
895 3 2 101 2 939 946 85 84
896 3 2 101 2 954 957 964 970
897 3 2 101 2 927 967 931 951
898 3 2 101 2 953 81 80 945
899 3 2 101 2 936 939 84 83
900 3 2 101 2 953 932 136 137
901 3 2 101 2 958 925 960 980
902 3 2 101 2 933 936 83 82
903 3 2 101 2 979 973 974 981
904 3 2 101 2 77 76 927 934
905 3 2 101 2 77 934 935 78
906 3 2 101 2 932 952 135 136
907 3 2 101 2 79 78 935 944
908 3 2 101 2 79 944 945 80
909 3 2 101 2 952 930 134 135
910 3 2 101 2 930 951 133 134
911 3 2 101 2 961 920 977 981
912 3 2 101 2 951 931 132 133
913 3 2 101 2 68 67 963 920
914 3 2 101 2 958 965 962 925
915 3 2 101 2 931 950 131 132
916 3 2 101 2 958 980 978 969
917 3 2 101 2 965 958 929 950
918 3 2 101 2 950 931 967 965
919 3 2 101 2 950 929 130 131
920 3 2 101 2 958 969 948 929
921 3 2 101 2 975 956 969 978
922 3 2 101 2 929 948 129 130
923 3 2 101 2 969 956 926 948
924 3 2 101 2 948 926 128 129
925 3 2 101 2 955 947 926 956
926 3 2 101 2 982 977 920 963
927 3 2 101 2 926 947 127 128
928 3 2 101 2 968 923 947 955
929 3 2 101 2 976 982 963 919
930 3 2 101 2 947 923 126 127
931 3 2 101 2 974 973 968 955
932 3 2 101 2 954 943 923 968
933 3 2 101 2 923 943 125 126
934 3 2 101 2 66 919 963 67
935 3 2 101 2 943 921 124 125
936 3 2 101 2 943 954 970 921
937 3 2 101 2 973 979 954 968
938 3 2 101 2 976 972 977 982
939 3 2 101 2 944 932 953 945
940 3 2 101 2 927 962 965 967
941 3 2 101 2 935 952 932 944
942 3 2 101 2 66 65 966 919
943 3 2 101 2 921 970 964 942
944 3 2 101 2 921 942 123 124
945 3 2 101 2 971 928 942 964
946 3 2 101 2 159 160 941 971
947 3 2 101 2 158 937 64 3
948 3 2 101 2 122 123 942 928
949 3 2 101 2 64 937 966 65
950 3 2 101 2 976 919 966 938
951 3 2 101 2 121 122 928 949
952 3 2 101 2 928 971 941 949
953 3 2 101 2 120 121 949 941
954 3 2 101 2 158 938 966 937
955 3 2 101 2 90 147 148 91
956 3 2 101 2 91 148 149 92
957 3 2 101 2 92 149 150 93
958 3 2 101 2 93 150 151 94
959 3 2 101 2 94 151 152 95
960 3 2 101 2 95 152 153 96
961 3 2 101 2 96 153 154 97
962 3 2 101 2 97 154 155 98
963 3 2 101 2 98 155 156 99
964 3 2 101 2 941 160 5 120
965 3 2 101 2 976 938 940 983
966 3 2 102 3 5 161 984 120
967 3 2 102 3 120 984 985 121
968 3 2 102 3 121 985 986 122
969 3 2 102 3 122 986 987 123
970 3 2 102 3 123 987 988 124
971 3 2 102 3 124 988 989 125
972 3 2 102 3 125 989 990 126
973 3 2 102 3 126 990 991 127
974 3 2 102 3 127 991 992 128
975 3 2 102 3 128 992 993 129
976 3 2 102 3 129 993 994 130
977 3 2 102 3 130 994 995 131
978 3 2 102 3 131 995 996 132
979 3 2 102 3 132 996 997 133
980 3 2 102 3 133 997 998 134
981 3 2 102 3 134 998 999 135
982 3 2 102 3 135 999 1000 136
983 3 2 102 3 136 1000 1001 137
984 3 2 102 3 137 1001 1002 138
985 3 2 102 3 138 1002 1003 139
986 3 2 102 3 139 1003 1004 140
987 3 2 102 3 140 1004 1005 141
988 3 2 102 3 141 1005 1006 142
989 3 2 102 3 142 1006 1007 143
990 3 2 102 3 143 1007 1008 144
991 3 2 102 3 144 1008 1009 145
992 3 2 102 3 145 1009 1010 146
993 3 2 102 3 146 1010 1011 147
994 3 2 102 3 147 1011 1012 148
995 3 2 102 3 148 1012 1013 149
996 3 2 102 3 149 1013 1014 150
997 3 2 102 3 150 1014 1015 151
998 3 2 102 3 151 1015 1016 152
999 3 2 102 3 152 1016 1017 153
1000 3 2 102 3 153 1017 1018 154
1001 3 2 102 3 154 1018 1019 155
1002 3 2 102 3 155 1019 1020 156
1003 3 2 102 3 156 1020 1021 157
1004 3 2 102 3 157 1021 234 4
1005 3 2 102 3 161 162 1022 984
1006 3 2 102 3 984 1022 1023 985
1007 3 2 102 3 985 1023 1024 986
1008 3 2 102 3 986 1024 1025 987
1009 3 2 102 3 987 1025 1026 988
1010 3 2 102 3 988 1026 1027 989
1011 3 2 102 3 989 1027 1028 990
1012 3 2 102 3 990 1028 1029 991
1013 3 2 102 3 991 1029 1030 992
1014 3 2 102 3 992 1030 1031 993
1015 3 2 102 3 993 1031 1032 994
1016 3 2 102 3 994 1032 1033 995
1017 3 2 102 3 995 1033 1034 996
1018 3 2 102 3 996 1034 1035 997
1019 3 2 102 3 997 1035 1036 998
1020 3 2 102 3 998 1036 1037 999
1021 3 2 102 3 999 1037 1038 1000
1022 3 2 102 3 1000 1038 1039 1001
1023 3 2 102 3 1001 1039 1040 1002
1024 3 2 102 3 1002 1040 1041 1003
1025 3 2 102 3 1003 1041 1042 1004
1026 3 2 102 3 1004 1042 1043 1005
1027 3 2 102 3 1005 1043 1044 1006
1028 3 2 102 3 1006 1044 1045 1007
1029 3 2 102 3 1007 1045 1046 1008
1030 3 2 102 3 1008 1046 1047 1009
1031 3 2 102 3 1009 1047 1048 1010
1032 3 2 102 3 1010 1048 1049 1011
1033 3 2 102 3 1011 1049 1050 1012
1034 3 2 102 3 1012 1050 1051 1013
1035 3 2 102 3 1013 1051 1052 1014
1036 3 2 102 3 1014 1052 1053 1015
1037 3 2 102 3 1015 1053 1054 1016
1038 3 2 102 3 1016 1054 1055 1017
1039 3 2 102 3 1017 1055 1056 1018
1040 3 2 102 3 1018 1056 1057 1019
1041 3 2 102 3 1019 1057 1058 1020
1042 3 2 102 3 1020 1058 1059 1021
1043 3 2 102 3 1021 1059 233 234
1044 3 2 102 3 162 163 1060 1022
1045 3 2 102 3 1022 1060 1061 1023
1046 3 2 102 3 1023 1061 1062 1024
1047 3 2 102 3 1024 1062 1063 1025
1048 3 2 102 3 1025 1063 1064 1026
1049 3 2 102 3 1026 1064 1065 1027
1050 3 2 102 3 1027 1065 1066 1028
1051 3 2 102 3 1028 1066 1067 1029
1052 3 2 102 3 1029 1067 1068 1030
1053 3 2 102 3 1030 1068 1069 1031
1054 3 2 102 3 1031 1069 1070 1032
1055 3 2 102 3 1032 1070 1071 1033
1056 3 2 102 3 1033 1071 1072 1034
1057 3 2 102 3 1034 1072 1073 1035
1058 3 2 102 3 1035 1073 1074 1036
1059 3 2 102 3 1036 1074 1075 1037
1060 3 2 102 3 1037 1075 1076 1038
1061 3 2 102 3 1038 1076 1077 1039
1062 3 2 102 3 1039 1077 1078 1040
1063 3 2 102 3 1040 1078 1079 1041
1064 3 2 102 3 1041 1079 1080 1042
1065 3 2 102 3 1042 1080 1081 1043
1066 3 2 102 3 1043 1081 1082 1044
1067 3 2 102 3 1044 1082 1083 1045
1068 3 2 102 3 1045 1083 1084 1046
1069 3 2 102 3 1046 1084 1085 1047
1070 3 2 102 3 1047 1085 1086 1048
1071 3 2 102 3 1048 1086 1087 1049
1072 3 2 102 3 1049 1087 1088 1050
1073 3 2 102 3 1050 1088 1089 1051
1074 3 2 102 3 1051 1089 1090 1052
1075 3 2 102 3 1052 1090 1091 1053
1076 3 2 102 3 1053 1091 1092 1054
1077 3 2 102 3 1054 1092 1093 1055
1078 3 2 102 3 1055 1093 1094 1056
1079 3 2 102 3 1056 1094 1095 1057
1080 3 2 102 3 1057 1095 1096 1058
1081 3 2 102 3 1058 1096 1097 1059
1082 3 2 102 3 1059 1097 232 233
1083 3 2 102 3 163 164 1098 1060
1084 3 2 102 3 1060 1098 1099 1061
1085 3 2 102 3 1061 1099 1100 1062
1086 3 2 102 3 1062 1100 1101 1063
1087 3 2 102 3 1063 1101 1102 1064
1088 3 2 102 3 1064 1102 1103 1065
1089 3 2 102 3 1065 1103 1104 1066
1090 3 2 102 3 1066 1104 1105 1067
1091 3 2 102 3 1067 1105 1106 1068
1092 3 2 102 3 1068 1106 1107 1069
1093 3 2 102 3 1069 1107 1108 1070
1094 3 2 102 3 1070 1108 1109 1071
1095 3 2 102 3 1071 1109 1110 1072
1096 3 2 102 3 1072 1110 1111 1073
1097 3 2 102 3 1073 1111 1112 1074
1098 3 2 102 3 1074 1112 1113 1075
1099 3 2 102 3 1075 1113 1114 1076
1100 3 2 102 3 1076 1114 1115 1077
1101 3 2 102 3 1077 1115 1116 1078
1102 3 2 102 3 1078 1116 1117 1079
1103 3 2 102 3 1079 1117 1118 1080
1104 3 2 102 3 1080 1118 1119 1081
1105 3 2 102 3 1081 1119 1120 1082
1106 3 2 102 3 1082 1120 1121 1083
1107 3 2 102 3 1083 1121 1122 1084
1108 3 2 102 3 1084 1122 1123 1085
1109 3 2 102 3 1085 1123 1124 1086
1110 3 2 102 3 1086 1124 1125 1087
1111 3 2 102 3 1087 1125 1126 1088
1112 3 2 102 3 1088 1126 1127 1089
1113 3 2 102 3 1089 1127 1128 1090
1114 3 2 102 3 1090 1128 1129 1091
1115 3 2 102 3 1091 1129 1130 1092
1116 3 2 102 3 1092 1130 1131 1093
1117 3 2 102 3 1093 1131 1132 1094
1118 3 2 102 3 1094 1132 1133 1095
1119 3 2 102 3 1095 1133 1134 1096
1120 3 2 102 3 1096 1134 1135 1097
1121 3 2 102 3 1097 1135 231 232
1122 3 2 102 3 164 165 1136 1098
1123 3 2 102 3 1098 1136 1137 1099
1124 3 2 102 3 1099 1137 1138 1100
1125 3 2 102 3 1100 1138 1139 1101
1126 3 2 102 3 1101 1139 1140 1102
1127 3 2 102 3 1102 1140 1141 1103
1128 3 2 102 3 1103 1141 1142 1104
1129 3 2 102 3 1104 1142 1143 1105
1130 3 2 102 3 1105 1143 1144 1106
1131 3 2 102 3 1106 1144 1145 1107
1132 3 2 102 3 1107 1145 1146 1108
1133 3 2 102 3 1108 1146 1147 1109
1134 3 2 102 3 1109 1147 1148 1110
1135 3 2 102 3 1110 1148 1149 1111
1136 3 2 102 3 1111 1149 1150 1112
1137 3 2 102 3 1112 1150 1151 1113
1138 3 2 102 3 1113 1151 1152 1114
1139 3 2 102 3 1114 1152 1153 1115
1140 3 2 102 3 1115 1153 1154 1116
1141 3 2 102 3 1116 1154 1155 1117
1142 3 2 102 3 1117 1155 1156 1118
1143 3 2 102 3 1118 1156 1157 1119
1144 3 2 102 3 1119 1157 1158 1120
1145 3 2 102 3 1120 1158 1159 1121
1146 3 2 102 3 1121 1159 1160 1122
1147 3 2 102 3 1122 1160 1161 1123
1148 3 2 102 3 1123 1161 1162 1124
1149 3 2 102 3 1124 1162 1163 1125
1150 3 2 102 3 1125 1163 1164 1126
1151 3 2 102 3 1126 1164 1165 1127
1152 3 2 102 3 1127 1165 1166 1128
1153 3 2 102 3 1128 1166 1167 1129
1154 3 2 102 3 1129 1167 1168 1130
1155 3 2 102 3 1130 1168 1169 1131
1156 3 2 102 3 1131 1169 1170 1132
1157 3 2 102 3 1132 1170 1171 1133
1158 3 2 102 3 1133 1171 1172 1134
1159 3 2 102 3 1134 1172 1173 1135
1160 3 2 102 3 1135 1173 230 231
1161 3 2 102 3 165 166 1174 1136
1162 3 2 102 3 1136 1174 1175 1137
1163 3 2 102 3 1137 1175 1176 1138
1164 3 2 102 3 1138 1176 1177 1139
1165 3 2 102 3 1139 1177 1178 1140
1166 3 2 102 3 1140 1178 1179 1141
1167 3 2 102 3 1141 1179 1180 1142
1168 3 2 102 3 1142 1180 1181 1143
1169 3 2 102 3 1143 1181 1182 1144
1170 3 2 102 3 1144 1182 1183 1145
1171 3 2 102 3 1145 1183 1184 1146
1172 3 2 102 3 1146 1184 1185 1147
1173 3 2 102 3 1147 1185 1186 1148
1174 3 2 102 3 1148 1186 1187 1149
1175 3 2 102 3 1149 1187 1188 1150
1176 3 2 102 3 1150 1188 1189 1151
1177 3 2 102 3 1151 1189 1190 1152
1178 3 2 102 3 1152 1190 1191 1153
1179 3 2 102 3 1153 1191 1192 1154
1180 3 2 102 3 1154 1192 1193 1155
1181 3 2 102 3 1155 1193 1194 1156
1182 3 2 102 3 1156 1194 1195 1157
1183 3 2 102 3 1157 1195 1196 1158
1184 3 2 102 3 1158 1196 1197 1159
1185 3 2 102 3 1159 1197 1198 1160
1186 3 2 102 3 1160 1198 1199 1161
1187 3 2 102 3 1161 1199 1200 1162
1188 3 2 102 3 1162 1200 1201 1163
1189 3 2 102 3 1163 1201 1202 1164
1190 3 2 102 3 1164 1202 1203 1165
1191 3 2 102 3 1165 1203 1204 1166
1192 3 2 102 3 1166 1204 1205 1167
1193 3 2 102 3 1167 1205 1206 1168
1194 3 2 102 3 1168 1206 1207 1169
1195 3 2 102 3 1169 1207 1208 1170
1196 3 2 102 3 1170 1208 1209 1171
1197 3 2 102 3 1171 1209 1210 1172
1198 3 2 102 3 1172 1210 1211 1173
1199 3 2 102 3 1173 1211 229 230
1200 3 2 102 3 166 167 1212 1174
1201 3 2 102 3 1174 1212 1213 1175
1202 3 2 102 3 1175 1213 1214 1176
1203 3 2 102 3 1176 1214 1215 1177
1204 3 2 102 3 1177 1215 1216 1178
1205 3 2 102 3 1178 1216 1217 1179
1206 3 2 102 3 1179 1217 1218 1180
1207 3 2 102 3 1180 1218 1219 1181
1208 3 2 102 3 1181 1219 1220 1182
1209 3 2 102 3 1182 1220 1221 1183
1210 3 2 102 3 1183 1221 1222 1184
1211 3 2 102 3 1184 1222 1223 1185
1212 3 2 102 3 1185 1223 1224 1186
1213 3 2 102 3 1186 1224 1225 1187
1214 3 2 102 3 1187 1225 1226 1188
1215 3 2 102 3 1188 1226 1227 1189
1216 3 2 102 3 1189 1227 1228 1190
1217 3 2 102 3 1190 1228 1229 1191
1218 3 2 102 3 1191 1229 1230 1192
1219 3 2 102 3 1192 1230 1231 1193
1220 3 2 102 3 1193 1231 1232 1194
1221 3 2 102 3 1194 1232 1233 1195
1222 3 2 102 3 1195 1233 1234 1196
1223 3 2 102 3 1196 1234 1235 1197
1224 3 2 102 3 1197 1235 1236 1198
1225 3 2 102 3 1198 1236 1237 1199
1226 3 2 102 3 1199 1237 1238 1200
1227 3 2 102 3 1200 1238 1239 1201
1228 3 2 102 3 1201 1239 1240 1202
1229 3 2 102 3 1202 1240 1241 1203
1230 3 2 102 3 1203 1241 1242 1204
1231 3 2 102 3 1204 1242 1243 1205
1232 3 2 102 3 1205 1243 1244 1206
1233 3 2 102 3 1206 1244 1245 1207
1234 3 2 102 3 1207 1245 1246 1208
1235 3 2 102 3 1208 1246 1247 1209
1236 3 2 102 3 1209 1247 1248 1210
1237 3 2 102 3 1210 1248 1249 1211
1238 3 2 102 3 1211 1249 228 229
1239 3 2 102 3 167 168 1250 1212
1240 3 2 102 3 1212 1250 1251 1213
1241 3 2 102 3 1213 1251 1252 1214
1242 3 2 102 3 1214 1252 1253 1215
1243 3 2 102 3 1215 1253 1254 1216
1244 3 2 102 3 1216 1254 1255 1217
1245 3 2 102 3 1217 1255 1256 1218
1246 3 2 102 3 1218 1256 1257 1219
1247 3 2 102 3 1219 1257 1258 1220
1248 3 2 102 3 1220 1258 1259 1221
1249 3 2 102 3 1221 1259 1260 1222
1250 3 2 102 3 1222 1260 1261 1223
1251 3 2 102 3 1223 1261 1262 1224
1252 3 2 102 3 1224 1262 1263 1225
1253 3 2 102 3 1225 1263 1264 1226
1254 3 2 102 3 1226 1264 1265 1227
1255 3 2 102 3 1227 1265 1266 1228
1256 3 2 102 3 1228 1266 1267 1229
1257 3 2 102 3 1229 1267 1268 1230
1258 3 2 102 3 1230 1268 1269 1231
1259 3 2 102 3 1231 1269 1270 1232
1260 3 2 102 3 1232 1270 1271 1233
1261 3 2 102 3 1233 1271 1272 1234
1262 3 2 102 3 1234 1272 1273 1235
1263 3 2 102 3 1235 1273 1274 1236
1264 3 2 102 3 1236 1274 1275 1237
1265 3 2 102 3 1237 1275 1276 1238
1266 3 2 102 3 1238 1276 1277 1239
1267 3 2 102 3 1239 1277 1278 1240
1268 3 2 102 3 1240 1278 1279 1241
1269 3 2 102 3 1241 1279 1280 1242
1270 3 2 102 3 1242 1280 1281 1243
1271 3 2 102 3 1243 1281 1282 1244
1272 3 2 102 3 1244 1282 1283 1245
1273 3 2 102 3 1245 1283 1284 1246
1274 3 2 102 3 1246 1284 1285 1247
1275 3 2 102 3 1247 1285 1286 1248
1276 3 2 102 3 1248 1286 1287 1249
1277 3 2 102 3 1249 1287 227 228
1278 3 2 102 3 168 169 1288 1250
1279 3 2 102 3 1250 1288 1289 1251
1280 3 2 102 3 1251 1289 1290 1252
1281 3 2 102 3 1252 1290 1291 1253
1282 3 2 102 3 1253 1291 1292 1254
1283 3 2 102 3 1254 1292 1293 1255
1284 3 2 102 3 1255 1293 1294 1256
1285 3 2 102 3 1256 1294 1295 1257
1286 3 2 102 3 1257 1295 1296 1258
1287 3 2 102 3 1258 1296 1297 1259
1288 3 2 102 3 1259 1297 1298 1260
1289 3 2 102 3 1260 1298 1299 1261
1290 3 2 102 3 1261 1299 1300 1262
1291 3 2 102 3 1262 1300 1301 1263
1292 3 2 102 3 1263 1301 1302 1264
1293 3 2 102 3 1264 1302 1303 1265
1294 3 2 102 3 1265 1303 1304 1266
1295 3 2 102 3 1266 1304 1305 1267
1296 3 2 102 3 1267 1305 1306 1268
1297 3 2 102 3 1268 1306 1307 1269
1298 3 2 102 3 1269 1307 1308 1270
1299 3 2 102 3 1270 1308 1309 1271
1300 3 2 102 3 1271 1309 1310 1272
1301 3 2 102 3 1272 1310 1311 1273
1302 3 2 102 3 1273 1311 1312 1274
1303 3 2 102 3 1274 1312 1313 1275
1304 3 2 102 3 1275 1313 1314 1276
1305 3 2 102 3 1276 1314 1315 1277
1306 3 2 102 3 1277 1315 1316 1278
1307 3 2 102 3 1278 1316 1317 1279
1308 3 2 102 3 1279 1317 1318 1280
1309 3 2 102 3 1280 1318 1319 1281
1310 3 2 102 3 1281 1319 1320 1282
1311 3 2 102 3 1282 1320 1321 1283
1312 3 2 102 3 1283 1321 1322 1284
1313 3 2 102 3 1284 1322 1323 1285
1314 3 2 102 3 1285 1323 1324 1286
1315 3 2 102 3 1286 1324 1325 1287
1316 3 2 102 3 1287 1325 226 227
1317 3 2 102 3 169 170 1326 1288
1318 3 2 102 3 1288 1326 1327 1289
1319 3 2 102 3 1289 1327 1328 1290
1320 3 2 102 3 1290 1328 1329 1291
1321 3 2 102 3 1291 1329 1330 1292
1322 3 2 102 3 1292 1330 1331 1293
1323 3 2 102 3 1293 1331 1332 1294
1324 3 2 102 3 1294 1332 1333 1295
1325 3 2 102 3 1295 1333 1334 1296
1326 3 2 102 3 1296 1334 1335 1297
1327 3 2 102 3 1297 1335 1336 1298
1328 3 2 102 3 1298 1336 1337 1299
1329 3 2 102 3 1299 1337 1338 1300
1330 3 2 102 3 1300 1338 1339 1301
1331 3 2 102 3 1301 1339 1340 1302
1332 3 2 102 3 1302 1340 1341 1303
1333 3 2 102 3 1303 1341 1342 1304
1334 3 2 102 3 1304 1342 1343 1305
1335 3 2 102 3 1305 1343 1344 1306
1336 3 2 102 3 1306 1344 1345 1307
1337 3 2 102 3 1307 1345 1346 1308
1338 3 2 102 3 1308 1346 1347 1309
1339 3 2 102 3 1309 1347 1348 1310
1340 3 2 102 3 1310 1348 1349 1311
1341 3 2 102 3 1311 1349 1350 1312
1342 3 2 102 3 1312 1350 1351 1313
1343 3 2 102 3 1313 1351 1352 1314
1344 3 2 102 3 1314 1352 1353 1315
1345 3 2 102 3 1315 1353 1354 1316
1346 3 2 102 3 1316 1354 1355 1317
1347 3 2 102 3 1317 1355 1356 1318
1348 3 2 102 3 1318 1356 1357 1319
1349 3 2 102 3 1319 1357 1358 1320
1350 3 2 102 3 1320 1358 1359 1321
1351 3 2 102 3 1321 1359 1360 1322
1352 3 2 102 3 1322 1360 1361 1323
1353 3 2 102 3 1323 1361 1362 1324
1354 3 2 102 3 1324 1362 1363 1325
1355 3 2 102 3 1325 1363 225 226
1356 3 2 102 3 170 171 1364 1326
1357 3 2 102 3 1326 1364 1365 1327
1358 3 2 102 3 1327 1365 1366 1328
1359 3 2 102 3 1328 1366 1367 1329
1360 3 2 102 3 1329 1367 1368 1330
1361 3 2 102 3 1330 1368 1369 1331
1362 3 2 102 3 1331 1369 1370 1332
1363 3 2 102 3 1332 1370 1371 1333
1364 3 2 102 3 1333 1371 1372 1334
1365 3 2 102 3 1334 1372 1373 1335
1366 3 2 102 3 1335 1373 1374 1336
1367 3 2 102 3 1336 1374 1375 1337
1368 3 2 102 3 1337 1375 1376 1338
1369 3 2 102 3 1338 1376 1377 1339
1370 3 2 102 3 1339 1377 1378 1340
1371 3 2 102 3 1340 1378 1379 1341
1372 3 2 102 3 1341 1379 1380 1342
1373 3 2 102 3 1342 1380 1381 1343
1374 3 2 102 3 1343 1381 1382 1344
1375 3 2 102 3 1344 1382 1383 1345
1376 3 2 102 3 1345 1383 1384 1346
1377 3 2 102 3 1346 1384 1385 1347
1378 3 2 102 3 1347 1385 1386 1348
1379 3 2 102 3 1348 1386 1387 1349
1380 3 2 102 3 1349 1387 1388 1350
1381 3 2 102 3 1350 1388 1389 1351
1382 3 2 102 3 1351 1389 1390 1352
1383 3 2 102 3 1352 1390 1391 1353
1384 3 2 102 3 1353 1391 1392 1354
1385 3 2 102 3 1354 1392 1393 1355
1386 3 2 102 3 1355 1393 1394 1356
1387 3 2 102 3 1356 1394 1395 1357
1388 3 2 102 3 1357 1395 1396 1358
1389 3 2 102 3 1358 1396 1397 1359
1390 3 2 102 3 1359 1397 1398 1360
1391 3 2 102 3 1360 1398 1399 1361
1392 3 2 102 3 1361 1399 1400 1362
1393 3 2 102 3 1362 1400 1401 1363
1394 3 2 102 3 1363 1401 224 225
1395 3 2 102 3 171 172 1402 1364
1396 3 2 102 3 1364 1402 1403 1365
1397 3 2 102 3 1365 1403 1404 1366
1398 3 2 102 3 1366 1404 1405 1367
1399 3 2 102 3 1367 1405 1406 1368
1400 3 2 102 3 1368 1406 1407 1369
1401 3 2 102 3 1369 1407 1408 1370
1402 3 2 102 3 1370 1408 1409 1371
1403 3 2 102 3 1371 1409 1410 1372
1404 3 2 102 3 1372 1410 1411 1373
1405 3 2 102 3 1373 1411 1412 1374
1406 3 2 102 3 1374 1412 1413 1375
1407 3 2 102 3 1375 1413 1414 1376
1408 3 2 102 3 1376 1414 1415 1377
1409 3 2 102 3 1377 1415 1416 1378
1410 3 2 102 3 1378 1416 1417 1379
1411 3 2 102 3 1379 1417 1418 1380
1412 3 2 102 3 1380 1418 1419 1381
1413 3 2 102 3 1381 1419 1420 1382
1414 3 2 102 3 1382 1420 1421 1383
1415 3 2 102 3 1383 1421 1422 1384
1416 3 2 102 3 1384 1422 1423 1385
1417 3 2 102 3 1385 1423 1424 1386
1418 3 2 102 3 1386 1424 1425 1387
1419 3 2 102 3 1387 1425 1426 1388
1420 3 2 102 3 1388 1426 1427 1389
1421 3 2 102 3 1389 1427 1428 1390
1422 3 2 102 3 1390 1428 1429 1391
1423 3 2 102 3 1391 1429 1430 1392
1424 3 2 102 3 1392 1430 1431 1393
1425 3 2 102 3 1393 1431 1432 1394
1426 3 2 102 3 1394 1432 1433 1395
1427 3 2 102 3 1395 1433 1434 1396
1428 3 2 102 3 1396 1434 1435 1397
1429 3 2 102 3 1397 1435 1436 1398
1430 3 2 102 3 1398 1436 1437 1399
1431 3 2 102 3 1399 1437 1438 1400
1432 3 2 102 3 1400 1438 1439 1401
1433 3 2 102 3 1401 1439 223 224
1434 3 2 102 3 172 173 1440 1402
1435 3 2 102 3 1402 1440 1441 1403
1436 3 2 102 3 1403 1441 1442 1404
1437 3 2 102 3 1404 1442 1443 1405
1438 3 2 102 3 1405 1443 1444 1406
1439 3 2 102 3 1406 1444 1445 1407
1440 3 2 102 3 1407 1445 1446 1408
1441 3 2 102 3 1408 1446 1447 1409
1442 3 2 102 3 1409 1447 1448 1410
1443 3 2 102 3 1410 1448 1449 1411
1444 3 2 102 3 1411 1449 1450 1412
1445 3 2 102 3 1412 1450 1451 1413
1446 3 2 102 3 1413 1451 1452 1414
1447 3 2 102 3 1414 1452 1453 1415
1448 3 2 102 3 1415 1453 1454 1416
1449 3 2 102 3 1416 1454 1455 1417
1450 3 2 102 3 1417 1455 1456 1418
1451 3 2 102 3 1418 1456 1457 1419
1452 3 2 102 3 1419 1457 1458 1420
1453 3 2 102 3 1420 1458 1459 1421
1454 3 2 102 3 1421 1459 1460 1422
1455 3 2 102 3 1422 1460 1461 1423
1456 3 2 102 3 1423 1461 1462 1424
1457 3 2 102 3 1424 1462 1463 1425
1458 3 2 102 3 1425 1463 1464 1426
1459 3 2 102 3 1426 1464 1465 1427
1460 3 2 102 3 1427 1465 1466 1428
1461 3 2 102 3 1428 1466 1467 1429
1462 3 2 102 3 1429 1467 1468 1430
1463 3 2 102 3 1430 1468 1469 1431
1464 3 2 102 3 1431 1469 1470 1432
1465 3 2 102 3 1432 1470 1471 1433
1466 3 2 102 3 1433 1471 1472 1434
1467 3 2 102 3 1434 1472 1473 1435
1468 3 2 102 3 1435 1473 1474 1436
1469 3 2 102 3 1436 1474 1475 1437
1470 3 2 102 3 1437 1475 1476 1438
1471 3 2 102 3 1438 1476 1477 1439
1472 3 2 102 3 1439 1477 222 223
1473 3 2 102 3 173 174 1478 1440
1474 3 2 102 3 1440 1478 1479 1441
1475 3 2 102 3 1441 1479 1480 1442
1476 3 2 102 3 1442 1480 1481 1443
1477 3 2 102 3 1443 1481 1482 1444
1478 3 2 102 3 1444 1482 1483 1445
1479 3 2 102 3 1445 1483 1484 1446
1480 3 2 102 3 1446 1484 1485 1447
1481 3 2 102 3 1447 1485 1486 1448
1482 3 2 102 3 1448 1486 1487 1449
1483 3 2 102 3 1449 1487 1488 1450
1484 3 2 102 3 1450 1488 1489 1451
1485 3 2 102 3 1451 1489 1490 1452
1486 3 2 102 3 1452 1490 1491 1453
1487 3 2 102 3 1453 1491 1492 1454
1488 3 2 102 3 1454 1492 1493 1455
1489 3 2 102 3 1455 1493 1494 1456
1490 3 2 102 3 1456 1494 1495 1457
1491 3 2 102 3 1457 1495 1496 1458
1492 3 2 102 3 1458 1496 1497 1459
1493 3 2 102 3 1459 1497 1498 1460
1494 3 2 102 3 1460 1498 1499 1461
1495 3 2 102 3 1461 1499 1500 1462
1496 3 2 102 3 1462 1500 1501 1463
1497 3 2 102 3 1463 1501 1502 1464
1498 3 2 102 3 1464 1502 1503 1465
1499 3 2 102 3 1465 1503 1504 1466
1500 3 2 102 3 1466 1504 1505 1467
1501 3 2 102 3 1467 1505 1506 1468
1502 3 2 102 3 1468 1506 1507 1469
1503 3 2 102 3 1469 1507 1508 1470
1504 3 2 102 3 1470 1508 1509 1471
1505 3 2 102 3 1471 1509 1510 1472
1506 3 2 102 3 1472 1510 1511 1473
1507 3 2 102 3 1473 1511 1512 1474
1508 3 2 102 3 1474 1512 1513 1475
1509 3 2 102 3 1475 1513 1514 1476
1510 3 2 102 3 1476 1514 1515 1477
1511 3 2 102 3 1477 1515 221 222
1512 3 2 102 3 174 175 1516 1478
1513 3 2 102 3 1478 1516 1517 1479
1514 3 2 102 3 1479 1517 1518 1480
1515 3 2 102 3 1480 1518 1519 1481
1516 3 2 102 3 1481 1519 1520 1482
1517 3 2 102 3 1482 1520 1521 1483
1518 3 2 102 3 1483 1521 1522 1484
1519 3 2 102 3 1484 1522 1523 1485
1520 3 2 102 3 1485 1523 1524 1486
1521 3 2 102 3 1486 1524 1525 1487
1522 3 2 102 3 1487 1525 1526 1488
1523 3 2 102 3 1488 1526 1527 1489
1524 3 2 102 3 1489 1527 1528 1490
1525 3 2 102 3 1490 1528 1529 1491
1526 3 2 102 3 1491 1529 1530 1492
1527 3 2 102 3 1492 1530 1531 1493
1528 3 2 102 3 1493 1531 1532 1494
1529 3 2 102 3 1494 1532 1533 1495
1530 3 2 102 3 1495 1533 1534 1496
1531 3 2 102 3 1496 1534 1535 1497
1532 3 2 102 3 1497 1535 1536 1498
1533 3 2 102 3 1498 1536 1537 1499
1534 3 2 102 3 1499 1537 1538 1500
1535 3 2 102 3 1500 1538 1539 1501
1536 3 2 102 3 1501 1539 1540 1502
1537 3 2 102 3 1502 1540 1541 1503
1538 3 2 102 3 1503 1541 1542 1504
1539 3 2 102 3 1504 1542 1543 1505
1540 3 2 102 3 1505 1543 1544 1506
1541 3 2 102 3 1506 1544 1545 1507
1542 3 2 102 3 1507 1545 1546 1508
1543 3 2 102 3 1508 1546 1547 1509
1544 3 2 102 3 1509 1547 1548 1510
1545 3 2 102 3 1510 1548 1549 1511
1546 3 2 102 3 1511 1549 1550 1512
1547 3 2 102 3 1512 1550 1551 1513
1548 3 2 102 3 1513 1551 1552 1514
1549 3 2 102 3 1514 1552 1553 1515
1550 3 2 102 3 1515 1553 220 221
1551 3 2 102 3 175 176 1554 1516
1552 3 2 102 3 1516 1554 1555 1517
1553 3 2 102 3 1517 1555 1556 1518
1554 3 2 102 3 1518 1556 1557 1519
1555 3 2 102 3 1519 1557 1558 1520
1556 3 2 102 3 1520 1558 1559 1521
1557 3 2 102 3 1521 1559 1560 1522
1558 3 2 102 3 1522 1560 1561 1523
1559 3 2 102 3 1523 1561 1562 1524
1560 3 2 102 3 1524 1562 1563 1525
1561 3 2 102 3 1525 1563 1564 1526
1562 3 2 102 3 1526 1564 1565 1527
1563 3 2 102 3 1527 1565 1566 1528
1564 3 2 102 3 1528 1566 1567 1529
1565 3 2 102 3 1529 1567 1568 1530
1566 3 2 102 3 1530 1568 1569 1531
1567 3 2 102 3 1531 1569 1570 1532
1568 3 2 102 3 1532 1570 1571 1533
1569 3 2 102 3 1533 1571 1572 1534
1570 3 2 102 3 1534 1572 1573 1535
1571 3 2 102 3 1535 1573 1574 1536
1572 3 2 102 3 1536 1574 1575 1537
1573 3 2 102 3 1537 1575 1576 1538
1574 3 2 102 3 1538 1576 1577 1539
1575 3 2 102 3 1539 1577 1578 1540
1576 3 2 102 3 1540 1578 1579 1541
1577 3 2 102 3 1541 1579 1580 1542
1578 3 2 102 3 1542 1580 1581 1543
1579 3 2 102 3 1543 1581 1582 1544
1580 3 2 102 3 1544 1582 1583 1545
1581 3 2 102 3 1545 1583 1584 1546
1582 3 2 102 3 1546 1584 1585 1547
1583 3 2 102 3 1547 1585 1586 1548
1584 3 2 102 3 1548 1586 1587 1549
1585 3 2 102 3 1549 1587 1588 1550
1586 3 2 102 3 1550 1588 1589 1551
1587 3 2 102 3 1551 1589 1590 1552
1588 3 2 102 3 1552 1590 1591 1553
1589 3 2 102 3 1553 1591 219 220
1590 3 2 102 3 176 177 1592 1554
1591 3 2 102 3 1554 1592 1593 1555
1592 3 2 102 3 1555 1593 1594 1556
1593 3 2 102 3 1556 1594 1595 1557
1594 3 2 102 3 1557 1595 1596 1558
1595 3 2 102 3 1558 1596 1597 1559
1596 3 2 102 3 1559 1597 1598 1560
1597 3 2 102 3 1560 1598 1599 1561
1598 3 2 102 3 1561 1599 1600 1562
1599 3 2 102 3 1562 1600 1601 1563
1600 3 2 102 3 1563 1601 1602 1564
1601 3 2 102 3 1564 1602 1603 1565
1602 3 2 102 3 1565 1603 1604 1566
1603 3 2 102 3 1566 1604 1605 1567
1604 3 2 102 3 1567 1605 1606 1568
1605 3 2 102 3 1568 1606 1607 1569
1606 3 2 102 3 1569 1607 1608 1570
1607 3 2 102 3 1570 1608 1609 1571
1608 3 2 102 3 1571 1609 1610 1572
1609 3 2 102 3 1572 1610 1611 1573
1610 3 2 102 3 1573 1611 1612 1574
1611 3 2 102 3 1574 1612 1613 1575
1612 3 2 102 3 1575 1613 1614 1576
1613 3 2 102 3 1576 1614 1615 1577
1614 3 2 102 3 1577 1615 1616 1578
1615 3 2 102 3 1578 1616 1617 1579
1616 3 2 102 3 1579 1617 1618 1580
1617 3 2 102 3 1580 1618 1619 1581
1618 3 2 102 3 1581 1619 1620 1582
1619 3 2 102 3 1582 1620 1621 1583
1620 3 2 102 3 1583 1621 1622 1584
1621 3 2 102 3 1584 1622 1623 1585
1622 3 2 102 3 1585 1623 1624 1586
1623 3 2 102 3 1586 1624 1625 1587
1624 3 2 102 3 1587 1625 1626 1588
1625 3 2 102 3 1588 1626 1627 1589
1626 3 2 102 3 1589 1627 1628 1590
1627 3 2 102 3 1590 1628 1629 1591
1628 3 2 102 3 1591 1629 218 219
1629 3 2 102 3 177 178 1630 1592
1630 3 2 102 3 1592 1630 1631 1593
1631 3 2 102 3 1593 1631 1632 1594
1632 3 2 102 3 1594 1632 1633 1595
1633 3 2 102 3 1595 1633 1634 1596
1634 3 2 102 3 1596 1634 1635 1597
1635 3 2 102 3 1597 1635 1636 1598
1636 3 2 102 3 1598 1636 1637 1599
1637 3 2 102 3 1599 1637 1638 1600
1638 3 2 102 3 1600 1638 1639 1601
1639 3 2 102 3 1601 1639 1640 1602
1640 3 2 102 3 1602 1640 1641 1603
1641 3 2 102 3 1603 1641 1642 1604
1642 3 2 102 3 1604 1642 1643 1605
1643 3 2 102 3 1605 1643 1644 1606
1644 3 2 102 3 1606 1644 1645 1607
1645 3 2 102 3 1607 1645 1646 1608
1646 3 2 102 3 1608 1646 1647 1609
1647 3 2 102 3 1609 1647 1648 1610
1648 3 2 102 3 1610 1648 1649 1611
1649 3 2 102 3 1611 1649 1650 1612
1650 3 2 102 3 1612 1650 1651 1613
1651 3 2 102 3 1613 1651 1652 1614
1652 3 2 102 3 1614 1652 1653 1615
1653 3 2 102 3 1615 1653 1654 1616
1654 3 2 102 3 1616 1654 1655 1617
1655 3 2 102 3 1617 1655 1656 1618
1656 3 2 102 3 1618 1656 1657 1619
1657 3 2 102 3 1619 1657 1658 1620
1658 3 2 102 3 1620 1658 1659 1621
1659 3 2 102 3 1621 1659 1660 1622
1660 3 2 102 3 1622 1660 1661 1623
1661 3 2 102 3 1623 1661 1662 1624
1662 3 2 102 3 1624 1662 1663 1625
1663 3 2 102 3 1625 1663 1664 1626
1664 3 2 102 3 1626 1664 1665 1627
1665 3 2 102 3 1627 1665 1666 1628
1666 3 2 102 3 1628 1666 1667 1629
1667 3 2 102 3 1629 1667 217 218
1668 3 2 102 3 178 6 179 1630
1669 3 2 102 3 1630 179 180 1631
1670 3 2 102 3 1631 180 181 1632
1671 3 2 102 3 1632 181 182 1633
1672 3 2 102 3 1633 182 183 1634
1673 3 2 102 3 1634 183 184 1635
1674 3 2 102 3 1635 184 185 1636
1675 3 2 102 3 1636 185 186 1637
1676 3 2 102 3 1637 186 187 1638
1677 3 2 102 3 1638 187 188 1639
1678 3 2 102 3 1639 188 189 1640
1679 3 2 102 3 1640 189 190 1641
1680 3 2 102 3 1641 190 191 1642
1681 3 2 102 3 1642 191 192 1643
1682 3 2 102 3 1643 192 193 1644
1683 3 2 102 3 1644 193 194 1645
1684 3 2 102 3 1645 194 195 1646
1685 3 2 102 3 1646 195 196 1647
1686 3 2 102 3 1647 196 197 1648
1687 3 2 102 3 1648 197 198 1649
1688 3 2 102 3 1649 198 199 1650
1689 3 2 102 3 1650 199 200 1651
1690 3 2 102 3 1651 200 201 1652
1691 3 2 102 3 1652 201 202 1653
1692 3 2 102 3 1653 202 203 1654
1693 3 2 102 3 1654 203 204 1655
1694 3 2 102 3 1655 204 205 1656
1695 3 2 102 3 1656 205 206 1657
1696 3 2 102 3 1657 206 207 1658
1697 3 2 102 3 1658 207 208 1659
1698 3 2 102 3 1659 208 209 1660
1699 3 2 102 3 1660 209 210 1661
1700 3 2 102 3 1661 210 211 1662
1701 3 2 102 3 1662 211 212 1663
1702 3 2 102 3 1663 212 213 1664
1703 3 2 102 3 1664 213 214 1665
1704 3 2 102 3 1665 214 215 1666
1705 3 2 102 3 1666 215 216 1667
1706 3 2 102 3 1667 216 7 217
$EndElements
