$MeshFormat
2.2 0 8
$EndMeshFormat
$PhysicalNames
5
1 200 "LEFT_WALL"
1 201 "GAMMA_D"
1 202 "VOID_RIGHT"
2 100 "SOLID"
2 101 "VOID"
$EndPhysicalNames
$Nodes
1575
1 0 0 0
2 1 0 0
3 1 0.1 0
4 0.1 0.1 0
5 0.1 0.4 0
6 1 0.4 0
7 1 0.5 0
8 0.9 0.5 0
9 0 0.5 0
10 0.01999999999996237 0 0
11 0.03999999999992186 0 0
12 0.05999999999987837 0 0
13 0.07999999999984518 0 0
14 0.09999999999981463 0 0
15 0.1199999999997832 0 0
16 0.1399999999997328 0 0
17 0.1599999999996745 0 0
18 0.1799999999996162 0 0
19 0.1999999999995579 0 0
20 0.2199999999994996 0 0
21 0.2399999999994413 0 0
22 0.259999999999383 0 0
23 0.2799999999993247 0 0
24 0.2999999999992664 0 0
25 0.3199999999992081 0 0
26 0.3399999999991498 0 0
27 0.3599999999990915 0 0
28 0.3799999999990332 0 0
29 0.3999999999989749 0 0
30 0.4199999999989167 0 0
31 0.4399999999988584 0 0
32 0.4599999999988 0 0
33 0.4799999999987418 0 0
34 0.4999999999986943 0 0
35 0.5199999999987361 0 0
36 0.5399999999987888 0 0
37 0.5599999999988415 0 0
38 0.5799999999988942 0 0
39 0.5999999999989468 0 0
40 0.6199999999989995 0 0
41 0.6399999999990521 0 0
42 0.6599999999991049 0 0
43 0.6799999999991574 0 0
44 0.6999999999992101 0 0
45 0.7199999999992628 0 0
46 0.7399999999993154 0 0
47 0.7599999999993681 0 0
48 0.7799999999994207 0 0
49 0.7999999999994734 0 0
50 0.8199999999995261 0 0
51 0.8399999999995788 0 0
52 0.8599999999996314 0 0
53 0.8799999999996841 0 0
54 0.8999999999997367 0 0
55 0.9199999999997894 0 0
56 0.939999999999842 0 0
57 0.9599999999998947 0 0
58 0.9799999999999475 0 0
59 1 0.019999999999956 0
60 1 0.03999999999989585 0
61 1 0.05999999999989426 0
62 1 0.07999999999994738 0
63 0.9800000000000189 0.1 0
64 0.9600000000000526 0.1 0
65 0.9400000000000998 0.1 0
66 0.9200000000001403 0.1 0
67 0.9000000000001855 0.1 0
68 0.8800000000002458 0.1 0
69 0.8600000000003248 0.1 0
70 0.8400000000004 0.1 0
71 0.8200000000004641 0.1 0
72 0.8000000000005446 0.1 0
73 0.7800000000006034 0.1 0
74 0.7600000000006839 0.1 0
75 0.7400000000007427 0.1 0
76 0.7200000000008053 0.1 0
77 0.7000000000008531 0.1 0
78 0.6800000000008863 0.1 0
79 0.6600000000009563 0.1 0
80 0.6400000000009717 0.1 0
81 0.6200000000010513 0.1 0
82 0.6000000000010677 0.1 0
83 0.5800000000011323 0.1 0
84 0.5600000000011761 0.1 0
85 0.5400000000011733 0.1 0
86 0.5200000000011236 0.1 0
87 0.5000000000010534 0.1 0
88 0.4800000000009889 0.1 0
89 0.4600000000009417 0.1 0
90 0.4400000000008816 0.1 0
91 0.4200000000008387 0.1 0
92 0.4000000000007742 0.1 0
93 0.3800000000007314 0.1 0
94 0.3600000000006675 0.1 0
95 0.340000000000624 0.1 0
96 0.3200000000005747 0.1 0
97 0.3000000000005164 0.1 0
98 0.2800000000004734 0.1 0
99 0.2600000000004088 0.1 0
100 0.2400000000003658 0.1 0
101 0.2200000000003011 0.1 0
102 0.2000000000002582 0.1 0
103 0.180000000000207 0.1 0
104 0.1600000000001506 0.1 0
105 0.1400000000001077 0.1 0
106 0.1200000000000429 0.1 0
107 0.1 0.1199999999999672 0
108 0.1 0.1399999999999365 0
109 0.1 0.15999999999987 0
110 0.1 0.1799999999998032 0
111 0.1 0.1999999999997364 0
112 0.1 0.2199999999996804 0
113 0.1 0.2399999999996136 0
114 0.1 0.2599999999996175 0
115 0.1 0.279999999999662 0
116 0.1 0.2999999999997202 0
117 0.1 0.3199999999997782 0
118 0.1 0.3399999999998299 0
119 0.1 0.3599999999998736 0
120 0.1 0.3799999999999261 0
121 0.1199999999999637 0.4 0
122 0.1399999999999219 0.4 0
123 0.1599999999998912 0.4 0
124 0.1799999999998534 0.4 0
125 0.1999999999998319 0.4 0
126 0.2199999999997871 0.4 0
127 0.2399999999997272 0.4 0
128 0.2599999999996782 0.4 0
129 0.279999999999601 0.4 0
130 0.2999999999995319 0.4 0
131 0.3199999999994552 0.4 0
132 0.3399999999993845 0.4 0
133 0.3599999999993138 0.4 0
134 0.3799999999992717 0.4 0
135 0.3999999999992156 0.4 0
136 0.4199999999991775 0.4 0
137 0.4399999999991175 0.4 0
138 0.4599999999990794 0.4 0
139 0.4799999999990204 0.4 0
140 0.4999999999989813 0.4 0
141 0.5199999999989373 0.4 0
142 0.539999999998883 0.4 0
143 0.5599999999988632 0.4 0
144 0.5799999999989266 0.4 0
145 0.5999999999989684 0.4 0
146 0.6199999999990318 0.4 0
147 0.6399999999990779 0.4 0
148 0.6599999999991369 0.4 0
149 0.6799999999991786 0.4 0
150 0.699999999999242 0.4 0
151 0.7199999999992837 0.4 0
152 0.7399999999993466 0.4 0
153 0.7599999999993889 0.4 0
154 0.7799999999994371 0.4 0
155 0.7999999999994944 0.4 0
156 0.8199999999995363 0.4 0
157 0.8399999999995998 0.4 0
158 0.8599999999996417 0.4 0
159 0.8799999999997054 0.4 0
160 0.8999999999997471 0.4 0
161 0.9199999999997972 0.4 0
162 0.9399999999998527 0.4 0
163 0.9599999999998945 0.4 0
164 0.979999999999958 0.4 0
165 1 0.4199999999999328 0
166 1 0.4399999999998981 0
167 1 0.4599999999999285 0
168 1 0.4799999999999588 0
169 0.9800000000002038 0.5 0
170 0.9600000000004033 0.5 0
171 0.9400000000003773 0.5 0
172 0.92000000000023 0.5 0
173 0.8800000000000198 0.5 0
174 0.8600000000000545 0.5 0
175 0.8400000000000594 0.5 0
176 0.8200000000001008 0.5 0
177 0.8000000000001036 0.5 0
178 0.7800000000001404 0.5 0
179 0.7600000000001581 0.5 0
180 0.7400000000002231 0.5 0
181 0.720000000000269 0.5 0
182 0.7000000000003062 0.5 0
183 0.6800000000003755 0.5 0
184 0.6600000000003919 0.5 0
185 0.6400000000004734 0.5 0
186 0.6200000000005293 0.5 0
187 0.6000000000006003 0.5 0
188 0.5800000000006855 0.5 0
189 0.5600000000007341 0.5 0
190 0.5400000000008374 0.5 0
191 0.5200000000008763 0.5 0
192 0.5000000000009881 0.5 0
193 0.4800000000010491 0.5 0
194 0.4600000000011089 0.5 0
195 0.4400000000011288 0.5 0
196 0.4200000000010681 0.5 0
197 0.4000000000010245 0.5 0
198 0.3800000000009705 0.5 0
199 0.3600000000009244 0.5 0
200 0.3400000000008652 0.5 0
201 0.3200000000008233 0.5 0
202 0.3000000000007599 0.5 0
203 0.2800000000007179 0.5 0
204 0.2600000000006549 0.5 0
205 0.2400000000006124 0.5 0
206 0.2200000000005642 0.5 0
207 0.2000000000005067 0.5 0
208 0.1800000000004648 0.5 0
209 0.1600000000004009 0.5 0
210 0.1400000000003591 0.5 0
211 0.1200000000002953 0.5 0
212 0.1000000000002533 0.5 0
213 0.08000000000020313 0.5 0
214 0.0600000000001476 0.5 0
215 0.04000000000010573 0.5 0
216 0.02000000000004198 0.5 0
217 0 0.4799999999999167 0
218 0 0.4599999999998334 0
219 0 0.439999999999754 0
220 0 0.4199999999998611 0
221 0 0.3999999999999999 0
222 0 0.3800000000001386 0
223 0 0.3600000000002774 0
224 0 0.3400000000004162 0
225 0 0.3200000000005549 0
226 0 0.3000000000006936 0
227 0 0.2800000000008322 0
228 0 0.260000000000971 0
229 0 0.2400000000009987 0
230 0 0.2200000000009155 0
231 0 0.2000000000008322 0
232 0 0.180000000000749 0
233 0 0.1600000000006658 0
234 0 0.1400000000005825 0
235 0 0.1200000000004994 0
236 0 0.1000000000004161 0
237 0 0.08000000000033292 0
238 0 0.06000000000024969 0
239 0 0.04000000000016646 0
240 0 0.02000000000008323 0
241 1 0.1199999999999672 0
242 1 0.1399999999999365 0
243 1 0.15999999999987 0
244 1 0.1799999999998032 0
245 1 0.1999999999997364 0
246 1 0.2199999999996804 0
247 1 0.2399999999996136 0
248 1 0.2599999999996175 0
249 1 0.279999999999662 0
250 1 0.2999999999997202 0
251 1 0.3199999999997782 0
252 1 0.3399999999998299 0
253 1 0.3599999999998736 0
254 1 0.3799999999999261 0
255 0.01974090953136606 0.4313191105899319 0
256 0.06868201276406637 0.01974014877451474 0
257 0.07000000000017537 0.4826794919242713 0
258 0.01732050807576083 0.0700000000002913 0
259 0.01732050807556858 0.3900000000000692 0
260 0.01732050807556858 0.3500000000003469 0
261 0.01732050807556865 0.3100000000006242 0
262 0.1099999999997989 0.01732050807565333 0
263 0.01716685911950619 0.2697338722023202 0
264 0.5100000000009401 0.482679491924392 0
265 0.8700000000002867 0.08344542701538873 0
266 0.1499999999997036 0.01732050807563827 0
267 0.909368058125837 0.08304434373561054 0
268 0.1099999999999839 0.417320508075658 0
269 0.8302632962538237 0.0831619051607943 0
270 0.5500000000007816 0.4826794919243952 0
271 0.750000000000191 0.4826794919243675 0
272 0.189999999999587 0.01732050807563827 0
273 0.2698099087150962 0.4164957897804832 0
274 0.8700000000000188 0.4826794919243075 0
275 0.1494677444031655 0.4166868612101894 0
276 0.8302661277985575 0.4831600615850523 0
277 0.2094677444031973 0.4160128252576659 0
278 0.790000000000574 0.08267949192438093 0
279 0.2299999999994705 0.01732050807563829 0
280 0.670000000000384 0.4826794919243765 0
281 0.08316006158503482 0.149733872201428 0
282 0.3099999999994936 0.4173205080756223 0
283 0.7900000000001214 0.4826794919243431 0
284 0.9517345130942185 0.08207407750086909 0
285 0.7100000000002877 0.4826794919243611 0
286 0.2699999999993539 0.01732050807563827 0
287 0.6300000000005016 0.4826794919243772 0
288 0.4700000000010716 0.4826794919243437 0
289 0.0826794919243691 0.1899999999997698 0
290 0.7500000000007133 0.08267949192437318 0
291 0.08267949192433968 0.1099999999999836 0
292 0.5897338722020511 0.4831600615851184 0
293 0.3099999999992373 0.01732050807563826 0
294 0.3499999999993491 0.4173205080756275 0
295 0.9099999999997729 0.4173205080757286 0
296 0.08283314088047168 0.230266127798247 0
297 0.3499999999991207 0.01732050807563826 0
298 0.6500000000009639 0.08267949192437597 0
299 0.7097338722022382 0.08316006158509666 0
300 0.3899999999990039 0.01732050807563826 0
301 0.3899999999992437 0.4173205080756403 0
302 0.6100000000010594 0.08267949192437367 0
303 0.4299999999991476 0.4173205080756369 0
304 0.4299999999988875 0.01732050807563826 0
305 0.9489686081938269 0.4163549923920127 0
306 0.469999999998771 0.01732050807563829 0
307 0.570000000001153 0.08267949192430009 0
308 0.5099999999987151 0.01732050807568633 0
309 0.09000000000001536 0.4182136720504235 0
310 0.08178632794956772 0.09000000000000499 0
311 0.5300000000011369 0.08267949192427916 0
312 0.6902661277980724 0.01683993841515131 0
313 0.2300000000008932 0.4826794919239518 0
314 0.170000000000764 0.4826794919238198 0
315 0.08307964588659447 0.369999999999841 0
316 0.1300000000000752 0.08307964588661884 0
317 0.9301840399802133 0.0177708604143667 0
318 0.1302661277989394 0.4831600615845066 0
319 0.08267949192426992 0.3299999999998041 0
320 0.8499999999995795 0.4163391742111226 0
321 0.8921638044583501 0.01867252724798173 0
322 0.1700000000001658 0.08267949192427596 0
323 0.8099999999994822 0.4173205080758254 0
324 0.769999999999373 0.4173205080757963 0
325 0.8500194556741676 0.01627693833956669 0
326 0.210000000000268 0.08267949192427523 0
327 0.01683993841526753 0.1302661277990086 0
328 0.08267949192428249 0.2899999999996734 0
329 0.7299999999992985 0.4173205080757262 0
330 0.2500000000003818 0.08267949192428128 0
331 0.8099999999995002 0.01732050807573436 0
332 0.6899999999992176 0.4173205080757221 0
333 0.9300000000003186 0.4826794919242675 0
334 0.52999999999891 0.4173205080756418 0
335 0.2900000000009003 0.4826794919240923 0
336 0.01732050807585101 0.1700000000007757 0
337 0.2900000000004489 0.08267949192423048 0
338 0.6499999999991035 0.4173205080757295 0
339 0.7699999999994066 0.01732050807572621 0
340 0.3300000000009036 0.4826794919242222 0
341 0.4898099087147806 0.4164957897807814 0
342 0.01732050807573996 0.2100000000008967 0
343 0.5702661277978154 0.4168399384151564 0
344 0.3300000000006204 0.08267949192422949 0
345 0.6099999999989905 0.4173205080757234 0
346 0.7299999999993088 0.01732050807573082 0
347 0.3700000000007151 0.0826794919242724 0
348 0.3700000000009717 0.4826794919242576 0
349 0.410000000001063 0.4826794919242856 0
350 0.4100000000007999 0.08267949192427647 0
351 0.6299999999990258 0.01732050807573436 0
352 0.4500000000008982 0.08267949192427072 0
353 0.5899999999989205 0.01732050807573436 0
354 0.4900000000010195 0.08267949192426749 0
355 0.549999999998815 0.01732050807573436 0
356 0.1000000000000029 0.434789876813785 0
357 0.0652101231861959 0.09999999999999888 0
358 0.08000000000003356 0.4348146869241936 0
359 0.07000000000005113 0.4183914778417042 0
360 0.0651853130757858 0.0800000000000098 0
361 0.08160852215829584 0.07000000000001913 0
362 0.9827738658027095 0.05016346035214911 0
363 0.983629338795236 0.4488665085740082 0
364 0.06000000000007283 0.4348484562411404 0
365 0.06515154375884183 0.06000000000002026 0
366 0.01697942317004984 0.4699394661530024 0
367 0.01919020546232051 0.03138850922684316 0
368 0.06548782269434715 0.1197338722015068 0
369 0.1197338722014877 0.4345121773056371 0
370 0.08222441303806258 0.0504191746153126 0
371 0.1008277799176525 0.06297979630890344 0
372 0.05041917461535067 0.417775586961938 0
373 0.06297979630893512 0.3991722200823601 0
374 0.04803847577297305 0.1099999999999974 0
375 0.1099999999999891 0.4519615242269974 0
376 0.1299683181195165 0.4507786123242731 0
377 0.04922138767558473 0.1299683181194557 0
378 0.9699152526146777 0.4830645590989965 0
379 0.968163487618811 0.01811394494879378 0
380 0.07000000000004727 0.4519615242269789 0
381 0.04847954043869208 0.4518880002270645 0
382 0.04803847577297653 0.07000000000001097 0
383 0.04811504631976209 0.04847846588702602 0
384 0.03754216102065571 0.3997714100723193 0
385 0.04966242190852053 0.385071429928411 0
386 0.1002285899276215 0.03754216102066999 0
387 0.1149285700715321 0.04966242190845017 0
388 0.9100000000001854 0.4826794919241989 0
389 0.9200000000002329 0.4653589838484398 0
390 0.9000000000000634 0.4653589838484501 0
391 0.9400000000003632 0.4653589838485226 0
392 0.9300000000003442 0.4480384757727336 0
393 0.9515204595615201 0.4481416340712245 0
394 0.9606085240825145 0.4670739533979393 0
395 0.8900000000000781 0.4826794919242124 0
396 0.8799999999999704 0.4653589838485694 0
397 0.8602661277984255 0.4655126328047814 0
398 0.8703104824314343 0.4482177328883868 0
399 0.8503622295031699 0.4495552918925514 0
400 0.8900517470718229 0.4483958444144348 0
401 0.8805926271807214 0.4321150881414337 0
402 0.9100022450312213 0.448224329219213 0
403 0.08230322496969725 0.3890885339884376 0
404 0.01732050807572207 0.2300000000009455 0
405 0.0343135236957828 0.2200000000009549 0
406 0.03458643407555648 0.2000000000009226 0
407 0.03445645887418407 0.2400000000009713 0
408 0.05109132086890119 0.2101900912853761 0
409 0.05154929345449684 0.1900161642256261 0
410 0.03456321401011468 0.1800026940383301 0
411 0.05177006401250921 0.1700008181609204 0
412 0.03444249013620583 0.1602667131655793 0
413 0.05088834619605664 0.1500280773153645 0
414 0.1109114660115393 0.08230322496969153 0
415 0.4300000000010966 0.4826794919242996 0
416 0.4200000000011009 0.4653589838485923 0
417 0.4000000000010847 0.4653589838485597 0
418 0.4400000000011007 0.4653589838486181 0
419 0.4100000000011252 0.4480384757728759 0
420 0.3900000000011261 0.4480384757728326 0
421 0.3800000000010678 0.4653589838485255 0
422 0.3700000000011286 0.4480384757727818 0
423 0.3600000000010866 0.4653589838484433 0
424 0.350000000001132 0.4480384757727322 0
425 0.3400000000010907 0.465358983848392 0
426 0.3300000000011376 0.4480384757726825 0
427 0.3200000000010976 0.4653589838483404 0
428 0.310000000001145 0.4480384757726333 0
429 0.3000000000010338 0.4653589838483519 0
430 0.2900000000011538 0.4480384757725839 0
431 0.2800000000010476 0.4653589838482591 0
432 0.2697338722022702 0.4485190454331558 0
433 0.2599556453679357 0.4654390787916172 0
434 0.2496821251305418 0.4482855688293269 0
435 0.2399396284171268 0.4654135151815467 0
436 0.2299369589254012 0.4484162389599773 0
437 0.2394042584125639 0.4321297932225949 0
438 0.2199794312244274 0.4654310329349193 0
439 0.2097199372271427 0.4485945858967824 0
440 0.1999498947426328 0.4654636770498929 0
441 0.1896788441971336 0.4483022586162084 0
442 0.1799381231573186 0.4654203965223099 0
443 0.169936161226528 0.4484201674811563 0
444 0.1794035786405374 0.4321332296072014 0
445 0.1602451751964141 0.4655864835344573 0
446 0.1500249424241702 0.4495780309617035 0
447 0.1899813363170874 0.4827071762366063 0
448 0.2499825456313557 0.4827019296368196 0
449 0.3100000000009198 0.4826794919241678 0
450 0.01705367650709893 0.1503549346264112 0
451 0.3500000000009736 0.4826794919242191 0
452 0.5300000000008575 0.4826794919243978 0
453 0.5400000000008099 0.4653589838487869 0
454 0.5597338722021516 0.4655126328049264 0
455 0.5500000000007633 0.4480384757731635 0
456 0.5699683181195206 0.4492243412602315 0
457 0.5300000000008342 0.4480384757731781 0
458 0.5903104824307003 0.4170867641761351 0
459 0.6003178748695324 0.4344484098786712 0
460 0.6200529791440799 0.4346089151059711 0
461 0.6099999999989895 0.4519615242271185 0
462 0.6299999999989808 0.451961524227119 0
463 0.5900340705935603 0.4509121954270884 0
464 0.6400088298565588 0.4346356659771907 0
465 0.6499999999989708 0.4519615242271312 0
466 0.1503513449648677 0.4829511524377921 0
467 0.01681158784153147 0.4511797938639577 0
468 0.08267949192429055 0.2699999999996482 0
469 0.06568647630424611 0.2799999999996451 0
470 0.06541356592450756 0.2999999999996451 0
471 0.04890867913115048 0.2898099087152124 0
472 0.06554354112578625 0.2599999999997046 0
473 0.04845070654561031 0.309983835774909 0
474 0.06543678598998533 0.3199973059622038 0
475 0.04822993598763635 0.3299991818395832 0
476 0.06540386090788569 0.3399994146334169 0
477 0.04869031946753497 0.3494020193267598 0
478 0.06590056300364905 0.3593024922411816 0
479 0.9830702912343688 0.06992518096414192 0
480 0.9637177463527651 0.06313252741399041 0
481 0.9653589838486826 0.03999999999990801 0
482 0.9480384757730018 0.04999999999987343 0
483 0.9485422972348985 0.02991455535523799 0
484 0.9306545647740083 0.039482285481716 0
485 0.9307212842921244 0.05937151833473978 0
486 0.9133974596216275 0.04999999999985157 0
487 0.9120506871082489 0.02981214324616178 0
488 0.8959042538155296 0.03989593362663815 0
489 0.8766350796593306 0.0339138601689957 0
490 0.8799715481527923 0.05297051337285395 0
491 0.8613029874253365 0.04642497995747034 0
492 0.01730925091442281 0.1900002290856391 0
493 0.7099999999992548 0.417320508075722 0
494 0.6999999999992323 0.4346410161514272 0
495 0.6799999999992177 0.4346410161514297 0
496 0.689999999999216 0.4519615242271246 0
497 0.709999999999213 0.4519615242271269 0
498 0.66999999999922 0.4519615242271219 0
499 0.6600014716420457 0.4346401244557236 0
500 0.719999999999275 0.4346410161514357 0
501 0.7399999999992775 0.4346410161514686 0
502 0.7299999999992187 0.4519615242271697 0
503 0.7499999999992354 0.4519615242271899 0
504 0.7599999999992937 0.4346410161515162 0
505 0.7699999999992361 0.4519615242272705 0
506 0.7799999999993203 0.4346410161515845 0
507 0.7899999999992404 0.451961524227355 0
508 0.7999999999993459 0.4346410161516422 0
509 0.8099999999992469 0.4519615242274369 0
510 0.8197338722008547 0.4344873671956526 0
511 0.8300114406786572 0.4509562320879266 0
512 0.8296895175678808 0.4169776953163189 0
513 0.7899999999994247 0.4173205080758249 0
514 0.5100000000010834 0.08267949192427559 0
515 0.5200000000011171 0.06535898384856721 0
516 0.5400000000011557 0.06535898384857917 0
517 0.5300000000011582 0.04803847577287477 0
518 0.5500000000011734 0.04803847577288302 0
519 0.5100000000011377 0.04803847577285353 0
520 0.5600000000011646 0.0653589838485871 0
521 0.5700000000011798 0.04803847577289835 0
522 0.5800000000011588 0.06535898384860822 0
523 0.5900000000011765 0.04803847577291277 0
524 0.6000000000011378 0.06535898384862962 0
525 0.6100000000011659 0.04803847577292529 0
526 0.6200000000010949 0.06535898384866798 0
527 0.6300000000011509 0.04803847577293635 0
528 0.7499999999993296 0.4173205080757512 0
529 0.2300000000003335 0.08267949192428173 0
530 0.2400000000003604 0.06535898384857207 0
531 0.2600000000003815 0.06535898384856917 0
532 0.2500000000003725 0.04803847577286774 0
533 0.2700000000003746 0.04803847577286421 0
534 0.2300000000003705 0.04803847577287124 0
535 0.2800000000003853 0.06535898384854651 0
536 0.2900000000003738 0.04803847577285194 0
537 0.3900000000007605 0.08267949192427654 0
538 0.4000000000007838 0.06535898384856867 0
539 0.4200000000008029 0.06535898384856645 0
540 0.4100000000008018 0.04803847577286748 0
541 0.4300000000008039 0.04803847577286983 0
542 0.3900000000007998 0.04803847577286551 0
543 0.4400000000008486 0.06535898384856251 0
544 0.4500000000008033 0.04803847577286245 0
545 0.3800000000007392 0.06535898384856138 0
546 0.360000000000734 0.06535898384853013 0
547 0.3700000000007905 0.04803847577282791 0
548 0.3500000000007725 0.04803847577280809 0
549 0.3400000000007138 0.06535898384848939 0
550 0.3300000000007708 0.04803847577273461 0
551 0.3200000000006297 0.06535898384844414 0
552 0.3100000000007697 0.04803847577265825 0
553 0.3100000000005323 0.08267949192418017 0
554 0.3500000000006802 0.0826794919242507 0
555 0.6700000000009192 0.08267949192436402 0
556 0.6600000000009393 0.06535898384872882 0
557 0.6797338722023087 0.06551263280486587 0
558 0.6700000000009096 0.04803847577305546 0
559 0.6899683181197355 0.04922434126018514 0
560 0.01676129628215574 0.05109886772325646 0
561 0.6300000000010308 0.08267949192436341 0
562 0.4500000000010971 0.4826794919243145 0
563 0.46000000000109 0.465358983848657 0
564 0.4800000000010485 0.4653589838486899 0
565 0.4500000000011244 0.4483659682287885 0
566 0.4697338722024945 0.4482467068051513 0
567 0.489689517569338 0.448553750605857 0
568 0.4594233897703376 0.4321149377636351 0
569 0.4999482529290341 0.4654448629875512 0
570 0.1500000000001226 0.0827461842513358 0
571 0.1600000000001405 0.0653700992364077 0
572 0.1800000000001645 0.06536083641319901 0
573 0.1700000000001492 0.04803847577285772 0
574 0.1900000000001523 0.04803847577284796 0
575 0.1505977467520574 0.04865278248650041 0
576 0.200000000000211 0.06535929260933289 0
577 0.2100000000001523 0.04803847577282951 0
578 0.2200000000002826 0.06535903530869377 0
579 0.9830617856523649 0.4300113576603956 0
580 0.5500161642239163 0.4170530385595073 0
581 0.01726414037012997 0.249955645367857 0
582 0.03401767262475051 0.259772946521846 0
583 0.08284392695373319 0.3498836511456578 0
584 0.1406973712108344 0.06589979528269076 0
585 0.4700000000009682 0.08267949192427045 0
586 0.4800000000009832 0.06535898384853397 0
587 0.4600000000009096 0.06535898384854237 0
588 0.4700000000008233 0.04803847577274994 0
589 0.4900000000008724 0.04803847577272317 0
590 0.5000000000010304 0.06535898384854022 0
591 0.1100161642251424 0.4829469614404415 0
592 0.09000070128028495 0.4828612962926836 0
593 0.3900000000010144 0.4826794919242763 0
594 0.7899999999994531 0.01732050807572719 0
595 0.7799999999994309 0.03464101615144033 0
596 0.7599999999994079 0.03464101615144539 0
597 0.7699999999994237 0.05196152422714809 0
598 0.7499999999994214 0.05196152422715645 0
599 0.7899999999994251 0.05196152422713991 0
600 0.7399999999993639 0.0346410161514475 0
601 0.7299999999994198 0.05196152422717606 0
602 0.7999999999994555 0.03464101615144289 0
603 0.8199999999994798 0.03464101615147441 0
604 0.8099999999994295 0.05196152422716346 0
605 0.8295892201351901 0.0509613862080832 0
606 0.8424262772246198 0.03523939564179593 0
607 0.8304076221494787 0.01724630970142856 0
608 0.08273585962985799 0.2500443546327484 0
609 0.06598232737512034 0.240227053478934 0
610 0.6099999999989659 0.01732050807573123 0
611 0.8100161642249948 0.4829469614406041 0
612 0.7103104824309892 0.01708676417613846 0
613 0.7203178748698811 0.03444840987870595 0
614 0.7100340705938706 0.05091219542711983 0
615 0.5299999999987651 0.01732050807573162 0
616 0.430000000001049 0.4482230330501594 0
617 0.0510313918061439 0.4836450076079309 0
618 0.5500000000011586 0.08267949192428428 0
619 0.08269074908561883 0.3099997709148998 0
620 0.9500872961164424 0.4830294980449543 0
621 0.9299999999998179 0.417320508075726 0
622 0.5699999999988751 0.01732050807573129 0
623 0.01705303855956892 0.1100161642252922 0
624 0.01713870370734375 0.09000070128041406 0
625 0.6900000000003218 0.4826794919243523 0
626 0.7700000000001488 0.4826794919243558 0
627 0.5099838357744521 0.4169167864134569 0
628 0.6499999999990704 0.01732050807572991 0
629 0.6700161642242441 0.01705303855960195 0
630 0.08999999999983577 0.01732050807565839 0
631 0.6500000000004509 0.482679491924354 0
632 0.5696451629359249 0.4829388439833522 0
633 0.4899913754890219 0.4826938051141627 0
634 0.04897700526338398 0.01677316294617484 0
635 0.4099999999991962 0.4173205080756386 0
636 0.810015992241355 0.08294707341679577 0
637 0.7700000000006458 0.08267949192437193 0
638 0.3699999999992861 0.4173205080756311 0
639 0.1900000000002124 0.0826798521451805 0
640 0.5900000000011181 0.08267949192431859 0
641 0.7499999999993615 0.01732050807572469 0
642 0.2700000000004132 0.08267949192427124 0
643 0.06659802023017765 0.04036296909118824 0
644 0.6700002452729834 0.4173203594597675 0
645 0.08293470896482741 0.1296451629353209 0
646 0.729983835775883 0.08294696144062363 0
647 0.4300000000008449 0.08267949192427934 0
648 0.7300000000002489 0.4826794919243635 0
649 0.2899838357746903 0.4169167864131689 0
650 0.9305801515852014 0.079793896024838 0
651 0.08318566974443918 0.2103104824313908 0
652 0.04036416252561623 0.4334039853331575 0
653 0.5199913754889038 0.4653732970385769 0
654 0.1299999999997523 0.01713124457429727 0
655 0.489999999998743 0.0173205080756843 0
656 0.8898946763544962 0.08354239548417422 0
657 0.8978206206892448 0.06377241417724093 0
658 0.6099838357756748 0.482946961440642 0
659 0.6300103014994736 0.4173142662057692 0
660 0.4099999999989458 0.01732050807563826 0
661 0.3299999999991788 0.01732050807563789 0
662 0.2899999999992955 0.0173205080756382 0
663 0.2499999999994123 0.01732050807563815 0
664 0.0173205080755686 0.4099999999999302 0
665 0.3299999999994199 0.4173205080756231 0
666 0.3699999999990625 0.01732050807563767 0
667 0.01713124457423061 0.3700000000002084 0
668 0.6896451629360879 0.08293884398332788 0
669 0.4499999999988293 0.01732050807563793 0
670 0.1699999999996454 0.01732050807563826 0
671 0.2099999999995286 0.01732050807563809 0
672 0.8503071789626517 0.08313453852572214 0
673 0.129600808302258 0.4170397781677025 0
674 0.0829469614406259 0.1699838357749535 0
675 0.01732050807556833 0.3300000000004853 0
676 0.01681433025555404 0.2896895175691089 0
677 0.09000000000001815 0.4519615242269873 0
678 0.04803847577297319 0.09000000000000416 0
679 0.5099684647955394 0.448424403971822 0
680 0.3000000000005233 0.06535898384848524 0
681 0.8503548370646713 0.4829388439832525 0
682 0.6400000000010349 0.06535898384869974 0
683 0.6500000000010304 0.04803847577312598 0
684 0.2700000000009118 0.4826794919238024 0
685 0.2100000000008371 0.4826794919236154 0
686 0.8613024336219407 0.06465504711699957 0
687 0.9701818696973521 0.08336673026125212 0
688 0.03156833018882228 0.4810811097232032 0
689 0.9835053673316403 0.03062764887195211 0
690 0.981211685209246 0.4683634026396626 0
691 0.03046996775703512 0.01598704580717775 0
692 0.9684375567858405 0.4189118651072066 0
693 0.03167946220640128 0.4614221444769818 0
694 0.968401874865938 0.4385811447529554 0
695 0.03871957901178606 0.031476143092956 0
696 0.8698732230758841 0.0162320835333016 0
697 0.4499038982946448 0.4162456536022316 0
698 0.2298120004693654 0.4160301823755871 0
699 0.1698118871740831 0.416143094431738 0
700 0.06643892159484191 0.1394377455327136 0
701 0.1397992809086344 0.4335463970668566 0
702 0.8406063098978296 0.4664901995993647 0
703 0.03357752674421154 0.140561477538842 0
704 0.8599447620538017 0.4325503271483536 0
705 0.8399569703339906 0.4334776813086543 0
706 0.890098771196565 0.4162456786649964 0
707 0.1401426514173154 0.4665624748197115 0
708 0.03326507726028398 0.2798343741681354 0
709 0.06673492273970873 0.2201656258324468 0
710 0.5805629897748921 0.4335853612948919 0
711 0.5794384590185429 0.466445558255071 0
712 0.6994384590187406 0.06644555825504105 0
713 0.7005629897751665 0.03358536129488551 0
714 0.4797761147095114 0.4322410383704057 0
715 0.2597716940766295 0.4322442070884447 0
716 0.1997116840781779 0.432180229191833 0
717 0.8395696120442656 0.06669094978167184 0
718 0.03264196810526902 0.3593025898025306 0
719 0.1406973712105859 0.03263571194176854 0
720 0.06078642016130745 0.4676864737525026 0
721 0.08000000000002626 0.4673205080755834 0
722 0.09999999999999586 0.467320508075552 0
723 0.1199999999999841 0.4673205080755362 0
724 0.03238206510092233 0.06079700512042811 0
725 0.1599999999996744 0.0326794919241081 0
726 0.03267949192445994 0.08000000000000501 0
727 0.1799999999996626 0.03267949192411201 0
728 0.03267949192449392 0.1000000000000006 0
729 0.1999999999996629 0.03267949192412221 0
730 0.03290164318201661 0.1201353479470994 0
731 0.219999999999771 0.03267949192417685 0
732 0.03267949192389417 0.3400000000004158 0
733 0.03267949192388581 0.3200000000005551 0
734 0.03290646553200888 0.2998862727047575 0
735 0.2399999999997966 0.03267949192418877 0
736 0.2599999999997724 0.03267949192418601 0
737 0.9199999999997995 0.4326794919240692 0
738 0.9392135798387488 0.4323184652971005 0
739 0.8199522211460277 0.06724570351947284 0
740 0.2799999999997394 0.03267949192417878 0
741 0.7400000000001352 0.4673205080760358 0
742 0.6800000000003334 0.4673205080760982 0
743 0.7000000000003116 0.4673205080760927 0
744 0.7200000000001371 0.467320508076014 0
745 0.8000000000005395 0.06732050807612273 0
746 0.2999999999997707 0.03267949192410247 0
747 0.7600000000001612 0.46732050807611 0
748 0.7800000000005107 0.06732050807606951 0
749 0.6600000000001026 0.4673205080759539 0
750 0.7600000000005199 0.06732050807605892 0
751 0.7800000000001259 0.4673205080761368 0
752 0.04999999999996935 0.2500000000003473 0
753 0.7400000000007506 0.06732050807618631 0
754 0.8000000000001195 0.4673205080761735 0
755 0.6400000000000756 0.4673205080759661 0
756 0.5399999999988601 0.4326794919237826 0
757 0.519992050094944 0.4326765263471557 0
758 0.06709353446802335 0.2001137272957355 0
759 0.6200000000005295 0.4673205080762431 0
760 0.7198650395984837 0.06712446816854058 0
761 0.5601355999859612 0.4329034412044555 0
762 0.06722664222937716 0.1800190909094792 0
763 0.5998650395982246 0.4671244681685469 0
764 0.8201500070999008 0.467139247836093 0
765 0.06719363295727721 0.1599322652971182 0
766 0.4998699819430942 0.4325513825815797 0
767 0.6801355999865075 0.03290344120464312 0
768 0.6600252940354996 0.03267223855187032 0
769 0.3599999999990917 0.03267949192368546 0
770 0.3799999999990328 0.0326794919236705 0
771 0.3399999999991494 0.03267949192366788 0
772 0.3999999999989752 0.03267949192366746 0
773 0.3199999999998128 0.03267949192407323 0
774 0.4199999999989167 0.03267949192364848 0
775 0.4199999999991734 0.4326794919236295 0
776 0.4399999999988587 0.03267949192363027 0
777 0.3999999999992212 0.4326794919236239 0
778 0.3799999999992582 0.4326794919236067 0
779 0.3199999999994564 0.4326794919235902 0
780 0.3599999999993148 0.4326794919235997 0
781 0.3399999999993809 0.4326794919235933 0
782 0.2999999999995308 0.4326794919235869 0
783 0.2798832184615617 0.4324822994019039 0
784 0.4599999999987994 0.03267949192360763 0
785 0.640004215672824 0.03267828302907062 0
786 0.6200007026123855 0.03267929044190704 0
787 0.479999999998913 0.03267949192364586 0
788 0.6000001171023005 0.03267945834404473 0
789 0.5800000195172733 0.03267948632773102 0
790 0.4999999999991289 0.03267949192376669 0
791 0.5600000032530813 0.0326794909916758 0
792 0.5400000005419496 0.03267949176873017 0
793 0.5200000000901422 0.03267949189827385 0
794 0.4698188852478957 0.4161829032528423 0
795 0.04969400948365058 0.269930622548096 0
796 0.0503059905163248 0.2300693774525502 0
797 0.2497996436121767 0.4161499954111849 0
798 0.1897324823826135 0.416078229748073 0
799 0.8701060267383356 0.416208378027651 0
800 0.8999999999997704 0.4326829224315015 0
801 0.4400000000011375 0.4326829224321607 0
802 0.2196754305859747 0.4322273091507401 0
803 0.1597405991295197 0.4327512967931408 0
804 0.03326960447654826 0.3788760653918077 0
805 0.121123929966822 0.03326885969515005 0
806 0.06599280745055641 0.3786962137770666 0
807 0.1213037699671817 0.06599271605515368 0
808 0.03291671587884064 0.4185450337188666 0
809 0.08145541326926263 0.03291643670868354 0
810 0.949377964966732 0.0131598721436797 0
811 0.9460288568298053 0.06651923788642196 0
812 0.8797978557637521 0.06967715943333147 0
813 0.9099999999997644 0.01305125270641656 0
814 0.04891119639562119 0.3678622925282513 0
815 0.132137656239183 0.04890579198572921 0
816 0.9163775148628072 0.06719643445445617 0
817 0.8600514046118678 0.02961745152822605 0
818 0.8459555432915216 0.05091231360232599 0
819 0.9853589838485681 0.08535898384854997 0
820 0.08053908380396246 0.4051621455547031 0
821 0.01464101615142662 0.014641016151459 0
822 0.9853589838485683 0.01464101615140671 0
823 0.01464101615143388 0.4853589838485548 0
824 0.09483785444528639 0.08053908380394893 0
825 0.9853589838486492 0.4146410161513202 0
826 0.9853589838488115 0.4853589838487461 0
827 0.03137757223041893 0.04520469711197887 0
828 0.0447090289602734 0.4691445471575366 0
829 0.955308415849175 0.4308616203240999 0
830 0.03103030287655213 0.4458201864414764 0
831 0.969074376502891 0.454205328687158 0
832 0.05418767703779579 0.03102497757853537 0
833 0.8088922496168373 0.1167821069127134 0
834 0.2711690160136417 0.3816179790069953 0
835 0.6300000000010134 0.1173205080756256 0
836 0.3499999999993491 0.3826794919243725 0
837 0.7271080104823309 0.1190048268201316 0
838 0.4289644699386802 0.3832773554835205 0
839 0.5499309414777356 0.3799746722495324 0
840 0.4897179443114518 0.1148819913684141 0
841 0.6896032498349931 0.3819841105501106 0
842 0.8508615925507161 0.3820648546070642 0
843 0.3100533520939824 0.1173981409847417 0
844 0.7693765776190032 0.3844847862837018 0
845 0.3888956580228977 0.1179589710093193 0
846 0.1173205080756564 0.2499999999995982 0
847 0.9829016319024572 0.2500952552044233 0
848 0.2300000000003334 0.117320508075726 0
849 0.6099999999989999 0.3826794919242732 0
850 0.5500000000011742 0.1173205080756723 0
851 0.8697667239911518 0.1148847767402641 0
852 0.4896634976493188 0.3851040607296836 0
853 0.2077453484476858 0.381273229657053 0
854 0.9826794919242637 0.3099999999997491 0
855 0.1173205080756127 0.1899999999997709 0
856 0.9828185239069724 0.1900340197157963 0
857 0.1173205080757141 0.3099999999996776 0
858 0.9087738041195679 0.3820299461616382 0
859 0.9303580776435803 0.1198783545060143 0
860 0.1695778323884369 0.1200819547926372 0
861 0.6692390641340156 0.1168811815480404 0
862 0.1697802139701889 0.3822269521416741 0
863 0.4310467250335728 0.1158870147249663 0
864 0.3899999999992405 0.3826794919243622 0
865 0.6511235344430466 0.3812994856562439 0
866 0.7700000000006451 0.1173205080756243 0
867 0.8104497320257581 0.3863416233754393 0
868 0.2699815352970783 0.1177519031966603 0
869 0.3501079026565976 0.1174406131711739 0
870 0.727769373834423 0.381270925460186 0
871 0.5900000000011019 0.1173205080756452 0
872 0.3088259185557738 0.3808997974720597 0
873 0.9833927017219788 0.3488787183328815 0
874 0.1172261341971978 0.1501634603522095 0
875 0.983392701722218 0.1511212816663598 0
876 0.117226134197402 0.3498365396474726 0
877 0.9507711526143564 0.3832311398054502 0
878 0.131836512381151 0.3818860550510174 0
879 0.9699152526144212 0.1169015005220371 0
880 0.1293393828513575 0.1171570477234797 0
881 0.1173205080756373 0.2299999999996447 0
882 0.1346410161512906 0.239999999999598 0
883 0.1346410161513255 0.25999999999955 0
884 0.1519615242269576 0.24999999999954 0
885 0.1519615242269938 0.2699999999994995 0
886 0.1692820323026343 0.2599999999994807 0
887 0.1692820323025868 0.2399999999995144 0
888 0.1866025403782736 0.2499999999994551 0
889 0.1866025403782216 0.2299999999994791 0
890 0.2039230484539155 0.2399999999994261 0
891 0.2039230484539632 0.2599999999994013 0
892 0.2212435565296064 0.2499999999993732 0
893 0.2212435565296519 0.2699999999993468 0
894 0.2385640646052959 0.2599999999993205 0
895 0.2385640646052539 0.2399999999993463 0
896 0.2558845726809443 0.2499999999992955 0
897 0.255884572680983 0.2699999999992704 0
898 0.2732050807566322 0.2599999999992458 0
899 0.2732050807566004 0.2399999999992718 0
900 0.2905255888322875 0.2499999999992245 0
901 0.2905255888323197 0.2699999999991997 0
902 0.3078460969079739 0.2599999999991759 0
903 0.3078460969079418 0.2399999999992102 0
904 0.3251666049836276 0.2499999999991574 0
905 0.3251666049836597 0.2699999999991339 0
906 0.3424871130593188 0.2599999999991121 0
907 0.3424871130592871 0.239999999999147 0
908 0.3598076211349768 0.249999999999096 0
909 0.3598076211350134 0.2699999999990738 0
910 0.3771281292106722 0.259999999999052 0
911 0.3771281292106721 0.239999999999087 0
912 0.3944486372863449 0.2499999999990425 0
913 0.3944486372863868 0.2699999999990265 0
914 0.4117691453620476 0.2599999999990097 0
915 0.4117691453620131 0.2399999999990263 0
916 0.4290896534377008 0.2499999999989851 0
917 0.4290896534377531 0.2699999999989925 0
918 0.4464101615133991 0.2599999999989644 0
919 0.4464101615133676 0.2399999999989674 0
920 0.4637306695890568 0.2499999999989468 0
921 0.4637306695890795 0.2699999999989448 0
922 0.4810511776647339 0.2599999999989142 0
923 0.4810511776647152 0.2399999999989272 0
924 0.498371685740405 0.2499999999989011 0
925 0.4983716857404191 0.2699999999988993 0
926 0.5156921938160945 0.2599999999988841 0
927 0.5156921938160784 0.2399999999988887 0
928 0.5330127018917719 0.2499999999988718 0
929 0.5330127018917854 0.2699999999988685 0
930 0.5503332099674584 0.2599999999988611 0
931 0.5503332099674472 0.2399999999988626 0
932 0.5676537180431392 0.2499999999988479 0
933 0.5676537180431442 0.2699999999988488 0
934 0.5849742261188275 0.2599999999988334 0
935 0.5849742261188153 0.239999999998839 0
936 0.602294734194506 0.2499999999988221 0
937 0.6022947341945148 0.2699999999988166 0
938 0.6196152422701954 0.2599999999988059 0
939 0.6196152422701832 0.2399999999988119 0
940 0.636935750345871 0.2499999999987928 0
941 0.6369357503458871 0.2699999999987863 0
942 0.6542562584215601 0.2599999999987719 0
943 0.6542562584215423 0.2399999999987812 0
944 0.671576766497231 0.2499999999987581 0
945 0.6715767664972068 0.2299999999987699 0
946 0.6888972745728954 0.2399999999987441 0
947 0.6888972745729189 0.2599999999987337 0
948 0.7062177826485878 0.2499999999987198 0
949 0.706217782648611 0.2699999999987107 0
950 0.7235382907242793 0.2599999999986943 0
951 0.7235382907242588 0.2399999999987057 0
952 0.7408587987999458 0.2499999999986786 0
953 0.7408587987999704 0.2699999999986639 0
954 0.7581793068756355 0.2599999999986491 0
955 0.7581793068756181 0.2399999999986671 0
956 0.775499814951298 0.2499999999986353 0
957 0.7754998149513244 0.2699999999986187 0
958 0.7928203230269837 0.2599999999986009 0
959 0.7928203230269545 0.2399999999986229 0
960 0.8101408311026375 0.2499999999985842 0
961 0.8101408311026047 0.2299999999986114 0
962 0.8274613391782846 0.2399999999985703 0
963 0.827461339178319 0.2599999999985423 0
964 0.8447818472539669 0.249999999998529 0
965 0.8447818472540001 0.2699999999985006 0
966 0.8621023553296433 0.2599999999984869 0
967 0.8621023553296119 0.2399999999985144 0
968 0.862102355329684 0.2799999999984564 0
969 0.8794228634053274 0.2699999999984459 0
970 0.8447818472540543 0.2899999999984784 0
971 0.8794228634053685 0.2899999999984186 0
972 0.8967433714810117 0.2799999999984075 0
973 0.1692820323026786 0.2799999999994511 0
974 0.8967433714809352 0.2599999999984102 0
975 0.6542562584215256 0.2199999999987965 0
976 0.6715767664971835 0.2099999999987892 0
977 0.6542562584215099 0.1999999999988202 0
978 0.7928203230269283 0.2199999999986514 0
979 0.810140831102573 0.209999999998643 0
980 0.7928203230269034 0.1999999999986877 0
981 0.2039230484538696 0.2199999999994487 0
982 0.6542562584215812 0.279999999998768 0
983 0.6369357503459021 0.2899999999987856 0
984 0.6542562584216016 0.2999999999987704 0
985 0.1866025403781699 0.2099999999995008 0
986 0.2039230484538241 0.1999999999994653 0
987 0.8967433714810531 0.2999999999983892 0
988 0.6715767664971635 0.1899999999988167 0
989 0.810140831102542 0.1899999999986813 0
990 0.8794228634054175 0.309999999998404 0
991 0.6369357503459171 0.3099999999987896 0
992 0.1866025403781136 0.1899999999995114 0
993 0.9140638795567059 0.28999999999837 0
994 0.9140638795567472 0.3099999999983646 0
995 0.6542562584216234 0.3199999999987769 0
996 0.2039230484537738 0.1799999999994735 0
997 0.2212435565294853 0.1899999999994301 0
998 0.6542562584214908 0.1799999999988526 0
999 0.6369357503458434 0.1899999999988478 0
1000 0.7928203230268769 0.1799999999987304 0
1001 0.7754998149512383 0.1899999999987315 0
1002 0.827461339178208 0.1999999999986334 0
1003 0.8274613391781763 0.179999999998679 0
1004 0.8447818472538378 0.1899999999986252 0
1005 0.688897274572837 0.1999999999987827 0
1006 0.6888972745728115 0.1799999999988166 0
1007 0.7062177826484973 0.1899999999987787 0
1008 0.671576766497303 0.3099999999987536 0
1009 0.7928203230270134 0.279999999998586 0
1010 0.7754998149513477 0.2899999999986063 0
1011 0.7928203230270481 0.2999999999985803 0
1012 0.7754998149513697 0.3099999999986038 0
1013 0.7928203230270818 0.319999999998583 0
1014 0.6369357503459356 0.329999999998798 0
1015 0.6196152422702284 0.3199999999988086 0
1016 0.8447818472538041 0.169999999998675 0
1017 0.8621023553294631 0.1799999999986206 0
1018 0.7062177826484738 0.169999999998816 0
1019 0.6715767664973322 0.329999999998764 0
1020 0.6888972745729937 0.3199999999987269 0
1021 0.1866025403780641 0.1699999999995195 0
1022 0.7754998149513985 0.3299999999986104 0
1023 0.7581793068756862 0.319999999998629 0
1024 0.7753174782676014 0.1703158163988751 0
1025 0.6367352666637797 0.1703472479222816 0
1026 0.619581828323174 0.1800578746527816 0
1027 0.2212435565294368 0.1699999999994304 0
1028 0.2385640646051524 0.1799999999993914 0
1029 0.7581489174282983 0.1800526360654547 0
1030 0.1692820323024036 0.1799999999995583 0
1031 0.9313843876324189 0.2999999999983375 0
1032 0.9313843876324533 0.3199999999983445 0
1033 0.9313843876323459 0.2799999999983381 0
1034 0.9140638795567719 0.3299999999983722 0
1035 0.7582422403166393 0.3394404875567333 0
1036 0.7407392370978079 0.3296814936626434 0
1037 0.7581793068755508 0.159999999998821 0
1038 0.6196482222656163 0.1598824257681892 0
1039 0.6025029821964496 0.1703508714603852 0
1040 0.602323873203676 0.1900681243514375 0
1041 0.5850137906207111 0.1800698326345772 0
1042 0.2382927688272098 0.1604698980705807 0
1043 0.2555680609399455 0.1705482144157444 0
1044 0.2558318207240534 0.1900913690687546 0
1045 0.2731435368069257 0.180106597246947 0
1046 0.5861800151249409 0.1616282611716185 0
1047 0.5679889092658994 0.1705040812701055 0
1048 0.5677161773306145 0.1900956523167021 0
1049 0.5503994850525513 0.1800999555970854 0
1050 0.6889316973037573 0.1600596219178229 0
1051 0.9313843876324844 0.3399999999983595 0
1052 0.8274613391781502 0.1599999999987302 0
1053 0.7928203230271117 0.3399999999985918 0
1054 0.8101408311027976 0.3299999999985599 0
1055 0.2724002382065897 0.1617321784966465 0
1056 0.2903394410443214 0.1704840168887792 0
1057 0.2904843068760033 0.1900984356888069 0
1058 0.3078081919505776 0.1800970754290824 0
1059 0.1692820323023532 0.159999999999567 0
1060 0.5503314226914053 0.1614574385420843 0
1061 0.5328826542222755 0.170503430887196 0
1062 0.533002073127756 0.1901005644133267 0
1063 0.5156687477438984 0.1801006658827173 0
1064 0.5149163787331417 0.1614001241087813 0
1065 0.4982384755479322 0.1702501316645532 0
1066 0.4983455763630067 0.1900584662571831 0
1067 0.4810246244031188 0.1800514329862688 0
1068 0.4810245504224138 0.1600502607744362 0
1069 0.463721806171755 0.1700169489594428 0
1070 0.4637247668092647 0.1900113969902755 0
1071 0.4464077004805476 0.1800047243243015 0
1072 0.4637247544791452 0.15001120162162 0
1073 0.6889446205700845 0.3400820056712007 0
1074 0.3083539527382702 0.1614910192963426 0
1075 0.3253458651479204 0.1704026443708105 0
1076 0.3251901641848088 0.1900832866327916 0
1077 0.3425209162869122 0.1800809885000421 0
1078 0.619823562597324 0.3396391786080678 0
1079 0.6025377745761342 0.3295790417096144 0
1080 0.862102355329431 0.1599999999986741 0
1081 0.8794228634050888 0.1699999999986176 0
1082 0.8794228634051244 0.1899999999985639 0
1083 0.8967433714807502 0.1799999999985605 0
1084 0.8967433714807879 0.1999999999985069 0
1085 0.914063879556414 0.1899999999985024 0
1086 0.9140638795564513 0.209999999998452 0
1087 0.914063879556375 0.1699999999985559 0
1088 0.9313843876320373 0.1799999999984954 0
1089 0.9313843876319986 0.1599999999985508 0
1090 0.3426952627091335 0.1603796251436663 0
1091 0.3598479466145889 0.1700767689400338 0
1092 0.3598076211350561 0.1899999999991535 0
1093 0.3771348501239998 0.1800127948226006 0
1094 0.3771359702761775 0.1600149272931639 0
1095 0.3944510642828665 0.1700046203520056 0
1096 0.3944501619380393 0.1900029025284992 0
1097 0.1863103905105403 0.1498738772657831 0
1098 0.9143106512638113 0.1498810633698935 0
1099 0.6533474071199676 0.1614157454947704 0
1100 0.151961524227031 0.289999999999474 0
1101 0.16928203230273 0.2999999999994216 0
1102 0.7921159778748815 0.161296963597278 0
1103 0.2039230484540113 0.279999999999372 0
1104 0.2212435565296951 0.2899999999993172 0
1105 0.2039230484540595 0.2999999999993403 0
1106 0.2212435565297392 0.3099999999992837 0
1107 0.2039230484541071 0.3199999999993042 0
1108 0.2211054537089037 0.329760798896813 0
1109 0.2385410474685995 0.3199601331488209 0
1110 0.2387360163670303 0.3392755652519478 0
1111 0.2558845726810837 0.3299999999991678 0
1112 0.2037619284964612 0.3397209320464272 0
1113 0.2558807364915775 0.3099933555241422 0
1114 0.2732044413918025 0.3199988925866437 0
1115 0.2732535562958763 0.3399156687649276 0
1116 0.2905335615280861 0.3299857602246489 0
1117 0.6023352409247933 0.3099298402839527 0
1118 0.5850214839708219 0.3199181469981546 0
1119 0.5860462475740473 0.3385562287996807 0
1120 0.5678270483935755 0.3297228381676237 0
1121 0.5676904827435534 0.3099401641935328 0
1122 0.5503682258092831 0.3199438337261002 0
1123 0.5503547181320745 0.3399215541836001 0
1124 0.5330127018918116 0.3299999999988572 0
1125 0.5333380081555449 0.3494296875918147 0
1126 0.5157464115267698 0.3399049479310186 0
1127 0.5157012301012411 0.3199841579875732 0
1128 0.4983822280730972 0.3299815176523532 0
1129 0.4983749488434159 0.3099942792725888 0
1130 0.4810534785707332 0.3199959661534281 0
1131 0.4810533182045763 0.3399962473002066 0
1132 0.463730862279939 0.3299996621820097 0
1133 0.4637310584609189 0.3499993182462718 0
1134 0.4465067986756304 0.3398326174785737 0
1135 0.4464262998223028 0.319972046609392 0
1136 0.4292049895846995 0.3298002314218743 0
1137 0.4291115658470971 0.3099620463378584 0
1138 0.4117920201215229 0.3199603796259273 0
1139 0.4114275781012103 0.338603119761793 0
1140 0.3942292367830292 0.3294725690121431 0
1141 0.2905268110541531 0.3099974421346499 0
1142 0.3078476293942675 0.3199972003925988 0
1143 0.3078476811050463 0.339997160102218 0
1144 0.3251671244308895 0.3299990600818127 0
1145 0.1865756870521955 0.3299534886738523 0
1146 0.3944158829958118 0.3099054914390101 0
1147 0.3770861034117825 0.3198963434078467 0
1148 0.3771281292108654 0.3399999999989399 0
1149 0.7581742419677191 0.2000087726765117 0
1150 0.3251669469725848 0.3099993767451263 0
1151 0.7408388718496242 0.3099469156093092 0
1152 0.134641016151244 0.2199999999996392 0
1153 0.4464087675446303 0.2000026868850923 0
1154 0.8967433714808288 0.2199999999984585 0
1155 0.9140638795564904 0.2299999999984019 0
1156 0.9313843876321191 0.2199999999983975 0
1157 0.9313843876321573 0.239999999998349 0
1158 0.1519615242271031 0.3099999999994929 0
1159 0.1519615242267317 0.1699999999996692 0
1160 0.9486493581065073 0.2299999999983456 0
1161 0.9486493581067614 0.2899999999983086 0
1162 0.9487048957076587 0.1699999999984909 0
1163 0.9487048957081741 0.3299999999983249 0
1164 0.9486681416316489 0.2100476276010512 0
1165 0.948668141631865 0.2700476276009937 0
1166 0.32487414545244 0.3494922079928718 0
1167 0.7062235197702624 0.1500099369853536 0
1168 0.1522964607172534 0.150580127018732 0
1169 0.6715846574968594 0.3500136676108564 0
1170 0.9500759385533224 0.1488170104135454 0
1171 0.8794228634050537 0.1499999999986723 0
1172 0.2203372397360036 0.1495441362186191 0
1173 0.1866025403785257 0.3499999999992835 0
1174 0.1692775567484765 0.3399922481117679 0
1175 0.6374114899509944 0.349175994831704 0
1176 0.394749878902941 0.150522059591284 0
1177 0.4118197567975815 0.1600877799899067 0
1178 0.5174389223954716 0.3627279562864149 0
1179 0.3424384563786683 0.3399152113450866 0
1180 0.7235392469111007 0.1600016561632345 0
1181 0.7408528897407012 0.1900102347895017 0
1182 0.4810521049995951 0.2999983742369577 0
1183 0.3771235871742681 0.2999879637289005 0
1184 0.3597998598291214 0.3099807178554751 0
1185 0.8447818472538831 0.2099999999985893 0
1186 0.5156942437141318 0.2999964062092787 0
1187 0.7062177826485089 0.209999999998744 0
1188 0.4464133971187484 0.29999439565792 0
1189 0.740858322697669 0.2100008246320683 0
1190 0.1519615242267859 0.1899999999996434 0
1191 0.5503451733911705 0.2999806663191865 0
1192 0.6888972745729425 0.2799999999987279 0
1193 0.7062177826486333 0.2899999999987013 0
1194 0.8101408311027126 0.2899999999985532 0
1195 0.4637294534643175 0.2100023473118844 0
1196 0.7235150426155622 0.3199380682111104 0
1197 0.7234994815270248 0.3398402809465977 0
1198 0.4290890109374586 0.1900012352009343 0
1199 0.4290893140262177 0.2100006536803667 0
1200 0.965787881858746 0.2201031931377851 0
1201 0.9657878818589172 0.2801031931378037 0
1202 0.8104921359408063 0.349391522170248 0
1203 0.8275198899848426 0.339898587027148 0
1204 0.8274710976461931 0.3199830978366272 0
1205 0.8447932321331902 0.3299802808096201 0
1206 0.9500759385532719 0.3511829895843733 0
1207 0.8445077286553887 0.3494848352712704 0
1208 0.8620585663765519 0.339910852679109 0
1209 0.9143698085035303 0.3494701155191344 0
1210 0.8967943596389107 0.3399116859185183 0
1211 0.7928776505298828 0.3598050230257974 0
1212 0.6897651145676162 0.1399588092460234 0
1213 0.4114870278806713 0.1407721660078232 0
1214 0.4287056367273341 0.1507416307467342 0
1215 0.8978943269863061 0.3626823705555912 0
1216 0.3781192781802979 0.1372942978022542 0
1217 0.4479040402015438 0.3600757195496948 0
1218 0.4650627383493845 0.3688850699470491 0
1219 0.861416850137628 0.3627192627885387 0
1220 0.7073282873693041 0.1299840278481521 0
1221 0.2388381455993786 0.1385803054159535 0
1222 0.8616148761979608 0.1413668333988888 0
1223 0.6200516537644782 0.3611266068884234 0
1224 0.4808598876826264 0.1413407490220621 0
1225 0.4612236800739323 0.1307949033196271 0
1226 0.3415042810165832 0.3627989460313021 0
1227 0.2048031912679337 0.359536436069769 0
1228 0.3076681111550067 0.3595576988902512 0
1229 0.1693643166550363 0.3605036654968968 0
1230 0.1519744923602024 0.3500826522677322 0
1231 0.1512660919196817 0.3702169775557955 0
1232 0.5501406158222567 0.3592443201348442 0
1233 0.6891599768013453 0.3605117328967689 0
1234 0.6709546128328436 0.3700723711392724 0
1235 0.7078298220206964 0.3702175637506445 0
1236 0.1880492684532022 0.3700760839763769 0
1237 0.223778545634974 0.3671460762204272 0
1238 0.7065018586310909 0.3504920340334557 0
1239 0.7248952445336909 0.3595715552395106 0
1240 0.7436318671670406 0.3671342877132472 0
1241 0.3598076211350109 0.3499999999989173 0
1242 0.7235372265306446 0.2000018432360983 0
1243 0.134641016151374 0.2999999999995137 0
1244 0.6498731773564798 0.1172472869876953 0
1245 0.6409343376023278 0.1336065534836289 0
1246 0.6199800091831819 0.1381456324911772 0
1247 0.5699999999988453 0.3826794919243342 0
1248 0.5899999999988872 0.3826794919242823 0
1249 0.5802933669608726 0.3670883717769258 0
1250 0.5989725181231569 0.3659252488990026 0
1251 0.6301261759756298 0.3817537291426447 0
1252 0.8967433714808722 0.2399999999984212 0
1253 0.1479215624268486 0.1184532941049715 0
1254 0.9486064783511369 0.2500555655347861 0
1255 0.9313618590601102 0.2600171988548647 0
1256 0.4290938447735559 0.2899927403319635 0
1257 0.6595440444626967 0.1326339694190724 0
1258 0.1173205080756811 0.2699999999995745 0
1259 0.530000000001189 0.1173205080756812 0
1260 0.5403613213452307 0.1334562081704639 0
1261 0.5597968055368868 0.1332359406120507 0
1262 0.5207608033833714 0.1330107802558643 0
1263 0.2497612200499452 0.1183518946346439 0
1264 0.260601937896858 0.1347375995747261 0
1265 0.2802720895214255 0.1336624325409286 0
1266 0.2900747660334258 0.1172858331324868 0
1267 0.3001976233139778 0.1332499717342218 0
1268 0.3200255611884768 0.1343863283950575 0
1269 0.2100000000002895 0.1169059892323852 0
1270 0.1900000000002517 0.1173205080757335 0
1271 0.2014655438722405 0.136249506570558 0
1272 0.1692820323024574 0.1999999999995459 0
1273 0.829155503408682 0.3802551078292903 0
1274 0.1173047790960295 0.3299727566076867 0
1275 0.134638394654845 0.3199954594342267 0
1276 0.3698751752253214 0.1173596255558629 0
1277 0.4106703270119507 0.1201886857333037 0
1278 0.8699999999996603 0.382679491924277 0
1279 0.8897166778148764 0.3826097230756408 0
1280 0.791238265349322 0.3811804953816625 0
1281 0.5287188158632603 0.3820064486387037 0
1282 0.9699729223785138 0.3830027161122347 0
1283 0.7235380340082644 0.2200004446438421 0
1284 0.6099966681980834 0.1179046107989528 0
1285 0.5989111275668865 0.1343390394392078 0
1286 0.6902524072675693 0.1189144040612903 0
1287 0.9100000000001678 0.1173205080756505 0
1288 0.5676618393971663 0.2899868050846834 0
1289 0.844782764551919 0.3099984111921411 0
1290 0.4098274116557817 0.3827791358508875 0
1291 0.400390278383094 0.3661785166413303 0
1292 0.3786824222134338 0.3625255152047632 0
1293 0.7898390277958239 0.1172361726702906 0
1294 0.7802022685137059 0.1342161618100013 0
1295 0.7590923098629447 0.1375562290321047 0
1296 0.6369357503458578 0.2299999999988035 0
1297 0.6196152422701813 0.2199999999988257 0
1298 0.6022947341944986 0.2299999999988333 0
1299 0.5849742261188258 0.2199999999988506 0
1300 0.5676537180431349 0.2299999999988577 0
1301 0.5503332099674683 0.2199999999988796 0
1302 0.5330127018917713 0.2299999999988898 0
1303 0.5156921938161083 0.2199999999989188 0
1304 0.8447006007318696 0.1502278055654248 0
1305 0.845355167378814 0.1314376404239836 0
1306 0.9486157372246545 0.1900555655351058 0
1307 0.1692820323025286 0.2199999999995302 0
1308 0.4188758977586971 0.3674018075405388 0
1309 0.9508167076575766 0.1171253333403617 0
1310 0.3699999999992813 0.3826794919243718 0
1311 0.3944424212319086 0.289982242527332 0
1312 0.7062177398625625 0.2300000741062512 0
1313 0.828632786472411 0.1401416577400188 0
1314 0.8088315995726584 0.1490290616507957 0
1315 0.2905055966122166 0.3499093813300174 0
1316 0.2902289538488364 0.3697744865506881 0
1317 0.2726309384264962 0.3599381197464091 0
1318 0.2550305298882608 0.367938339117974 0
1319 0.8447818472539281 0.2299999999985586 0
1320 0.8621023553295526 0.2199999999985334 0
1321 0.1866025403783724 0.2899999999993967 0
1322 0.6714654511330185 0.1703055164869622 0
1323 0.8099011195927777 0.1700388125285529 0
1324 0.498890896317133 0.3500593620719036 0
1325 0.4811198328719865 0.3584788797360485 0
1326 0.8899611206653636 0.1164969399535539 0
1327 0.8986666578572697 0.1362700242349888 0
1328 0.9302079590414413 0.3800274079749261 0
1329 0.6196219933919273 0.2999883067129925 0
1330 0.5699661342571001 0.1170863288191128 0
1331 0.4810511776647992 0.1999999999989749 0
1332 0.2385640646053364 0.2799999999992949 0
1333 0.2558839333161015 0.2899988925867335 0
1334 0.2732049741958444 0.2799998154304706 0
1335 0.7754998149512807 0.229999999998658 0
1336 0.7581759857172804 0.2999911526004037 0
1337 0.7239940191751467 0.140135949366593 0
1338 0.7409439469375598 0.1499725602376636 0
1339 0.7408587987998657 0.1699999999987927 0
1340 0.7235372878798804 0.1800022890308703 0
1341 0.4983716857404018 0.229999999998924 0
1342 0.2905257747758303 0.2899995429269715 0
1343 0.3078461278985766 0.2799999238204552 0
1344 0.931363402205554 0.2000171988550007 0
1345 0.2385552726123921 0.2000152281776212 0
1346 0.2558743153559583 0.2100177662072815 0
1347 0.2731909791249758 0.2000267149835436 0
1348 0.2905163582342881 0.2100208584449044 0
1349 0.3078352871895481 0.2000499426990116 0
1350 0.3251687298974187 0.2100222048881091 0
1351 0.3424941948858384 0.2000222000019688 0
1352 0.359808801439441 0.2100036999996155 0
1353 0.3771297001889645 0.2000032328913463 0
1354 0.3944486372864812 0.2099999999991094 0
1355 0.6369357503458528 0.2099999999988224 0
1356 0.9312085351608879 0.1405139822800331 0
1357 0.1866025403783217 0.2699999999994263 0
1358 0.6023026105031863 0.2899863578320373 0
1359 0.9829094302129671 0.3298131197214715 0
1360 0.3771281292107038 0.2799999999990321 0
1361 0.9829326022103375 0.1701925502302505 0
1362 0.5156925354657758 0.2799994010339475 0
1363 0.498372782738012 0.2899980767917693 0
1364 0.4810515150534923 0.2799994085040767 0
1365 0.5330150943870203 0.2899960789265057 0
1366 0.3251666671469196 0.2899998834270051 0
1367 0.3424871234198842 0.279999980570406 0
1368 0.3424858885938078 0.2999966597660131 0
1369 0.8274613391782468 0.219999999998601 0
1370 0.81014083110267 0.2699999999985631 0
1371 0.897105047828058 0.1593585145998814 0
1372 0.1865980648240446 0.3099922481117839 0
1373 0.3597912138374597 0.3299653787675484 0
1374 0.2212420911973919 0.2100025380291224 0
1375 0.330445231395361 0.382353100455065 0
1376 0.8101424575140375 0.3099971829715686 0
1377 0.2385594824901749 0.299992063542932 0
1378 0.6888972674418655 0.2200000123500135 0
1379 0.5503369561796241 0.2799939250544923 0
1380 0.5092490926573369 0.3829306614862313 0
1381 0.446410612615309 0.2799992186573839 0
1382 0.6022995906960414 0.2100113540576073 0
1383 0.7235382907243013 0.2799999999986796 0
1384 0.7754989707999487 0.2100014621116537 0
1385 0.7500000000007133 0.1173205080756255 0
1386 0.6543368635224009 0.3398649437396178 0
1387 0.5795065018489354 0.1331942919228699 0
1388 0.827831853016056 0.3587348881869897 0
1389 0.619615876876901 0.2799989008277706 0
1390 0.584997647276393 0.2999602190651968 0
1391 0.1173047790958414 0.1700272433918878 0
1392 0.4637344687300722 0.3099934074731137 0
1393 0.221243312307543 0.2300004230043479 0
1394 0.5330227782157764 0.3099835238612502 0
1395 0.3600475951400209 0.1499827379866736 0
1396 0.3412969658837422 0.1376220482111188 0
1397 0.3424749150070885 0.3199760674268436 0
1398 0.8621023553295027 0.1999999999985717 0
1399 0.4117691453621502 0.2999999999989867 0
1400 0.671576766497251 0.269999999998748 0
1401 0.6196153391974614 0.200022892176387 0
1402 0.359805368227133 0.2899942203198168 0
1403 0.1173205080756114 0.2099999999997025 0
1404 0.4978458105455672 0.1519242552659956 0
1405 0.9486735731178306 0.3099999999983106 0
1406 0.2033137199133432 0.1592779200088972 0
1407 0.7757515777415944 0.3495174892118965 0
1408 0.7581787533492579 0.2799985254322633 0
1409 0.827461339178358 0.2799999999985243 0
1410 0.6715767664972724 0.2899999999987512 0
1411 0.7408586766635629 0.2300002115451073 0
1412 0.4290895968691288 0.2300001089459073 0
1413 0.1692820323022993 0.1399999999995739 0
1414 0.9310940771091217 0.3592685471559685 0
1415 0.654256258421661 0.359999999998808 0
1416 0.2732044452042182 0.2999979901982686 0
1417 0.5676641279244066 0.2100159420518356 0
1418 0.1692760648969648 0.3199896641492871 0
1419 0.5100797912832056 0.1162306815047328 0
1420 0.5849807959222053 0.2799888969964027 0
1421 0.8967518695073948 0.3199852809850702 0
1422 0.4464099789287719 0.220000352090047 0
1423 0.6888972745729645 0.2999999999987214 0
1424 0.8794228634051705 0.2099999999985166 0
1425 0.2385631639877749 0.2200015599145458 0
1426 0.7581782223259663 0.2200018784937777 0
1427 0.46373171132383 0.2899981910149925 0
1428 0.2558827130238556 0.2300032210198392 0
1429 0.1519615242268512 0.2099999999996168 0
1430 0.2732008606123547 0.2200081619824298 0
1431 0.8794228634052692 0.2499999999984573 0
1432 0.3078464987882736 0.2999992106481855 0
1433 0.515688538312423 0.2000157735992931 0
1434 0.1519615242269098 0.229999999999573 0
1435 0.7408548318607915 0.2899894322729955 0
1436 0.411768807908967 0.2799958304758852 0
1437 0.8274633895412122 0.2999964486659821 0
1438 0.3251669591359146 0.2300037008140153 0
1439 0.5849916581642332 0.2000310601676505 0
1440 0.2905233470418994 0.2300048367373832 0
1441 0.3598078178524058 0.2300006166658758 0
1442 0.7235326785816563 0.2999850495340752 0
1443 0.914060124794531 0.2500028664744726 0
1444 0.3771283082680882 0.2200004585486353 0
1445 0.1346410161513669 0.2799999999995166 0
1446 0.8794228634052199 0.2299999999984783 0
1447 0.9140594990009399 0.2700033442204771 0
1448 0.7062129726067471 0.3099871862900062 0
1449 0.4637304364708252 0.2300004498996275 0
1450 0.5503485094305545 0.2000371564731019 0
1451 0.8621025082127073 0.299999735197394 0
1452 0.3078427964011684 0.220016923930439 0
1453 0.862097133014209 0.3199815466458401 0
1454 0.4444936825140487 0.1420975547763606 0
1455 0.4810509361242453 0.2200004662012179 0
1456 0.1339497519692521 0.3601735770679935 0
1457 0.1173205080756893 0.2899999999996107 0
1458 0.498366684670164 0.2100124510090853 0
1459 0.5330128710910135 0.210025582413735 0
1460 0.7062492772476568 0.330040425612855 0
1461 0.4460238723017603 0.1604786767379196 0
1462 0.429045751711562 0.1700798133496723 0
1463 0.8794246092246665 0.3299648943708956 0
1464 0.4117708151715964 0.18002939190335 0
1465 0.3424884151919759 0.2200062407579566 0
1466 0.4117695141203052 0.200005697218563 0
1467 0.394448667129273 0.2300000764240031 0
1468 0.151961524227239 0.3299999999994043 0
1469 0.1346410161512076 0.199999999999696 0
1470 0.4117691457989031 0.2200010893778293 0
1471 0.8794228634055155 0.3499999999984323 0
1472 0.1346383946545461 0.1800045405650895 0
1473 0.1346780515071044 0.1601292285546469 0
1474 0.134509179417495 0.3400101641707526 0
1475 0.1360267142393067 0.1372778117115583 0
1476 0.3300000000005992 0.1172401060457365 0
1477 0.5698353968304387 0.3509261318308213 0
1478 0.8296093056704802 0.1191649525040571 0
1479 0.9828990682446991 0.230033074723251 0
1480 0.9828620449150736 0.2900171988558081 0
1481 0.9657658659949429 0.2000400676648748 0
1482 0.9657781715752574 0.2600502735793237 0
1483 0.9665895202346475 0.160979628365605 0
1484 0.9659045242132021 0.1802169719183539 0
1485 0.9656921938157723 0.3199999999982779 0
1486 0.9665856582349088 0.3390213166247357 0
1487 0.9828785566675601 0.210035059206854 0
1488 0.9828882883752841 0.2700443201294396 0
1489 0.9657704316731338 0.2400562270296525 0
1490 0.9656921781758729 0.2999999999982738 0
1491 0.6697840141982133 0.1488692465067181 0
1492 0.9612385756374519 0.3681332053729445 0
1493 0.9612365565175167 0.1319102429229992 0
1494 0.2559716055195076 0.3491567064926919 0
1495 0.4494765114591693 0.3809770544306968 0
1496 0.4503585346965971 0.1146863468210692 0
1497 0.7986701151038951 0.1324734467195243 0
1498 0.9818092186373077 0.1313333778638296 0
1499 0.1164123393133633 0.3693930150645455 0
1500 0.9818153093396409 0.3686612818225909 0
1501 0.1163623194014589 0.1301896625012904 0
1502 0.4283319480068999 0.3512703726533589 0
1503 0.2902974762624791 0.1508615959323156 0
1504 0.5689105836295431 0.1505043333023718 0
1505 0.7412540083533168 0.3488593922212985 0
1506 0.2216041678553001 0.3487937927004987 0
1507 0.230239505705426 0.3845209292916084 0
1508 0.5316125930375514 0.1502160640062337 0
1509 0.7499999999993686 0.3843912663200851 0
1510 0.3947785558252584 0.3484787838404829 0
1511 0.3254230960450735 0.1517110004198025 0
1512 0.7749125478377272 0.1517483269240584 0
1513 0.7591898598824902 0.3574649360268375 0
1514 0.635732848253527 0.1520834875392911 0
1515 0.2391723342359587 0.3575448403383046 0
1516 0.4985153534222962 0.1327905909321121 0
1517 0.2200467149570705 0.1319958076144513 0
1518 0.7400592610615035 0.1323124160376113 0
1519 0.6035446561570315 0.347835071654327 0
1520 0.603544656157645 0.1521649283446102 0
1521 0.8798870785962926 0.3679643363259913 0
1522 0.8763387643437186 0.1308473726617845 0
1523 0.3599991891946128 0.3680602610854416 0
1524 0.3599712055963898 0.1320811044007867 0
1525 0.4957783179588502 0.3689147829830928 0
1526 0.2496898122241241 0.3851141671418325 0
1527 0.2551745462644485 0.1523946784532711 0
1528 0.4699999999990496 0.3860115916028915 0
1529 0.470000000000965 0.1139884083963101 0
1530 0.7753272296437348 0.3674060340097594 0
1531 0.8428439896743216 0.3667598908962613 0
1532 0.3226635375150329 0.36702035016831 0
1533 0.8501445379092405 0.1141702440605182 0
1534 0.3967844339997517 0.1333472360287968 0
1535 0.9164679951519935 0.3666956774734518 0
1536 0.7100000000008305 0.1135717528010924 0
1537 0.5356361951904899 0.3666708896635945 0
1538 0.1505765636541669 0.3868659969496975 0
1539 0.6699999999991568 0.3866252301228466 0
1540 0.2899999999995665 0.3866620626057439 0
1541 0.155020920414829 0.1332786375254946 0
1542 0.9169087843851434 0.1327727864933161 0
1543 0.7099999999992634 0.3867649642141642 0
1544 0.4270170592211706 0.1335898384856331 0
1545 0.811752043247404 0.3671133051529996 0
1546 0.1896774658068068 0.3868429816675776 0
1547 0.1833271598147538 0.1327051693408572 0
1548 0.5642403490715718 0.3678071505272899 0
1549 0.6754343847994791 0.1320050569857242 0
1550 0.6388761211220142 0.3663127710416686 0
1551 0.1146410161514279 0.1146410161514076 0
1552 0.9853589838486411 0.1146410161513541 0
1553 0.9853589838485854 0.3853589838485789 0
1554 0.1146410161513302 0.3853589838486409 0
1555 0.9446453649959308 0.3682043118828597 0
1556 0.9446561346114826 0.1318272049765433 0
1557 0.8143849362240748 0.1320061104842084 0
1558 0.2396767154271573 0.372597353800389 0
1559 0.5877384371291093 0.3540662105921515 0
1560 0.5874105768655902 0.1463661708361357 0
1561 0.6518685303273465 0.1457218004886962 0
1562 0.4345159358620489 0.3685935866692734 0
1563 0.7592330700223946 0.3725423404764054 0
1564 0.7909465017805736 0.1457527921403315 0
1565 0.3103319503560849 0.1455055798759238 0
1566 0.4099999999991877 0.3545894683893152 0
1567 0.5500000000011904 0.1453510093815424 0
1568 0.968708293588294 0.3544931882715661 0
1569 0.9687387893979233 0.1457469278851815 0
1570 0.479336855404642 0.3738260936145392 0
1571 0.4783076658636063 0.1258122224100117 0
1572 0.2706323560427276 0.1458535453000714 0
1573 0.8596430327305452 0.1263083717528845 0
1574 0.4428279363078643 0.1274111316255312 0
1575 0.5120355708862445 0.1463334566977037 0
$EndNodes
$Elements
3043
1 1 2 201 7 7 169
2 1 2 201 7 169 170
3 1 2 201 7 170 171
4 1 2 201 7 171 172
5 1 2 201 7 172 8
6 1 2 200 9 9 217
7 1 2 200 9 217 218
8 1 2 200 9 218 219
9 1 2 200 9 219 220
10 1 2 200 9 220 221
11 1 2 200 9 221 222
12 1 2 200 9 222 223
13 1 2 200 9 223 224
14 1 2 200 9 224 225
15 1 2 200 9 225 226
16 1 2 200 9 226 227
17 1 2 200 9 227 228
18 1 2 200 9 228 229
19 1 2 200 9 229 230
20 1 2 200 9 230 231
21 1 2 200 9 231 232
22 1 2 200 9 232 233
23 1 2 200 9 233 234
24 1 2 200 9 234 235
25 1 2 200 9 235 236
26 1 2 200 9 236 237
27 1 2 200 9 237 238
28 1 2 200 9 238 239
29 1 2 200 9 239 240
30 1 2 200 9 240 1
31 1 2 202 11 3 241
32 1 2 202 11 241 242
33 1 2 202 11 242 243
34 1 2 202 11 243 244
35 1 2 202 11 244 245
36 1 2 202 11 245 246
37 1 2 202 11 246 247
38 1 2 202 11 247 248
39 1 2 202 11 248 249
40 1 2 202 11 249 250
41 1 2 202 11 250 251
42 1 2 202 11 251 252
43 1 2 202 11 252 253
44 1 2 202 11 253 254
45 1 2 202 11 254 6
46 2 2 100 1 284 480 687
47 2 2 100 1 480 284 811
48 2 2 100 1 321 487 488
49 2 2 100 1 490 488 657
50 2 2 100 1 259 384 664
51 2 2 100 1 262 386 630
52 2 2 100 1 379 481 483
53 2 2 100 1 488 486 657
54 2 2 100 1 487 321 813
55 2 2 100 1 379 483 810
56 2 2 100 1 384 259 804
57 2 2 100 1 403 373 806
58 2 2 100 1 386 262 805
59 2 2 100 1 414 371 807
60 2 2 100 1 321 488 489
61 2 2 100 1 664 384 808
62 2 2 100 1 630 386 809
63 2 2 100 1 317 483 484
64 2 2 100 1 491 490 686
65 2 2 100 1 373 403 820
66 2 2 100 1 371 414 824
67 2 2 100 1 584 807 815
68 2 2 100 1 478 806 814
69 2 2 100 1 317 484 487
70 2 2 100 1 491 606 817
71 2 2 100 1 686 490 812
72 2 2 100 1 480 479 687
73 2 2 100 1 378 394 690
74 2 2 100 1 650 485 811
75 2 2 100 1 606 491 818
76 2 2 100 1 481 379 689
77 2 2 100 1 320 704 705
78 2 2 100 1 704 399 705
79 2 2 100 1 807 387 815
80 2 2 100 1 806 385 814
81 2 2 100 1 688 366 693
82 2 2 100 1 692 579 694
83 2 2 100 1 490 657 812
84 2 2 100 1 367 691 695
85 2 2 100 1 690 394 831
86 2 2 100 1 484 486 487
87 2 2 100 1 688 693 828
88 2 2 100 1 692 694 829
89 2 2 100 1 489 488 490
90 2 2 100 1 652 255 808
91 2 2 100 1 643 256 809
92 2 2 100 1 487 486 488
93 2 2 100 1 255 652 830
94 2 2 100 1 256 643 832
95 2 2 100 1 485 650 816
96 2 2 100 1 284 650 811
97 2 2 100 1 367 695 827
98 2 2 100 1 701 275 803
99 2 2 100 1 707 318 723
100 2 2 100 1 703 327 730
101 2 2 100 1 567 714 766
102 2 2 100 1 292 711 763
103 2 2 100 1 299 712 760
104 2 2 100 1 651 709 758
105 2 2 100 1 676 708 734
106 2 2 100 1 700 281 765
107 2 2 100 1 702 276 764
108 2 2 100 1 432 715 783
109 2 2 100 1 312 713 767
110 2 2 100 1 343 710 761
111 2 2 100 1 439 716 802
112 2 2 100 1 159 706 799
113 2 2 100 1 699 124 798
114 2 2 100 1 698 127 797
115 2 2 100 1 697 138 794
116 2 2 100 1 717 269 739
117 2 2 100 1 489 490 491
118 2 2 100 1 483 317 810
119 2 2 100 1 209 210 466
120 2 2 100 1 314 442 447
121 2 2 100 1 208 314 447
122 2 2 100 1 206 207 685
123 2 2 100 1 313 435 448
124 2 2 100 1 205 313 448
125 2 2 100 1 442 314 445
126 2 2 100 1 207 208 447
127 2 2 100 1 314 209 466
128 2 2 100 1 210 318 466
129 2 2 100 1 203 204 684
130 2 2 100 1 156 157 512
131 2 2 100 1 435 313 438
132 2 2 100 1 204 205 448
133 2 2 100 1 536 552 680
134 2 2 100 1 552 551 680
135 2 2 100 1 207 447 685
136 2 2 100 1 392 389 402
137 2 2 100 1 391 394 620
138 2 2 100 1 233 234 450
139 2 2 100 1 508 323 510
140 2 2 100 1 429 335 431
141 2 2 100 1 335 429 449
142 2 2 100 1 204 448 684
143 2 2 100 1 589 519 590
144 2 2 100 1 394 378 620
145 2 2 100 1 96 97 553
146 2 2 100 1 333 391 620
147 2 2 100 1 157 320 512
148 2 2 100 1 323 156 512
149 2 2 100 1 315 478 583
150 2 2 100 1 427 340 449
151 2 2 100 1 498 465 499
152 2 2 100 1 577 534 578
153 2 2 100 1 323 508 513
154 2 2 100 1 390 396 400
155 2 2 100 1 464 338 499
156 2 2 100 1 465 464 499
157 2 2 100 1 172 8 388
158 2 2 100 1 234 327 450
159 2 2 100 1 340 425 451
160 2 2 100 1 425 340 427
161 2 2 100 1 429 427 449
162 2 2 100 1 390 395 396
163 2 2 100 1 551 553 680
164 2 2 100 1 389 390 402
165 2 2 100 1 476 319 583
166 2 2 100 1 336 233 450
167 2 2 100 1 154 155 513
168 2 2 100 1 478 476 583
169 2 2 100 1 576 577 578
170 2 2 100 1 336 410 492
171 2 2 100 1 319 474 619
172 2 2 100 1 97 337 553
173 2 2 100 1 173 274 395
174 2 2 100 1 510 323 512
175 2 2 100 1 324 504 528
176 2 2 100 1 586 588 589
177 2 2 100 1 388 8 395
178 2 2 100 1 8 173 395
179 2 2 100 1 445 314 466
180 2 2 100 1 326 576 578
181 2 2 100 1 228 229 581
182 2 2 100 1 352 543 587
183 2 2 100 1 506 324 513
184 2 2 100 1 423 348 451
185 2 2 100 1 344 549 554
186 2 2 100 1 410 336 412
187 2 2 100 1 504 324 506
188 2 2 100 1 263 581 582
189 2 2 100 1 344 96 553
190 2 2 100 1 600 601 613
191 2 2 100 1 586 589 590
192 2 2 100 1 549 344 551
193 2 2 100 1 302 524 526
194 2 2 100 1 346 600 613
195 2 2 100 1 543 544 587
196 2 2 100 1 425 423 451
197 2 2 100 1 586 587 588
198 2 2 100 1 307 520 522
199 2 2 100 1 302 526 561
200 2 2 100 1 348 421 593
201 2 2 100 1 263 228 581
202 2 2 100 1 522 524 640
203 2 2 100 1 120 5 403
204 2 2 100 1 474 319 476
205 2 2 100 1 396 398 400
206 2 2 100 1 613 601 614
207 2 2 100 1 155 323 513
208 2 2 100 1 324 154 513
209 2 2 100 1 313 206 685
210 2 2 100 1 400 398 401
211 2 2 100 1 307 522 640
212 2 2 100 1 288 564 633
213 2 2 100 1 288 563 564
214 2 2 100 1 524 302 640
215 2 2 100 1 296 608 609
216 2 2 100 1 147 338 659
217 2 2 100 1 421 348 423
218 2 2 100 1 288 562 563
219 2 2 100 1 201 202 449
220 2 2 100 1 564 569 633
221 2 2 100 1 338 464 659
222 2 2 100 1 576 326 639
223 2 2 100 1 113 114 608
224 2 2 100 1 551 344 553
225 2 2 100 1 535 337 642
226 2 2 100 1 499 338 644
227 2 2 100 1 508 506 513
228 2 2 100 1 338 148 644
229 2 2 100 1 106 4 414
230 2 2 100 1 84 85 618
231 2 2 100 1 600 346 641
232 2 2 100 1 325 606 607
233 2 2 100 1 50 51 607
234 2 2 100 1 335 203 684
235 2 2 100 1 519 515 590
236 2 2 100 1 502 501 503
237 2 2 100 1 390 388 395
238 2 2 100 1 352 90 647
239 2 2 100 1 543 352 647
240 2 2 100 1 547 546 548
241 2 2 100 1 395 274 396
242 2 2 100 1 153 324 528
243 2 2 100 1 515 514 590
244 2 2 100 1 410 406 492
245 2 2 100 1 587 544 588
246 2 2 100 1 194 195 562
247 2 2 100 1 95 344 554
248 2 2 100 1 520 307 618
249 2 2 100 1 229 230 404
250 2 2 100 1 331 50 607
251 2 2 100 1 288 194 562
252 2 2 100 1 334 142 580
253 2 2 100 1 117 319 619
254 2 2 100 1 500 501 502
255 2 2 100 1 202 335 449
256 2 2 100 1 340 201 449
257 2 2 100 1 296 113 608
258 2 2 100 1 218 219 467
259 2 2 100 1 406 342 492
260 2 2 100 1 566 565 568
261 2 2 100 1 142 143 580
262 2 2 100 1 545 546 547
263 2 2 100 1 404 405 407
264 2 2 100 1 604 603 605
265 2 2 100 1 542 538 545
266 2 2 100 1 497 494 500
267 2 2 100 1 404 342 405
268 2 2 100 1 229 404 581
269 2 2 100 1 391 393 394
270 2 2 100 1 190 191 452
271 2 2 100 1 468 328 469
272 2 2 100 1 195 196 415
273 2 2 100 1 412 336 450
274 2 2 100 1 343 144 458
275 2 2 100 1 119 315 583
276 2 2 100 1 143 144 343
277 2 2 100 1 493 329 500
278 2 2 100 1 239 367 560
279 2 2 100 1 575 571 584
280 2 2 100 1 51 325 607
281 2 2 100 1 474 470 619
282 2 2 100 1 470 328 619
283 2 2 100 1 494 493 500
284 2 2 100 1 337 98 642
285 2 2 100 1 537 347 545
286 2 2 100 1 307 84 618
287 2 2 100 1 538 537 545
288 2 2 100 1 219 255 467
289 2 2 100 1 151 329 493
290 2 2 100 1 529 326 578
291 2 2 100 1 311 514 515
292 2 2 100 1 602 603 604
293 2 2 100 1 311 86 514
294 2 2 100 1 585 352 587
295 2 2 100 1 571 570 584
296 2 2 100 1 315 120 403
297 2 2 100 1 93 347 537
298 2 2 100 1 599 595 602
299 2 2 100 1 199 200 451
300 2 2 100 1 322 570 571
301 2 2 100 1 421 417 593
302 2 2 100 1 534 530 578
303 2 2 100 1 563 565 566
304 2 2 100 1 171 172 333
305 2 2 100 1 213 257 592
306 2 2 100 1 101 326 529
307 2 2 100 1 569 264 633
308 2 2 100 1 322 104 570
309 2 2 100 1 415 349 416
310 2 2 100 1 595 594 602
311 2 2 100 1 542 545 547
312 2 2 100 1 200 340 451
313 2 2 100 1 183 184 280
314 2 2 100 1 389 388 390
315 2 2 100 1 497 500 502
316 2 2 100 1 417 349 593
317 2 2 100 1 237 258 624
318 2 2 100 1 390 400 402
319 2 2 100 1 469 470 471
320 2 2 100 1 326 102 639
321 2 2 100 1 339 594 595
322 2 2 100 1 115 328 468
323 2 2 100 1 530 529 578
324 2 2 100 1 79 80 298
325 2 2 100 1 230 342 404
326 2 2 100 1 171 333 620
327 2 2 100 1 195 415 562
328 2 2 100 1 232 336 492
329 2 2 100 1 348 199 451
330 2 2 100 1 599 602 604
331 2 2 100 1 316 106 414
332 2 2 100 1 333 388 389
333 2 2 100 1 43 312 629
334 2 2 100 1 94 95 554
335 2 2 100 1 81 82 302
336 2 2 100 1 152 153 528
337 2 2 100 1 415 416 418
338 2 2 100 1 85 311 618
339 2 2 100 1 346 46 641
340 2 2 100 1 60 61 362
341 2 2 100 1 146 147 659
342 2 2 100 1 89 352 585
343 2 2 100 1 143 343 580
344 2 2 100 1 504 501 528
345 2 2 100 1 333 389 391
346 2 2 100 1 198 348 593
347 2 2 100 1 114 115 468
348 2 2 100 1 196 349 415
349 2 2 100 1 149 150 332
350 2 2 100 1 114 468 608
351 2 2 100 1 339 48 594
352 2 2 100 1 105 106 316
353 2 2 100 1 145 146 345
354 2 2 100 1 188 189 632
355 2 2 100 1 91 92 350
356 2 2 100 1 86 87 514
357 2 2 100 1 151 152 329
358 2 2 100 1 404 407 581
359 2 2 100 1 458 345 459
360 2 2 100 1 40 351 610
361 2 2 100 1 471 470 473
362 2 2 100 1 93 94 347
363 2 2 100 1 468 469 472
364 2 2 100 1 469 328 470
365 2 2 100 1 34 35 308
366 2 2 100 1 549 546 554
367 2 2 100 1 405 406 408
368 2 2 100 1 208 209 314
369 2 2 100 1 85 86 311
370 2 2 100 1 312 44 612
371 2 2 100 1 210 211 318
372 2 2 100 1 416 419 616
373 2 2 100 1 415 418 562
374 2 2 100 1 239 240 367
375 2 2 100 1 391 389 392
376 2 2 100 1 596 595 597
377 2 2 100 1 581 407 582
378 2 2 100 1 147 148 338
379 2 2 100 1 145 345 458
380 2 2 100 1 148 149 644
381 2 2 100 1 562 418 563
382 2 2 100 1 100 101 529
383 2 2 100 1 459 460 461
384 2 2 100 1 322 572 639
385 2 2 100 1 459 461 463
386 2 2 100 1 176 177 611
387 2 2 100 1 339 596 641
388 2 2 100 1 359 364 372
389 2 2 100 1 89 90 352
390 2 2 100 1 319 118 583
391 2 2 100 1 594 331 602
392 2 2 100 1 115 116 328
393 2 2 100 1 117 118 319
394 2 2 100 1 572 576 639
395 2 2 100 1 311 515 516
396 2 2 100 1 495 494 496
397 2 2 100 1 90 91 647
398 2 2 100 1 514 354 590
399 2 2 100 1 33 34 655
400 2 2 100 1 572 571 573
401 2 2 100 1 564 563 566
402 2 2 100 1 500 329 501
403 2 2 100 1 258 238 560
404 2 2 100 1 596 600 641
405 2 2 100 1 339 595 596
406 2 2 100 1 545 347 546
407 2 2 100 1 332 493 494
408 2 2 100 1 119 120 315
409 2 2 100 1 322 571 572
410 2 2 100 1 597 595 599
411 2 2 100 1 570 316 584
412 2 2 100 1 586 585 587
413 2 2 100 1 350 537 538
414 2 2 100 1 141 334 627
415 2 2 100 1 531 530 532
416 2 2 100 1 612 346 613
417 2 2 100 1 366 218 467
418 2 2 100 1 539 538 540
419 2 2 100 1 57 58 379
420 2 2 100 1 144 145 458
421 2 2 100 1 98 99 642
422 2 2 100 1 330 529 530
423 2 2 100 1 103 104 322
424 2 2 100 1 354 585 586
425 2 2 100 1 342 231 492
426 2 2 100 1 608 472 609
427 2 2 100 1 591 212 592
428 2 2 100 1 416 417 419
429 2 2 100 1 396 274 397
430 2 2 100 1 264 569 653
431 2 2 100 1 178 179 626
432 2 2 100 1 191 264 452
433 2 2 100 1 332 150 493
434 2 2 100 1 495 496 498
435 2 2 100 1 408 406 409
436 2 2 100 1 602 331 603
437 2 2 100 1 285 182 625
438 2 2 100 1 330 531 642
439 2 2 100 1 213 214 257
440 2 2 100 1 87 354 514
441 2 2 100 1 309 358 359
442 2 2 100 1 212 213 592
443 2 2 100 1 350 92 537
444 2 2 100 1 332 494 495
445 2 2 100 1 333 172 388
446 2 2 100 1 162 305 621
447 2 2 100 1 355 37 622
448 2 2 100 1 564 567 569
449 2 2 100 1 105 316 570
450 2 2 100 1 459 345 460
451 2 2 100 1 354 88 585
452 2 2 100 1 573 571 575
453 2 2 100 1 434 436 437
454 2 2 100 1 531 535 642
455 2 2 100 1 327 235 623
456 2 2 100 1 49 331 594
457 2 2 100 1 596 597 598
458 2 2 100 1 257 214 617
459 2 2 100 1 35 36 615
460 2 2 100 1 461 460 462
461 2 2 100 1 217 218 366
462 2 2 100 1 572 573 574
463 2 2 100 1 520 521 522
464 2 2 100 1 623 236 624
465 2 2 100 1 531 532 533
466 2 2 100 1 350 538 539
467 2 2 100 1 351 41 628
468 2 2 100 1 539 540 541
469 2 2 100 1 516 518 520
470 2 2 100 1 532 530 534
471 2 2 100 1 330 530 531
472 2 2 100 1 230 231 342
473 2 2 100 1 232 233 336
474 2 2 100 1 540 538 542
475 2 2 100 1 234 235 327
476 2 2 100 1 496 494 497
477 2 2 100 1 318 211 591
478 2 2 100 1 628 42 629
479 2 2 100 1 238 239 560
480 2 2 100 1 563 418 565
481 2 2 100 1 87 88 354
482 2 2 100 1 353 39 610
483 2 2 100 1 36 355 615
484 2 2 100 1 49 50 331
485 2 2 100 1 419 417 420
486 2 2 100 1 150 151 493
487 2 2 100 1 197 198 593
488 2 2 100 1 88 89 585
489 2 2 100 1 522 523 524
490 2 2 100 1 45 346 612
491 2 2 100 1 205 206 313
492 2 2 100 1 51 52 325
493 2 2 100 1 92 93 537
494 2 2 100 1 270 452 453
495 2 2 100 1 236 237 624
496 2 2 100 1 53 54 321
497 2 2 100 1 104 105 570
498 2 2 100 1 153 154 324
499 2 2 100 1 118 119 583
500 2 2 100 1 373 372 384
501 2 2 100 1 516 520 618
502 2 2 100 1 441 443 444
503 2 2 100 1 330 100 529
504 2 2 100 1 270 190 452
505 2 2 100 1 349 197 593
506 2 2 100 1 140 141 627
507 2 2 100 1 184 185 631
508 2 2 100 1 405 342 406
509 2 2 100 1 468 472 608
510 2 2 100 1 211 212 591
511 2 2 100 1 95 96 344
512 2 2 100 1 40 41 351
513 2 2 100 1 603 331 607
514 2 2 100 1 47 48 339
515 2 2 100 1 308 35 615
516 2 2 100 1 177 283 611
517 2 2 100 1 416 349 417
518 2 2 100 1 202 203 335
519 2 2 100 1 354 586 590
520 2 2 100 1 185 287 631
521 2 2 100 1 306 33 655
522 2 2 100 1 237 238 258
523 2 2 100 1 256 13 630
524 2 2 100 1 359 358 364
525 2 2 100 1 200 201 340
526 2 2 100 1 524 525 526
527 2 2 100 1 361 365 370
528 2 2 100 1 475 476 477
529 2 2 100 1 214 215 617
530 2 2 100 1 42 43 629
531 2 2 100 1 391 392 393
532 2 2 100 1 161 162 621
533 2 2 100 1 347 94 554
534 2 2 100 1 43 44 312
535 2 2 100 1 45 46 346
536 2 2 100 1 55 56 317
537 2 2 100 1 473 474 475
538 2 2 100 1 38 39 353
539 2 2 100 1 564 566 567
540 2 2 100 1 196 197 349
541 2 2 100 1 38 353 622
542 2 2 100 1 198 199 348
543 2 2 100 1 116 117 619
544 2 2 100 1 97 98 337
545 2 2 100 1 99 100 330
546 2 2 100 1 101 102 326
547 2 2 100 1 311 516 618
548 2 2 100 1 231 232 492
549 2 2 100 1 457 453 653
550 2 2 100 1 548 546 549
551 2 2 100 1 139 140 341
552 2 2 100 1 160 161 295
553 2 2 100 1 329 152 528
554 2 2 100 1 328 116 619
555 2 2 100 1 181 182 285
556 2 2 100 1 193 288 633
557 2 2 100 1 503 501 504
558 2 2 100 1 157 158 320
559 2 2 100 1 548 549 550
560 2 2 100 1 452 264 653
561 2 2 100 1 14 15 262
562 2 2 100 1 44 45 612
563 2 2 100 1 77 78 668
564 2 2 100 1 39 40 610
565 2 2 100 1 424 425 426
566 2 2 100 1 155 156 323
567 2 2 100 1 41 42 628
568 2 2 100 1 422 423 424
569 2 2 100 1 182 183 625
570 2 2 100 1 426 427 428
571 2 2 100 1 48 49 594
572 2 2 100 1 102 103 639
573 2 2 100 1 235 236 623
574 2 2 100 1 372 364 652
575 2 2 100 1 135 136 635
576 2 2 100 1 484 482 485
577 2 2 100 1 428 429 430
578 2 2 100 1 295 161 621
579 2 2 100 1 418 416 616
580 2 2 100 1 15 16 654
581 2 2 100 1 550 551 552
582 2 2 100 1 576 574 577
583 2 2 100 1 141 142 334
584 2 2 100 1 420 421 422
585 2 2 100 1 535 533 536
586 2 2 100 1 166 167 363
587 2 2 100 1 12 13 256
588 2 2 100 1 605 603 606
589 2 2 100 1 72 73 278
590 2 2 100 1 430 431 432
591 2 2 100 1 310 360 361
592 2 2 100 1 462 464 465
593 2 2 100 1 543 541 544
594 2 2 100 1 409 410 411
595 2 2 100 1 83 307 640
596 2 2 100 1 362 479 480
597 2 2 100 1 133 134 638
598 2 2 100 1 520 518 521
599 2 2 100 1 36 37 355
600 2 2 100 1 185 186 287
601 2 2 100 1 341 140 627
602 2 2 100 1 453 452 653
603 2 2 100 1 37 38 622
604 2 2 100 1 189 270 632
605 2 2 100 1 507 508 509
606 2 2 100 1 13 14 630
607 2 2 100 1 370 365 643
608 2 2 100 1 526 527 682
609 2 2 100 1 411 412 413
610 2 2 100 1 82 83 640
611 2 2 100 1 503 504 505
612 2 2 100 1 600 598 601
613 2 2 100 1 484 485 486
614 2 2 100 1 371 370 386
615 2 2 100 1 443 445 446
616 2 2 100 1 61 62 479
617 2 2 100 1 436 438 439
618 2 2 100 1 432 433 434
619 2 2 100 1 439 440 441
620 2 2 100 1 103 322 639
621 2 2 100 1 359 372 373
622 2 2 100 1 47 339 641
623 2 2 100 1 522 521 523
624 2 2 100 1 46 47 641
625 2 2 100 1 99 330 642
626 2 2 100 1 441 442 443
627 2 2 100 1 162 163 305
628 2 2 100 1 505 506 507
629 2 2 100 1 434 435 436
630 2 2 100 1 509 510 511
631 2 2 100 1 14 262 630
632 2 2 100 1 193 194 288
633 2 2 100 1 219 220 255
634 2 2 100 1 517 515 519
635 2 2 100 1 149 332 644
636 2 2 100 1 361 360 365
637 2 2 100 1 361 370 371
638 2 2 100 1 5 268 309
639 2 2 100 1 337 535 680
640 2 2 100 1 122 123 275
641 2 2 100 1 524 523 525
642 2 2 100 1 280 184 631
643 2 2 100 1 262 15 654
644 2 2 100 1 91 350 647
645 2 2 100 1 70 71 269
646 2 2 100 1 79 298 555
647 2 2 100 1 516 515 517
648 2 2 100 1 107 108 645
649 2 2 100 1 298 80 561
650 2 2 100 1 192 193 633
651 2 2 100 1 373 384 385
652 2 2 100 1 495 498 499
653 2 2 100 1 546 347 554
654 2 2 100 1 501 329 528
655 2 2 100 1 180 181 648
656 2 2 100 1 572 574 576
657 2 2 100 1 125 126 277
658 2 2 100 1 365 383 643
659 2 2 100 1 74 75 290
660 2 2 100 1 345 146 659
661 2 2 100 1 565 418 616
662 2 2 100 1 179 271 626
663 2 2 100 1 531 533 535
664 2 2 100 1 111 112 651
665 2 2 100 1 65 66 650
666 2 2 100 1 516 517 518
667 2 2 100 1 526 525 527
668 2 2 100 1 539 541 543
669 2 2 100 1 83 84 307
670 2 2 100 1 34 308 655
671 2 2 100 1 12 256 634
672 2 2 100 1 66 67 267
673 2 2 100 1 424 423 425
674 2 2 100 1 81 302 561
675 2 2 100 1 129 130 649
676 2 2 100 1 426 425 427
677 2 2 100 1 270 454 632
678 2 2 100 1 371 386 387
679 2 2 100 1 16 266 654
680 2 2 100 1 420 417 421
681 2 2 100 1 473 470 474
682 2 2 100 1 422 421 423
683 2 2 100 1 362 480 481
684 2 2 100 1 550 549 551
685 2 2 100 1 455 453 457
686 2 2 100 1 428 427 429
687 2 2 100 1 398 397 399
688 2 2 100 1 76 77 299
689 2 2 100 1 309 356 358
690 2 2 100 1 462 460 464
691 2 2 100 1 509 508 510
692 2 2 100 1 5 121 268
693 2 2 100 1 191 192 264
694 2 2 100 1 507 506 508
695 2 2 100 1 430 429 431
696 2 2 100 1 183 280 625
697 2 2 100 1 443 442 445
698 2 2 100 1 596 598 600
699 2 2 100 1 439 438 440
700 2 2 100 1 409 406 410
701 2 2 100 1 441 440 442
702 2 2 100 1 555 298 556
703 2 2 100 1 292 188 632
704 2 2 100 1 73 74 637
705 2 2 100 1 283 178 626
706 2 2 100 1 368 291 645
707 2 2 100 1 432 431 433
708 2 2 100 1 505 504 506
709 2 2 100 1 186 187 658
710 2 2 100 1 173 174 274
711 2 2 100 1 11 12 634
712 2 2 100 1 177 178 283
713 2 2 100 1 181 285 648
714 2 2 100 1 175 176 276
715 2 2 100 1 436 435 438
716 2 2 100 1 189 190 270
717 2 2 100 1 477 476 478
718 2 2 100 1 121 122 673
719 2 2 100 1 67 68 656
720 2 2 100 1 332 495 644
721 2 2 100 1 475 474 476
722 2 2 100 1 434 433 435
723 2 2 100 1 134 301 638
724 2 2 100 1 69 70 672
725 2 2 100 1 4 291 310
726 2 2 100 1 350 539 647
727 2 2 100 1 396 397 398
728 2 2 100 1 28 29 300
729 2 2 100 1 30 31 304
730 2 2 100 1 16 17 266
731 2 2 100 1 302 82 640
732 2 2 100 1 20 21 279
733 2 2 100 1 24 25 293
734 2 2 100 1 29 30 660
735 2 2 100 1 22 23 286
736 2 2 100 1 26 27 297
737 2 2 100 1 23 24 662
738 2 2 100 1 134 135 301
739 2 2 100 1 221 222 259
740 2 2 100 1 64 65 284
741 2 2 100 1 21 22 663
742 2 2 100 1 136 137 303
743 2 2 100 1 25 26 661
744 2 2 100 1 32 33 306
745 2 2 100 1 17 18 670
746 2 2 100 1 27 28 666
747 2 2 100 1 19 20 671
748 2 2 100 1 179 180 271
749 2 2 100 1 31 32 669
750 2 2 100 1 131 132 665
751 2 2 100 1 495 499 644
752 2 2 100 1 18 19 272
753 2 2 100 1 539 543 647
754 2 2 100 1 411 410 412
755 2 2 100 1 136 303 635
756 2 2 100 1 132 133 294
757 2 2 100 1 365 382 383
758 2 2 100 1 276 176 611
759 2 2 100 1 4 107 291
760 2 2 100 1 270 453 454
761 2 2 100 1 130 131 282
762 2 2 100 1 75 76 646
763 2 2 100 1 128 129 273
764 2 2 100 1 78 555 668
765 2 2 100 1 309 268 356
766 2 2 100 1 375 369 376
767 2 2 100 1 187 188 292
768 2 2 100 1 122 275 673
769 2 2 100 1 66 267 650
770 2 2 100 1 301 135 635
771 2 2 100 1 78 79 555
772 2 2 100 1 362 61 479
773 2 2 100 1 68 69 265
774 2 2 100 1 71 72 636
775 2 2 100 1 310 357 360
776 2 2 100 1 357 291 368
777 2 2 100 1 374 368 377
778 2 2 100 1 271 180 648
779 2 2 100 1 222 223 667
780 2 2 100 1 74 290 637
781 2 2 100 1 268 121 673
782 2 2 100 1 108 109 281
783 2 2 100 1 109 110 674
784 2 2 100 1 110 111 289
785 2 2 100 1 112 113 296
786 2 2 100 1 364 358 380
787 2 2 100 1 483 482 484
788 2 2 100 1 287 186 658
789 2 2 100 1 299 77 668
790 2 2 100 1 220 221 664
791 2 2 100 1 80 81 561
792 2 2 100 1 284 65 650
793 2 2 100 1 442 440 447
794 2 2 100 1 457 653 679
795 2 2 100 1 108 281 645
796 2 2 100 1 356 268 369
797 2 2 100 1 278 73 637
798 2 2 100 1 356 369 375
799 2 2 100 1 365 360 382
800 2 2 100 1 269 71 636
801 2 2 100 1 294 133 638
802 2 2 100 1 364 381 652
803 2 2 100 1 255 220 664
804 2 2 100 1 223 224 260
805 2 2 100 1 227 228 263
806 2 2 100 1 555 556 557
807 2 2 100 1 226 227 676
808 2 2 100 1 264 192 633
809 2 2 100 1 225 226 261
810 2 2 100 1 224 225 675
811 2 2 100 1 72 278 636
812 2 2 100 1 557 558 559
813 2 2 100 1 460 345 659
814 2 2 100 1 267 67 656
815 2 2 100 1 273 129 649
816 2 2 100 1 606 603 607
817 2 2 100 1 130 282 649
818 2 2 100 1 300 29 660
819 2 2 100 1 76 299 646
820 2 2 100 1 30 304 660
821 2 2 100 1 279 21 663
822 2 2 100 1 24 293 662
823 2 2 100 1 26 297 661
824 2 2 100 1 286 23 662
825 2 2 100 1 22 286 663
826 2 2 100 1 304 31 669
827 2 2 100 1 435 433 448
828 2 2 100 1 266 17 670
829 2 2 100 1 293 25 661
830 2 2 100 1 20 279 671
831 2 2 100 1 297 27 666
832 2 2 100 1 28 300 666
833 2 2 100 1 267 656 657
834 2 2 100 1 187 292 658
835 2 2 100 1 369 268 673
836 2 2 100 1 290 75 646
837 2 2 100 1 32 306 669
838 2 2 100 1 70 269 672
839 2 2 100 1 68 265 656
840 2 2 100 1 310 291 357
841 2 2 100 1 357 368 374
842 2 2 100 1 481 480 482
843 2 2 100 1 265 69 672
844 2 2 100 1 358 356 677
845 2 2 100 1 18 272 670
846 2 2 100 1 272 19 671
847 2 2 100 1 454 453 455
848 2 2 100 1 282 131 665
849 2 2 100 1 464 460 659
850 2 2 100 1 555 557 668
851 2 2 100 1 653 569 679
852 2 2 100 1 364 380 381
853 2 2 100 1 132 294 665
854 2 2 100 1 291 107 645
855 2 2 100 1 112 296 651
856 2 2 100 1 289 111 651
857 2 2 100 1 561 526 682
858 2 2 100 1 557 556 558
859 2 2 100 1 259 222 667
860 2 2 100 1 481 482 483
861 2 2 100 1 360 357 678
862 2 2 100 1 221 259 664
863 2 2 100 1 175 276 681
864 2 2 100 1 170 171 620
865 2 2 100 1 454 455 456
866 2 2 100 1 553 337 680
867 2 2 100 1 380 358 677
868 2 2 100 1 274 174 681
869 2 2 100 1 397 274 681
870 2 2 100 1 110 289 674
871 2 2 100 1 281 109 674
872 2 2 100 1 174 175 681
873 2 2 100 1 356 375 677
874 2 2 100 1 223 260 667
875 2 2 100 1 165 166 579
876 2 2 100 1 382 360 678
877 2 2 100 1 357 374 678
878 2 2 100 1 260 224 675
879 2 2 100 1 227 263 676
880 2 2 100 1 261 226 676
881 2 2 100 1 225 261 675
882 2 2 100 1 298 561 682
883 2 2 100 1 682 527 683
884 2 2 100 1 166 363 579
885 2 2 100 1 169 170 378
886 2 2 100 1 569 567 679
887 2 2 100 1 535 536 680
888 2 2 100 1 431 335 684
889 2 2 100 1 556 298 682
890 2 2 100 1 438 313 685
891 2 2 100 1 378 170 620
892 2 2 100 1 433 431 684
893 2 2 100 1 556 682 683
894 2 2 100 1 558 556 683
895 2 2 100 1 440 438 685
896 2 2 100 1 448 433 684
897 2 2 100 1 447 440 685
898 2 2 100 1 385 384 804
899 2 2 100 1 373 385 806
900 2 2 100 1 371 387 807
901 2 2 100 1 387 386 805
902 2 2 100 1 321 489 696
903 2 2 100 1 215 216 688
904 2 2 100 1 63 64 687
905 2 2 100 1 167 168 690
906 2 2 100 1 163 164 692
907 2 2 100 1 59 60 689
908 2 2 100 1 10 11 691
909 2 2 100 1 362 481 689
910 2 2 100 1 265 672 686
911 2 2 100 1 446 376 701
912 2 2 100 1 413 377 700
913 2 2 100 1 377 413 703
914 2 2 100 1 376 446 707
915 2 2 100 1 511 399 702
916 2 2 100 1 399 511 705
917 2 2 100 1 614 559 713
918 2 2 100 1 559 614 712
919 2 2 100 1 463 456 710
920 2 2 100 1 456 463 711
921 2 2 100 1 716 277 802
922 2 2 100 1 706 401 799
923 2 2 100 1 444 699 798
924 2 2 100 1 437 698 797
925 2 2 100 1 568 697 794
926 2 2 100 1 714 341 766
927 2 2 100 1 376 707 723
928 2 2 100 1 711 463 763
929 2 2 100 1 712 614 760
930 2 2 100 1 709 408 758
931 2 2 100 1 377 703 730
932 2 2 100 1 708 471 734
933 2 2 100 1 511 702 764
934 2 2 100 1 413 700 765
935 2 2 100 1 715 273 783
936 2 2 100 1 713 559 767
937 2 2 100 1 710 456 761
938 2 2 100 1 446 701 803
939 2 2 100 1 605 717 739
940 2 2 100 1 325 52 696
941 2 2 100 1 53 321 696
942 2 2 100 1 466 318 707
943 2 2 100 1 512 320 705
944 2 2 100 1 450 327 703
945 2 2 100 1 137 138 697
946 2 2 100 1 126 127 698
947 2 2 100 1 377 368 700
948 2 2 100 1 123 124 699
949 2 2 100 1 645 281 700
950 2 2 100 1 376 369 701
951 2 2 100 1 398 399 704
952 2 2 100 1 673 275 701
953 2 2 100 1 399 397 702
954 2 2 100 1 159 160 706
955 2 2 100 1 413 412 703
956 2 2 100 1 681 276 702
957 2 2 100 1 613 614 713
958 2 2 100 1 511 510 705
959 2 2 100 1 343 458 710
960 2 2 100 1 676 263 708
961 2 2 100 1 459 463 710
962 2 2 100 1 312 612 713
963 2 2 100 1 651 296 709
964 2 2 100 1 292 632 711
965 2 2 100 1 567 566 714
966 2 2 100 1 557 559 712
967 2 2 100 1 299 668 712
968 2 2 100 1 454 456 711
969 2 2 100 1 432 434 715
970 2 2 100 1 439 441 716
971 2 2 100 1 446 445 707
972 2 2 100 1 672 269 717
973 2 2 100 1 139 341 794
974 2 2 100 1 469 471 795
975 2 2 100 1 405 408 796
976 2 2 100 1 128 273 797
977 2 2 100 1 125 277 798
978 2 2 100 1 320 158 799
979 2 2 100 1 400 401 800
980 2 2 100 1 568 565 801
981 2 2 100 1 437 436 802
982 2 2 100 1 444 443 803
983 2 2 100 1 317 487 813
984 2 2 100 1 478 315 806
985 2 2 100 1 584 316 807
986 2 2 100 1 64 284 687
987 2 2 100 1 617 215 688
988 2 2 100 1 60 362 689
989 2 2 100 1 11 634 691
990 2 2 100 1 305 163 692
991 2 2 100 1 363 167 690
992 2 2 100 1 384 372 808
993 2 2 100 1 386 370 809
994 2 2 100 1 804 718 814
995 2 2 100 1 805 719 815
996 2 2 100 1 606 325 817
997 2 2 100 1 57 379 810
998 2 2 100 1 317 56 810
999 2 2 100 1 482 480 811
1000 2 2 100 1 657 656 812
1001 2 2 100 1 321 54 813
1002 2 2 100 1 55 317 813
1003 2 2 100 1 650 267 816
1004 2 2 100 1 366 467 693
1005 2 2 100 1 579 363 694
1006 2 2 100 1 240 1 821
1007 2 2 100 1 3 63 819
1008 2 2 100 1 1 10 821
1009 2 2 100 1 62 3 819
1010 2 2 100 1 2 59 822
1011 2 2 100 1 58 2 822
1012 2 2 100 1 403 5 820
1013 2 2 100 1 414 4 824
1014 2 2 100 1 9 217 823
1015 2 2 100 1 216 9 823
1016 2 2 100 1 5 309 820
1017 2 2 100 1 4 310 824
1018 2 2 100 1 359 373 820
1019 2 2 100 1 361 371 824
1020 2 2 100 1 164 6 825
1021 2 2 100 1 6 165 825
1022 2 2 100 1 168 7 826
1023 2 2 100 1 7 169 826
1024 2 2 100 1 52 53 696
1025 2 2 100 1 697 568 801
1026 2 2 100 1 471 708 795
1027 2 2 100 1 704 320 799
1028 2 2 100 1 341 714 794
1029 2 2 100 1 698 437 802
1030 2 2 100 1 408 709 796
1031 2 2 100 1 401 706 800
1032 2 2 100 1 699 444 803
1033 2 2 100 1 273 715 797
1034 2 2 100 1 277 716 798
1035 2 2 100 1 303 137 697
1036 2 2 100 1 277 126 698
1037 2 2 100 1 368 645 700
1038 2 2 100 1 275 123 699
1039 2 2 100 1 369 673 701
1040 2 2 100 1 412 450 703
1041 2 2 100 1 397 681 702
1042 2 2 100 1 401 398 704
1043 2 2 100 1 510 512 705
1044 2 2 100 1 160 295 706
1045 2 2 100 1 445 466 707
1046 2 2 100 1 263 582 708
1047 2 2 100 1 296 609 709
1048 2 2 100 1 458 459 710
1049 2 2 100 1 632 454 711
1050 2 2 100 1 612 613 713
1051 2 2 100 1 668 557 712
1052 2 2 100 1 566 568 714
1053 2 2 100 1 434 437 715
1054 2 2 100 1 441 444 716
1055 2 2 100 1 265 686 812
1056 2 2 100 1 467 255 830
1057 2 2 100 1 491 686 818
1058 2 2 100 1 634 256 832
1059 2 2 100 1 560 367 827
1060 2 2 100 1 775 303 801
1061 2 2 100 1 609 752 796
1062 2 2 100 1 295 737 800
1063 2 2 100 1 582 752 795
1064 2 2 100 1 792 517 793
1065 2 2 100 1 615 792 793
1066 2 2 100 1 455 756 761
1067 2 2 100 1 756 580 761
1068 2 2 100 1 519 589 790
1069 2 2 100 1 627 334 757
1070 2 2 100 1 341 627 766
1071 2 2 100 1 455 457 756
1072 2 2 100 1 517 519 793
1073 2 2 100 1 351 785 786
1074 2 2 100 1 351 628 785
1075 2 2 100 1 552 536 746
1076 2 2 100 1 580 343 761
1077 2 2 100 1 616 419 775
1078 2 2 100 1 465 498 749
1079 2 2 100 1 615 355 792
1080 2 2 100 1 355 622 791
1081 2 2 100 1 627 757 766
1082 2 2 100 1 622 353 789
1083 2 2 100 1 610 351 786
1084 2 2 100 1 353 610 788
1085 2 2 100 1 519 790 793
1086 2 2 100 1 355 791 792
1087 2 2 100 1 622 789 791
1088 2 2 100 1 589 588 787
1089 2 2 100 1 544 541 776
1090 2 2 100 1 353 788 789
1091 2 2 100 1 419 420 777
1092 2 2 100 1 541 540 774
1093 2 2 100 1 628 629 768
1094 2 2 100 1 610 786 788
1095 2 2 100 1 588 544 784
1096 2 2 100 1 775 419 777
1097 2 2 100 1 629 312 767
1098 2 2 100 1 420 422 778
1099 2 2 100 1 540 542 772
1100 2 2 100 1 777 420 778
1101 2 2 100 1 542 547 770
1102 2 2 100 1 544 776 784
1103 2 2 100 1 589 787 790
1104 2 2 100 1 541 774 776
1105 2 2 100 1 463 461 763
1106 2 2 100 1 422 424 780
1107 2 2 100 1 540 772 774
1108 2 2 100 1 547 548 769
1109 2 2 100 1 542 770 772
1110 2 2 100 1 461 462 759
1111 2 2 100 1 629 767 768
1112 2 2 100 1 778 422 780
1113 2 2 100 1 424 426 781
1114 2 2 100 1 462 465 755
1115 2 2 100 1 548 550 771
1116 2 2 100 1 461 759 763
1117 2 2 100 1 547 769 770
1118 2 2 100 1 588 784 787
1119 2 2 100 1 780 424 781
1120 2 2 100 1 426 428 779
1121 2 2 100 1 769 548 771
1122 2 2 100 1 462 755 759
1123 2 2 100 1 534 577 731
1124 2 2 100 1 465 749 755
1125 2 2 100 1 471 473 734
1126 2 2 100 1 550 552 773
1127 2 2 100 1 609 472 752
1128 2 2 100 1 426 779 781
1129 2 2 100 1 428 430 782
1130 2 2 100 1 614 601 760
1131 2 2 100 1 601 598 753
1132 2 2 100 1 771 550 773
1133 2 2 100 1 598 597 750
1134 2 2 100 1 597 599 748
1135 2 2 100 1 473 475 733
1136 2 2 100 1 779 428 782
1137 2 2 100 1 599 604 745
1138 2 2 100 1 498 496 742
1139 2 2 100 1 430 432 783
1140 2 2 100 1 408 409 758
1141 2 2 100 1 496 497 743
1142 2 2 100 1 742 496 743
1143 2 2 100 1 497 502 744
1144 2 2 100 1 601 753 760
1145 2 2 100 1 604 605 739
1146 2 2 100 1 782 430 783
1147 2 2 100 1 597 748 750
1148 2 2 100 1 598 750 753
1149 2 2 100 1 743 497 744
1150 2 2 100 1 536 533 740
1151 2 2 100 1 475 477 732
1152 2 2 100 1 502 503 741
1153 2 2 100 1 599 745 748
1154 2 2 100 1 533 532 736
1155 2 2 100 1 473 733 734
1156 2 2 100 1 409 411 762
1157 2 2 100 1 532 534 735
1158 2 2 100 1 498 742 749
1159 2 2 100 1 604 739 745
1160 2 2 100 1 536 740 746
1161 2 2 100 1 502 741 744
1162 2 2 100 1 533 736 740
1163 2 2 100 1 503 505 747
1164 2 2 100 1 758 409 762
1165 2 2 100 1 667 260 718
1166 2 2 100 1 628 768 785
1167 2 2 100 1 392 402 737
1168 2 2 100 1 475 732 733
1169 2 2 100 1 532 735 736
1170 2 2 100 1 741 503 747
1171 2 2 100 1 411 413 765
1172 2 2 100 1 552 746 773
1173 2 2 100 1 534 731 735
1174 2 2 100 1 505 507 751
1175 2 2 100 1 747 505 751
1176 2 2 100 1 762 411 765
1177 2 2 100 1 751 507 754
1178 2 2 100 1 577 574 729
1179 2 2 100 1 574 573 727
1180 2 2 100 1 507 509 754
1181 2 2 100 1 573 575 725
1182 2 2 100 1 654 266 719
1183 2 2 100 1 577 729 731
1184 2 2 100 1 574 727 729
1185 2 2 100 1 754 509 764
1186 2 2 100 1 327 623 730
1187 2 2 100 1 509 511 764
1188 2 2 100 1 318 591 723
1189 2 2 100 1 573 725 727
1190 2 2 100 1 592 257 721
1191 2 2 100 1 591 592 722
1192 2 2 100 1 623 624 728
1193 2 2 100 1 624 258 726
1194 2 2 100 1 591 722 723
1195 2 2 100 1 257 617 720
1196 2 2 100 1 258 560 724
1197 2 2 100 1 623 728 730
1198 2 2 100 1 393 392 738
1199 2 2 100 1 592 721 722
1200 2 2 100 1 392 737 738
1201 2 2 100 1 624 726 728
1202 2 2 100 1 718 260 732
1203 2 2 100 1 257 720 721
1204 2 2 100 1 719 266 725
1205 2 2 100 1 381 380 720
1206 2 2 100 1 258 724 726
1207 2 2 100 1 575 719 725
1208 2 2 100 1 477 718 732
1209 2 2 100 1 380 677 721
1210 2 2 100 1 720 380 721
1211 2 2 100 1 721 677 722
1212 2 2 100 1 677 375 722
1213 2 2 100 1 375 376 723
1214 2 2 100 1 722 375 723
1215 2 2 100 1 383 382 724
1216 2 2 100 1 266 670 725
1217 2 2 100 1 724 382 726
1218 2 2 100 1 382 678 726
1219 2 2 100 1 725 670 727
1220 2 2 100 1 670 272 727
1221 2 2 100 1 727 272 729
1222 2 2 100 1 726 678 728
1223 2 2 100 1 272 671 729
1224 2 2 100 1 678 374 728
1225 2 2 100 1 374 377 730
1226 2 2 100 1 728 374 730
1227 2 2 100 1 729 671 731
1228 2 2 100 1 671 279 731
1229 2 2 100 1 260 675 732
1230 2 2 100 1 731 279 735
1231 2 2 100 1 675 261 733
1232 2 2 100 1 261 676 734
1233 2 2 100 1 732 675 733
1234 2 2 100 1 279 663 735
1235 2 2 100 1 733 261 734
1236 2 2 100 1 295 621 737
1237 2 2 100 1 621 305 738
1238 2 2 100 1 737 621 738
1239 2 2 100 1 625 742 743
1240 2 2 100 1 735 663 736
1241 2 2 100 1 663 286 736
1242 2 2 100 1 285 625 743
1243 2 2 100 1 269 636 739
1244 2 2 100 1 648 285 744
1245 2 2 100 1 625 280 742
1246 2 2 100 1 271 648 741
1247 2 2 100 1 736 286 740
1248 2 2 100 1 286 662 740
1249 2 2 100 1 285 743 744
1250 2 2 100 1 741 648 744
1251 2 2 100 1 636 278 745
1252 2 2 100 1 626 271 747
1253 2 2 100 1 739 636 745
1254 2 2 100 1 271 741 747
1255 2 2 100 1 740 662 746
1256 2 2 100 1 662 293 746
1257 2 2 100 1 280 631 749
1258 2 2 100 1 278 637 748
1259 2 2 100 1 745 278 748
1260 2 2 100 1 626 747 751
1261 2 2 100 1 749 631 755
1262 2 2 100 1 742 280 749
1263 2 2 100 1 283 626 751
1264 2 2 100 1 748 637 750
1265 2 2 100 1 637 290 750
1266 2 2 100 1 283 751 754
1267 2 2 100 1 582 407 752
1268 2 2 100 1 611 283 754
1269 2 2 100 1 334 580 756
1270 2 2 100 1 290 646 753
1271 2 2 100 1 750 290 753
1272 2 2 100 1 631 287 755
1273 2 2 100 1 287 658 759
1274 2 2 100 1 611 754 764
1275 2 2 100 1 753 646 760
1276 2 2 100 1 289 651 758
1277 2 2 100 1 646 299 760
1278 2 2 100 1 456 455 761
1279 2 2 100 1 755 287 759
1280 2 2 100 1 276 611 764
1281 2 2 100 1 759 658 763
1282 2 2 100 1 658 292 763
1283 2 2 100 1 457 679 757
1284 2 2 100 1 674 289 762
1285 2 2 100 1 289 758 762
1286 2 2 100 1 746 293 773
1287 2 2 100 1 281 674 765
1288 2 2 100 1 674 762 765
1289 2 2 100 1 559 558 767
1290 2 2 100 1 679 567 766
1291 2 2 100 1 757 679 766
1292 2 2 100 1 767 558 768
1293 2 2 100 1 297 666 769
1294 2 2 100 1 666 300 770
1295 2 2 100 1 661 297 771
1296 2 2 100 1 300 660 772
1297 2 2 100 1 769 666 770
1298 2 2 100 1 297 769 771
1299 2 2 100 1 770 300 772
1300 2 2 100 1 293 661 773
1301 2 2 100 1 660 304 774
1302 2 2 100 1 772 660 774
1303 2 2 100 1 661 771 773
1304 2 2 100 1 635 303 775
1305 2 2 100 1 301 635 777
1306 2 2 100 1 304 669 776
1307 2 2 100 1 774 304 776
1308 2 2 100 1 635 775 777
1309 2 2 100 1 638 301 778
1310 2 2 100 1 301 777 778
1311 2 2 100 1 294 638 780
1312 2 2 100 1 649 282 782
1313 2 2 100 1 282 665 779
1314 2 2 100 1 665 294 781
1315 2 2 100 1 558 683 768
1316 2 2 100 1 273 649 783
1317 2 2 100 1 638 778 780
1318 2 2 100 1 776 669 784
1319 2 2 100 1 669 306 784
1320 2 2 100 1 294 780 781
1321 2 2 100 1 282 779 782
1322 2 2 100 1 649 782 783
1323 2 2 100 1 779 665 781
1324 2 2 100 1 785 527 786
1325 2 2 100 1 784 306 787
1326 2 2 100 1 527 525 786
1327 2 2 100 1 306 655 787
1328 2 2 100 1 786 525 788
1329 2 2 100 1 525 523 788
1330 2 2 100 1 787 655 790
1331 2 2 100 1 683 527 785
1332 2 2 100 1 788 523 789
1333 2 2 100 1 523 521 789
1334 2 2 100 1 789 521 791
1335 2 2 100 1 521 518 791
1336 2 2 100 1 308 615 793
1337 2 2 100 1 655 308 790
1338 2 2 100 1 791 518 792
1339 2 2 100 1 518 517 792
1340 2 2 100 1 790 308 793
1341 2 2 100 1 768 683 785
1342 2 2 100 1 756 457 757
1343 2 2 100 1 334 756 757
1344 2 2 100 1 616 775 801
1345 2 2 100 1 752 407 796
1346 2 2 100 1 737 402 800
1347 2 2 100 1 752 472 795
1348 2 2 100 1 138 139 794
1349 2 2 100 1 472 469 795
1350 2 2 100 1 407 405 796
1351 2 2 100 1 127 128 797
1352 2 2 100 1 124 125 798
1353 2 2 100 1 158 159 799
1354 2 2 100 1 402 400 800
1355 2 2 100 1 565 616 801
1356 2 2 100 1 436 439 802
1357 2 2 100 1 443 446 803
1358 2 2 100 1 255 664 808
1359 2 2 100 1 256 630 809
1360 2 2 100 1 667 718 804
1361 2 2 100 1 654 719 805
1362 2 2 100 1 686 672 717
1363 2 2 100 1 691 634 695
1364 2 2 100 1 259 667 804
1365 2 2 100 1 262 654 805
1366 2 2 100 1 315 403 806
1367 2 2 100 1 316 414 807
1368 2 2 100 1 385 804 814
1369 2 2 100 1 387 805 815
1370 2 2 100 1 686 717 818
1371 2 2 100 1 575 584 815
1372 2 2 100 1 477 478 814
1373 2 2 100 1 643 383 832
1374 2 2 100 1 652 381 830
1375 2 2 100 1 394 393 831
1376 2 2 100 1 372 652 808
1377 2 2 100 1 370 643 809
1378 2 2 100 1 305 692 829
1379 2 2 100 1 617 688 828
1380 2 2 100 1 363 690 831
1381 2 2 100 1 657 486 816
1382 2 2 100 1 303 697 801
1383 2 2 100 1 277 698 802
1384 2 2 100 1 275 699 803
1385 2 2 100 1 401 704 799
1386 2 2 100 1 706 295 800
1387 2 2 100 1 708 582 795
1388 2 2 100 1 709 609 796
1389 2 2 100 1 714 568 794
1390 2 2 100 1 715 437 797
1391 2 2 100 1 716 444 798
1392 2 2 100 1 486 485 816
1393 2 2 100 1 325 696 817
1394 2 2 100 1 56 57 810
1395 2 2 100 1 383 695 832
1396 2 2 100 1 381 693 830
1397 2 2 100 1 393 694 831
1398 2 2 100 1 605 606 818
1399 2 2 100 1 485 482 811
1400 2 2 100 1 656 265 812
1401 2 2 100 1 54 55 813
1402 2 2 100 1 489 491 817
1403 2 2 100 1 267 657 816
1404 2 2 100 1 690 168 826
1405 2 2 100 1 692 164 825
1406 2 2 100 1 688 216 823
1407 2 2 100 1 59 689 822
1408 2 2 100 1 63 687 819
1409 2 2 100 1 10 691 821
1410 2 2 100 1 367 240 821
1411 2 2 100 1 379 58 822
1412 2 2 100 1 309 359 820
1413 2 2 100 1 479 62 819
1414 2 2 100 1 217 366 823
1415 2 2 100 1 310 361 824
1416 2 2 100 1 165 579 825
1417 2 2 100 1 169 378 826
1418 2 2 100 1 696 489 817
1419 2 2 100 1 378 690 826
1420 2 2 100 1 579 692 825
1421 2 2 100 1 366 688 823
1422 2 2 100 1 687 479 819
1423 2 2 100 1 689 379 822
1424 2 2 100 1 691 367 821
1425 2 2 100 1 693 381 828
1426 2 2 100 1 694 393 829
1427 2 2 100 1 695 383 827
1428 2 2 100 1 718 477 814
1429 2 2 100 1 719 575 815
1430 2 2 100 1 383 724 827
1431 2 2 100 1 381 720 828
1432 2 2 100 1 393 738 829
1433 2 2 100 1 717 605 818
1434 2 2 100 1 693 467 830
1435 2 2 100 1 694 363 831
1436 2 2 100 1 695 634 832
1437 2 2 100 1 724 560 827
1438 2 2 100 1 720 617 828
1439 2 2 100 1 738 305 829
1440 2 2 101 2 1172 1406 1271
1441 2 2 101 2 1211 1545 1280
1442 2 2 101 2 1253 1475 880
1443 2 2 101 2 1280 1545 867
1444 2 2 101 2 1327 1371 1171
1445 2 2 101 2 837 1337 1220
1446 2 2 101 2 1148 1292 1241
1447 2 2 101 2 1281 1380 1178
1448 2 2 101 2 1253 1541 1475
1449 2 2 101 2 853 1236 1227
1450 2 2 101 2 858 1279 1215
1451 2 2 101 2 1216 1276 845
1452 2 2 101 2 1396 1476 869
1453 2 2 101 2 1037 1338 1295
1454 2 2 101 2 836 1375 1226
1455 2 2 101 2 1235 1239 870
1456 2 2 101 2 1219 1278 842
1457 2 2 101 2 848 1263 1221
1458 2 2 101 2 1268 1476 1396
1459 2 2 101 2 1220 1536 837
1460 2 2 101 2 1178 1537 1281
1461 2 2 101 2 878 1456 1231
1462 2 2 101 2 146 1251 147
1463 2 2 101 2 1263 1264 1221
1464 2 2 101 2 1038 1520 1246
1465 2 2 101 2 865 1415 1234
1466 2 2 101 2 1246 1514 1038
1467 2 2 101 2 1215 1535 858
1468 2 2 101 2 1271 1517 1172
1469 2 2 101 2 870 1543 1235
1470 2 2 101 2 853 1546 1236
1471 2 2 101 2 1098 1371 1327
1472 2 2 101 2 1271 1406 1097
1473 2 2 101 2 1295 1512 1037
1474 2 2 101 2 845 1534 1216
1475 2 2 101 2 1148 1510 1292
1476 2 2 101 2 834 1317 1316
1477 2 2 101 2 1375 1532 1226
1478 2 2 101 2 1171 1522 1327
1479 2 2 101 2 842 1531 1219
1480 2 2 101 2 1223 1251 849
1481 2 2 101 2 872 1316 1228
1482 2 2 101 2 1292 1523 1241
1483 2 2 101 2 849 1250 1223
1484 2 2 101 2 1231 1538 878
1485 2 2 101 2 849 1251 146
1486 2 2 101 2 147 1251 865
1487 2 2 101 2 1227 1237 853
1488 2 2 101 2 1234 1539 865
1489 2 2 101 2 841 1234 1233
1490 2 2 101 2 1273 1545 1388
1491 2 2 101 2 1239 1240 870
1492 2 2 101 2 862 1231 1229
1493 2 2 101 2 1338 1518 1295
1494 2 2 101 2 834 1318 1317
1495 2 2 101 2 1277 1544 1213
1496 2 2 101 2 1233 1235 841
1497 2 2 101 2 1221 1517 848
1498 2 2 101 2 1229 1236 862
1499 2 2 101 2 1246 1520 1285
1500 2 2 101 2 1212 1286 1220
1501 2 2 101 2 1316 1540 834
1502 2 2 101 2 1413 1541 860
1503 2 2 101 2 1219 1521 1278
1504 2 2 101 2 1218 1495 1217
1505 2 2 101 2 868 1264 1263
1506 2 2 101 2 867 1545 1273
1507 2 2 101 2 1313 1478 1305
1508 2 2 101 2 1492 1500 1282
1509 2 2 101 2 879 1498 1493
1510 2 2 101 2 878 1499 1456
1511 2 2 101 2 1475 1501 880
1512 2 2 101 2 1226 1523 836
1513 2 2 101 2 869 1524 1396
1514 2 2 101 2 1245 1514 1246
1515 2 2 101 2 868 1265 1264
1516 2 2 101 2 839 1537 1232
1517 2 2 101 2 1216 1524 1276
1518 2 2 101 2 1454 1574 1225
1519 2 2 101 2 1225 1574 1496
1520 2 2 101 2 1396 1511 1268
1521 2 2 101 2 1279 1521 1215
1522 2 2 101 2 863 1544 1277
1523 2 2 101 2 1328 1535 1414
1524 2 2 101 2 872 1540 1316
1525 2 2 101 2 837 1518 1337
1526 2 2 101 2 1213 1534 1277
1527 2 2 101 2 1228 1532 872
1528 2 2 101 2 1492 1568 1500
1529 2 2 101 2 1498 1569 1493
1530 2 2 101 2 1313 1557 1478
1531 2 2 101 2 1388 1531 1273
1532 2 2 101 2 1280 1530 1211
1533 2 2 101 2 1380 1525 1178
1534 2 2 101 2 1294 1512 1295
1535 2 2 101 2 1495 1562 1217
1536 2 2 101 2 1227 1236 1173
1537 2 2 101 2 1173 1236 1229
1538 2 2 101 2 1356 1542 859
1539 2 2 101 2 865 1550 1415
1540 2 2 101 2 1073 1460 1238
1541 2 2 101 2 860 1547 1413
1542 2 2 101 2 860 1541 1253
1543 2 2 101 2 1232 1548 839
1544 2 2 101 2 1212 1549 1286
1545 2 2 101 2 1233 1238 1235
1546 2 2 101 2 1414 1555 1328
1547 2 2 101 2 859 1556 1356
1548 2 2 101 2 841 1539 1234
1549 2 2 101 2 97 1266 98
1550 2 2 101 2 1110 1515 1506
1551 2 2 101 2 1238 1460 1197
1552 2 2 101 2 1073 1238 1233
1553 2 2 101 2 1292 1510 1291
1554 2 2 101 2 868 1266 1265
1555 2 2 101 2 1318 1494 1317
1556 2 2 101 2 98 1266 868
1557 2 2 101 2 843 1266 97
1558 2 2 101 2 1197 1239 1238
1559 2 2 101 2 843 1268 1267
1560 2 2 101 2 862 1538 1231
1561 2 2 101 2 843 1267 1266
1562 2 2 101 2 1119 1559 1477
1563 2 2 101 2 1506 1515 1237
1564 2 2 101 2 1477 1559 1249
1565 2 2 101 2 1306 1484 1481
1566 2 2 101 2 1254 1489 1482
1567 2 2 101 2 1480 1488 249
1568 2 2 101 2 1479 1487 246
1569 2 2 101 2 1238 1239 1235
1570 2 2 101 2 1266 1267 1265
1571 2 2 101 2 1148 1373 1147
1572 2 2 101 2 1241 1373 1148
1573 2 2 101 2 1274 1474 876
1574 2 2 101 2 1158 1275 1243
1575 2 2 101 2 1243 1275 857
1576 2 2 101 2 116 1457 857
1577 2 2 101 2 1184 1397 1368
1578 2 2 101 2 1248 1250 849
1579 2 2 101 2 1033 1255 1165
1580 2 2 101 2 1037 1339 1338
1581 2 2 101 2 1165 1255 1254
1582 2 2 101 2 1189 1242 1181
1583 2 2 101 2 1147 1373 1184
1584 2 2 101 2 1373 1397 1184
1585 2 2 101 2 145 1248 849
1586 2 2 101 2 857 1457 1243
1587 2 2 101 2 1242 1340 1181
1588 2 2 101 2 1283 1312 1187
1589 2 2 101 2 1189 1283 1242
1590 2 2 101 2 1018 1340 1007
1591 2 2 101 2 914 1436 913
1592 2 2 101 2 1183 1402 1360
1593 2 2 101 2 1352 1465 1351
1594 2 2 101 2 1338 1339 1180
1595 2 2 101 2 1368 1402 1184
1596 2 2 101 2 918 1381 917
1597 2 2 101 2 1259 1419 86
1598 2 2 101 2 1433 1458 1066
1599 2 2 101 2 1339 1340 1180
1600 2 2 101 2 1307 1434 1429
1601 2 2 101 2 1184 1402 1183
1602 2 2 101 2 1311 1360 913
1603 2 2 101 2 1441 1444 911
1604 2 2 101 2 917 1381 1256
1605 2 2 101 2 1181 1340 1339
1606 2 2 101 2 1242 1283 1187
1607 2 2 101 2 1262 1419 1259
1608 2 2 101 2 1183 1360 1311
1609 2 2 101 2 925 1364 922
1610 2 2 101 2 1350 1452 1349
1611 2 2 101 2 113 846 114
1612 2 2 101 2 1366 1432 1343
1613 2 2 101 2 1029 1339 1037
1614 2 2 101 2 79 1244 80
1615 2 2 101 2 1204 1437 1289
1616 2 2 101 2 1181 1339 1029
1617 2 2 101 2 248 847 247
1618 2 2 101 2 913 1436 1311
1619 2 2 101 2 1180 1340 1018
1620 2 2 101 2 860 1253 104
1621 2 2 101 2 1186 1363 1362
1622 2 2 101 2 974 1431 1252
1623 2 2 101 2 1007 1340 1242
1624 2 2 101 2 81 1284 82
1625 2 2 101 2 113 881 846
1626 2 2 101 2 1352 1444 1441
1627 2 2 101 2 1185 1320 1319
1628 2 2 101 2 1366 1368 1150
1629 2 2 101 2 993 1447 1033
1630 2 2 101 2 1129 1363 1186
1631 2 2 101 2 103 1270 860
1632 2 2 101 2 1417 1439 1299
1633 2 2 101 2 1429 1434 1152
1634 2 2 101 2 1199 1422 1412
1635 2 2 101 2 144 1248 145
1636 2 2 101 2 1364 1427 921
1637 2 2 101 2 921 1427 1381
1638 2 2 101 2 105 880 106
1639 2 2 101 2 1185 1398 1320
1640 2 2 101 2 1033 1447 1255
1641 2 2 101 2 951 1312 1283
1642 2 2 101 2 868 1263 99
1643 2 2 101 2 969 1431 974
1644 2 2 101 2 922 1364 921
1645 2 2 101 2 1342 1416 1334
1646 2 2 101 2 160 1279 858
1647 2 2 101 2 118 1274 876
1648 2 2 101 2 1289 1437 970
1649 2 2 101 2 921 1381 918
1650 2 2 101 2 1412 1422 919
1651 2 2 101 2 1382 1401 1297
1652 2 2 101 2 1182 1363 1129
1653 2 2 101 2 1288 1420 1390
1654 2 2 101 2 1362 1365 1186
1655 2 2 101 2 946 1378 1312
1656 2 2 101 2 1450 1459 1062
1657 2 2 101 2 1368 1397 1150
1658 2 2 101 2 83 1330 84
1659 2 2 101 2 845 1276 93
1660 2 2 101 2 1314 1323 1102
1661 2 2 101 2 84 850 85
1662 2 2 101 2 1150 1432 1366
1663 2 2 101 2 985 1307 1272
1664 2 2 101 2 145 849 146
1665 2 2 101 2 100 848 101
1666 2 2 101 2 985 1272 992
1667 2 2 101 2 157 1273 842
1668 2 2 101 2 114 1258 115
1669 2 2 101 2 857 1275 1274
1670 2 2 101 2 1319 1369 1185
1671 2 2 101 2 1363 1364 925
1672 2 2 101 2 863 1277 91
1673 2 2 101 2 864 1310 1292
1674 2 2 101 2 1006 1322 1050
1675 2 2 101 2 115 1457 116
1676 2 2 101 2 881 882 846
1677 2 2 101 2 98 868 99
1678 2 2 101 2 1141 1416 1342
1679 2 2 101 2 973 1321 1101
1680 2 2 101 2 149 841 150
1681 2 2 101 2 77 1286 78
1682 2 2 101 2 933 1379 930
1683 2 2 101 2 105 1253 880
1684 2 2 101 2 158 1278 159
1685 2 2 101 2 933 1420 1288
1686 2 2 101 2 151 870 152
1687 2 2 101 2 1040 1401 1382
1688 2 2 101 2 67 1326 68
1689 2 2 101 2 93 1276 94
1690 2 2 101 2 1312 1378 1187
1691 2 2 101 2 931 1300 932
1692 2 2 101 2 1321 1372 1101
1693 2 2 101 2 68 1326 851
1694 2 2 101 2 147 865 148
1695 2 2 101 2 91 1277 92
1696 2 2 101 2 1288 1379 933
1697 2 2 101 2 1255 1447 1443
1698 2 2 101 2 935 1298 936
1699 2 2 101 2 871 1330 83
1700 2 2 101 2 80 1244 835
1701 2 2 101 2 935 1299 1298
1702 2 2 101 2 156 1273 157
1703 2 2 101 2 1076 1349 1058
1704 2 2 101 2 1102 1323 1000
1705 2 2 101 2 861 1244 79
1706 2 2 101 2 1033 1165 1161
1707 2 2 101 2 857 1274 117
1708 2 2 101 2 1301 1459 1450
1709 2 2 101 2 1076 1350 1349
1710 2 2 101 2 844 1280 154
1711 2 2 101 2 962 1369 1319
1712 2 2 101 2 103 860 104
1713 2 2 101 2 1297 1355 1296
1714 2 2 101 2 861 1257 1244
1715 2 2 101 2 909 1367 906
1716 2 2 101 2 1269 1270 102
1717 2 2 101 2 135 1290 136
1718 2 2 101 2 917 1436 914
1719 2 2 101 2 1030 1190 1159
1720 2 2 101 2 931 1301 1300
1721 2 2 101 2 1092 1351 1077
1722 2 2 101 2 1092 1352 1351
1723 2 2 101 2 939 1297 1296
1724 2 2 101 2 102 1270 103
1725 2 2 101 2 1246 1285 1284
1726 2 2 101 2 66 1287 67
1727 2 2 101 2 835 1284 81
1728 2 2 101 2 905 1343 902
1729 2 2 101 2 1133 1325 1218
1730 2 2 101 2 117 1274 118
1731 2 2 101 2 1052 1313 1304
1732 2 2 101 2 1048 1439 1417
1733 2 2 101 2 901 1334 898
1734 2 2 101 2 1244 1245 835
1735 2 2 101 2 1411 1426 955
1736 2 2 101 2 1052 1304 1016
1737 2 2 101 2 927 1302 928
1738 2 2 101 2 84 1330 850
1739 2 2 101 2 1164 1344 1306
1740 2 2 101 2 871 1387 1330
1741 2 2 101 2 96 843 97
1742 2 2 101 2 163 1282 164
1743 2 2 101 2 116 857 117
1744 2 2 101 2 1096 1353 1093
1745 2 2 101 2 850 1261 1260
1746 2 2 101 2 159 1279 160
1747 2 2 101 2 1096 1354 1353
1748 2 2 101 2 988 1322 1006
1749 2 2 101 2 889 1307 985
1750 2 2 101 2 939 1296 940
1751 2 2 101 2 1191 1394 1365
1752 2 2 101 2 1247 1249 1248
1753 2 2 101 2 1131 1325 1133
1754 2 2 101 2 1156 1344 1164
1755 2 2 101 2 1057 1348 1347
1756 2 2 101 2 136 1290 838
1757 2 2 101 2 1269 1271 1270
1758 2 2 101 2 1303 1458 1433
1759 2 2 101 2 1116 1315 1115
1760 2 2 101 2 1324 1325 1131
1761 2 2 101 2 1113 1377 1333
1762 2 2 101 2 1011 1376 1013
1763 2 2 101 2 142 839 143
1764 2 2 101 2 992 1272 1030
1765 2 2 101 2 1333 1377 1332
1766 2 2 101 2 104 1253 105
1767 2 2 101 2 65 1309 859
1768 2 2 101 2 134 1310 864
1769 2 2 101 2 1287 1326 67
1770 2 2 101 2 87 840 88
1771 2 2 101 2 973 1357 1321
1772 2 2 101 2 100 1263 848
1773 2 2 101 2 929 1365 1362
1774 2 2 101 2 887 1307 889
1775 2 2 101 2 1246 1284 835
1776 2 2 101 2 848 1269 101
1777 2 2 101 2 63 879 64
1778 2 2 101 2 1315 1317 1115
1779 2 2 101 2 850 1330 1261
1780 2 2 101 2 1000 1323 989
1781 2 2 101 2 1278 1279 159
1782 2 2 101 2 1358 1389 1329
1783 2 2 101 2 162 1328 877
1784 2 2 101 2 1030 1159 1059
1785 2 2 101 2 1057 1347 1045
1786 2 2 101 2 78 1286 861
1787 2 2 101 2 1319 1320 967
1788 2 2 101 2 72 1293 73
1789 2 2 101 2 125 853 126
1790 2 2 101 2 1285 1387 871
1791 2 2 101 2 1128 1324 1131
1792 2 2 101 2 118 876 119
1793 2 2 101 2 1244 1257 1245
1794 2 2 101 2 1290 1308 838
1795 2 2 101 2 1194 1376 1011
1796 2 2 101 2 927 1303 1302
1797 2 2 101 2 901 1342 1334
1798 2 2 101 2 161 1328 162
1799 2 2 101 2 1304 1313 1305
1800 2 2 101 2 143 1247 144
1801 2 2 101 2 154 1280 155
1802 2 2 101 2 1299 1382 1298
1803 2 2 101 2 959 1335 978
1804 2 2 101 2 99 1263 100
1805 2 2 101 2 937 1389 1358
1806 2 2 101 2 1079 1117 1015
1807 2 2 101 2 101 1269 102
1808 2 2 101 2 1284 1285 871
1809 2 2 101 2 879 1309 64
1810 2 2 101 2 964 1319 967
1811 2 2 101 2 1365 1394 1186
1812 2 2 101 2 932 1300 935
1813 2 2 101 2 1307 1429 1272
1814 2 2 101 2 956 1335 959
1815 2 2 101 2 133 1310 134
1816 2 2 101 2 977 998 988
1817 2 2 101 2 1101 1418 1158
1818 2 2 101 2 951 1411 952
1819 2 2 101 2 897 1332 894
1820 2 2 101 2 975 977 976
1821 2 2 101 2 897 1333 1332
1822 2 2 101 2 969 974 972
1823 2 2 101 2 991 1329 983
1824 2 2 101 2 1204 1289 1205
1825 2 2 101 2 930 1379 929
1826 2 2 101 2 1066 1331 1067
1827 2 2 101 2 1390 1420 1358
1828 2 2 101 2 936 1298 939
1829 2 2 101 2 1119 1120 1118
1830 2 2 101 2 977 988 976
1831 2 2 101 2 1156 1164 1160
1832 2 2 101 2 975 976 945
1833 2 2 101 2 943 975 945
1834 2 2 101 2 876 1474 1456
1835 2 2 101 2 1367 1402 1368
1836 2 2 101 2 86 1419 87
1837 2 2 101 2 82 1284 871
1838 2 2 101 2 1023 1336 1012
1839 2 2 101 2 978 979 961
1840 2 2 101 2 1025 1099 998
1841 2 2 101 2 1297 1401 1355
1842 2 2 101 2 859 1287 66
1843 2 2 101 2 1086 1344 1156
1844 2 2 101 2 1080 1222 1171
1845 2 2 101 2 980 989 979
1846 2 2 101 2 1079 1118 1117
1847 2 2 101 2 1050 1212 1167
1848 2 2 101 2 1166 1228 1143
1849 2 2 101 2 916 917 914
1850 2 2 101 2 993 1033 1031
1851 2 2 101 2 967 1446 1431
1852 2 2 101 2 928 1302 931
1853 2 2 101 2 959 961 960
1854 2 2 101 2 1123 1125 1124
1855 2 2 101 2 1151 1336 1023
1856 2 2 101 2 945 1378 946
1857 2 2 101 2 1044 1345 1028
1858 2 2 101 2 65 859 66
1859 2 2 101 2 1164 1200 1160
1860 2 2 101 2 1044 1346 1345
1861 2 2 101 2 905 1366 1343
1862 2 2 101 2 1125 1178 1126
1863 2 2 101 2 1012 1336 1010
1864 2 2 101 2 1050 1167 1018
1865 2 2 101 2 1054 1204 1203
1866 2 2 101 2 948 1312 951
1867 2 2 101 2 1006 1050 1018
1868 2 2 101 2 946 1312 948
1869 2 2 101 2 952 955 954
1870 2 2 101 2 1212 1220 1167
1871 2 2 101 2 1030 1272 1190
1872 2 2 101 2 1228 1316 1315
1873 2 2 101 2 1106 1108 1107
1874 2 2 101 2 956 959 958
1875 2 2 101 2 964 967 966
1876 2 2 101 2 1079 1119 1118
1877 2 2 101 2 999 1025 998
1878 2 2 101 2 1182 1364 1363
1879 2 2 101 2 1058 1349 1057
1880 2 2 101 2 1078 1079 1015
1881 2 2 101 2 1024 1102 1000
1882 2 2 101 2 1131 1133 1132
1883 2 2 101 2 1133 1217 1134
1884 2 2 101 2 1120 1123 1122
1885 2 2 101 2 1003 1052 1016
1886 2 2 101 2 962 1319 964
1887 2 2 101 2 943 945 944
1888 2 2 101 2 929 1379 1365
1889 2 2 101 2 139 852 140
1890 2 2 101 2 886 1357 973
1891 2 2 101 2 1028 1345 997
1892 2 2 101 2 1143 1315 1116
1893 2 2 101 2 1077 1351 1076
1894 2 2 101 2 920 921 918
1895 2 2 101 2 989 1003 1002
1896 2 2 101 2 955 1335 956
1897 2 2 101 2 1104 1106 1105
1898 2 2 101 2 1301 1417 1300
1899 2 2 101 2 1070 1195 1153
1900 2 2 101 2 1109 1110 1108
1901 2 2 101 2 959 978 961
1902 2 2 101 2 978 980 979
1903 2 2 101 2 1140 1148 1147
1904 2 2 101 2 980 1000 989
1905 2 2 101 2 1123 1124 1122
1906 2 2 101 2 1016 1304 1080
1907 2 2 101 2 961 962 960
1908 2 2 101 2 1003 1016 1004
1909 2 2 101 2 1362 1363 925
1910 2 2 101 2 153 844 154
1911 2 2 101 2 1002 1369 979
1912 2 2 101 2 1125 1126 1124
1913 2 2 101 2 1067 1331 1070
1914 2 2 101 2 961 1369 962
1915 2 2 101 2 940 1296 943
1916 2 2 101 2 1283 1411 951
1917 2 2 101 2 1123 1232 1125
1918 2 2 101 2 1126 1324 1128
1919 2 2 101 2 1087 1371 1098
1920 2 2 101 2 1112 1227 1173
1921 2 2 101 2 1249 1250 1248
1922 2 2 101 2 842 1278 158
1923 2 2 101 2 988 1006 1005
1924 2 2 101 2 1178 1324 1126
1925 2 2 101 2 1133 1218 1217
1926 2 2 101 2 1026 1038 1025
1927 2 2 101 2 1093 1353 1092
1928 2 2 101 2 1128 1131 1130
1929 2 2 101 2 989 1002 979
1930 2 2 101 2 936 939 938
1931 2 2 101 2 1360 1402 909
1932 2 2 101 2 998 1322 988
1933 2 2 101 2 948 951 950
1934 2 2 101 2 959 960 958
1935 2 2 101 2 932 935 934
1936 2 2 101 2 940 943 942
1937 2 2 101 2 1006 1018 1007
1938 2 2 101 2 1179 1226 1166
1939 2 2 101 2 1117 1358 1329
1940 2 2 101 2 955 956 954
1941 2 2 101 2 160 858 161
1942 2 2 101 2 1136 1139 1138
1943 2 2 101 2 1076 1351 1350
1944 2 2 101 2 1108 1112 1107
1945 2 2 101 2 1144 1166 1143
1946 2 2 101 2 64 1309 65
1947 2 2 101 2 898 1334 897
1948 2 2 101 2 1106 1107 1105
1949 2 2 101 2 1133 1134 1132
1950 2 2 101 2 916 918 917
1951 2 2 101 2 140 1380 141
1952 2 2 101 2 1120 1122 1121
1953 2 2 101 2 1009 1370 1194
1954 2 2 101 2 94 1276 869
1955 2 2 101 2 924 1341 927
1956 2 2 101 2 1114 1115 1111
1957 2 2 101 2 1131 1132 1130
1958 2 2 101 2 939 1298 1297
1959 2 2 101 2 157 842 158
1960 2 2 101 2 951 952 950
1961 2 2 101 2 1036 1151 1023
1962 2 2 101 2 1015 1329 991
1963 2 2 101 2 1075 1076 1058
1964 2 2 101 2 1443 1447 974
1965 2 2 101 2 992 1030 1021
1966 2 2 101 2 902 1343 901
1967 2 2 101 2 867 1273 156
1968 2 2 101 2 1153 1199 1198
1969 2 2 101 2 935 1300 1299
1970 2 2 101 2 1156 1160 1157
1971 2 2 101 2 1092 1353 1352
1972 2 2 101 2 1204 1205 1203
1973 2 2 101 2 1103 1357 891
1974 2 2 101 2 1304 1305 1222
1975 2 2 101 2 1016 1080 1017
1976 2 2 101 2 1080 1304 1222
1977 2 2 101 2 893 1104 1103
1978 2 2 101 2 1056 1057 1045
1979 2 2 101 2 1142 1143 1116
1980 2 2 101 2 1003 1004 1002
1981 2 2 101 2 893 1103 891
1982 2 2 101 2 1091 1092 1077
1983 2 2 101 2 888 1357 886
1984 2 2 101 2 900 901 898
1985 2 2 101 2 1228 1315 1143
1986 2 2 101 2 1321 1357 1103
1987 2 2 101 2 1185 1369 1002
1988 2 2 101 2 1316 1317 1315
1989 2 2 101 2 1117 1329 1015
1990 2 2 101 2 906 1367 905
1991 2 2 101 2 1070 1331 1195
1992 2 2 101 2 1337 1338 1180
1993 2 2 101 2 896 897 894
1994 2 2 101 2 977 999 998
1995 2 2 101 2 1106 1109 1108
1996 2 2 101 2 1070 1153 1071
1997 2 2 101 2 1095 1096 1093
1998 2 2 101 2 975 1355 977
1999 2 2 101 2 1139 1140 1138
2000 2 2 101 2 92 845 93
2001 2 2 101 2 1080 1171 1081
2002 2 2 101 2 142 1281 839
2003 2 2 101 2 904 905 902
2004 2 2 101 2 1067 1070 1069
2005 2 2 101 2 1104 1105 1103
2006 2 2 101 2 94 869 95
2007 2 2 101 2 945 946 944
2008 2 2 101 2 977 1355 999
2009 2 2 101 2 892 893 891
2010 2 2 101 2 1120 1121 1118
2011 2 2 101 2 923 1341 924
2012 2 2 101 2 1085 1344 1086
2013 2 2 101 2 943 1296 975
2014 2 2 101 2 74 1385 75
2015 2 2 101 2 1089 1162 1088
2016 2 2 101 2 891 1357 888
2017 2 2 101 2 92 1277 845
2018 2 2 101 2 1043 1044 1028
2019 2 2 101 2 1057 1349 1348
2020 2 2 101 2 988 1005 976
2021 2 2 101 2 1367 1368 1366
2022 2 2 101 2 1052 1314 1313
2023 2 2 101 2 1167 1180 1018
2024 2 2 101 2 1006 1007 1005
2025 2 2 101 2 251 1359 854
2026 2 2 101 2 1001 1024 1000
2027 2 2 101 2 155 1280 867
2028 2 2 101 2 908 909 906
2029 2 2 101 2 1167 1337 1180
2030 2 2 101 2 1126 1128 1127
2031 2 2 101 2 912 913 910
2032 2 2 101 2 1029 1037 1024
2033 2 2 101 2 1087 1088 1085
2034 2 2 101 2 989 1323 1003
2035 2 2 101 2 1109 1111 1110
2036 2 2 101 2 939 940 938
2037 2 2 101 2 929 1362 926
2038 2 2 101 2 1296 1355 975
2039 2 2 101 2 155 867 156
2040 2 2 101 2 943 944 942
2041 2 2 101 2 1189 1426 1411
2042 2 2 101 2 1398 1424 1320
2043 2 2 101 2 1013 1376 1054
2044 2 2 101 2 251 854 250
2045 2 2 101 2 935 936 934
2046 2 2 101 2 931 1302 1301
2047 2 2 101 2 1083 1087 1085
2048 2 2 101 2 1329 1389 983
2049 2 2 101 2 894 1332 893
2050 2 2 101 2 986 1374 981
2051 2 2 101 2 928 929 926
2052 2 2 101 2 913 1360 910
2053 2 2 101 2 858 1328 161
2054 2 2 101 2 931 932 930
2055 2 2 101 2 997 1374 986
2056 2 2 101 2 1045 1347 1044
2057 2 2 101 2 897 1334 1333
2058 2 2 101 2 890 891 888
2059 2 2 101 2 1052 1323 1314
2060 2 2 101 2 1083 1085 1084
2061 2 2 101 2 134 864 135
2062 2 2 101 2 1128 1130 1129
2063 2 2 101 2 1099 1322 998
2064 2 2 101 2 1091 1093 1092
2065 2 2 101 2 893 1332 1104
2066 2 2 101 2 1088 1344 1085
2067 2 2 101 2 1089 1356 1170
2068 2 2 101 2 1114 1116 1115
2069 2 2 101 2 1083 1371 1087
2070 2 2 101 2 1287 1327 1326
2071 2 2 101 2 1036 1196 1151
2072 2 2 101 2 1072 1461 1454
2073 2 2 101 2 999 1026 1025
2074 2 2 101 2 1075 1077 1076
2075 2 2 101 2 1087 1089 1088
2076 2 2 101 2 1220 1337 1167
2077 2 2 101 2 915 916 914
2078 2 2 101 2 919 920 918
2079 2 2 101 2 1044 1347 1346
2080 2 2 101 2 979 1369 961
2081 2 2 101 2 926 1362 925
2082 2 2 101 2 1144 1179 1166
2083 2 2 101 2 952 954 953
2084 2 2 101 2 90 863 91
2085 2 2 101 2 928 931 930
2086 2 2 101 2 1016 1017 1004
2087 2 2 101 2 1106 1377 1109
2088 2 2 101 2 1179 1241 1226
2089 2 2 101 2 1117 1390 1358
2090 2 2 101 2 1134 1136 1135
2091 2 2 101 2 1162 1306 1088
2092 2 2 101 2 964 966 965
2093 2 2 101 2 956 958 957
2094 2 2 101 2 1122 1191 1121
2095 2 2 101 2 927 1341 1303
2096 2 2 101 2 864 1290 135
2097 2 2 101 2 1142 1144 1143
2098 2 2 101 2 1210 1421 1034
2099 2 2 101 2 962 964 963
2100 2 2 101 2 1153 1198 1071
2101 2 2 101 2 1003 1323 1052
2102 2 2 101 2 1056 1058 1057
2103 2 2 101 2 1345 1374 997
2104 2 2 101 2 892 894 893
2105 2 2 101 2 896 898 897
2106 2 2 101 2 1335 1384 978
2107 2 2 101 2 245 856 244
2108 2 2 101 2 1063 1066 1065
2109 2 2 101 2 900 902 901
2110 2 2 101 2 1089 1170 1162
2111 2 2 101 2 912 914 913
2112 2 2 101 2 1252 1443 974
2113 2 2 101 2 1171 1371 1081
2114 2 2 101 2 909 1402 1367
2115 2 2 101 2 1098 1356 1089
2116 2 2 101 2 1001 1029 1024
2117 2 2 101 2 928 930 929
2118 2 2 101 2 980 1001 1000
2119 2 2 101 2 1365 1379 1191
2120 2 2 101 2 1299 1439 1382
2121 2 2 101 2 253 873 252
2122 2 2 101 2 1086 1156 1155
2123 2 2 101 2 920 922 921
2124 2 2 101 2 904 906 905
2125 2 2 101 2 1043 1045 1044
2126 2 2 101 2 1159 1168 1059
2127 2 2 101 2 927 928 926
2128 2 2 101 2 1105 1321 1103
2129 2 2 101 2 1041 1046 1039
2130 2 2 101 2 966 969 968
2131 2 2 101 2 1126 1127 1124
2132 2 2 101 2 910 1360 909
2133 2 2 101 2 969 972 971
2134 2 2 101 2 1334 1416 1333
2135 2 2 101 2 908 910 909
2136 2 2 101 2 1293 1294 866
2137 2 2 101 2 1332 1377 1104
2138 2 2 101 2 1109 1377 1113
2139 2 2 101 2 1160 1254 1157
2140 2 2 101 2 1070 1071 1069
2141 2 2 101 2 1081 1083 1082
2142 2 2 101 2 901 1343 1342
2143 2 2 101 2 1136 1138 1137
2144 2 2 101 2 1014 1015 991
2145 2 2 101 2 162 877 163
2146 2 2 101 2 111 1403 112
2147 2 2 101 2 1140 1147 1146
2148 2 2 101 2 1087 1098 1089
2149 2 2 101 2 1080 1081 1017
2150 2 2 101 2 946 948 947
2151 2 2 101 2 1122 1394 1191
2152 2 2 101 2 924 925 922
2153 2 2 101 2 856 1361 244
2154 2 2 101 2 1346 1425 1345
2155 2 2 101 2 1130 1182 1129
2156 2 2 101 2 1147 1184 1183
2157 2 2 101 2 1199 1470 1466
2158 2 2 101 2 1054 1203 1202
2159 2 2 101 2 1128 1129 1127
2160 2 2 101 2 1030 1059 1021
2161 2 2 101 2 940 942 941
2162 2 2 101 2 948 950 949
2163 2 2 101 2 1033 1161 1031
2164 2 2 101 2 1007 1242 1187
2165 2 2 101 2 1083 1084 1082
2166 2 2 101 2 932 934 933
2167 2 2 101 2 73 1293 866
2168 2 2 101 2 1009 1194 1011
2169 2 2 101 2 1209 1210 1034
2170 2 2 101 2 123 862 124
2171 2 2 101 2 1134 1135 1132
2172 2 2 101 2 252 1359 251
2173 2 2 101 2 890 892 891
2174 2 2 101 2 936 938 937
2175 2 2 101 2 1054 1376 1204
2176 2 2 101 2 244 1361 243
2177 2 2 101 2 1081 1371 1083
2178 2 2 101 2 1205 1208 1207
2179 2 2 101 2 1441 1465 1352
2180 2 2 101 2 1008 1020 1019
2181 2 2 101 2 68 851 69
2182 2 2 101 2 1113 1114 1111
2183 2 2 101 2 1013 1054 1053
2184 2 2 101 2 1104 1377 1106
2185 2 2 101 2 1066 1067 1065
2186 2 2 101 2 881 1152 882
2187 2 2 101 2 973 1101 1100
2188 2 2 101 2 1085 1086 1084
2189 2 2 101 2 1105 1372 1321
2190 2 2 101 2 1112 1173 1145
2191 2 2 101 2 1094 1095 1093
2192 2 2 101 2 243 875 242
2193 2 2 101 2 1428 1430 899
2194 2 2 101 2 78 861 79
2195 2 2 101 2 1245 1246 835
2196 2 2 101 2 1004 1185 1002
2197 2 2 101 2 1112 1145 1107
2198 2 2 101 2 984 1008 995
2199 2 2 101 2 1014 1078 1015
2200 2 2 101 2 1176 1177 1095
2201 2 2 101 2 1136 1137 1135
2202 2 2 101 2 924 927 926
2203 2 2 101 2 1121 1390 1118
2204 2 2 101 2 1090 1091 1077
2205 2 2 101 2 1191 1379 1288
2206 2 2 101 2 864 1291 1290
2207 2 2 101 2 1247 1248 144
2208 2 2 101 2 1035 1036 1023
2209 2 2 101 2 85 1259 86
2210 2 2 101 2 877 1282 163
2211 2 2 101 2 1213 1214 1177
2212 2 2 101 2 956 957 954
2213 2 2 101 2 932 933 930
2214 2 2 101 2 962 963 960
2215 2 2 101 2 886 973 885
2216 2 2 101 2 864 1292 1291
2217 2 2 101 2 1141 1142 1116
2218 2 2 101 2 1306 1344 1088
2219 2 2 101 2 1256 1436 917
2220 2 2 101 2 1288 1390 1121
2221 2 2 101 2 112 881 113
2222 2 2 101 2 1026 1039 1038
2223 2 2 101 2 952 953 950
2224 2 2 101 2 1074 1075 1058
2225 2 2 101 2 884 887 886
2226 2 2 101 2 141 1380 1281
2227 2 2 101 2 889 985 981
2228 2 2 101 2 895 896 894
2229 2 2 101 2 1153 1422 1199
2230 2 2 101 2 899 900 898
2231 2 2 101 2 1149 1181 1029
2232 2 2 101 2 1298 1382 1297
2233 2 2 101 2 1007 1187 1005
2234 2 2 101 2 243 1361 875
2235 2 2 101 2 136 838 137
2236 2 2 101 2 873 1359 252
2237 2 2 101 2 903 904 902
2238 2 2 101 2 75 837 76
2239 2 2 101 2 905 1367 1366
2240 2 2 101 2 1055 1056 1045
2241 2 2 101 2 1140 1146 1138
2242 2 2 101 2 1130 1392 1182
2243 2 2 101 2 1041 1047 1046
2244 2 2 101 2 1107 1372 1105
2245 2 2 101 2 976 1378 945
2246 2 2 101 2 887 888 886
2247 2 2 101 2 1022 1023 1012
2248 2 2 101 2 1109 1113 1111
2249 2 2 101 2 131 1375 132
2250 2 2 101 2 946 947 944
2251 2 2 101 2 940 941 938
2252 2 2 101 2 1330 1387 1261
2253 2 2 101 2 1343 1432 1342
2254 2 2 101 2 132 836 133
2255 2 2 101 2 911 912 910
2256 2 2 101 2 1191 1288 1121
2257 2 2 101 2 71 833 72
2258 2 2 101 2 936 937 934
2259 2 2 101 2 907 908 906
2260 2 2 101 2 128 834 129
2261 2 2 101 2 1118 1390 1117
2262 2 2 101 2 889 890 888
2263 2 2 101 2 916 919 918
2264 2 2 101 2 1091 1094 1093
2265 2 2 101 2 964 965 963
2266 2 2 101 2 1147 1183 1146
2267 2 2 101 2 80 835 81
2268 2 2 101 2 1049 1060 1047
2269 2 2 101 2 942 982 941
2270 2 2 101 2 1008 1423 1020
2271 2 2 101 2 1189 1411 1283
2272 2 2 101 2 1156 1157 1155
2273 2 2 101 2 948 949 947
2274 2 2 101 2 915 1412 916
2275 2 2 101 2 950 1383 949
2276 2 2 101 2 1135 1392 1132
2277 2 2 101 2 958 1370 1009
2278 2 2 101 2 1137 1188 1135
2279 2 2 101 2 958 1009 957
2280 2 2 101 2 1129 1186 1127
2281 2 2 101 2 1400 1410 982
2282 2 2 101 2 1165 1201 1161
2283 2 2 101 2 924 926 925
2284 2 2 101 2 1020 1073 1019
2285 2 2 101 2 1042 1043 1028
2286 2 2 101 2 1008 1019 995
2287 2 2 101 2 1036 1197 1196
2288 2 2 101 2 990 1453 1451
2289 2 2 101 2 1001 1149 1029
2290 2 2 101 2 938 1389 937
2291 2 2 101 2 1137 1256 1188
2292 2 2 101 2 1114 1141 1116
2293 2 2 101 2 1017 1398 1004
2294 2 2 101 2 1209 1215 1210
2295 2 2 101 2 1081 1082 1017
2296 2 2 101 2 1075 1090 1077
2297 2 2 101 2 912 915 914
2298 2 2 101 2 1205 1207 1203
2299 2 2 101 2 1027 1028 997
2300 2 2 101 2 1132 1392 1130
2301 2 2 101 2 1438 1452 1350
2302 2 2 101 2 1142 1150 1144
2303 2 2 101 2 1175 1223 1078
2304 2 2 101 2 941 1389 938
2305 2 2 101 2 978 1384 980
2306 2 2 101 2 1348 1430 1347
2307 2 2 101 2 960 1370 958
2308 2 2 101 2 1054 1202 1053
2309 2 2 101 2 1333 1416 1113
2310 2 2 101 2 995 1014 991
2311 2 2 101 2 955 1426 1335
2312 2 2 101 2 982 983 941
2313 2 2 101 2 1094 1176 1095
2314 2 2 101 2 1256 1381 1188
2315 2 2 101 2 130 872 131
2316 2 2 101 2 1291 1308 1290
2317 2 2 101 2 1179 1373 1241
2318 2 2 101 2 112 1403 881
2319 2 2 101 2 1086 1155 1154
2320 2 2 101 2 1086 1154 1084
2321 2 2 101 2 1145 1372 1107
2322 2 2 101 2 1188 1392 1135
2323 2 2 101 2 900 903 902
2324 2 2 101 2 1014 1175 1078
2325 2 2 101 2 1082 1398 1017
2326 2 2 101 2 852 1380 140
2327 2 2 101 2 1372 1418 1101
2328 2 2 101 2 1155 1252 1154
2329 2 2 101 2 908 911 910
2330 2 2 101 2 892 895 894
2331 2 2 101 2 904 907 906
2332 2 2 101 2 1067 1069 1068
2333 2 2 101 2 896 899 898
2334 2 2 101 2 1294 1295 866
2335 2 2 101 2 1091 1395 1094
2336 2 2 101 2 884 886 885
2337 2 2 101 2 1073 1169 1019
2338 2 2 101 2 996 997 986
2339 2 2 101 2 966 968 965
2340 2 2 101 2 980 1384 1001
2341 2 2 101 2 1005 1378 976
2342 2 2 101 2 1056 1074 1058
2343 2 2 101 2 984 991 983
2344 2 2 101 2 982 984 983
2345 2 2 101 2 1176 1213 1177
2346 2 2 101 2 1043 1055 1045
2347 2 2 101 2 1041 1048 1047
2348 2 2 101 2 1101 1158 1100
2349 2 2 101 2 1090 1395 1091
2350 2 2 101 2 984 995 991
2351 2 2 101 2 1124 1394 1122
2352 2 2 101 2 1032 1034 994
2353 2 2 101 2 985 992 986
2354 2 2 101 2 985 986 981
2355 2 2 101 2 949 1193 1192
2356 2 2 101 2 949 1383 1193
2357 2 2 101 2 949 1192 947
2358 2 2 101 2 1229 1231 1230
2359 2 2 101 2 954 1408 953
2360 2 2 101 2 1233 1234 1169
2361 2 2 101 2 969 971 968
2362 2 2 101 2 953 1383 950
2363 2 2 101 2 1040 1041 1039
2364 2 2 101 2 1073 1233 1169
2365 2 2 101 2 1149 1189 1181
2366 2 2 101 2 1094 1216 1176
2367 2 2 101 2 972 987 971
2368 2 2 101 2 1022 1035 1023
2369 2 2 101 2 1192 1410 1400
2370 2 2 101 2 983 1389 941
2371 2 2 101 2 887 889 888
2372 2 2 101 2 1187 1378 1005
2373 2 2 101 2 1138 1399 1137
2374 2 2 101 2 850 1260 1259
2375 2 2 101 2 110 855 111
2376 2 2 101 2 1208 1219 1207
2377 2 2 101 2 952 1411 955
2378 2 2 101 2 82 871 83
2379 2 2 101 2 1127 1394 1124
2380 2 2 101 2 866 1385 74
2381 2 2 101 2 833 1293 72
2382 2 2 101 2 1183 1311 1146
2383 2 2 101 2 75 1385 837
2384 2 2 101 2 1358 1420 937
2385 2 2 101 2 141 1281 142
2386 2 2 101 2 889 981 890
2387 2 2 101 2 1027 1172 1042
2388 2 2 101 2 944 1400 942
2389 2 2 101 2 920 923 922
2390 2 2 101 2 947 1400 944
2391 2 2 101 2 1146 1399 1138
2392 2 2 101 2 942 1400 982
2393 2 2 101 2 1027 1042 1028
2394 2 2 101 2 1004 1398 1185
2395 2 2 101 2 1173 1229 1174
2396 2 2 101 2 995 1386 1014
2397 2 2 101 2 1014 1386 1175
2398 2 2 101 2 882 883 846
2399 2 2 101 2 890 1393 892
2400 2 2 101 2 1001 1384 1149
2401 2 2 101 2 996 1027 997
2402 2 2 101 2 1090 1396 1395
2403 2 2 101 2 1346 1430 1428
2404 2 2 101 2 836 1310 133
2405 2 2 101 2 1011 1013 1012
2406 2 2 101 2 1051 1209 1034
2407 2 2 101 2 1069 1072 1068
2408 2 2 101 2 1026 1040 1039
2409 2 2 101 2 1301 1450 1417
2410 2 2 101 2 972 993 987
2411 2 2 101 2 1186 1394 1127
2412 2 2 101 2 923 924 922
2413 2 2 101 2 1019 1386 995
2414 2 2 101 2 1048 1049 1047
2415 2 2 101 2 872 1375 131
2416 2 2 101 2 963 1370 960
2417 2 2 101 2 1202 1211 1053
2418 2 2 101 2 73 866 74
2419 2 2 101 2 1009 1011 1010
2420 2 2 101 2 1063 1065 1064
2421 2 2 101 2 966 1431 969
2422 2 2 101 2 1386 1415 1175
2423 2 2 101 2 1067 1068 1065
2424 2 2 101 2 992 1021 996
2425 2 2 101 2 132 1375 836
2426 2 2 101 2 1013 1053 1022
2427 2 2 101 2 984 1410 1008
2428 2 2 101 2 1172 1221 1042
2429 2 2 101 2 1094 1395 1216
2430 2 2 101 2 1374 1393 981
2431 2 2 101 2 1152 1434 882
2432 2 2 101 2 1144 1397 1179
2433 2 2 101 2 1009 1010 957
2434 2 2 101 2 1032 1051 1034
2435 2 2 101 2 1072 1225 1224
2436 2 2 101 2 1013 1022 1012
2437 2 2 101 2 1169 1386 1019
2438 2 2 101 2 937 1420 934
2439 2 2 101 2 1113 1416 1114
2440 2 2 101 2 1011 1012 1010
2441 2 2 101 2 957 1408 954
2442 2 2 101 2 981 1393 890
2443 2 2 101 2 881 1403 1152
2444 2 2 101 2 855 1403 111
2445 2 2 101 2 1431 1446 1252
2446 2 2 101 2 1137 1399 1256
2447 2 2 101 2 1393 1425 895
2448 2 2 101 2 1192 1400 947
2449 2 2 101 2 1254 1255 1157
2450 2 2 101 2 1049 1062 1061
2451 2 2 101 2 992 996 986
2452 2 2 101 2 1062 1063 1061
2453 2 2 101 2 109 1391 110
2454 2 2 101 2 1169 1415 1386
2455 2 2 101 2 1150 1397 1144
2456 2 2 101 2 1311 1399 1146
2457 2 2 101 2 968 970 965
2458 2 2 101 2 1355 1401 999
2459 2 2 101 2 916 1412 919
2460 2 2 101 2 1072 1224 1068
2461 2 2 101 2 892 1393 895
2462 2 2 101 2 1354 1444 1353
2463 2 2 101 2 999 1401 1026
2464 2 2 101 2 987 990 971
2465 2 2 101 2 1370 1409 1194
2466 2 2 101 2 1173 1174 1145
2467 2 2 101 2 1179 1397 1373
2468 2 2 101 2 1065 1404 1064
2469 2 2 101 2 1203 1388 1202
2470 2 2 101 2 1026 1401 1040
2471 2 2 101 2 1336 1408 1010
2472 2 2 101 2 1059 1097 1021
2473 2 2 101 2 1376 1437 1204
2474 2 2 101 2 1295 1385 866
2475 2 2 101 2 1063 1064 1061
2476 2 2 101 2 1082 1424 1398
2477 2 2 101 2 1032 1163 1051
2478 2 2 101 2 1049 1061 1060
2479 2 2 101 2 121 878 122
2480 2 2 101 2 1207 1388 1203
2481 2 2 101 2 1300 1417 1299
2482 2 2 101 2 982 1410 984
2483 2 2 101 2 1151 1435 1336
2484 2 2 101 2 1163 1206 1051
2485 2 2 101 2 1031 1032 994
2486 2 2 101 2 108 874 109
2487 2 2 101 2 934 1420 933
2488 2 2 101 2 895 1428 896
2489 2 2 101 2 1068 1404 1065
2490 2 2 101 2 1342 1432 1141
2491 2 2 101 2 1114 1416 1141
2492 2 2 101 2 1010 1408 957
2493 2 2 101 2 1196 1442 1151
2494 2 2 101 2 973 1100 885
2495 2 2 101 2 1234 1415 1169
2496 2 2 101 2 1374 1425 1393
2497 2 2 101 2 1346 1428 1425
2498 2 2 101 2 882 1434 884
2499 2 2 101 2 1027 1406 1172
2500 2 2 101 2 1211 1407 1053
2501 2 2 101 2 993 994 987
2502 2 2 101 2 1063 1433 1066
2503 2 2 101 2 1229 1230 1174
2504 2 2 101 2 993 1031 994
2505 2 2 101 2 1193 1423 1192
2506 2 2 101 2 1051 1414 1209
2507 2 2 101 2 1145 1418 1372
2508 2 2 101 2 1381 1427 1188
2509 2 2 101 2 1021 1406 996
2510 2 2 101 2 1154 1424 1084
2511 2 2 101 2 996 1406 1027
2512 2 2 101 2 1022 1407 1035
2513 2 2 101 2 850 1259 85
2514 2 2 101 2 1053 1407 1022
2515 2 2 101 2 965 1409 963
2516 2 2 101 2 1195 1422 1153
2517 2 2 101 2 1192 1423 1410
2518 2 2 101 2 1141 1432 1142
2519 2 2 101 2 1382 1439 1040
2520 2 2 101 2 1392 1427 1182
2521 2 2 101 2 110 1391 855
2522 2 2 101 2 846 1258 114
2523 2 2 101 2 87 1419 840
2524 2 2 101 2 1224 1404 1068
2525 2 2 101 2 1084 1424 1082
2526 2 2 101 2 1425 1428 895
2527 2 2 101 2 963 1409 1370
2528 2 2 101 2 1182 1427 1364
2529 2 2 101 2 887 1434 1307
2530 2 2 101 2 884 885 883
2531 2 2 101 2 1097 1406 1021
2532 2 2 101 2 1206 1414 1051
2533 2 2 101 2 1168 1413 1059
2534 2 2 101 2 1409 1437 1194
2535 2 2 101 2 882 884 883
2536 2 2 101 2 1040 1439 1041
2537 2 2 101 2 1032 1405 1163
2538 2 2 101 2 1260 1262 1259
2539 2 2 101 2 1161 1405 1031
2540 2 2 101 2 1031 1405 1032
2541 2 2 101 2 970 1409 965
2542 2 2 101 2 1335 1426 1384
2543 2 2 101 2 970 1437 1409
2544 2 2 101 2 1384 1426 1149
2545 2 2 101 2 1034 1421 994
2546 2 2 101 2 1408 1435 953
2547 2 2 101 2 987 1421 990
2548 2 2 101 2 904 1438 907
2549 2 2 101 2 1158 1243 1100
2550 2 2 101 2 1272 1429 1190
2551 2 2 101 2 1320 1446 967
2552 2 2 101 2 1174 1418 1145
2553 2 2 101 2 1410 1423 1008
2554 2 2 101 2 899 1440 900
2555 2 2 101 2 1345 1425 1374
2556 2 2 101 2 1059 1413 1097
2557 2 2 101 2 896 1428 899
2558 2 2 101 2 1331 1458 1455
2559 2 2 101 2 908 1441 911
2560 2 2 101 2 994 1421 987
2561 2 2 101 2 1149 1426 1189
2562 2 2 101 2 1188 1427 1392
2563 2 2 101 2 874 1391 109
2564 2 2 101 2 1154 1446 1424
2565 2 2 101 2 1214 1462 1177
2566 2 2 101 2 1451 1453 1289
2567 2 2 101 2 1347 1430 1346
2568 2 2 101 2 1331 1455 1195
2569 2 2 101 2 1158 1468 1275
2570 2 2 101 2 1151 1442 1435
2571 2 2 101 2 967 1431 966
2572 2 2 101 2 885 1445 883
2573 2 2 101 2 1348 1440 1430
2574 2 2 101 2 919 1449 920
2575 2 2 101 2 1303 1459 1302
2576 2 2 101 2 1066 1458 1331
2577 2 2 101 2 972 1447 993
2578 2 2 101 2 1196 1448 1442
2579 2 2 101 2 1155 1443 1252
2580 2 2 101 2 970 1451 1289
2581 2 2 101 2 839 1247 143
2582 2 2 101 2 1424 1446 1320
2583 2 2 101 2 1336 1435 1408
2584 2 2 101 2 1142 1432 1150
2585 2 2 101 2 1399 1436 1256
2586 2 2 101 2 1255 1443 1157
2587 2 2 101 2 1461 1462 1214
2588 2 2 101 2 1194 1437 1376
2589 2 2 101 2 1062 1433 1063
2590 2 2 101 2 953 1435 1383
2591 2 2 101 2 1048 1450 1049
2592 2 2 101 2 903 1438 904
2593 2 2 101 2 1430 1440 899
2594 2 2 101 2 1417 1450 1048
2595 2 2 101 2 884 1434 887
2596 2 2 101 2 1205 1453 1208
2597 2 2 101 2 1041 1439 1048
2598 2 2 101 2 1349 1452 1348
2599 2 2 101 2 1311 1436 1399
2600 2 2 101 2 1195 1449 1422
2601 2 2 101 2 907 1441 908
2602 2 2 101 2 1351 1465 1350
2603 2 2 101 2 1354 1467 1444
2604 2 2 101 2 883 1258 846
2605 2 2 101 2 900 1440 903
2606 2 2 101 2 1435 1442 1383
2607 2 2 101 2 968 1451 970
2608 2 2 101 2 1423 1448 1020
2609 2 2 101 2 1454 1461 1214
2610 2 2 101 2 1422 1449 919
2611 2 2 101 2 1438 1465 907
2612 2 2 101 2 990 1451 971
2613 2 2 101 2 1353 1444 1352
2614 2 2 101 2 1195 1455 1449
2615 2 2 101 2 1252 1446 1154
2616 2 2 101 2 1383 1442 1193
2617 2 2 101 2 1157 1443 1155
2618 2 2 101 2 1448 1460 1020
2619 2 2 101 2 1412 1470 1199
2620 2 2 101 2 1177 1464 1095
2621 2 2 101 2 1062 1459 1433
2622 2 2 101 2 1069 1461 1072
2623 2 2 101 2 1198 1466 1464
2624 2 2 101 2 974 1447 972
2625 2 2 101 2 1433 1459 1303
2626 2 2 101 2 1243 1445 1100
2627 2 2 101 2 1100 1445 885
2628 2 2 101 2 911 1467 912
2629 2 2 101 2 883 1445 1258
2630 2 2 101 2 1196 1460 1448
2631 2 2 101 2 1199 1466 1198
2632 2 2 101 2 1348 1452 1440
2633 2 2 101 2 1418 1468 1158
2634 2 2 101 2 1442 1448 1193
2635 2 2 101 2 1049 1450 1062
2636 2 2 101 2 1440 1452 903
2637 2 2 101 2 920 1449 923
2638 2 2 101 2 1462 1464 1177
2639 2 2 101 2 971 1451 968
2640 2 2 101 2 1350 1465 1438
2641 2 2 101 2 1193 1448 1423
2642 2 2 101 2 1354 1470 1467
2643 2 2 101 2 1429 1469 1190
2644 2 2 101 2 1258 1457 115
2645 2 2 101 2 1020 1460 1073
2646 2 2 101 2 1455 1458 1341
2647 2 2 101 2 1289 1453 1205
2648 2 2 101 2 923 1455 1341
2649 2 2 101 2 1190 1472 1159
2650 2 2 101 2 1444 1467 911
2651 2 2 101 2 1231 1456 1230
2652 2 2 101 2 1230 1468 1174
2653 2 2 101 2 1072 1454 1225
2654 2 2 101 2 1449 1455 923
2655 2 2 101 2 1302 1459 1301
2656 2 2 101 2 1341 1458 1303
2657 2 2 101 2 1421 1463 990
2658 2 2 101 2 1403 1469 1152
2659 2 2 101 2 1210 1463 1421
2660 2 2 101 2 1197 1460 1196
2661 2 2 101 2 1152 1469 1429
2662 2 2 101 2 1469 1472 1190
2663 2 2 101 2 903 1452 1438
2664 2 2 101 2 1275 1474 1274
2665 2 2 101 2 1071 1461 1069
2666 2 2 101 2 1464 1466 1096
2667 2 2 101 2 1198 1462 1071
2668 2 2 101 2 1453 1463 1208
2669 2 2 101 2 1210 1471 1463
2670 2 2 101 2 1463 1471 1208
2671 2 2 101 2 1071 1462 1461
2672 2 2 101 2 1095 1464 1096
2673 2 2 101 2 1096 1466 1354
2674 2 2 101 2 1466 1470 1354
2675 2 2 101 2 1159 1473 1168
2676 2 2 101 2 1198 1464 1462
2677 2 2 101 2 912 1467 915
2678 2 2 101 2 990 1463 1453
2679 2 2 101 2 1230 1474 1468
2680 2 2 101 2 855 1469 1403
2681 2 2 101 2 1243 1457 1445
2682 2 2 101 2 1174 1468 1418
2683 2 2 101 2 907 1465 1441
2684 2 2 101 2 1467 1470 915
2685 2 2 101 2 1445 1457 1258
2686 2 2 101 2 1472 1473 1159
2687 2 2 101 2 915 1470 1412
2688 2 2 101 2 1208 1471 1219
2689 2 2 101 2 855 1472 1469
2690 2 2 101 2 1215 1471 1210
2691 2 2 101 2 1468 1474 1275
2692 2 2 101 2 1391 1472 855
2693 2 2 101 2 1391 1473 1472
2694 2 2 101 2 874 1473 1391
2695 2 2 101 2 1456 1474 1230
2696 2 2 101 2 1473 1475 1168
2697 2 2 101 2 874 1475 1473
2698 2 2 101 2 843 1476 1268
2699 2 2 101 2 1224 1571 1516
2700 2 2 101 2 96 1476 843
2701 2 2 101 2 869 1476 95
2702 2 2 101 2 1035 1513 1505
2703 2 2 101 2 1123 1477 1232
2704 2 2 101 2 1119 1477 1120
2705 2 2 101 2 95 1476 96
2706 2 2 101 2 1281 1537 839
2707 2 2 101 2 1227 1506 1237
2708 2 2 101 2 1237 1507 853
2709 2 2 101 2 70 1478 71
2710 2 2 101 2 1482 1489 847
2711 2 2 101 2 1200 1487 1479
2712 2 2 101 2 1201 1488 1480
2713 2 2 101 2 1481 1484 856
2714 2 2 101 2 1120 1477 1123
2715 2 2 101 2 247 1479 246
2716 2 2 101 2 250 1480 249
2717 2 2 101 2 1254 1482 1165
2718 2 2 101 2 1306 1481 1164
2719 2 2 101 2 245 1487 856
2720 2 2 101 2 248 1488 847
2721 2 2 101 2 1200 1489 1160
2722 2 2 101 2 1201 1490 1161
2723 2 2 101 2 1240 1509 870
2724 2 2 101 2 1099 1491 1322
2725 2 2 101 2 1050 1491 1212
2726 2 2 101 2 1264 1527 1221
2727 2 2 101 2 1239 1505 1240
2728 2 2 101 2 1317 1494 1115
2729 2 2 101 2 1111 1494 1110
2730 2 2 101 2 71 1478 833
2731 2 2 101 2 1260 1508 1262
2732 2 2 101 2 856 1487 1481
2733 2 2 101 2 1479 1489 1200
2734 2 2 101 2 847 1488 1482
2735 2 2 101 2 1480 1490 1201
2736 2 2 101 2 847 1479 247
2737 2 2 101 2 854 1480 250
2738 2 2 101 2 1164 1481 1200
2739 2 2 101 2 1165 1482 1201
2740 2 2 101 2 1485 1490 854
2741 2 2 101 2 1170 1483 1162
2742 2 2 101 2 1483 1484 1162
2743 2 2 101 2 1162 1484 1306
2744 2 2 101 2 1359 1485 854
2745 2 2 101 2 873 1486 1359
2746 2 2 101 2 1359 1486 1485
2747 2 2 101 2 1361 1483 875
2748 2 2 101 2 1361 1484 1483
2749 2 2 101 2 856 1484 1361
2750 2 2 101 2 1405 1485 1163
2751 2 2 101 2 1485 1486 1163
2752 2 2 101 2 1163 1486 1206
2753 2 2 101 2 1405 1490 1485
2754 2 2 101 2 246 1487 245
2755 2 2 101 2 249 1488 248
2756 2 2 101 2 1160 1489 1254
2757 2 2 101 2 1161 1490 1405
2758 2 2 101 2 137 1495 138
2759 2 2 101 2 89 1496 90
2760 2 2 101 2 1387 1560 1504
2761 2 2 101 2 1322 1491 1050
2762 2 2 101 2 833 1497 1293
2763 2 2 101 2 1099 1561 1491
2764 2 2 101 2 1525 1570 1325
2765 2 2 101 2 847 1489 1479
2766 2 2 101 2 854 1490 1480
2767 2 2 101 2 1481 1487 1200
2768 2 2 101 2 1482 1488 1201
2769 2 2 101 2 1456 1499 876
2770 2 2 101 2 242 1498 241
2771 2 2 101 2 119 1499 120
2772 2 2 101 2 107 1501 108
2773 2 2 101 2 254 1500 253
2774 2 2 101 2 874 1501 1475
2775 2 2 101 2 1387 1504 1261
2776 2 2 101 2 1136 1502 1139
2777 2 2 101 2 1217 1502 1134
2778 2 2 101 2 877 1492 1282
2779 2 2 101 2 879 1493 1309
2780 2 2 101 2 1115 1494 1111
2781 2 2 101 2 1491 1561 1257
2782 2 2 101 2 1197 1505 1239
2783 2 2 101 2 834 1526 1318
2784 2 2 101 2 1060 1504 1047
2785 2 2 101 2 858 1535 1328
2786 2 2 101 2 1035 1505 1036
2787 2 2 101 2 838 1495 137
2788 2 2 101 2 90 1496 863
2789 2 2 101 2 1516 1571 840
2790 2 2 101 2 1110 1506 1108
2791 2 2 101 2 1112 1506 1227
2792 2 2 101 2 853 1507 126
2793 2 2 101 2 1061 1508 1060
2794 2 2 101 2 870 1509 152
2795 2 2 101 2 153 1509 844
2796 2 2 101 2 1505 1513 1240
2797 2 2 101 2 1056 1503 1074
2798 2 2 101 2 1224 1516 1404
2799 2 2 101 2 1250 1519 1223
2800 2 2 101 2 1222 1573 1522
2801 2 2 101 2 1139 1510 1140
2802 2 2 101 2 89 1529 1496
2803 2 2 101 2 1495 1528 138
2804 2 2 101 2 1277 1534 845
2805 2 2 101 2 1074 1511 1075
2806 2 2 101 2 1090 1511 1396
2807 2 2 101 2 1293 1497 1294
2808 2 2 101 2 1024 1512 1102
2809 2 2 101 2 1235 1543 841
2810 2 2 101 2 1286 1536 1220
2811 2 2 101 2 1504 1560 1046
2812 2 2 101 2 1025 1514 1099
2813 2 2 101 2 1262 1516 1419
2814 2 2 101 2 1269 1517 1271
2815 2 2 101 2 1172 1517 1221
2816 2 2 101 2 1295 1518 1385
2817 2 2 101 2 1079 1519 1119
2818 2 2 101 2 1223 1519 1078
2819 2 2 101 2 1046 1520 1039
2820 2 2 101 2 1327 1522 1326
2821 2 2 101 2 1310 1523 1292
2822 2 2 101 2 1055 1503 1056
2823 2 2 101 2 872 1532 1375
2824 2 2 101 2 1324 1525 1325
2825 2 2 101 2 875 1498 242
2826 2 2 101 2 876 1499 119
2827 2 2 101 2 253 1500 873
2828 2 2 101 2 108 1501 874
2829 2 2 101 2 1134 1502 1136
2830 2 2 101 2 852 1570 1525
2831 2 2 101 2 70 1533 1478
2832 2 2 101 2 1236 1546 862
2833 2 2 101 2 128 1526 834
2834 2 2 101 2 1223 1550 1251
2835 2 2 101 2 1267 1503 1265
2836 2 2 101 2 1273 1531 842
2837 2 2 101 2 1496 1529 1225
2838 2 2 101 2 1218 1528 1495
2839 2 2 101 2 1522 1573 851
2840 2 2 101 2 1043 1527 1055
2841 2 2 101 2 1221 1527 1042
2842 2 2 101 2 139 1528 852
2843 2 2 101 2 840 1529 88
2844 2 2 101 2 1219 1531 1207
2845 2 2 101 2 1226 1532 1166
2846 2 2 101 2 1478 1533 1305
2847 2 2 101 2 1478 1557 833
2848 2 2 101 2 851 1533 69
2849 2 2 101 2 1216 1534 1176
2850 2 2 101 2 844 1530 1280
2851 2 2 101 2 1209 1535 1215
2852 2 2 101 2 77 1536 1286
2853 2 2 101 2 837 1536 76
2854 2 2 101 2 1125 1537 1178
2855 2 2 101 2 123 1538 862
2856 2 2 101 2 878 1538 122
2857 2 2 101 2 149 1539 841
2858 2 2 101 2 865 1539 148
2859 2 2 101 2 834 1540 129
2860 2 2 101 2 130 1540 872
2861 2 2 101 2 1475 1541 1168
2862 2 2 101 2 1471 1521 1219
2863 2 2 101 2 1222 1522 1171
2864 2 2 101 2 859 1542 1287
2865 2 2 101 2 841 1543 150
2866 2 2 101 2 151 1543 870
2867 2 2 101 2 1214 1544 1454
2868 2 2 101 2 1202 1545 1211
2869 2 2 101 2 125 1546 853
2870 2 2 101 2 862 1546 124
2871 2 2 101 2 1270 1547 860
2872 2 2 101 2 1047 1504 1046
2873 2 2 101 2 1036 1505 1197
2874 2 2 101 2 1508 1575 1262
2875 2 2 101 2 839 1548 1247
2876 2 2 101 2 1251 1550 865
2877 2 2 101 2 1286 1549 861
2878 2 2 101 2 1175 1550 1223
2879 2 2 101 2 106 1551 4
2880 2 2 101 2 4 1551 107
2881 2 2 101 2 6 1553 254
2882 2 2 101 2 3 1552 63
2883 2 2 101 2 164 1553 6
2884 2 2 101 2 241 1552 3
2885 2 2 101 2 120 1554 5
2886 2 2 101 2 5 1554 121
2887 2 2 101 2 1108 1506 1112
2888 2 2 101 2 126 1507 127
2889 2 2 101 2 1396 1524 1395
2890 2 2 101 2 1241 1523 1226
2891 2 2 101 2 1064 1508 1061
2892 2 2 101 2 152 1509 153
2893 2 2 101 2 1328 1555 877
2894 2 2 101 2 1309 1556 859
2895 2 2 101 2 1395 1524 1216
2896 2 2 101 2 1102 1564 1314
2897 2 2 101 2 1140 1510 1148
2898 2 2 101 2 1075 1511 1090
2899 2 2 101 2 1503 1565 1074
2900 2 2 101 2 1215 1521 1471
2901 2 2 101 2 1037 1512 1024
2902 2 2 101 2 1502 1566 1139
2903 2 2 101 2 1337 1518 1338
2904 2 2 101 2 1507 1526 127
2905 2 2 101 2 838 1562 1495
2906 2 2 101 2 1407 1513 1035
2907 2 2 101 2 852 1525 1380
2908 2 2 101 2 1494 1515 1110
2909 2 2 101 2 1038 1514 1025
2910 2 2 101 2 1217 1562 1502
2911 2 2 101 2 1170 1569 1483
2912 2 2 101 2 1486 1568 1206
2913 2 2 101 2 1419 1516 840
2914 2 2 101 2 1314 1564 1497
2915 2 2 101 2 848 1517 1269
2916 2 2 101 2 1385 1518 837
2917 2 2 101 2 1078 1519 1079
2918 2 2 101 2 1039 1520 1038
2919 2 2 101 2 1278 1521 1279
2920 2 2 101 2 1326 1522 851
2921 2 2 101 2 836 1523 1310
2922 2 2 101 2 1276 1524 869
2923 2 2 101 2 1327 1542 1098
2924 2 2 101 2 1267 1565 1503
2925 2 2 101 2 1178 1525 1324
2926 2 2 101 2 1493 1569 1170
2927 2 2 101 2 1206 1568 1492
2928 2 2 101 2 1500 1568 873
2929 2 2 101 2 875 1569 1498
2930 2 2 101 2 1407 1530 1513
2931 2 2 101 2 1318 1515 1494
2932 2 2 101 2 1308 1566 1502
2933 2 2 101 2 1097 1547 1271
2934 2 2 101 2 1055 1572 1503
2935 2 2 101 2 1064 1575 1508
2936 2 2 101 2 127 1526 128
2937 2 2 101 2 1060 1567 1504
2938 2 2 101 2 1491 1549 1212
2939 2 2 101 2 1502 1562 1308
2940 2 2 101 2 1042 1527 1043
2941 2 2 101 2 1503 1572 1265
2942 2 2 101 2 138 1528 139
2943 2 2 101 2 88 1529 89
2944 2 2 101 2 1206 1555 1414
2945 2 2 101 2 1356 1556 1170
2946 2 2 101 2 1477 1548 1232
2947 2 2 101 2 1211 1530 1407
2948 2 2 101 2 1530 1563 1513
2949 2 2 101 2 1207 1531 1388
2950 2 2 101 2 1098 1542 1356
2951 2 2 101 2 1413 1547 1097
2952 2 2 101 2 1508 1567 1060
2953 2 2 101 2 1249 1548 1477
2954 2 2 101 2 1166 1532 1228
2955 2 2 101 2 1314 1557 1313
2956 2 2 101 2 69 1533 70
2957 2 2 101 2 1257 1549 1491
2958 2 2 101 2 1176 1534 1213
2959 2 2 101 2 1414 1535 1209
2960 2 2 101 2 76 1536 77
2961 2 2 101 2 1262 1575 1516
2962 2 2 101 2 1232 1537 1125
2963 2 2 101 2 1492 1555 1206
2964 2 2 101 2 1170 1556 1493
2965 2 2 101 2 122 1538 123
2966 2 2 101 2 148 1539 149
2967 2 2 101 2 129 1540 130
2968 2 2 101 2 1168 1541 1413
2969 2 2 101 2 1287 1542 1327
2970 2 2 101 2 150 1543 151
2971 2 2 101 2 1527 1572 1055
2972 2 2 101 2 1213 1544 1214
2973 2 2 101 2 1388 1545 1202
2974 2 2 101 2 124 1546 125
2975 2 2 101 2 1139 1566 1510
2976 2 2 101 2 1271 1547 1270
2977 2 2 101 2 1497 1557 1314
2978 2 2 101 2 1504 1567 1261
2979 2 2 101 2 1074 1565 1511
2980 2 2 101 2 1499 1554 120
2981 2 2 101 2 254 1553 1500
2982 2 2 101 2 1498 1552 241
2983 2 2 101 2 107 1551 1501
2984 2 2 101 2 1512 1564 1102
2985 2 2 101 2 1247 1548 1249
2986 2 2 101 2 1265 1572 1264
2987 2 2 101 2 1544 1574 1454
2988 2 2 101 2 1507 1558 1526
2989 2 2 101 2 861 1549 1257
2990 2 2 101 2 1415 1550 1175
2991 2 2 101 2 1260 1567 1508
2992 2 2 101 2 851 1573 1533
2993 2 2 101 2 880 1551 106
2994 2 2 101 2 1282 1553 164
2995 2 2 101 2 63 1552 879
2996 2 2 101 2 121 1554 878
2997 2 2 101 2 1514 1561 1099
2998 2 2 101 2 840 1571 1529
2999 2 2 101 2 1528 1570 852
3000 2 2 101 2 1519 1559 1119
3001 2 2 101 2 1046 1560 1520
3002 2 2 101 2 833 1557 1497
3003 2 2 101 2 1249 1559 1250
3004 2 2 101 2 1285 1560 1387
3005 2 2 101 2 1509 1563 844
3006 2 2 101 2 1257 1561 1245
3007 2 2 101 2 1268 1565 1267
3008 2 2 101 2 1225 1571 1224
3009 2 2 101 2 1325 1570 1218
3010 2 2 101 2 1308 1562 838
3011 2 2 101 2 1291 1566 1308
3012 2 2 101 2 1261 1567 1260
3013 2 2 101 2 1305 1573 1222
3014 2 2 101 2 1404 1575 1064
3015 2 2 101 2 1515 1558 1237
3016 2 2 101 2 877 1555 1492
3017 2 2 101 2 1493 1556 1309
3018 2 2 101 2 878 1554 1499
3019 2 2 101 2 879 1552 1498
3020 2 2 101 2 1500 1553 1282
3021 2 2 101 2 1501 1551 880
3022 2 2 101 2 844 1563 1530
3023 2 2 101 2 1237 1558 1507
3024 2 2 101 2 1516 1575 1404
3025 2 2 101 2 873 1568 1486
3026 2 2 101 2 1483 1569 875
3027 2 2 101 2 1510 1566 1291
3028 2 2 101 2 1511 1565 1268
3029 2 2 101 2 1497 1564 1294
3030 2 2 101 2 1496 1574 863
3031 2 2 101 2 1240 1563 1509
3032 2 2 101 2 1294 1564 1512
3033 2 2 101 2 1264 1572 1527
3034 2 2 101 2 1513 1563 1240
3035 2 2 101 2 1245 1561 1514
3036 2 2 101 2 1526 1558 1318
3037 2 2 101 2 1318 1558 1515
3038 2 2 101 2 1250 1559 1519
3039 2 2 101 2 1520 1560 1285
3040 2 2 101 2 1218 1570 1528
3041 2 2 101 2 1529 1571 1225
3042 2 2 101 2 1533 1573 1305
3043 2 2 101 2 863 1574 1544
$EndElements
