$MeshFormat
2.2 0 8
$EndMeshFormat
$PhysicalNames
5
1 200 "LEFT_WALL"
1 201 "GAMMA_D"
1 202 "VOID_RIGHT"
2 100 "SOLID"
2 101 "VOID"
$EndPhysicalNames
$Nodes
1534
1 0 0 0
2 1 0 0
3 1 0.07199999999999999 0
4 0.07199999999999999 0.07199999999999999 0
5 0.07199999999999999 0.428 0
6 1 0.428 0
7 1 0.5 0
8 0.928 0.5 0
9 0 0.5 0
10 1.072 0 0
11 1.072 0.5 0
12 0.01999999999996237 0 0
13 0.03999999999992186 0 0
14 0.05999999999987837 0 0
15 0.07999999999984518 0 0
16 0.09999999999981463 0 0
17 0.1199999999997832 0 0
18 0.1399999999997328 0 0
19 0.1599999999996745 0 0
20 0.1799999999996162 0 0
21 0.1999999999995579 0 0
22 0.2199999999994996 0 0
23 0.2399999999994413 0 0
24 0.259999999999383 0 0
25 0.2799999999993247 0 0
26 0.2999999999992664 0 0
27 0.3199999999992081 0 0
28 0.3399999999991498 0 0
29 0.3599999999990915 0 0
30 0.3799999999990332 0 0
31 0.3999999999989749 0 0
32 0.4199999999989167 0 0
33 0.4399999999988584 0 0
34 0.4599999999988 0 0
35 0.4799999999987418 0 0
36 0.4999999999986943 0 0
37 0.5199999999987361 0 0
38 0.5399999999987888 0 0
39 0.5599999999988415 0 0
40 0.5799999999988942 0 0
41 0.5999999999989468 0 0
42 0.6199999999989995 0 0
43 0.6399999999990521 0 0
44 0.6599999999991049 0 0
45 0.6799999999991574 0 0
46 0.6999999999992101 0 0
47 0.7199999999992628 0 0
48 0.7399999999993154 0 0
49 0.7599999999993681 0 0
50 0.7799999999994207 0 0
51 0.7999999999994734 0 0
52 0.8199999999995261 0 0
53 0.8399999999995788 0 0
54 0.8599999999996314 0 0
55 0.8799999999996841 0 0
56 0.8999999999997367 0 0
57 0.9199999999997894 0 0
58 0.939999999999842 0 0
59 0.9599999999998947 0 0
60 0.9799999999999475 0 0
61 1 0.01799999999995843 0
62 1 0.03599999999991129 0
63 1 0.05399999999995769 0
64 0.9806666666667092 0.07199999999999999 0
65 0.9613333333334183 0.07199999999999999 0
66 0.9420000000001275 0.07199999999999999 0
67 0.9226666666668366 0.07199999999999999 0
68 0.9033333333335168 0.07199999999999999 0
69 0.8840000000002116 0.07199999999999999 0
70 0.8646666666669207 0.07199999999999999 0
71 0.8453333333336299 0.07199999999999999 0
72 0.8260000000003608 0.07199999999999999 0
73 0.8066666666670916 0.07199999999999999 0
74 0.7873333333338007 0.07199999999999999 0
75 0.7680000000005099 0.07199999999999999 0
76 0.7486666666672552 0.07199999999999999 0
77 0.7293333333340005 0.07199999999999999 0
78 0.7100000000007241 0.07199999999999999 0
79 0.6906666666674333 0.07199999999999999 0
80 0.6713333333341713 0.07199999999999999 0
81 0.6520000000009382 0.07199999999999999 0
82 0.6326666666676473 0.07199999999999999 0
83 0.6133333333343565 0.07199999999999999 0
84 0.594000000001109 0.07199999999999999 0
85 0.5746666666678542 0.07199999999999999 0
86 0.5553333333345705 0.07199999999999999 0
87 0.5360000000012797 0.07199999999999999 0
88 0.5166666666678442 0.07199999999999999 0
89 0.4973333333344017 0.07199999999999999 0
90 0.4780000000010168 0.07199999999999999 0
91 0.4586666666676321 0.07199999999999999 0
92 0.4393333333342546 0.07199999999999999 0
93 0.4200000000008626 0.07199999999999999 0
94 0.4006666666674923 0.07199999999999999 0
95 0.3813333333340929 0.07199999999999999 0
96 0.36200000000073 0.07199999999999999 0
97 0.3426666666673233 0.07199999999999999 0
98 0.3233333333339602 0.07199999999999999 0
99 0.3040000000005534 0.07199999999999999 0
100 0.2846666666671904 0.07199999999999999 0
101 0.2653333333337909 0.07199999999999999 0
102 0.2460000000004207 0.07199999999999999 0
103 0.2266666666670284 0.07199999999999999 0
104 0.2073333333336943 0.07199999999999999 0
105 0.1880000000002876 0.07199999999999999 0
106 0.1686666666669244 0.07199999999999999 0
107 0.1493333333335251 0.07199999999999999 0
108 0.1300000000001547 0.07199999999999999 0
109 0.1106666666667625 0.07199999999999999 0
110 0.09133333333338489 0.07199999999999999 0
111 0.07199999999999999 0.09177777777773982 0
112 0.07199999999999999 0.1115555555554911 0
113 0.07199999999999999 0.1313333333332123 0
114 0.07199999999999999 0.1511111111109232 0
115 0.07199999999999999 0.170888888888663 0
116 0.07199999999999999 0.1906666666663667 0
117 0.07199999999999999 0.2104444444440722 0
118 0.07199999999999999 0.2302222222218115 0
119 0.07199999999999999 0.249999999999523 0
120 0.07199999999999999 0.2697777777773429 0
121 0.07199999999999999 0.2895555555551628 0
122 0.07199999999999999 0.3093333333330043 0
123 0.07199999999999999 0.3291111111108243 0
124 0.07199999999999999 0.3488888888886875 0
125 0.07199999999999999 0.3686666666665074 0
126 0.07199999999999999 0.3884444444443489 0
127 0.07199999999999999 0.408222222222169 0
128 0.09133333333329909 0.428 0
129 0.1106666666665837 0.428 0
130 0.1299999999998756 0.428 0
131 0.1493333333331783 0.428 0
132 0.1686666666664846 0.428 0
133 0.1879999999997892 0.428 0
134 0.207333333333072 0.428 0
135 0.2266666666663403 0.428 0
136 0.245999999999616 0.428 0
137 0.2653333333328879 0.428 0
138 0.284666666666178 0.428 0
139 0.3039999999994536 0.428 0
140 0.3233333333327256 0.428 0
141 0.3426666666660048 0.428 0
142 0.3619999999992803 0.428 0
143 0.381333333332545 0.428 0
144 0.4006666666658206 0.428 0
145 0.4199999999990853 0.428 0
146 0.439333333332361 0.428 0
147 0.458666666665651 0.428 0
148 0.477999999998923 0.428 0
149 0.4973333333321986 0.428 0
150 0.5166666666654887 0.428 0
151 0.5359999999987607 0.428 0
152 0.5553333333321266 0.428 0
153 0.5746666666655359 0.428 0
154 0.5939999999989234 0.428 0
155 0.6133333333323111 0.428 0
156 0.6326666666656915 0.428 0
157 0.6519999999990863 0.428 0
158 0.6713333333324595 0.428 0
159 0.6906666666658615 0.428 0
160 0.7099999999992275 0.428 0
161 0.7293333333326368 0.428 0
162 0.7486666666660029 0.428 0
163 0.7679999999994124 0.428 0
164 0.7873333333327784 0.428 0
165 0.8066666666661806 0.428 0
166 0.8259999999995539 0.428 0
167 0.8453333333329489 0.428 0
168 0.8646666666662859 0.428 0
169 0.8839999999996954 0.428 0
170 0.9033333333330613 0.428 0
171 0.9226666666664636 0.428 0
172 0.9419999999998367 0.428 0
173 0.9613333333332318 0.428 0
174 0.9806666666666123 0.428 0
175 1 0.4459999999999186 0
176 1 0.4639999999999131 0
177 1 0.481999999999962 0
178 0.9820000000000434 0.5 0
179 0.9640000000001084 0.5 0
180 0.9460000000000868 0.5 0
181 0.9086666666667069 0.5 0
182 0.8893333333334138 0.5 0
183 0.870000000000099 0.5 0
184 0.8506666666667843 0.5 0
185 0.8313333333334911 0.5 0
186 0.8120000000001981 0.5 0
187 0.792666666666905 0.5 0
188 0.7733333333336192 0.5 0
189 0.7540000000003622 0.5 0
190 0.734666666667069 0.5 0
191 0.7153333333338049 0.5 0
192 0.6960000000005262 0.5 0
193 0.6766666666672765 0.5 0
194 0.6573333333339834 0.5 0
195 0.6380000000007119 0.5 0
196 0.6186666666674767 0.5 0
197 0.5993333333341908 0.5 0
198 0.5800000000008977 0.5 0
199 0.5606666666676406 0.5 0
200 0.5413333333343547 0.5 0
201 0.5220000000010616 0.5 0
202 0.5026666666677685 0.5 0
203 0.4833333333344971 0.5 0
204 0.4640000000012148 0.5 0
205 0.4446666666678386 0.5 0
206 0.4253333333344514 0.5 0
207 0.4060000000010644 0.5 0
208 0.3866666666676775 0.5 0
209 0.3673333333342976 0.5 0
210 0.3480000000009034 0.5 0
211 0.3286666666675307 0.5 0
212 0.3093333333341292 0.5 0
213 0.2900000000007639 0.5 0
214 0.2706666666673549 0.5 0
215 0.2513333333339897 0.5 0
216 0.2320000000005806 0.5 0
217 0.2126666666672152 0.5 0
218 0.1933333333338136 0.5 0
219 0.174000000000441 0.5 0
220 0.1546666666670465 0.5 0
221 0.1353333333337101 0.5 0
222 0.1160000000003013 0.5 0
223 0.0966666666669358 0.5 0
224 0.0773333333335342 0.5 0
225 0.05800000000016148 0.5 0
226 0.0386666666667671 0.5 0
227 0.01933333333338716 0.5 0
228 0 0.4807692307691507 0
229 0 0.4615384615383014 0
230 0 0.442307692307452 0
231 0 0.4230769230767628 0
232 0 0.403846153846127 0
233 0 0.3846153846154912 0
234 0 0.3653846153848554 0
235 0 0.3461538461542196 0
236 0 0.3269230769235838 0
237 0 0.3076923076929479 0
238 0 0.288461538462312 0
239 0 0.2692307692316762 0
240 0 0.2500000000010295 0
241 0 0.2307692307701911 0
242 0 0.2115384615393418 0
243 0 0.1923076923084925 0
244 0 0.1730769230776433 0
245 0 0.153846153846794 0
246 0 0.1346153846159447 0
247 0 0.1153846153850955 0
248 0 0.09615384615424621 0
249 0 0.07692307692339695 0
250 0 0.05769230769254768 0
251 0 0.03846153846169853 0
252 0 0.01923076923084927 0
253 1.017999999999957 0 0
254 1.035999999999913 0 0
255 1.053999999999957 0 0
256 1.072 0.01923076923073185 0
257 1.072 0.0384615384614634 0
258 1.072 0.05769230769220328 0
259 1.072 0.07692307692292313 0
260 1.072 0.0961538461536363 0
261 1.072 0.1153846153843495 0
262 1.072 0.1346153846150627 0
263 1.072 0.1538461538457758 0
264 1.072 0.173076923076489 0
265 1.072 0.1923076923072022 0
266 1.072 0.2115384615379154 0
267 1.072 0.2307692307686286 0
268 1.072 0.2499999999993472 0
269 1.072 0.2692307692301616 0
270 1.072 0.2884615384609815 0
271 1.072 0.3076923076918013 0
272 1.072 0.3269230769226212 0
273 1.072 0.3461538461534411 0
274 1.072 0.365384615384261 0
275 1.072 0.3846153846150808 0
276 1.072 0.4038461538459007 0
277 1.072 0.4230769230767206 0
278 1.072 0.4423076923075404 0
279 1.072 0.4615384615383603 0
280 1.072 0.4807692307691802 0
281 1.054000000000043 0.5 0
282 1.036000000000087 0.5 0
283 1.018000000000043 0.5 0
284 0.9452120742040018 0.4820618950289898 0
285 0.01878990658709929 0.4427237909935928 0
286 0.01847332346818052 0.05702165282464347 0
287 0.482394169829842 0.4816700107466769 0
288 0.5375022759980581 0.4460070698356357 0
289 0.617529366523821 0.4816273855773645 0
290 0.6750738049757217 0.4821607556546764 0
291 0.7531880808635141 0.4815723074580663 0
292 0.559663289909419 0.4817600363127914 0
293 0.2280568651698042 0.4461309499173998 0
294 0.3247263334915787 0.4462163624847143 0
295 0.3824376847391461 0.4463457588188909 0
296 0.286096089170254 0.4460994843437295 0
297 0.8302574706347154 0.4816388563988482 0
298 0.4601098630272978 0.4458312930481657 0
299 0.1505084586590844 0.4461564429026053 0
300 0.1116642972618769 0.446157310691073 0
301 0.8882282724257388 0.4818321891709621 0
302 0.7309604744348306 0.4457380632420169 0
303 0.8082942890884781 0.4457468047527436 0
304 0.1728347893140807 0.4819201116651101 0
305 0.404439702836156 0.4821887608330301 0
306 0.05735055739046428 0.4812236952607386 0
307 0.01785057857352413 0.2694847712729148 0
308 0.01813630990195747 0.385347508328547 0
309 0.01770676490904672 0.3275584067524809 0
310 0.01804062465298651 0.2307585862402114 0
311 0.01796990410940534 0.1727470268199757 0
312 0.01819415989475911 0.1341136982243397 0
313 0.6512347109267889 0.05518542661496692 0
314 0.5931344793606725 0.05346810474904671 0
315 0.7268997998573261 0.05371489727640903 0
316 0.8055999454654535 0.05368239551412023 0
317 0.209153465777541 0.05404611321329791 0
318 0.8445474779082692 0.05342273355357754 0
319 0.5337957867955436 0.05360052340749044 0
320 0.9223217916563539 0.05345327089443566 0
321 0.2899708657336124 0.05391976840295933 0
322 0.362254184765908 0.05294022456049151 0
323 0.1517769225820421 0.05423406149984791 0
324 0.3951645341145711 0.05193112330921873 0
325 0.4386338538292163 0.05376928611962635 0
326 0.4762735544636192 0.0532483878859726 0
327 0.09326158266489208 0.05402127215362876 0
328 0.05420009787643149 0.09319100093706756 0
329 0.2569644568584361 0.01831941726648688 0
330 0.7821777014093253 0.01809086909172633 0
331 0.7024513418694126 0.0180441690284042 0
332 0.01918880273293583 0.48086311614732 0
333 0.9815034273867441 0.4640610891909189 0
334 0.05827280583392994 0.01864509907635553 0
335 0.03877942530208735 0.01880454036284197 0
336 0.9431847934325406 0.446110429691515 0
337 0.4989628442129528 0.4458717630989339 0
338 0.5017044696586824 0.4817968536509514 0
339 0.5209457395518812 0.4819260339152468 0
340 0.4433117490979502 0.4818742173816158 0
341 0.4405353540722147 0.4459839705209839 0
342 0.7141741558918575 0.4818239810131041 0
343 0.6529768263321998 0.4461782153863507 0
344 0.6365908430436742 0.4818678534342283 0
345 0.6338687945729071 0.4459235992498392 0
346 0.6918168878762531 0.4461479144334861 0
347 0.614780011302574 0.4457244465796967 0
348 0.769764340357619 0.4457248938656936 0
349 0.7725111315185083 0.481646622560106 0
350 0.8660134015440712 0.4458743171030064 0
351 0.8494450051289349 0.4817271569120979 0
352 0.4210545037695645 0.4461382136018813 0
353 0.1337651780210007 0.4821445913564339 0
354 0.5762926745752591 0.4457071544835129 0
355 0.5790440241491656 0.4816230837662192 0
356 0.2308268381700589 0.4820267493485956 0
357 0.2888726000574913 0.4819900228261032 0
358 0.3081721076181101 0.4820749225339336 0
359 0.7917897155271043 0.4816869023380929 0
360 0.3467884782546581 0.4821494488028751 0
361 0.3632733279461793 0.4462790171520147 0
362 0.8467132548897339 0.4457905043908653 0
363 0.1895081383770621 0.4460010252257826 0
364 0.3660045603467971 0.4822156401180595 0
365 0.09532436549885599 0.4817909419522605 0
366 0.09262342358793323 0.4458309796763752 0
367 0.1922559252508515 0.4819197884921947 0
368 0.9048516101751658 0.4459840160640264 0
369 0.9075640038909201 0.4819246063735481 0
370 0.05431123537428464 0.4067175117706254 0
371 0.01857459967974559 0.4236483275957966 0
372 0.01827477528705438 0.1147518346399645 0
373 0.01826698849194632 0.09538993054248694 0
374 0.05417578066892607 0.1127888899458049 0
375 0.05384806804811536 0.2501160771431175 0
376 0.05362694675007141 0.3483196553516484 0
377 0.01787824206543658 0.3661728500821869 0
378 0.05364497527604207 0.2894144761975681 0
379 0.01771399822412849 0.3082012236753926 0
380 0.05362812574169992 0.309043766524432 0
381 0.05380655755526453 0.3678517197492062 0
382 0.05392324270291074 0.210840170338822 0
383 0.01801959842486033 0.2114053487149407 0
384 0.05385833701309109 0.1716122234810911 0
385 0.05406924525714178 0.1324037687430862 0
386 0.6696482838034495 0.05439423872493342 0
387 0.6885198495408701 0.05393456358373042 0
388 0.7662063962463314 0.05379857443412713 0
389 0.2496660418533646 0.05406719418772338 0
390 0.1958955239618432 0.01826681939740969 0
391 0.2980233755950048 0.01809036112456287 0
392 0.309205528261761 0.05379645869631618 0
393 0.3583838539824502 0.01912861729159368 0
394 0.5253445776140597 0.01778472027398013 0
395 0.4950892878202856 0.05353189170804766 0
396 0.6626033417268423 0.01870706897906171 0
397 0.6371726005341484 0.02042703903893072 0
398 0.6137819037175422 0.05410936119188942 0
399 0.1766083481747893 0.01835856955821824 0
400 0.1706507008844486 0.05421455343023164 0
401 0.1573502021234325 0.01841607560638361 0
402 0.2361296885821773 0.01820816997351523 0
403 0.4019977970331572 0.0128899248600534 0
404 0.1377056527398567 0.01836604444192741 0
405 0.1129951204078314 0.05398900215932976 0
406 0.4465977097318887 0.0175841610301054 0
407 0.5800000123393861 0.01999999429811623 0
408 0.5531826739241794 0.05354363125899558 0
409 0.4861008343321194 0.01765273809625884 0
410 0.7420214439612259 0.01821709954479962 0
411 0.6192192727824506 0.01260731418709652 0
412 0.117692544626138 0.01825353500400077 0
413 0.8219862839431635 0.01767206269570768 0
414 0.5641376077409623 0.01808357996834412 0
415 0.09767733443662918 0.01824447998371463 0
416 0.8813084848918242 0.01754239132382963 0
417 0.8639483867522599 0.05342087484862749 0
418 0.883364767809201 0.05344237255683101 0
419 0.8615429785207854 0.01752899344216205 0
420 0.9209292486641012 0.01757951191975927 0
421 0.9803104545742798 0.01795057599705353 0
422 0.9806708975214983 0.05388718646717987 0
423 0.01883693835011445 0.03799992266843368 0
424 0.9605600570124215 0.01780475538428589 0
425 0.9418028727918804 0.05357949869782384 0
426 0.3375429876261826 0.01818636325272279 0
427 0.3278006394551728 0.05375757931821896 0
428 0.2501243029139926 0.4820034531399455 0
429 0.266734667225333 0.4460609742778249 0
430 0.9635264658074256 0.4820571511741792 0
431 0.9817709239390198 0.4820312571752409 0
432 0.01937804626782995 0.01900068638229701 0
433 0.9811049737059797 0.4460503888326379 0
434 0.07392345821181946 0.4452344155350574 0
435 0.05478733603203692 0.4257694175237516 0
436 0.05448148728406561 0.07400011693296492 0
437 0.03773425960891577 0.03755530632163721 0
438 0.07406186698338145 0.05458866796260017 0
439 0.9629080081205853 0.4640986386086841 0
440 0.9612469018090896 0.05375331525483708 0
441 0.9407524457197735 0.01766517377107245 0
442 0.05405283266398706 0.3873182431839493 0
443 0.9240729626794753 0.4460523597338646 0
444 0.0778959242217919 0.01839819383330272 0
445 0.5450355469797702 0.01775471011515499 0
446 0.6006894636638347 0.01928366858191114 0
447 0.6828804749750949 0.01811154684294658 0
448 0.7621063504522696 0.01814368732314873 0
449 0.7221588078802842 0.01807439364763023 0
450 0.8021282210548114 0.01784875754457774 0
451 0.8417633771498271 0.01756713513113961 0
452 0.9010972972391993 0.01756568605125064 0
453 0.5056033369254057 0.0177797234555678 0
454 0.215807046049129 0.01816872966137774 0
455 0.3176481347415102 0.01796645381122388 0
456 0.2775551927381926 0.01823256282629649 0
457 0.384676385673218 0.02145271973398481 0
458 0.4216818305047521 0.01960238331832731 0
459 0.4666952489765369 0.01742973578481522 0
460 0.05395503363268542 0.1520033796719432 0
461 0.05364362628839411 0.3286771488091063 0
462 0.05377341354409224 0.2697592288946294 0
463 0.05393927798094912 0.2304685053453637 0
464 0.05389461506094526 0.1912176061115946 0
465 0.8854608906180571 0.4459091739429099 0
466 0.03828928319720638 0.4810369072126321 0
467 0.07631740912475969 0.4815158719469531 0
468 0.1144498796238464 0.4820524652366424 0
469 0.4238126364918092 0.4820530658680391 0
470 0.5955862474500082 0.4456673595941685 0
471 0.5568936768020882 0.4458556423256974 0
472 0.7503972412336237 0.4456886857200589 0
473 0.2115368636586327 0.4819998557137051 0
474 0.269476490690256 0.4819869592284603 0
475 0.7890374649787452 0.4457661077113008 0
476 0.7114161136557087 0.4459157148705207 0
477 0.6723536983996581 0.4462205807101832 0
478 0.8275021216485745 0.4457378060487017 0
479 0.1532697992278645 0.4820617903773098 0
480 0.3274586235028226 0.4821311402760561 0
481 0.3851979932133412 0.4822453880421821 0
482 0.5182144146777031 0.445983712349822 0
483 0.4628554188131375 0.4817618558285907 0
484 0.5402357187373027 0.481926284517417 0
485 0.4796089412146042 0.445781790323196 0
486 0.7336842104714644 0.4816815347565122 0
487 0.8687653255836353 0.4818097905456034 0
488 0.6557567227969505 0.4820791110084481 0
489 0.170069750471857 0.4460104287538219 0
490 0.5983115307533204 0.4816070170230317 0
491 0.305431467844535 0.4461423049329034 0
492 0.208808408069343 0.4460616771723795 0
493 0.1310439633333043 0.4462063773331671 0
494 0.69457955222859 0.482051621946852 0
495 0.8110148447779413 0.4816864898004328 0
496 0.2473834487092234 0.4460792267031964 0
497 0.3440342607413511 0.4462158319928157 0
498 0.4017214273646739 0.4462475820071687 0
499 0.01829691034785534 0.07612912490236033 0
500 0.01897127073036212 0.4618081485570138 0
501 0.01834452012571374 0.4045332118133031 0
502 0.01794020705167253 0.2501100287574647 0
503 0.01796393734662758 0.1920577744234706 0
504 0.01802847517220674 0.1534044135037374 0
505 0.01775938847959971 0.2888441351003284 0
506 0.01774380249581178 0.3469013434182483 0
507 0.5141846737071663 0.05368220848114168 0
508 0.1897962172199658 0.05413847317616544 0
509 0.3435038584889695 0.05284484489765905 0
510 0.2700147003556836 0.05409883090268404 0
511 0.13258714093244 0.05415137426506413 0
512 0.3793250630515551 0.05978217702067937 0
513 0.229336894161797 0.05406593327552586 0
514 0.4193334755220334 0.05410606447980888 0
515 0.4574043471258947 0.05320281825370716 0
516 0.6329323721944723 0.05527264647951214 0
517 0.9028032369631306 0.05348835448016329 0
518 0.7859170105255256 0.05384002775647768 0
519 0.7075821483664576 0.05381965876185844 0
520 0.7464648709016457 0.05383386575711687 0
521 0.8250414343681873 0.05358178107082567 0
522 0.5726475244218514 0.05358257070398192 0
523 0.9265583328680438 0.4820161566106456 0
524 0.9621517698621276 0.446075839486296 0
525 0.9805214244256093 0.03588010143030225 0
526 0.9062348775281439 0.4639338212867626 0
527 0.1130190608495439 0.4640944538822032 0
528 0.4810705081846517 0.4636785143571842 0
529 0.5003959467600503 0.4638080862520921 0
530 0.6161671347593031 0.4636168099199017 0
531 0.4419149798547536 0.4639113207545848 0
532 0.7519098327496938 0.4635466907996441 0
533 0.7712440435683112 0.4636108073082117 0
534 0.2681541133613597 0.4640340717794873 0
535 0.5583567535918597 0.4637602771871402 0
536 0.6543123358641504 0.4641341199295863 0
537 0.3837846901005465 0.4643604622637521 0
538 0.8289320213869453 0.463614200535119 0
539 0.867440485650623 0.4637718413732907 0
540 0.2487801606516516 0.4640724677515206 0
541 0.3454123053619652 0.4642633946427537 0
542 0.2875169211340781 0.4640697419170843 0
543 0.1909281528020086 0.4639561424146966 0
544 0.03682671084453715 0.4245294189323024 0
545 0.03595419766664862 0.23065149744312 0
546 0.03628103217782144 0.1138656185575284 0
547 0.03555726530698235 0.3281560467879457 0
548 0.03610937265006165 0.3862751379275788 0
549 0.03563077573710698 0.2891639095323393 0
550 0.03563258714433265 0.3476160341131287 0
551 0.941362315457178 0.03550588957463637 0
552 0.666239433343119 0.03688127562557311 0
553 0.5892812703400004 0.03579415134967303 0
554 0.5495467711861384 0.03557325080350593 0
555 0.2943721695359811 0.03602305905851939 0
556 0.1734287752222952 0.03637172627609476 0
557 0.8432936957817933 0.03536050026907223 0
558 0.8628514377558397 0.0353436057901347 0
559 0.472461420042546 0.03507145629534517 0
560 0.115329893161523 0.03618551448357594 0
561 0.6477549186270963 0.03899667369096146 0
562 0.1545136069481975 0.03639048038841289 0
563 0.2533867663676727 0.03625414455343156 0
564 0.1925764080782078 0.03623892549367167 0
565 0.3526284269611804 0.03695892535559411 0
566 0.1350975682088789 0.03629260761655883 0
567 0.6332387064957811 0.04276027613610529 0
568 0.03779996259112903 0.4622072185308169 0
569 0.03726557243267785 0.4434311754753272 0
570 0.9442059055906147 0.4640946526275527 0
571 0.9253039624714764 0.4640365250233552 0
572 0.05540606220178975 0.05543539407068486 0
573 0.8868577054420301 0.4638532856256009 0
574 0.05557983285288554 0.4443277040597852 0
575 0.07519348966349258 0.4632510674219997 0
576 0.09401789300888126 0.4637397890750157 0
577 0.1323723180487143 0.4641907555845153 0
578 0.5389501679754363 0.463930880541307 0
579 0.4615115781782818 0.4637647321026592 0
580 0.6736680764040284 0.464214099852911 0
581 0.7128152874183222 0.4638492643752537 0
582 0.2294811335982427 0.4640897396089649 0
583 0.5777385281936892 0.4635943839300714 0
584 0.3261252752084837 0.4642102913583958 0
585 0.7323795058000862 0.4636654735584774 0
586 0.5969932029709495 0.4635733982960447 0
587 0.1519062146793706 0.4640949183715847 0
588 0.4223941595690882 0.4641186493509971 0
589 0.7905134118073409 0.4636454161162925 0
590 0.4030474596292195 0.4642576600728812 0
591 0.809721842397796 0.4636472801866427 0
592 0.1714484400619684 0.4639862598495501 0
593 0.8481205513918055 0.4637094904622023 0
594 0.2102082400604842 0.4640348204847612 0
595 0.3068248530996393 0.4641362004425936 0
596 0.3646256568000898 0.4642966568252261 0
597 0.6352208680212846 0.4638742380483314 0
598 0.5196434175734391 0.4639232227534526 0
599 0.0369773360497566 0.05629488123628694 0
600 0.9609477256804482 0.03572238391741921 0
601 0.03652451535980272 0.07521676848090439 0
602 0.03642756421035794 0.4054889736125578 0
603 0.0361365455343511 0.1333182636808665 0
604 0.03589940145798357 0.1722342711540369 0
605 0.03575728734195065 0.2696522377552557 0
606 0.03595110120737103 0.2111592857351236 0
607 0.03560625773255983 0.308646635398285 0
608 0.03582990110654295 0.366990108485303 0
609 0.03633101578050094 0.09442554494763281 0
610 0.03587089518950728 0.250138837535357 0
611 0.05677560427244745 0.03707681460603478 0
612 0.09547829483224918 0.03625976580672721 0
613 0.724502095170611 0.035898664328054 0
614 0.2123256964005784 0.03616476751176068 0
615 0.7641976371590156 0.03598360213706078 0
616 0.8039982364174714 0.03571426252878208 0
617 0.4063032256970308 0.03414769015258788 0
618 0.8824259527562088 0.03536388516677742 0
619 0.4374079629866725 0.03466177937537595 0
620 0.4911567493131967 0.03546326680594122 0
621 0.9216907602327109 0.03542094495992108 0
622 0.2739915851867187 0.03619221935485955 0
623 0.5299153217061459 0.03563833869906204 0
624 0.6857061293315145 0.03613076870100439 0
625 0.313792058878348 0.03589070510907261 0
626 0.3731563485223029 0.04099544343635072 0
627 0.6168296337479263 0.0337336285316812 0
628 0.456301654041633 0.03375756438217997 0
629 0.3328643292059406 0.03606383764909536 0
630 0.5687095543716717 0.03582421970618595 0
631 0.8236216688913991 0.03554477784547962 0
632 0.05649325002207289 0.4627378359898285 0
633 0.6932003988983404 0.4640849350830513 0
634 0.03599662868912864 0.1527598751544874 0
635 0.03591443214145112 0.1916777530458346 0
636 0.07600787239005716 0.03659185487294993 0
637 0.9020256334813075 0.03541476803335386 0
638 0.2326869154416817 0.03617458544606945 0
639 0.4201848044429505 0.04117944496767433 0
640 0.5103192994616017 0.03563970806895734 0
641 0.7841220254417167 0.03590482286611259 0
642 0.744273017853352 0.03596230661258232 0
643 0.7050470164752516 0.03592992929752632 0
644 0.6713333322874608 0.09133332993620147 0
645 0.8453329835154196 0.09133208422275306 0
646 0.7679999232977799 0.09133314733265317 0
647 0.5940000005686761 0.09133333361953599 0
648 0.3813335478300692 0.4086661988361618 0
649 0.2846657606897877 0.4086538802968815 0
650 0.4586666749322105 0.4086666636965942 0
651 0.5359999999864253 0.4086666666311666 0
652 0.8453327686583988 0.4086694577698566 0
653 0.6906666745424859 0.4086666678048196 0
654 0.3813342635967987 0.09133354054334478 0
655 0.3040119395461389 0.09134059923444603 0
656 0.4780000102098736 0.09133334302917422 0
657 0.09172959733460707 0.2499995988283072 0
658 1.052758237369802 0.2499983975158281 0
659 0.9226762856816167 0.4086922850310691 0
660 0.9611475839287279 0.09129160592009761 0
661 0.1880007932094337 0.4086110193886325 0
662 0.2267058722306257 0.0913715860455491 0
663 0.09170859845352922 0.1906612308453488 0
664 1.05276137420609 0.3077810701060724 0
665 0.980166859403045 0.4087389994258206 0
666 0.1687953001524739 0.0914208032780523 0
667 0.09167988038528585 0.3291750431346574 0
668 1.053040596840884 0.1340152189073029 0
669 0.1301079927020651 0.4085015071354615 0
670 0.09165563605095989 0.1510344768889937 0
671 1.052846670563033 0.3465745956844903 0
672 0.1301798381154559 0.09152602038308971 0
673 0.5940000000090323 0.4086666666809204 0
674 0.7486667727261782 0.4086667423261515 0
675 1.017762243281622 0.4449847792649214 0
676 1.017764823845616 0.05490490371890111 0
677 1.053226621222488 0.3853895822073767 0
678 0.9226465557691406 0.09131403870765537 0
679 0.6326666667176382 0.4086666667420044 0
680 0.7873334379209787 0.4086671447982417 0
681 0.4393333906272174 0.0913333601922543 0
682 0.3233332922409206 0.40866212645485 0
683 0.5553333351375386 0.09133333469237151 0
684 0.7293333276447433 0.09133327723047763 0
685 1.052809371763503 0.1728971806915348 0
686 0.2266553215106703 0.4086351389689043 0
687 1.017908148623793 0.4817748338273455 0
688 0.09149210916064038 0.3885972515470467 0
689 0.09152177561029455 0.1114358351716104 0
690 1.053806009419265 0.462187287882532 0
691 1.05358472674662 0.07599915064081932 0
692 1.053878408462144 0.03770023508818469 0
693 1.017902618508438 0.03646251073604221 0
694 1.053643481705197 0.4239156841951238 0
695 1.053960484026994 0.01881021684974493 0
696 1.035867330977783 0.481473507674007 0
697 0.9988365943897868 0.09181677640868595 0
698 0.09140515441028921 0.4083168721568261 0
699 0.1108245401054299 0.09161618068869216 0
700 1.053429410385935 0.09526812543974009 0
701 0.0915672027817151 0.3688211077882108 0
702 0.09170365899645136 0.3093580460829291 0
703 0.09171659685303522 0.2895580045339357 0
704 0.09172720639975726 0.2302299521992963 0
705 0.8840006225699615 0.408673147427699 0
706 0.941976235359051 0.4087322220707686 0
707 0.9033262566673211 0.09132425153470819 0
708 0.8839978819542723 0.09132908014101618 0
709 0.4973333338182342 0.4086666663769735 0
710 0.7100000281891161 0.408666671804509 0
711 0.3620022562138304 0.09133388036773764 0
712 0.5553333333247412 0.4086666666467324 0
713 0.5360000030737628 0.09133333604521145 0
714 0.5166666710556634 0.09133333785799447 0
715 0.6520000003812096 0.4086666668312845 0
716 0.2846843041857516 0.09134713435238982 0
717 0.8066663672087493 0.09133285053034114 0
718 0.7099999961037369 0.09133330121729645 0
719 0.4200000657154316 0.4086666146603003 0
720 0.806666645684309 0.4086677074984515 0
721 0.6519999996338053 0.09133333228727789 0
722 0.6326666667060268 0.09133333303098898 0
723 0.342666823009658 0.40866420126008 0
724 0.4200001899342534 0.09133339144746688 0
725 0.342671613026358 0.09133492677473241 0
726 1.052762575915594 0.2115153401848489 0
727 1.05275735549058 0.2692377904375201 0
728 0.2653575289040883 0.09135571930273283 0
729 0.245993569227502 0.4086413975524251 0
730 0.2073944771216474 0.09138340037554028 0
731 0.14940696230332 0.4085544212485602 0
732 1.0179674694254 0.01819328931075755 0
733 0.09142387180455348 0.09170337179625732 0
734 1.053907999499613 0.4811213803227077 0
735 0.8839946672854101 0.1106569483274783 0
736 0.6713333281345933 0.1106666525567632 0
737 0.5359999999564704 0.3893333330622297 0
738 0.3426678078862173 0.3893261475217749 0
739 0.7873334072275655 0.3893346493557385 0
740 0.4200008257066916 0.1106668516578236 0
741 0.5553333412474242 0.1106666718820792 0
742 0.6520000008220307 0.3893333337845734 0
743 0.3040367247378686 0.1106856507866108 0
744 0.1114280596804982 0.2302248883936909 0
745 0.2266478311990121 0.3892507014930879 0
746 1.033512850689324 0.2500003018807958 0
747 0.9226462920148985 0.389387076032946 0
748 0.2267799517812719 0.1107593541843191 0
749 0.1112921342153167 0.3292892056381545 0
750 0.1302571932213686 0.3889124012422751 0
751 0.9987233843663782 0.4082278771474888 0
752 0.6906666848513421 0.3893333381869653 0
753 0.3813372132418321 0.110667365409881 0
754 1.016987706902252 0.0928790666481933 0
755 1.017498233971551 0.4262103870667051 0
756 0.9611481601851036 0.4087709936496385 0
757 1.053765915922769 0.05677995422226097 0
758 1.053757222551285 0.4431067116782 0
759 1.053483334339902 0.4047114432566679 0
760 1.053254652002175 0.1145748065080005 0
761 0.09159327094726467 0.1312185942620132 0
762 0.09162223537820714 0.3490126840944224 0
763 0.1113528029845252 0.3094154180374701 0
764 0.09168370613939464 0.1708468593170472 0
765 0.09172322614545854 0.2697733228736247 0
766 0.09171654034555227 0.2104493624887253 0
767 0.9419262306897218 0.0912998224075672 0
768 0.9033350250272154 0.4086798333835738 0
769 0.9226094970705722 0.1106263042992316 0
770 0.864666022173737 0.4086711207192258 0
771 0.8646657792167183 0.09133088146557093 0
772 0.5746666666667593 0.4086666666616544 0
773 0.6133333333586934 0.4086666667125358 0
774 0.8259996814070911 0.4086685742848242 0
775 0.5360000139350839 0.1106666767253635 0
776 0.497333340581901 0.09133334072043313 0
777 0.6713333361825168 0.4086666673276663 0
778 0.7293333998874899 0.4086666932619175 0
779 0.7680001169387612 0.4086669170588484 0
780 0.3233428005084926 0.09133754172964777 0
781 0.5166666667941046 0.4086666665135047 0
782 0.4006673297923532 0.0913334774146721 0
783 0.6519999982707072 0.1106666610326916 0
784 0.6906666639575431 0.09133331832574351 0
785 0.4586666957662879 0.09133335096911681 0
786 0.7873331410230254 0.09133300016490031 0
787 0.6133333336536564 0.09133333335095452 0
788 0.4780000029636716 0.4086666655840362 0
789 0.8259995963510317 0.09133251104531696 0
790 0.4393333641888442 0.4086666505547889 0
791 0.7486666375565105 0.09133321663263748 0
792 0.3620002975972996 0.4086652794103292 0
793 0.5746666681202098 0.09133333425691938 0
794 0.3039998119569355 0.4086579902343188 0
795 0.4006668265564462 0.4086664600003577 0
796 0.3620084833227779 0.1106683734408942 0
797 0.2653305460145807 0.4086470118232035 0
798 1.05275899809331 0.2307599615911128 0
799 1.052757486203771 0.2884961315707526 0
800 0.2847180075675833 0.1107013273218376 0
801 1.052778100368472 0.1922284399020942 0
802 1.052787161379625 0.3271665413398082 0
803 1.052909287987799 0.1534472888406367 0
804 1.053010162352964 0.3660520364481928 0
805 0.24603359680324 0.09136539196586071 0
806 0.2073235346131037 0.4086218845450754 0
807 0.1880962696650229 0.09140076834858381 0
808 0.1687022964043665 0.4085843134182702 0
809 0.1495011962637412 0.09146905072741369 0
810 0.1107788520376644 0.4084018521627367 0
811 0.9801689134575597 0.09140228485430911 0
812 1.017846216857135 0.4634298257840389 0
813 1.035947093888426 0.01846934896181741 0
814 1.017469950626796 0.07373472534125815 0
815 0.1303804573781467 0.1111371866116302 0
816 0.1109788531159252 0.111305239519545 0
817 0.1110508115591665 0.3690044807682549 0
818 1.035849745813211 0.03707625957629668 0
819 1.035782320712495 0.4627967157748158 0
820 1.035428034282949 0.07492470584952082 0
821 0.7486665598011737 0.1106663324778448 0
822 0.4200003735100076 0.389333116783231 0
823 0.6713333150803111 0.129999956858481 0
824 0.5553333573554424 0.1300000132963963 0
825 0.3813457845367912 0.1300017829246921 0
826 0.3040830479796977 0.1300366800121088 0
827 1.033717657919747 0.1725503821641049 0
828 1.033550477427914 0.3080060756492543 0
829 0.1307795830054639 0.3294653791767819 0
830 0.9795350862099211 0.389378307466181 0
831 0.9981529002245794 0.1114220430286176 0
832 0.1880341352572693 0.3891721353108631 0
833 0.8646639157636687 0.3893436919269843 0
834 1.033814736524583 0.3473145376127816 0
835 0.1113152799914624 0.1707177935588248 0
836 0.9418560136587396 0.3894455886297507 0
837 0.5746666666735748 0.3893333332670708 0
838 0.5940000025127132 0.1106666676722216 0
839 0.729333462449155 0.3893334014616592 0
840 0.7873328000995216 0.1106657788088072 0
841 0.8259988199925629 0.1106645871682222 0
842 0.8646641760398069 0.1106610654910394 0
843 0.4586667989317904 0.1106667224676879 0
844 0.4586667241593601 0.3893333142508428 0
845 0.6326666669379246 0.1106666644870064 0
846 0.3426830466063693 0.1106710889624892 0
847 1.033512616489261 0.2692703933477216 0
848 0.2460887217822863 0.1107409254886908 0
849 0.1689761716586251 0.1108837241982978 0
850 1.016912869627266 0.4071061546672929 0
851 1.034718259243194 0.1135368370268316 0
852 0.1111643734424562 0.3491775833187474 0
853 0.1114041648947648 0.2104212885929826 0
854 0.1111219180754669 0.1310562309729529 0
855 0.1114218945328969 0.26977127934575 0
856 0.1113913144773593 0.2895767936284487 0
857 0.111426244715463 0.2499969058199983 0
858 0.9033273172096226 0.3893609400564428 0
859 0.9418255520016164 0.110610294099464 0
860 0.845331178335256 0.3893405345187688 0
861 0.8066662658825997 0.389336050124069 0
862 0.9033116465011518 0.1106457603695301 0
863 0.6713333387568535 0.3893333353917903 0
864 0.5553333333109701 0.3893333331508509 0
865 0.6133333334026227 0.3893333332587704 0
866 0.632666666918475 0.3893333332071662 0
867 0.5166666670288814 0.3893333326557792 0
868 0.7680002072867819 0.3893339483054368 0
869 0.7100000583248942 0.3893333557259421 0
870 0.6906666545392127 0.1106666198643108 0
871 0.497333366068719 0.1106666903195937 0
872 0.4393337395309768 0.1106667748104346 0
873 0.5746666722372479 0.1106666697530796 0
874 0.5166666901755519 0.110666683786267 0
875 0.3620011578377446 0.3893295018354467 0
876 0.478000016523316 0.3893333273969811 0
877 0.32333482929322 0.3893193137594715 0
878 0.2846664479443605 0.3892983683731986 0
879 0.2459886289499534 0.3892678665822282 0
880 0.381334342758935 0.3893315721670912 0
881 0.4006690766233062 0.1106670965442269 0
882 0.3233615141924527 0.1106773870349097 0
883 0.9796570176167011 0.1109137581947165 0
884 1.033539133331759 0.2114453805289038 0
885 1.034620706058331 0.3865165500228366 0
886 1.034317482936278 0.1331446732849061 0
887 1.033520074527442 0.2307347772426602 0
888 0.2075031862167622 0.1107872761476266 0
889 0.1495320693460095 0.3890226891323442 0
890 0.2654038179543382 0.1107216184247523 0
891 0.2073292038587508 0.3892134812038444 0
892 0.1497001000212063 0.1109994556881324 0
893 0.1109012453526418 0.3887389036422924 0
894 1.035678206538272 0.4439602370562017 0
895 1.035690993424625 0.05590143927044473 0
896 1.035129651338965 0.09414475518326619 0
897 1.035475020215974 0.4249613498876719 0
898 0.9032901343812354 0.1299707583964574 0
899 0.7873331325580866 0.3700026278750546 0
900 0.4780000634135888 0.3699999554810697 0
901 0.6133333335259379 0.3699999992997557 0
902 0.7100000661359223 0.3700000423275837 0
903 0.3813361432354726 0.3699960998975519 0
904 0.131085261439305 0.2499966839129959 0
905 1.014272113086217 0.2500224260641022 0
906 0.9416378602275987 0.3701154595071895 0
907 0.2266598882365558 0.3698374446185984 0
908 0.2269205321398373 0.1301689843619778 0
909 0.6906666242940501 0.1299998887082216 0
910 0.5360000003188908 0.3699999986622669 0
911 0.4393346272327718 0.1300002401874093 0
912 0.9974561569813284 0.1312456776648063 0
913 0.1305973844678572 0.3493794591493136 0
914 0.1691956153633467 0.1304037778248461 0
915 0.7293332827606852 0.1106664621023467 0
916 0.6520000013719562 0.3699999853142134 0
917 0.3426702942721254 0.3699834825474914 0
918 0.9978847888227104 0.3887779571739837 0
919 0.1497033870322418 0.3693688627565848 0
920 0.1310023945171649 0.2896530530153716 0
921 0.960808432727959 0.3894680208312424 0
922 0.1308913724486902 0.3095541980542848 0
923 0.1113607128681782 0.1905678941941766 0
924 0.1310336340142939 0.2103012169723841 0
925 0.9608518821753408 0.1106884879583056 0
926 0.1112262209266971 0.1508563923208704 0
927 0.9416365646431765 0.1299907702118835 0
928 1.0341847671683 0.3670235388318065 0
929 1.033982088710531 0.1528524915454581 0
930 0.903302481092585 0.3700425854132276 0
931 0.8646598237525539 0.3700185263828416 0
932 0.8839952887964273 0.3893504228397549 0
933 0.8453317004102524 0.1106632066898671 0
934 0.8259987525221305 0.3893381088484037 0
935 0.8066657588440191 0.1106652329866937 0
936 0.883984279664128 0.1299828927047959 0
937 0.7679997139940341 0.1106660754334243 0
938 0.6713333394826758 0.3699999790334951 0
939 0.5746666667844491 0.3699999996418871 0
940 0.478000074276048 0.11066670544701 0
941 0.5940000074787943 0.1300000022263563 0
942 0.5746666814644517 0.130000007078899 0
943 0.709999973721828 0.1106665516070385 0
944 0.7486668599989753 0.389333584189546 0
945 0.5360000447394054 0.1300000246113004 0
946 0.4393335288395499 0.3893332525635309 0
947 0.5940000000465231 0.3893333332631937 0
948 0.4973333403498501 0.3893333288588314 0
949 0.6133333349992827 0.1106666663217007 0
950 0.4006674475715366 0.3893325138660551 0
951 0.6519999936229902 0.1299999797727265 0
952 0.4973334593098843 0.130000057983964 0
953 0.3620241498472434 0.1300040477190196 0
954 0.4006732813124967 0.1300009176101476 0
955 0.2847792508604024 0.1300640023052674 0
956 1.033609927622769 0.192040708844659 0
957 0.342707182113524 0.1300092158250431 0
958 0.3233959440060761 0.1300203157029698 0
959 0.3040015662236008 0.3893091385649973 0
960 1.033651566370274 0.327633647264753 0
961 1.033524257344943 0.2886035202657966 0
962 0.1882434839057501 0.1108324051993865 0
963 0.265328979198649 0.3892824411946957 0
964 0.168784788653378 0.3890912136982906 0
965 1.014364041066712 0.2112760423471784 0
966 0.2654830349658797 0.1300974699189462 0
967 0.1881168951881062 0.369656039672241 0
968 0.1305572116393302 0.1308298208822618 0
969 0.1304108820425335 0.3691767339594446 0
970 1.01641124515517 0.1124479471948869 0
971 1.035117297052458 0.4058271497293487 0
972 0.8066648706061547 0.1299972410897633 0
973 0.9032272411598682 0.1493118543083628 0
974 0.6520000009820813 0.3506654512014729 0
975 0.5940000176488861 0.1493333444353507 0
976 0.4006834704703738 0.1493350638873101 0
977 0.3427494090921928 0.1493497669131287 0
978 0.2848786056455216 0.149433781494665 0
979 0.6713332863632856 0.149333412607181 0
980 1.014446540550472 0.3084686428664832 0
981 0.1503048942469651 0.3098331466009036 0
982 0.1498915144878042 0.3495784321567404 0
983 0.960486548691639 0.1301665615556029 0
984 0.5166666702298525 0.3699999839197614 0
985 0.6133333378705321 0.129999998570676 0
986 0.555333396352536 0.1493333668689163 0
987 0.420001350025747 0.3699993275633097 0
988 0.4780002586638126 0.1300000895669424 0
989 1.014284377117688 0.269395071268454 0
990 0.2076812917631952 0.1302210203737323 0
991 0.9788500024395576 0.3698128755451337 0
992 1.015029399084311 0.3482744694619201 0
993 1.015263084560497 0.152090563251786 0
994 0.1307129087863191 0.1505951355071424 0
995 0.1309507749205313 0.1903620314167121 0
996 0.9790525614485212 0.1306106114528734 0
997 0.960356376536722 0.3700387840190804 0
998 0.1310502581983806 0.269819329032176 0
999 0.1310676156537402 0.2301671137638238 0
1000 0.8839868117516648 0.3700281657515888 0
1001 0.9225081422780906 0.1299717096063699 0
1002 0.864660249924762 0.1299898837744393 0
1003 0.8259973083707699 0.3700085334074276 0
1004 0.8453285411060806 0.3700132030844352 0
1005 0.9225294854990536 0.3700736506521826 0
1006 0.8453296494131147 0.1299936095106315 0
1007 0.7680001351652875 0.3700012310266386 0
1008 0.7679993821738114 0.1299988193452123 0
1009 0.7486663443572803 0.1299992424294878 0
1010 0.7099999185474521 0.129999756494459 0
1011 0.8066654502415693 0.3700052548493425 0
1012 0.6906666902339327 0.3699999980122053 0
1013 0.7293334755224612 0.3700001561947323 0
1014 0.6326666671571993 0.3699999206671604 0
1015 0.5940000001561655 0.3699999997666438 0
1016 0.4973333557243811 0.3699999581608888 0
1017 0.6326666669062612 0.1299999909096744 0
1018 0.4586669245557834 0.3699998921369649 0
1019 0.5553333335461296 0.3699999991358504 0
1020 0.4006689877070377 0.3699980904575488 0
1021 0.5166667483755345 0.1300000405516137 0
1022 0.4586672907975625 0.1300001480401752 0
1023 0.4200037545199476 0.1300005182691436 0
1024 0.3620032339548012 0.3699910343855357 0
1025 0.3233386698108756 0.3699699887470771 0
1026 0.2846717775400725 0.3699304042777269 0
1027 0.2459950522097859 0.369874320872803 0
1028 1.01430033399553 0.2306727718184269 0
1029 0.2462009440018371 0.1301337842926173 0
1030 0.3813665232951197 0.1493371610733017 0
1031 0.2073693839642948 0.3697608675959098 0
1032 1.014847052119376 0.1719621319480057 0
1033 1.014559278923461 0.1916773809199394 0
1034 0.3234536979444267 0.1493671142340052 0
1035 0.1689175665623763 0.3694982164299957 0
1036 0.1884490480663644 0.1303006468973884 0
1037 0.1499038353240316 0.1306040151289783 0
1038 1.015842756656372 0.1322042028321523 0
1039 1.016210801310347 0.3877126191778495 0
1040 0.8453253721117574 0.3506866679993546 0
1041 0.7679988626417014 0.1493321995389251 0
1042 0.4780003247917126 0.3506656619566581 0
1043 0.7873326307589663 0.3506704238520385 0
1044 0.7100000389787366 0.3506666097385002 0
1045 0.5746666677736093 0.3506660138141085 0
1046 0.4973337114633163 0.1493334480705947 0
1047 0.4200036480127271 0.3506614150330951 0
1048 0.3620065456076734 0.3506505610359079 0
1049 0.4007054531500659 0.1686704388745229 0
1050 0.3428186956811218 0.168693764316632 0
1051 0.9950755353655436 0.25008367187949 0
1052 0.1506452687305529 0.2300576981264927 0
1053 0.941246142232253 0.3506962365450923 0
1054 0.2271230491779359 0.1496017594320315 0
1055 0.2267239886162204 0.3503994588783632 0
1056 0.9599571549461473 0.1498478105218261 0
1057 0.9953085630450338 0.2109289140664184 0
1058 0.1694350287417902 0.1500237474762549 0
1059 0.9032418076391897 0.3507200597046014 0
1060 0.8646533347118517 0.14931927662408 0
1061 0.5166666861734015 0.3506657639906255 0
1062 0.4393371596736909 0.1493338107254259 0
1063 0.9223461967360893 0.1493603092751325 0
1064 0.9967992958130287 0.1512311797391004 0
1065 0.9971503560045978 0.3690890569853136 0
1066 0.1500838296722578 0.3297386494639182 0
1067 0.1308362444742587 0.1704409104844008 0
1068 0.978145847821536 0.3499835488016327 0
1069 0.1506060584431257 0.2699554769332241 0
1070 0.1504642902410942 0.2899261194343925 0
1071 0.1504545972755827 0.1900549847615404 0
1072 0.8839579555106645 0.1493140049147774 0
1073 0.8259973643501404 0.129995720457026 0
1074 0.8839650314994967 0.3507043413522202 0
1075 0.7486668495208114 0.3700005103938337 0
1076 0.7293331650217121 0.1299995365826877 0
1077 0.8259954357044822 0.3506797537484068 0
1078 0.787332155445986 0.1299981477069763 0
1079 0.6906665593867153 0.1493338117898551 0
1080 0.6906666805648536 0.3506659231845959 0
1081 0.6326666671982776 0.3506659108503498 0
1082 0.671333337491766 0.3506649153713511 0
1083 0.6133333338363949 0.350666286935087 0
1084 0.6519999816386973 0.1493334501814008 0
1085 0.6133333421870809 0.1493333521796229 0
1086 0.5360000066645338 0.3506653747576552 0
1087 0.4393341318208881 0.369999426022232 0
1088 0.5746667031314712 0.1493333505997212 0
1089 0.5360001211743206 0.1493333926077328 0
1090 0.4780008172687168 0.1493335108842672 0
1091 0.4200098655092017 0.1493343736324693 0
1092 0.3426750992301574 0.3506355412251926 0
1093 0.3813396404697928 0.3506574112362299 0
1094 0.3620582068454924 0.1493421986334338 0
1095 0.2656138980059171 0.149483998941524 0
1096 1.0147071321353 0.3283354705489647 0
1097 0.9961874329519427 0.1712114795325975 0
1098 0.3040067698713515 0.3699512520085174 0
1099 1.01434588666981 0.2888898195183551 0
1100 0.265334895196859 0.3699024081014007 0
1101 0.1882598950412231 0.3500850367610607 0
1102 0.304166002971622 0.149395950078554 0
1103 0.2079135919421377 0.1497006946115896 0
1104 1.015604628917904 0.3680605553140162 0
1105 0.1501010801066529 0.150306891776082 0
1106 0.169092043845065 0.3498229616035867 0
1107 0.9031193995205553 0.3313391507649686 0
1108 0.8453205956709055 0.3313371730272581 0
1109 0.7099999889755123 0.3313274744107296 0
1110 0.6519999985006525 0.3312996545451466 0
1111 0.5940000379489874 0.1686681465375109 0
1112 0.516666764667069 0.33128654304191 0
1113 0.2850237425540069 0.168823820226656 0
1114 0.9030492921884914 0.168704835261728 0
1115 0.690666480209343 0.1687044769731428 0
1116 0.4973342867910062 0.168667543519844 0
1117 0.3813465630869401 0.3312776000219501 0
1118 0.2273311021822984 0.1690852930575205 0
1119 0.1698274977094932 0.2903374169763072 0
1120 0.9955584658503833 0.3092231463962692 0
1121 0.8066636553021266 0.1493294077671923 0
1122 0.4586676379802873 0.3506642417122834 0
1123 0.3814027734844828 0.1686744025839399 0
1124 0.3040185049411523 0.3505851544914053 0
1125 0.1693033425316238 0.330105565715108 0
1126 0.1696568546864684 0.1697867187094695 0
1127 0.1505610273839094 0.210057109029509 0
1128 0.9223345773686082 0.3507221812984607 0
1129 0.1506425811765683 0.2500105797190456 0
1130 0.8838806212095121 0.1686750951891541 0
1131 0.8646503353491896 0.3506931469589311 0
1132 0.9597717378390723 0.3504475796278267 0
1133 0.9412449726602491 0.1495397815856352 0
1134 0.8453258140635753 0.1493239698279744 0
1135 0.787331356033068 0.1493310248067699 0
1136 0.7486667514155128 0.3506669812796169 0
1137 0.7679998663445807 0.3506682824464755 0
1138 0.7293329756784324 0.1493336572660296 0
1139 0.7099997839574401 0.1493367600561549 0
1140 0.8066644435975355 0.3506740024898236 0
1141 0.7293334008397701 0.3506662145727768 0
1142 0.6906666583663035 0.3313201379190427 0
1143 0.671333241203079 0.1687009087939324 0
1144 0.6326666667783701 0.3312907817392648 0
1145 0.6326666646034985 0.1493334013548007 0
1146 0.5940000007185263 0.3506663392650228 0
1147 0.5553333363431511 0.3506652352147053 0
1148 0.5746667479367648 0.1686669916403754 0
1149 0.4973334595329568 0.3506629414647441 0
1150 0.7486659946642181 0.1493331523264202 0
1151 0.5166669151350102 0.149333464003518 0
1152 0.5553334993823954 0.1686674000926021 0
1153 0.458668574850348 0.1493336264870055 0
1154 0.4393355845189137 0.3506618474996939 0
1155 0.4006722455084277 0.3506565039538327 0
1156 0.4393425222690909 0.16866807528635 0
1157 0.4200213738686981 0.1686687023937248 0
1158 0.3620161544610081 0.3312601991539056 0
1159 0.9951355828321454 0.2697028551811929 0
1160 0.9956942328332052 0.1911180148934059 0
1161 0.2846906266604972 0.3505488055054782 0
1162 0.2460390736441844 0.3504611599455892 0
1163 0.9951527860030458 0.2305150206886421 0
1164 0.3621095072491723 0.1686818011580043 0
1165 0.2463639090014292 0.1495434334026448 0
1166 0.1886889015434207 0.1498571264322306 0
1167 0.2074751730592215 0.3502756308453651 0
1168 0.3233468744997949 0.3506126268851807 0
1169 0.323547821095005 0.1687219881693035 0
1170 0.1502738869204578 0.1701347099878111 0
1171 0.9783939616152439 0.1504707580241595 0
1172 0.9965300845665647 0.3491488650165476 0
1173 0.7873304647205068 0.1686833174183085 0
1174 0.7873320320595931 0.3313105800432593 0
1175 0.4586695992052435 0.3312756136543633 0
1176 0.3040513898304463 0.3311732039087023 0
1177 0.9026888732479287 0.1882295849389917 0
1178 0.6906664018183409 0.1883211732893661 0
1179 0.594000076376956 0.1880447265976632 0
1180 0.4393518531080294 0.1880373406389134 0
1181 0.3813689737245299 0.311621998271561 0
1182 0.7099999195100946 0.3119183707738105 0
1183 0.651999992879468 0.3117273437528434 0
1184 0.3814553255183689 0.1880556976652007 0
1185 0.9770081301272047 0.19041007272585 0
1186 0.9759857926372199 0.2501483847461585 0
1187 0.1699920183829983 0.2097381868151656 0
1188 0.2268837304729545 0.3309284301720805 0
1189 0.8646364916287298 0.3313375071981612 0
1190 0.7486655847586672 0.1687004114803309 0
1191 0.5940000030223492 0.331292997686362 0
1192 0.4973337140618742 0.3312819982922269 0
1193 0.5360003088914116 0.168668200948046 0
1194 0.4780020965556838 0.1686681154745519 0
1195 0.3426899263025315 0.3312347933391664 0
1196 0.3429209514035814 0.1880795810628899 0
1197 0.2657786452388582 0.1689006219798144 0
1198 0.2081420287472391 0.1692667168273287 0
1199 0.9591385413828626 0.3307503889186861 0
1200 0.9220662748127846 0.3313033202573218 0
1201 0.9774857423033091 0.3300130212966398 0
1202 0.9777182653726447 0.1704171156249131 0
1203 0.1698312170553216 0.1897027107869506 0
1204 0.9407173277855406 0.1691726963421733 0
1205 0.1701049317183129 0.2500487216950826 0
1206 0.1700017232070302 0.2702332899859903 0
1207 0.8839062844893602 0.3313299407771059 0
1208 0.8646191391146312 0.1686732249166913 0
1209 0.7679995215857046 0.3313057439558474 0
1210 0.7293333030533807 0.3313195094856263 0
1211 0.8259953027270033 0.1493273700072573 0
1212 0.7293326819181588 0.1687107048813552 0
1213 0.7099996257070202 0.1687302699185265 0
1214 0.632666661300198 0.1686758420620006 0
1215 0.6519999611632841 0.1686903878248892 0
1216 0.6713333284288285 0.3312947578108356 0
1217 0.6133333507866395 0.1686753219846692 0
1218 0.6133333348763076 0.3312845755344316 0
1219 0.5746666752678848 0.3312797395067923 0
1220 0.5360000448877049 0.3312762595092031 0
1221 0.4200087736801406 0.3312597082737174 0
1222 0.5746668463350794 0.188045878302377 0
1223 0.5166672366381739 0.1686681403932724 0
1224 0.8259933090094356 0.3313246928448222 0
1225 0.4586717338031129 0.1686709185881655 0
1226 0.9764606617579559 0.210330722341293 0
1227 0.4006792480854672 0.3312458865125628 0
1228 0.9219405570658626 0.168881463919558 0
1229 0.9953178402361456 0.2894487653227848 0
1230 0.4200397097958115 0.1880415357621138 0
1231 0.3042871236037306 0.1687689670128124 0
1232 0.9960289584113006 0.3291717783905277 0
1233 0.2653660427164136 0.3505065313447813 0
1234 0.1695521615358893 0.3102983320136264 0
1235 0.246543564751972 0.1689906978571186 0
1236 0.1889203392441075 0.1695256588031792 0
1237 0.1884780548281355 0.3304769570669667 0
1238 0.8453102615053667 0.3118083108660404 0
1239 0.7873314096948498 0.3117524847396383 0
1240 0.5166670717842943 0.3116180734735253 0
1241 0.2851928220176806 0.1883280781970854 0
1242 0.5940001294026088 0.2076877996681921 0
1243 0.5166678107821575 0.1880425726092786 0
1244 0.6133333385169361 0.3116615889318641 0
1245 0.439364849681516 0.2076502156834567 0
1246 0.9216078165213651 0.311624571044696 0
1247 0.1893112399378172 0.270589204053115 0
1248 0.2275053209004877 0.1887719806395194 0
1249 0.7293331738819664 0.3118934624117743 0
1250 0.1887637216366456 0.3107452993041044 0
1251 0.6519999435857775 0.1881743956563836 0
1252 0.6713333136476934 0.3117923059368379 0
1253 0.5553337092790698 0.1880489975330314 0
1254 0.1891137654930357 0.1893474445378796 0
1255 0.9584821309181193 0.1896316823090176 0
1256 0.9213578850088439 0.1885269794840429 0
1257 0.976953616012452 0.3101079374124216 0
1258 0.9406881746003909 0.3311095895608469 0
1259 0.1700584890253466 0.2298690388602416 0
1260 0.8837914481230226 0.3117352573067486 0
1261 0.883692716959637 0.1881575336058192 0
1262 0.8066622595026605 0.1686836282439208 0
1263 0.8453144756753965 0.1686807796217583 0
1264 0.7293324397282681 0.1883278286751978 0
1265 0.7486665139974115 0.3313049495861823 0
1266 0.8066633077577706 0.3313008419747501 0
1267 0.7679981632043799 0.1686967745887563 0
1268 0.6713331970925627 0.1883009058699942 0
1269 0.7099994868483807 0.1883933675634125 0
1270 0.6906666225975442 0.3118649323138461 0
1271 0.6326666573379488 0.1881160678520933 0
1272 0.6133333657487179 0.1880951889292772 0
1273 0.6326666664126277 0.3116357214585752 0
1274 0.5940000147585951 0.311621642725991 0
1275 0.5553333571922092 0.3312649759912996 0
1276 0.4973354780663272 0.1880492507170165 0
1277 0.4780013193983522 0.3312755157302263 0
1278 0.4393393805823591 0.3312452373314745 0
1279 0.4780044842472104 0.1880494402375685 0
1280 0.4586768167558529 0.1880638037378254 0
1281 0.362050648564465 0.3115688451910199 0
1282 0.2847435336869269 0.3311254577596919 0
1283 0.2461573773297426 0.3310173000760316 0
1284 0.9761288592801934 0.2302067263332589 0
1285 0.4006948520062612 0.3115772354076237 0
1286 0.400742885875765 0.1880561712130748 0
1287 0.9761476917023409 0.2701507545576587 0
1288 0.207677901738832 0.3307331551307984 0
1289 0.323678583813126 0.1881347727520762 0
1290 0.3233707740469785 0.3311977319379171 0
1291 0.3621849162571614 0.1880728138242712 0
1292 0.2659467131027948 0.1884924941415141 0
1293 0.9592360914459426 0.1697417673831375 0
1294 0.8066607307054321 0.1881722359449496 0
1295 0.304132551694077 0.3115210169849648 0
1296 0.9021048638379594 0.2081034017671493 0
1297 0.7293323028718829 0.2085814570368374 0
1298 0.6906663546395508 0.2085734853379225 0
1299 0.6519999335773807 0.2080819569789101 0
1300 0.5166686679800624 0.2076786074346667 0
1301 0.478002995467357 0.3116312017810469 0
1302 0.4007280021907342 0.29124829845146 0
1303 0.3622688022668294 0.2077006625494488 0
1304 0.2853382991544681 0.2082172962500241 0
1305 0.7293329905563724 0.2921495157151817 0
1306 0.6906665745529664 0.2921203767526874 0
1307 0.6326666673302539 0.2914371140953934 0
1308 0.9570344459995053 0.2501311258916008 0
1309 0.227144028413699 0.3113572620636854 0
1310 0.7486662867890643 0.3118097389874023 0
1311 0.8066623423641914 0.3117518516510112 0
1312 0.3427376066696271 0.3115370625944494 0
1313 0.940075733787554 0.3113563936297895 0
1314 0.1890568557341517 0.2907848284600815 0
1315 0.1892575083849866 0.2094023214823158 0
1316 0.1893895823265704 0.250150648973665 0
1317 0.9027796705388543 0.3116423963533568 0
1318 0.8259914603094066 0.1686947578878485 0
1319 0.8645430791164997 0.1881643584198162 0
1320 0.767997551410651 0.1882049493210876 0
1321 0.7486651356006414 0.1883347428082097 0
1322 0.8259897152683392 0.311764528887691 0
1323 0.7679990766274795 0.3117366836173443 0
1324 0.8645822017416387 0.3117356561272755 0
1325 0.6713332868865921 0.2918355168368705 0
1326 0.6133333508367662 0.2913227926285403 0
1327 0.5746669792321921 0.2077122073207172 0
1328 0.5746667077434834 0.3115915199447241 0
1329 0.5360002071903029 0.3115821983178872 0
1330 0.6326666597504571 0.2078961589519034 0
1331 0.6133333828190036 0.2078018332740632 0
1332 0.4973345992089852 0.3115753362691248 0
1333 0.4586738543581625 0.3115596284142694 0
1334 0.5360007211834046 0.1880662563177777 0
1335 0.3814256099629023 0.2912033340727077 0
1336 0.4780077383767566 0.2076832325923326 0
1337 0.4586832304257625 0.2077144118359166 0
1338 0.3044368667373903 0.1882490304417917 0
1339 0.9577387012048955 0.2096460099434971 0
1340 0.4200214367716585 0.3115034412956558 0
1341 0.2467120840286874 0.1886651337539521 0
1342 0.42006415318163 0.2076678927891673 0
1343 0.9765146704316112 0.2901611137973537 0
1344 0.3430333301045407 0.2077552864231332 0
1345 0.400783364617467 0.2076907094563282 0
1346 0.2654495861467407 0.3310734830820368 0
1347 0.2079581719617413 0.3110731481710897 0
1348 0.2083116903254088 0.1890527769086845 0
1349 0.9399209936895814 0.1890239675235285 0
1350 0.9584957275429509 0.3108305212688718 0
1351 0.864506512311802 0.2916321773511765 0
1352 0.8259852666939014 0.2917666332095852 0
1353 0.7873304900523675 0.2916427779954461 0
1354 0.536000535860565 0.2912593589471875 0
1355 0.4973358395152903 0.2912790573819167 0
1356 0.4586882713664778 0.2279378664648113 0
1357 0.6906665031535901 0.2716957185050197 0
1358 0.6519999376617801 0.228622240953109 0
1359 0.6133333934195794 0.2280794188501249 0
1360 0.4200828455914822 0.2278833559971963 0
1361 0.3623230436997088 0.2279777795731037 0
1362 0.632666669403655 0.270487231780539 0
1363 0.4007762232068492 0.2701201012011674 0
1364 0.9393499455919533 0.2912059719141614 0
1365 0.2085083751448947 0.2709699426438728 0
1366 0.2276523093749775 0.2089352151012387 0
1367 0.8259875727231416 0.1882160337059419 0
1368 0.7486659564249111 0.2919307426753965 0
1369 0.5360011644148364 0.2077039712574065 0
1370 0.3238057936707174 0.2078410336707914 0
1371 0.9205707133016382 0.208532819602738 0
1372 0.9573407955616524 0.270508841747947 0
1373 0.2274396641161195 0.2915099903729956 0
1374 0.265596434321977 0.3115155279709312 0
1375 0.1893446931481738 0.2297137281544472 0
1376 0.9023228397869937 0.291442530964228 0
1377 0.8452898307289402 0.1882237928496531 0
1378 0.4200418274961435 0.2911251482641284 0
1379 0.883403146139036 0.2079812674838362 0
1380 0.7679971310561549 0.2081807565100455 0
1381 0.7873294618546502 0.1882173482876018 0
1382 0.7099998048493428 0.2921088115362571 0
1383 0.6713331727705534 0.2084591497519553 0
1384 0.6519999814406209 0.2915157709101232 0
1385 0.5940000504920212 0.2912750156645492 0
1386 0.5940001686435281 0.2280606813323287 0
1387 0.7486648923306575 0.2084970376748278 0
1388 0.5553334497820613 0.3115193668415733 0
1389 0.7099994102637922 0.2087214848674282 0
1390 0.5553339847667396 0.2077381816153919 0
1391 0.4780062034655702 0.291234907947214 0
1392 0.4393475264356378 0.3114586249747354 0
1393 0.3621293015668061 0.2911890690381495 0
1394 0.4973373653969891 0.207743373815916 0
1395 0.2463700407035955 0.3114280033428278 0
1396 0.9572379277475752 0.2298059143285664 0
1397 0.2660930933601565 0.2085667861381807 0
1398 0.3234353787686504 0.3114882336142368 0
1399 0.3815184794844239 0.2077654410037674 0
1400 0.284862623189908 0.311485463883535 0
1401 0.304570481885263 0.2080377315971249 0
1402 0.208251272826089 0.291140607886353 0
1403 0.208455378670276 0.2091863064170364 0
1404 0.9391136675465644 0.209082421645173 0
1405 0.9578945952854494 0.2907208871257334 0
1406 0.8452663963578635 0.2081727348736644 0
1407 0.3238626441456092 0.2281502965729923 0
1408 0.2854030503996414 0.2287702807276116 0
1409 0.9016064194755582 0.2285181660891114 0
1410 0.7679970605914026 0.2288784925355868 0
1411 0.5553341273034424 0.227983485958907 0
1412 0.5166693398646829 0.2279805249541419 0
1413 0.3235476720904704 0.2912342677154362 0
1414 0.285032745059723 0.2914316471326158 0
1415 0.2276791636180692 0.2711840335240197 0
1416 0.7486655558557205 0.2714619172025885 0
1417 0.7293323108538277 0.2295809923347421 0
1418 0.4973376194968506 0.2702091689269043 0
1419 0.4200668018471965 0.2700563046630097 0
1420 0.7099996712060056 0.2717856976283439 0
1421 0.6519999673844959 0.2707605890582247 0
1422 0.5746667948198629 0.2912272421193918 0
1423 0.4780109082344455 0.2280182268121197 0
1424 0.4586801522445617 0.2911613228445786 0
1425 0.4008125441065327 0.2279552623127721 0
1426 0.9382875927506447 0.2499805155905092 0
1427 0.6133333919129867 0.2491116134498861 0
1428 0.6133333740738084 0.2703274442274502 0
1429 0.9385346010094454 0.2294035232265579 0
1430 0.938719152346417 0.2706482853626255 0
1431 0.2085925563623469 0.2503012411660467 0
1432 0.208554858738165 0.2296619368766186 0
1433 0.9208676417393248 0.2912928769878617 0
1434 0.8644286829001284 0.2080910696478164 0
1435 0.8066587833411639 0.2080915418070699 0
1436 0.7873286723239259 0.2081593163460318 0
1437 0.8452774999078277 0.2916655733102509 0
1438 0.7679984748092088 0.291660164583164 0
1439 0.8835088123572513 0.2914309174242827 0
1440 0.806660122340625 0.2916082708015847 0
1441 0.6906663620880704 0.2295121338546177 0
1442 0.671333246777386 0.2711690110257649 0
1443 0.6713331764285081 0.2291669695123508 0
1444 0.5553336311543424 0.2911536413302965 0
1445 0.6326666659498296 0.2283853691660322 0
1446 0.5166679504965113 0.2911487233874665 0
1447 0.5746670619930262 0.2280924352349721 0
1448 0.3815005094159725 0.2701109965452127 0
1449 0.2468624983681457 0.2088491834612699 0
1450 0.4393592618546766 0.2910420062093194 0
1451 0.4393773692866343 0.2279973470663294 0
1452 0.3428399989255777 0.29114108516415 0
1453 0.3815574019221452 0.2280478361703104 0
1454 0.3430835289882546 0.2281339768866752 0
1455 0.265821867559752 0.2915353143144278 0
1456 0.2466237799874874 0.2915250759859032 0
1457 0.8643856663428378 0.2707638372520298 0
1458 0.8259748573945872 0.2710173579514312 0
1459 0.8643456477839193 0.2285641865995996 0
1460 0.5746670321485825 0.2490415293136885 0
1461 0.227776888012 0.2504351940294963 0
1462 0.3430563691614057 0.2490672791149582 0
1463 0.2852269883653484 0.2707538437972901 0
1464 0.2277490511293111 0.2296164510534906 0
1465 0.7099995242913765 0.2508296690827052 0
1466 0.6906664067884485 0.2505866361857873 0
1467 0.6713332005605878 0.2501406905078425 0
1468 0.6519999454288286 0.2496683001024215 0
1469 0.5940001139800644 0.2702525734366732 0
1470 0.5746669346417208 0.2702036034520865 0
1471 0.4780113496573322 0.2489705563701518 0
1472 0.4780097913369711 0.2701819844741151 0
1473 0.4393714386285646 0.2700380558042684 0
1474 0.4586903130701896 0.2489554481756896 0
1475 0.4393796722361614 0.2488978674615432 0
1476 0.4200849857280357 0.2488651262104098 0
1477 0.4008092248955868 0.2488951463260026 0
1478 0.3815493102094139 0.248956630222066 0
1479 0.3622271608451603 0.270164907467937 0
1480 0.3429574493680172 0.2701971039824058 0
1481 0.9202016764649844 0.2705890441857576 0
1482 0.883146753980117 0.2284719591456626 0
1483 0.8066578003549494 0.2286680952461262 0
1484 0.8259755936336405 0.2082819782386811 0
1485 0.7679978555797604 0.2710422663803252 0
1486 0.8066572095509124 0.2708368772554783 0
1487 0.7293326918302139 0.2716189667923741 0
1488 0.7099994119612534 0.2296354069307839 0
1489 0.7873282293997362 0.2287398789950169 0
1490 0.5553338832138136 0.270162074951474 0
1491 0.6326666685808352 0.2493613338020325 0
1492 0.5940001727537998 0.2490787791594398 0
1493 0.4973388429395333 0.2280941731951882 0
1494 0.748664885014783 0.2293438303255755 0
1495 0.5166688119447428 0.2701435893726303 0
1496 0.5360014687926595 0.2280627537096375 0
1497 0.2661752588097299 0.2292447926147691 0
1498 0.3046190233184475 0.2284724419232351 0
1499 0.3042861253770326 0.2912047110809706 0
1500 0.2660322303459006 0.2710313664894134 0
1501 0.246839892175359 0.2711323212186482 0
1502 0.9017939336964792 0.2704947765653828 0
1503 0.9200157810591392 0.2289914785127651 0
1504 0.8259700253802035 0.2288921108211782 0
1505 0.3044513945856911 0.2703996434637047 0
1506 0.901525344277767 0.2494582374412926 0
1507 0.8831037838226814 0.2494630479659574 0
1508 0.8259673838117711 0.2499029389966667 0
1509 0.8066536993711689 0.2497558975036513 0
1510 0.7873277415875587 0.2497976723688675 0
1511 0.7679971229727316 0.2500700023274512 0
1512 0.7486650536106638 0.2504290594590466 0
1513 0.5553340910083431 0.2490029236440185 0
1514 0.5360014212061359 0.2490016774299377 0
1515 0.5166694564862865 0.2489975435773409 0
1516 0.3238057112837857 0.2491721773649763 0
1517 0.3045689911245058 0.2494038492820258 0
1518 0.2853498849114418 0.2497769635379368 0
1519 0.2661471964955231 0.2501456322650236 0
1520 0.8452152542202702 0.2288760162426417 0
1521 0.7873284253573409 0.2708477359954513 0
1522 0.8452312604246043 0.2709082653633492 0
1523 0.7293324184214997 0.2506638062917139 0
1524 0.8832262783077017 0.2705712755836363 0
1525 0.4973391918571611 0.2490208942485107 0
1526 0.5360011399602899 0.2701684328501204 0
1527 0.2469501643710282 0.2295244362634176 0
1528 0.4586875541050198 0.2701212788213111 0
1529 0.3236898842895042 0.2702741984946632 0
1530 0.3622932944551327 0.2490153067117149 0
1531 0.9199296082064854 0.2497373874682477 0
1532 0.2469416567427423 0.2503528794222897 0
1533 0.864278477827336 0.2496675405623187 0
1534 0.8451891186775153 0.249861100712634 0
$EndNodes
$Elements
1508
1 1 2 201 7 7 178
2 1 2 201 7 178 179
3 1 2 201 7 179 180
4 1 2 201 7 180 8
5 1 2 200 9 9 228
6 1 2 200 9 228 229
7 1 2 200 9 229 230
8 1 2 200 9 230 231
9 1 2 200 9 231 232
10 1 2 200 9 232 233
11 1 2 200 9 233 234
12 1 2 200 9 234 235
13 1 2 200 9 235 236
14 1 2 200 9 236 237
15 1 2 200 9 237 238
16 1 2 200 9 238 239
17 1 2 200 9 239 240
18 1 2 200 9 240 241
19 1 2 200 9 241 242
20 1 2 200 9 242 243
21 1 2 200 9 243 244
22 1 2 200 9 244 245
23 1 2 200 9 245 246
24 1 2 200 9 246 247
25 1 2 200 9 247 248
26 1 2 200 9 248 249
27 1 2 200 9 249 250
28 1 2 200 9 250 251
29 1 2 200 9 251 252
30 1 2 200 9 252 1
31 1 2 202 11 10 256
32 1 2 202 11 256 257
33 1 2 202 11 257 258
34 1 2 202 11 258 259
35 1 2 202 11 259 260
36 1 2 202 11 260 261
37 1 2 202 11 261 262
38 1 2 202 11 262 263
39 1 2 202 11 263 264
40 1 2 202 11 264 265
41 1 2 202 11 265 266
42 1 2 202 11 266 267
43 1 2 202 11 267 268
44 1 2 202 11 268 269
45 1 2 202 11 269 270
46 1 2 202 11 270 271
47 1 2 202 11 271 272
48 1 2 202 11 272 273
49 1 2 202 11 273 274
50 1 2 202 11 274 275
51 1 2 202 11 275 276
52 1 2 202 11 276 277
53 1 2 202 11 277 278
54 1 2 202 11 278 279
55 1 2 202 11 279 280
56 1 2 202 11 280 11
57 3 2 100 1 506 309 547 550
58 3 2 100 1 550 547 461 376
59 3 2 100 1 635 464 382 606
60 3 2 100 1 61 62 525 421
61 3 2 100 1 623 319 507 640
62 3 2 100 1 398 627 567 516
63 3 2 100 1 440 425 551 600
64 3 2 100 1 432 335 437 423
65 3 2 100 1 324 626 457 617
66 3 2 100 1 2 61 421 60
67 3 2 100 1 505 307 605 549
68 3 2 100 1 359 589 591 495
69 3 2 100 1 352 588 590 498
70 3 2 100 1 563 389 513 638
71 3 2 100 1 610 375 462 605
72 3 2 100 1 555 622 456 391
73 3 2 100 1 600 551 441 424
74 3 2 100 1 616 316 518 641
75 3 2 100 1 599 286 423 437
76 3 2 100 1 174 6 175 433
77 3 2 100 1 422 440 600 525
78 3 2 100 1 424 59 60 421
79 3 2 100 1 623 640 453 394
80 3 2 100 1 397 627 446 411
81 3 2 100 1 627 397 561 567
82 3 2 100 1 570 284 523 571
83 3 2 100 1 64 422 63 3
84 3 2 100 1 502 310 545 610
85 3 2 100 1 441 58 59 424
86 3 2 100 1 566 404 401 562
87 3 2 100 1 638 402 329 563
88 3 2 100 1 4 111 328 436
89 3 2 100 1 420 57 58 441
90 3 2 100 1 616 641 330 450
91 3 2 100 1 564 390 454 614
92 3 2 100 1 457 403 458 617
93 3 2 100 1 627 553 407 446
94 3 2 100 1 370 442 126 127
95 3 2 100 1 524 336 172 173
96 3 2 100 1 443 171 172 336
97 3 2 100 1 456 622 563 329
98 3 2 100 1 457 626 565 393
99 3 2 100 1 127 5 435 370
100 3 2 100 1 331 449 613 643
101 3 2 100 1 410 448 615 642
102 3 2 100 1 412 404 566 560
103 3 2 100 1 426 393 565 629
104 3 2 100 1 397 396 552 561
105 3 2 100 1 399 556 562 401
106 3 2 100 1 390 564 556 399
107 3 2 100 1 376 381 608 550
108 3 2 100 1 378 380 607 549
109 3 2 100 1 436 572 438 4
110 3 2 100 1 462 378 549 605
111 3 2 100 1 432 12 13 335
112 3 2 100 1 368 170 171 443
113 3 2 100 1 335 13 14 334
114 3 2 100 1 334 14 15 444
115 3 2 100 1 453 36 37 394
116 3 2 100 1 397 43 44 396
117 3 2 100 1 446 41 42 411
118 3 2 100 1 397 411 42 43
119 3 2 100 1 414 39 40 407
120 3 2 100 1 449 47 48 410
121 3 2 100 1 448 49 50 330
122 3 2 100 1 447 45 46 331
123 3 2 100 1 450 51 52 413
124 3 2 100 1 416 419 54 55
125 3 2 100 1 451 53 54 419
126 3 2 100 1 445 38 39 414
127 3 2 100 1 452 56 57 420
128 3 2 100 1 415 16 17 412
129 3 2 100 1 412 17 18 404
130 3 2 100 1 444 15 16 415
131 3 2 100 1 399 20 21 390
132 3 2 100 1 393 426 28 29
133 3 2 100 1 455 27 28 426
134 3 2 100 1 456 25 26 391
135 3 2 100 1 454 22 23 402
136 3 2 100 1 404 18 19 401
137 3 2 100 1 399 401 19 20
138 3 2 100 1 402 23 24 329
139 3 2 100 1 457 30 31 403
140 3 2 100 1 458 32 33 406
141 3 2 100 1 459 34 35 409
142 3 2 100 1 394 37 38 445
143 3 2 100 1 407 40 41 446
144 3 2 100 1 396 44 45 447
145 3 2 100 1 410 48 49 448
146 3 2 100 1 331 46 47 449
147 3 2 100 1 330 50 51 450
148 3 2 100 1 413 52 53 451
149 3 2 100 1 416 55 56 452
150 3 2 100 1 409 35 36 453
151 3 2 100 1 390 21 22 454
152 3 2 100 1 391 26 27 455
153 3 2 100 1 329 24 25 456
154 3 2 100 1 393 29 30 457
155 3 2 100 1 403 31 32 458
156 3 2 100 1 406 33 34 459
157 3 2 100 1 228 229 500 332
158 3 2 100 1 381 125 126 442
159 3 2 100 1 609 601 436 328
160 3 2 100 1 374 328 111 112
161 3 2 100 1 374 112 113 385
162 3 2 100 1 461 123 124 376
163 3 2 100 1 463 118 119 375
164 3 2 100 1 462 120 121 378
165 3 2 100 1 380 378 121 122
166 3 2 100 1 460 114 115 384
167 3 2 100 1 464 116 117 382
168 3 2 100 1 381 376 124 125
169 3 2 100 1 385 113 114 460
170 3 2 100 1 375 119 120 462
171 3 2 100 1 382 117 118 463
172 3 2 100 1 380 122 123 461
173 3 2 100 1 384 115 116 464
174 3 2 100 1 424 421 525 600
175 3 2 100 1 517 418 618 637
176 3 2 100 1 601 609 373 499
177 3 2 100 1 9 228 332 227
178 3 2 100 1 617 458 619 639
179 3 2 100 1 601 599 572 436
180 3 2 100 1 463 375 610 545
181 3 2 100 1 181 369 523 8
182 3 2 100 1 435 5 434 574
183 3 2 100 1 465 169 170 368
184 3 2 100 1 575 632 574 434
185 3 2 100 1 229 230 285 500
186 3 2 100 1 442 548 608 381
187 3 2 100 1 539 573 301 487
188 3 2 100 1 461 547 607 380
189 3 2 100 1 466 226 227 332
190 3 2 100 1 573 539 350 465
191 3 2 100 1 169 465 350 168
192 3 2 100 1 306 225 226 466
193 3 2 100 1 632 575 467 306
194 3 2 100 1 306 466 568 632
195 3 2 100 1 467 224 225 306
196 3 2 100 1 465 368 526 573
197 3 2 100 1 365 223 224 467
198 3 2 100 1 366 434 5 128
199 3 2 100 1 468 222 223 365
200 3 2 100 1 366 300 527 576
201 3 2 100 1 222 468 353 221
202 3 2 100 1 353 468 527 577
203 3 2 100 1 577 587 479 353
204 3 2 100 1 592 587 299 489
205 3 2 100 1 577 493 299 587
206 3 2 100 1 581 633 346 476
207 3 2 100 1 590 588 469 305
208 3 2 100 1 591 589 475 303
209 3 2 100 1 534 542 357 474
210 3 2 100 1 584 541 360 480
211 3 2 100 1 472 162 163 348
212 3 2 100 1 476 160 161 302
213 3 2 100 1 478 166 167 362
214 3 2 100 1 151 152 471 288
215 3 2 100 1 535 578 288 471
216 3 2 100 1 477 158 159 346
217 3 2 100 1 480 211 212 358
218 3 2 100 1 471 152 153 354
219 3 2 100 1 473 217 218 367
220 3 2 100 1 475 164 165 303
221 3 2 100 1 582 540 428 356
222 3 2 100 1 587 592 304 479
223 3 2 100 1 157 343 345 156
224 3 2 100 1 477 580 536 343
225 3 2 100 1 210 360 364 209
226 3 2 100 1 345 343 536 597
227 3 2 100 1 205 340 483 204
228 3 2 100 1 220 479 304 219
229 3 2 100 1 346 633 580 477
230 3 2 100 1 364 360 541 596
231 3 2 100 1 470 154 155 347
232 3 2 100 1 531 579 483 340
233 3 2 100 1 216 356 428 215
234 3 2 100 1 473 367 543 594
235 3 2 100 1 214 474 357 213
236 3 2 100 1 367 304 592 543
237 3 2 100 1 193 194 488 290
238 3 2 100 1 305 207 208 481
239 3 2 100 1 358 357 542 595
240 3 2 100 1 354 153 154 470
241 3 2 100 1 474 428 540 534
242 3 2 100 1 347 155 156 345
243 3 2 100 1 343 157 158 477
244 3 2 100 1 303 165 166 478
245 3 2 100 1 469 206 207 305
246 3 2 100 1 481 208 209 364
247 3 2 100 1 360 210 211 480
248 3 2 100 1 346 159 160 476
249 3 2 100 1 302 161 162 472
250 3 2 100 1 206 469 340 205
251 3 2 100 1 474 214 215 428
252 3 2 100 1 358 212 213 357
253 3 2 100 1 367 218 219 304
254 3 2 100 1 356 216 217 473
255 3 2 100 1 348 163 164 475
256 3 2 100 1 339 484 200 201
257 3 2 100 1 202 338 339 201
258 3 2 100 1 362 350 539 593
259 3 2 100 1 196 197 490 289
260 3 2 100 1 287 528 529 338
261 3 2 100 1 339 338 529 598
262 3 2 100 1 131 132 489 299
263 3 2 100 1 479 220 221 353
264 3 2 100 1 184 351 487 183
265 3 2 100 1 362 167 168 350
266 3 2 100 1 195 344 488 194
267 3 2 100 1 182 183 487 301
268 3 2 100 1 529 528 485 337
269 3 2 100 1 133 363 489 132
270 3 2 100 1 485 148 149 337
271 3 2 100 1 199 200 484 292
272 3 2 100 1 338 202 203 287
273 3 2 100 1 148 485 298 147
274 3 2 100 1 287 483 579 528
275 3 2 100 1 482 150 151 288
276 3 2 100 1 150 482 337 149
277 3 2 100 1 495 186 187 359
278 3 2 100 1 190 486 291 189
279 3 2 100 1 134 492 363 133
280 3 2 100 1 578 535 292 484
281 3 2 100 1 497 141 142 361
282 3 2 100 1 482 288 578 598
283 3 2 100 1 140 141 497 294
284 3 2 100 1 129 130 493 300
285 3 2 100 1 188 349 359 187
286 3 2 100 1 135 136 496 293
287 3 2 100 1 131 299 493 130
288 3 2 100 1 490 355 583 586
289 3 2 100 1 203 204 483 287
290 3 2 100 1 143 144 498 295
291 3 2 100 1 139 491 296 138
292 3 2 100 1 591 538 297 495
293 3 2 100 1 351 184 185 297
294 3 2 100 1 495 297 185 186
295 3 2 100 1 369 181 182 301
296 3 2 100 1 540 582 293 496
297 3 2 100 1 366 128 129 300
298 3 2 100 1 541 584 294 497
299 3 2 100 1 198 355 490 197
300 3 2 100 1 542 534 429 296
301 3 2 100 1 528 579 298 485
302 3 2 100 1 496 136 137 429
303 3 2 100 1 492 134 135 293
304 3 2 100 1 486 190 191 342
305 3 2 100 1 491 139 140 294
306 3 2 100 1 355 198 199 292
307 3 2 100 1 585 532 291 486
308 3 2 100 1 349 188 189 291
309 3 2 100 1 633 581 342 494
310 3 2 100 1 147 298 341 146
311 3 2 100 1 192 494 342 191
312 3 2 100 1 586 530 289 490
313 3 2 100 1 585 486 342 581
314 3 2 100 1 351 297 538 593
315 3 2 100 1 579 531 341 298
316 3 2 100 1 494 192 193 290
317 3 2 100 1 291 532 533 349
318 3 2 100 1 498 144 145 352
319 3 2 100 1 590 537 295 498
320 3 2 100 1 536 580 290 488
321 3 2 100 1 344 195 196 289
322 3 2 100 1 143 295 361 142
323 3 2 100 1 303 478 538 591
324 3 2 100 1 145 146 341 352
325 3 2 100 1 138 296 429 137
326 3 2 100 1 543 592 489 363
327 3 2 100 1 292 535 583 355
328 3 2 100 1 302 472 532 585
329 3 2 100 1 305 481 537 590
330 3 2 100 1 470 347 530 586
331 3 2 100 1 584 595 491 294
332 3 2 100 1 533 589 359 349
333 3 2 100 1 582 594 492 293
334 3 2 100 1 530 597 344 289
335 3 2 100 1 580 633 494 290
336 3 2 100 1 537 596 361 295
337 3 2 100 1 531 588 352 341
338 3 2 100 1 534 540 496 429
339 3 2 100 1 471 354 583 535
340 3 2 100 1 472 348 533 532
341 3 2 100 1 354 470 586 583
342 3 2 100 1 476 302 585 581
343 3 2 100 1 493 577 527 300
344 3 2 100 1 173 174 433 524
345 3 2 100 1 365 467 575 576
346 3 2 100 1 466 332 500 568
347 3 2 100 1 440 65 66 425
348 3 2 100 1 499 249 250 286
349 3 2 100 1 369 301 573 526
350 3 2 100 1 285 569 568 500
351 3 2 100 1 177 7 178 431
352 3 2 100 1 551 425 320 621
353 3 2 100 1 501 371 231 232
354 3 2 100 1 285 371 544 569
355 3 2 100 1 65 440 422 64
356 3 2 100 1 504 634 604 311
357 3 2 100 1 230 231 371 285
358 3 2 100 1 499 373 248 249
359 3 2 100 1 502 240 241 310
360 3 2 100 1 503 383 242 243
361 3 2 100 1 503 243 244 311
362 3 2 100 1 504 311 244 245
363 3 2 100 1 504 245 246 312
364 3 2 100 1 502 307 239 240
365 3 2 100 1 505 238 239 307
366 3 2 100 1 506 235 236 309
367 3 2 100 1 506 377 234 235
368 3 2 100 1 505 379 237 238
369 3 2 100 1 501 232 233 308
370 3 2 100 1 574 569 544 435
371 3 2 100 1 609 546 372 373
372 3 2 100 1 507 319 87 88
373 3 2 100 1 508 317 104 105
374 3 2 100 1 509 322 96 97
375 3 2 100 1 507 88 89 395
376 3 2 100 1 513 389 102 103
377 3 2 100 1 510 321 100 101
378 3 2 100 1 511 323 107 108
379 3 2 100 1 512 324 94 95
380 3 2 100 1 514 325 92 93
381 3 2 100 1 511 108 109 405
382 3 2 100 1 516 313 81 82
383 3 2 100 1 516 82 83 398
384 3 2 100 1 517 320 67 68
385 3 2 100 1 519 78 79 387
386 3 2 100 1 515 326 90 91
387 3 2 100 1 518 74 75 388
388 3 2 100 1 438 327 110 4
389 3 2 100 1 510 101 102 389
390 3 2 100 1 515 91 92 325
391 3 2 100 1 514 93 94 324
392 3 2 100 1 509 97 98 427
393 3 2 100 1 512 95 96 322
394 3 2 100 1 508 105 106 400
395 3 2 100 1 520 388 75 76
396 3 2 100 1 513 103 104 317
397 3 2 100 1 518 316 73 74
398 3 2 100 1 519 315 77 78
399 3 2 100 1 522 85 86 408
400 3 2 100 1 517 68 69 418
401 3 2 100 1 521 318 71 72
402 3 2 100 1 522 314 84 85
403 3 2 100 1 521 72 73 316
404 3 2 100 1 520 76 77 315
405 3 2 100 1 628 515 325 619
406 3 2 100 1 631 521 316 616
407 3 2 100 1 432 423 251 252
408 3 2 100 1 627 398 314 553
409 3 2 100 1 628 559 326 515
410 3 2 100 1 630 522 408 554
411 3 2 100 1 631 557 318 521
412 3 2 100 1 630 553 314 522
413 3 2 100 1 564 614 317 508
414 3 2 100 1 617 639 514 324
415 3 2 100 1 602 544 371 501
416 3 2 100 1 66 67 320 425
417 3 2 100 1 250 251 423 286
418 3 2 100 1 420 441 551 621
419 3 2 100 1 308 548 602 501
420 3 2 100 1 637 621 320 517
421 3 2 100 1 62 63 422 525
422 3 2 100 1 433 175 176 333
423 3 2 100 1 247 248 373 372
424 3 2 100 1 246 247 372 312
425 3 2 100 1 383 606 545 310
426 3 2 100 1 241 242 383 310
427 3 2 100 1 236 237 379 309
428 3 2 100 1 234 377 308 233
429 3 2 100 1 312 372 546 603
430 3 2 100 1 179 430 431 178
431 3 2 100 1 636 438 572 611
432 3 2 100 1 384 464 635 604
433 3 2 100 1 607 379 505 549
434 3 2 100 1 608 377 506 550
435 3 2 100 1 328 374 546 609
436 3 2 100 1 605 307 502 610
437 3 2 100 1 606 383 503 635
438 3 2 100 1 319 623 554 408
439 3 2 100 1 100 321 392 99
440 3 2 100 1 90 326 395 89
441 3 2 100 1 110 327 405 109
442 3 2 100 1 107 323 400 106
443 3 2 100 1 99 392 427 98
444 3 2 100 1 86 87 319 408
445 3 2 100 1 84 314 398 83
446 3 2 100 1 80 386 387 79
447 3 2 100 1 70 417 418 69
448 3 2 100 1 71 318 417 70
449 3 2 100 1 81 313 386 80
450 3 2 100 1 327 612 560 405
451 3 2 100 1 395 326 559 620
452 3 2 100 1 321 555 625 392
453 3 2 100 1 418 417 558 618
454 3 2 100 1 387 386 552 624
455 3 2 100 1 417 318 557 558
456 3 2 100 1 570 439 430 284
457 3 2 100 1 392 625 629 427
458 3 2 100 1 176 177 431 333
459 3 2 100 1 435 544 602 370
460 3 2 100 1 612 327 438 636
461 3 2 100 1 626 322 509 565
462 3 2 100 1 562 323 511 566
463 3 2 100 1 561 313 516 567
464 3 2 100 1 619 325 514 639
465 3 2 100 1 555 321 510 622
466 3 2 100 1 414 407 553 630
467 3 2 100 1 406 459 559 628
468 3 2 100 1 413 451 557 631
469 3 2 100 1 452 420 621 637
470 3 2 100 1 12 432 252 1
471 3 2 100 1 599 601 499 286
472 3 2 100 1 444 636 611 334
473 3 2 100 1 548 308 377 608
474 3 2 100 1 547 309 379 607
475 3 2 100 1 179 180 284 430
476 3 2 100 1 604 635 503 311
477 3 2 100 1 439 333 431 430
478 3 2 100 1 415 612 636 444
479 3 2 100 1 180 8 523 284
480 3 2 100 1 556 400 323 562
481 3 2 100 1 552 386 313 561
482 3 2 100 1 427 629 565 509
483 3 2 100 1 603 634 504 312
484 3 2 100 1 382 463 545 606
485 3 2 100 1 336 524 439 570
486 3 2 100 1 385 460 634 603
487 3 2 100 1 524 433 333 439
488 3 2 100 1 412 560 612 415
489 3 2 100 1 556 564 508 400
490 3 2 100 1 622 510 389 563
491 3 2 100 1 324 512 322 626
492 3 2 100 1 632 568 569 574
493 3 2 100 1 394 445 554 623
494 3 2 100 1 615 641 518 388
495 3 2 100 1 614 638 513 317
496 3 2 100 1 620 640 507 395
497 3 2 100 1 443 336 570 571
498 3 2 100 1 624 643 519 387
499 3 2 100 1 613 642 520 315
500 3 2 100 1 460 384 604 634
501 3 2 100 1 451 419 558 557
502 3 2 100 1 416 452 637 618
503 3 2 100 1 526 571 523 369
504 3 2 100 1 459 409 620 559
505 3 2 100 1 419 416 618 558
506 3 2 100 1 391 455 625 555
507 3 2 100 1 396 447 624 552
508 3 2 100 1 368 443 571 526
509 3 2 100 1 370 602 548 442
510 3 2 100 1 374 385 603 546
511 3 2 100 1 468 365 576 527
512 3 2 100 1 337 482 598 529
513 3 2 100 1 348 475 589 533
514 3 2 100 1 340 469 588 531
515 3 2 100 1 488 344 597 536
516 3 2 100 1 487 351 593 539
517 3 2 100 1 296 491 595 542
518 3 2 100 1 497 361 596 541
519 3 2 100 1 363 492 594 543
520 3 2 100 1 458 406 628 619
521 3 2 100 1 450 413 631 616
522 3 2 100 1 445 414 630 554
523 3 2 100 1 402 638 614 454
524 3 2 100 1 448 330 641 615
525 3 2 100 1 388 520 642 615
526 3 2 100 1 315 519 643 613
527 3 2 100 1 405 560 566 511
528 3 2 100 1 599 437 611 572
529 3 2 100 1 409 453 640 620
530 3 2 100 1 334 611 437 335
531 3 2 100 1 455 426 629 625
532 3 2 100 1 434 366 576 575
533 3 2 100 1 484 339 598 578
534 3 2 100 1 347 345 597 530
535 3 2 100 1 356 473 594 582
536 3 2 100 1 481 364 596 537
537 3 2 100 1 480 358 595 584
538 3 2 100 1 478 362 593 538
539 3 2 100 1 447 331 643 624
540 3 2 100 1 449 410 642 613
541 3 2 101 2 1516 1529 1505 1517
542 3 2 101 2 1517 1505 1463 1518
543 3 2 101 2 1519 1532 1527 1497
544 3 2 101 2 1038 993 1064 912
545 3 2 101 2 1202 1185 1255 1293
546 3 2 101 2 1201 1199 1350 1257
547 3 2 101 2 1405 1364 1430 1372
548 3 2 101 2 850 1039 885 971
549 3 2 101 2 1314 1247 1365 1402
550 3 2 101 2 1203 1254 1315 1187
551 3 2 101 2 970 851 886 1038
552 3 2 101 2 1064 1171 996 912
553 3 2 101 2 992 1104 1065 1172
554 3 2 101 2 895 757 691 820
555 3 2 101 2 820 814 676 895
556 3 2 101 2 759 971 885 677
557 3 2 101 2 970 1038 912 831
558 3 2 101 2 969 817 852 913
559 3 2 101 2 698 688 893 810
560 3 2 101 2 690 734 696 819
561 3 2 101 2 894 897 694 758
562 3 2 101 2 1039 918 1065 1104
563 3 2 101 2 850 751 918 1039
564 3 2 101 2 280 11 281 734
565 3 2 101 2 749 852 762 667
566 3 2 101 2 3 697 811 64
567 3 2 101 2 1066 829 922 981
568 3 2 101 2 756 706 836 921
569 3 2 101 2 697 754 970 831
570 3 2 101 2 1255 1349 1204 1293
571 3 2 101 2 1348 1254 1236 1198
572 3 2 101 2 816 854 761 689
573 3 2 101 2 689 733 699 816
574 3 2 101 2 1500 1455 1456 1501
575 3 2 101 2 1292 1341 1235 1197
576 3 2 101 2 851 896 700 760
577 3 2 101 2 1198 1236 1166 1103
578 3 2 101 2 968 994 926 854
579 3 2 101 2 1203 1187 1127 1071
580 3 2 101 2 1314 1119 1206 1247
581 3 2 101 2 1455 1374 1395 1456
582 3 2 101 2 1519 1500 1501 1532
583 3 2 101 2 1518 1463 1500 1519
584 3 2 101 2 1373 1309 1347 1402
585 3 2 101 2 893 688 701 817
586 3 2 101 2 892 849 914 1037
587 3 2 101 2 983 925 883 996
588 3 2 101 2 1254 1203 1126 1236
589 3 2 101 2 695 256 257 692
590 3 2 101 2 1197 1235 1165 1095
591 3 2 101 2 759 694 897 971
592 3 2 101 2 1103 1166 1036 990
593 3 2 101 2 1309 1188 1288 1347
594 3 2 101 2 1463 1414 1455 1500
595 3 2 101 2 111 4 110 733
596 3 2 101 2 758 278 279 690
597 3 2 101 2 734 690 279 280
598 3 2 101 2 692 257 258 757
599 3 2 101 2 811 883 925 660
600 3 2 101 2 660 65 64 811
601 3 2 101 2 757 258 259 691
602 3 2 101 2 744 704 766 853
603 3 2 101 2 1071 1170 1126 1203
604 3 2 101 2 694 277 278 758
605 3 2 101 2 1035 1106 1101 967
606 3 2 101 2 1039 1104 928 885
607 3 2 101 2 760 668 886 851
608 3 2 101 2 904 998 855 857
609 3 2 101 2 759 276 277 694
610 3 2 101 2 810 893 750 669
611 3 2 101 2 1505 1499 1414 1463
612 3 2 101 2 1065 991 1068 1172
613 3 2 101 2 1248 1348 1198 1118
614 3 2 101 2 1171 1064 1097 1202
615 3 2 101 2 1503 1409 1296 1371
616 3 2 101 2 962 888 990 1036
617 3 2 101 2 817 969 750 893
618 3 2 101 2 859 767 660 925
619 3 2 101 2 763 749 667 702
620 3 2 101 2 1038 886 929 993
621 3 2 101 2 926 670 761 854
622 3 2 101 2 835 923 663 764
623 3 2 101 2 1407 1498 1401 1370
624 3 2 101 2 1304 1397 1292 1241
625 3 2 101 2 1401 1304 1241 1338
626 3 2 101 2 691 259 260 700
627 3 2 101 2 1375 1259 1187 1315
628 3 2 101 2 691 700 896 820
629 3 2 101 2 966 1029 848 890
630 3 2 101 2 1170 1071 995 1067
631 3 2 101 2 1400 1282 1346 1374
632 3 2 101 2 925 983 927 859
633 3 2 101 2 994 968 1037 1105
634 3 2 101 2 855 856 703 765
635 3 2 101 2 809 666 849 892
636 3 2 101 2 920 922 763 856
637 3 2 101 2 1067 835 926 994
638 3 2 101 2 1370 1401 1338 1289
639 3 2 101 2 764 670 926 835
640 3 2 101 2 1401 1498 1408 1304
641 3 2 101 2 1069 1070 920 998
642 3 2 101 2 929 827 1032 993
643 3 2 101 2 853 924 999 744
644 3 2 101 2 1205 1206 1069 1129
645 3 2 101 2 859 927 1001 769
646 3 2 101 2 854 816 815 968
647 3 2 101 2 923 995 924 853
648 3 2 101 2 1480 1452 1413 1529
649 3 2 101 2 1241 1292 1197 1113
650 3 2 101 2 765 657 857 855
651 3 2 101 2 1499 1295 1400 1414
652 3 2 101 2 1432 1431 1316 1375
653 3 2 101 2 852 749 829 913
654 3 2 101 2 1479 1393 1452 1480
655 3 2 101 2 1102 978 955 826
656 3 2 101 2 701 688 126 125
657 3 2 101 2 698 127 126 688
658 3 2 101 2 1129 904 999 1052
659 3 2 101 2 699 672 815 816
660 3 2 101 2 766 663 923 853
661 3 2 101 2 1452 1312 1398 1413
662 3 2 101 2 761 113 112 689
663 3 2 101 2 733 689 112 111
664 3 2 101 2 807 730 888 962
665 3 2 101 2 1172 1232 1096 992
666 3 2 101 2 767 859 769 678
667 3 2 101 2 978 1095 966 955
668 3 2 101 2 1481 1433 1376 1502
669 3 2 101 2 1127 924 995 1071
670 3 2 101 2 700 260 261 760
671 3 2 101 2 1202 1097 1160 1185
672 3 2 101 2 1169 1231 1102 1034
673 3 2 101 2 1118 1198 1103 1054
674 3 2 101 2 885 928 804 677
675 3 2 101 2 1102 1231 1113 978
676 3 2 101 2 762 852 817 701
677 3 2 101 2 857 744 999 904
678 3 2 101 2 670 114 113 761
679 3 2 101 2 924 1127 1052 999
680 3 2 101 2 701 125 124 762
681 3 2 101 2 998 904 1129 1069
682 3 2 101 2 1129 1052 1259 1205
683 3 2 101 2 702 703 856 763
684 3 2 101 2 930 858 932 1000
685 3 2 101 2 1259 1052 1127 1187
686 3 2 101 2 749 763 922 829
687 3 2 101 2 981 1070 1119 1234
688 3 2 101 2 704 744 857 657
689 3 2 101 2 1054 1103 990 908
690 3 2 101 2 856 855 998 920
691 3 2 101 2 764 115 114 670
692 3 2 101 2 927 1133 1063 1001
693 3 2 101 2 922 920 1070 981
694 3 2 101 2 1168 1025 1098 1124
695 3 2 101 2 762 124 123 667
696 3 2 101 2 702 667 123 122
697 3 2 101 2 1032 827 956 1033
698 3 2 101 2 1247 1316 1431 1365
699 3 2 101 2 1206 1205 1316 1247
700 3 2 101 2 1344 1370 1289 1196
701 3 2 101 2 1070 1069 1206 1119
702 3 2 101 2 703 702 122 121
703 3 2 101 2 663 116 115 764
704 3 2 101 2 1124 1098 1026 1161
705 3 2 101 2 1478 1530 1361 1453
706 3 2 101 2 769 1001 898 862
707 3 2 101 2 1056 1293 1204 1133
708 3 2 101 2 835 1067 995 923
709 3 2 101 2 1462 1516 1407 1454
710 3 2 101 2 766 117 116 663
711 3 2 101 2 826 958 1034 1102
712 3 2 101 2 1196 1289 1169 1050
713 3 2 101 2 703 121 120 765
714 3 2 101 2 704 118 117 766
715 3 2 101 2 747 659 768 858
716 3 2 101 2 1453 1361 1303 1399
717 3 2 101 2 1060 1002 936 1072
718 3 2 101 2 955 966 890 800
719 3 2 101 2 765 120 119 657
720 3 2 101 2 704 657 119 118
721 3 2 101 2 1229 1120 1257 1343
722 3 2 101 2 1361 1454 1344 1303
723 3 2 101 2 1001 1063 973 898
724 3 2 101 2 1104 992 834 928
725 3 2 101 2 743 882 958 826
726 3 2 101 2 1059 1128 1005 930
727 3 2 101 2 993 1032 1097 1064
728 3 2 101 2 1303 1344 1196 1291
729 3 2 101 2 886 668 803 929
730 3 2 101 2 1477 1478 1453 1425
731 3 2 101 2 1399 1303 1291 1184
732 3 2 101 2 965 1028 1163 1057
733 3 2 101 2 1454 1407 1370 1344
734 3 2 101 2 833 932 705 770
735 3 2 101 2 1050 1169 1034 977
736 3 2 101 2 1099 980 1120 1229
737 3 2 101 2 1259 1375 1316 1205
738 3 2 101 2 1258 1200 1246 1313
739 3 2 101 2 1117 1093 1048 1158
740 3 2 101 2 921 836 906 997
741 3 2 101 2 887 1028 965 884
742 3 2 101 2 1050 1164 1291 1196
743 3 2 101 2 1285 1227 1117 1181
744 3 2 101 2 1200 1258 1053 1128
745 3 2 101 2 801 726 884 956
746 3 2 101 2 1425 1453 1399 1345
747 3 2 101 2 1053 1132 997 906
748 3 2 101 2 1114 1177 1261 1130
749 3 2 101 2 1241 1113 1231 1338
750 3 2 101 2 1184 1291 1164 1123
751 3 2 101 2 659 747 836 706
752 3 2 101 2 858 930 1005 747
753 3 2 101 2 1199 1201 1068 1132
754 3 2 101 2 1164 1050 977 1094
755 3 2 101 2 770 652 860 833
756 3 2 101 2 1263 1377 1367 1318
757 3 2 101 2 1072 1130 1208 1060
758 3 2 101 2 964 889 919 1035
759 3 2 101 2 743 800 716 655
760 3 2 101 2 768 705 932 858
761 3 2 101 2 930 1000 1074 1059
762 3 2 101 2 1003 1004 860 934
763 3 2 101 2 1177 1296 1379 1261
764 3 2 101 2 655 780 882 743
765 3 2 101 2 1313 1350 1199 1258
766 3 2 101 2 991 997 1132 1068
767 3 2 101 2 1128 1059 1107 1200
768 3 2 101 2 678 769 862 707
769 3 2 101 2 1455 1414 1400 1374
770 3 2 101 2 1134 1006 1002 1060
771 3 2 101 2 756 173 172 706
772 3 2 101 2 767 66 65 660
773 3 2 101 2 1527 1449 1397 1497
774 3 2 101 2 932 833 931 1000
775 3 2 101 2 1449 1341 1292 1397
776 3 2 101 2 1519 1497 1408 1518
777 3 2 101 2 1497 1397 1304 1408
778 3 2 101 2 1376 1433 1246 1317
779 3 2 101 2 1053 906 1005 1128
780 3 2 101 2 1114 973 1063 1228
781 3 2 101 2 836 747 1005 906
782 3 2 101 2 706 172 171 659
783 3 2 101 2 678 67 66 767
784 3 2 101 2 1040 1131 931 1004
785 3 2 101 2 1285 1302 1378 1340
786 3 2 101 2 1130 1261 1319 1208
787 3 2 101 2 1504 1484 1406 1520
788 3 2 101 2 1459 1434 1379 1482
789 3 2 101 2 1093 903 1024 1048
790 3 2 101 2 1184 1286 1345 1399
791 3 2 101 2 908 1029 1165 1054
792 3 2 101 2 842 1002 1006 933
793 3 2 101 2 934 861 1011 1003
794 3 2 101 2 842 933 645 771
795 3 2 101 2 1131 1040 1108 1189
796 3 2 101 2 707 68 67 678
797 3 2 101 2 659 171 170 768
798 3 2 101 2 1004 1003 1077 1040
799 3 2 101 2 1123 1164 1094 1030
800 3 2 101 2 1507 1482 1409 1506
801 3 2 101 2 1451 1360 1342 1245
802 3 2 101 2 955 800 743 826
803 3 2 101 2 1256 1228 1204 1349
804 3 2 101 2 936 735 862 898
805 3 2 101 2 1318 1211 1134 1263
806 3 2 101 2 1060 1208 1263 1134
807 3 2 101 2 1437 1352 1458 1522
808 3 2 101 2 1340 1221 1227 1285
809 3 2 101 2 1363 1419 1378 1302
810 3 2 101 2 965 1057 1160 1033
811 3 2 101 2 1457 1524 1439 1351
812 3 2 101 2 1073 841 933 1006
813 3 2 101 2 1260 1317 1107 1207
814 3 2 101 2 1351 1439 1260 1324
815 3 2 101 2 1002 842 735 936
816 3 2 101 2 1132 1053 1258 1199
817 3 2 101 2 1177 1114 1228 1256
818 3 2 101 2 1522 1458 1508 1534
819 3 2 101 2 1286 1184 1123 1049
820 3 2 101 2 1406 1377 1319 1434
821 3 2 101 2 860 652 774 934
822 3 2 101 2 1228 1063 1133 1204
823 3 2 101 2 1238 1324 1189 1108
824 3 2 101 2 1405 1372 1287 1343
825 3 2 101 2 768 170 169 705
826 3 2 101 2 1296 1177 1256 1371
827 3 2 101 2 1474 1475 1451 1356
828 3 2 101 2 1377 1406 1484 1367
829 3 2 101 2 1436 1381 1294 1435
830 3 2 101 2 1165 1029 966 1095
831 3 2 101 2 1481 1430 1364 1433
832 3 2 101 2 1135 1078 972 1121
833 3 2 101 2 707 708 69 68
834 3 2 101 2 771 70 69 708
835 3 2 101 2 1094 977 957 953
836 3 2 101 2 1395 1374 1346 1283
837 3 2 101 2 708 707 862 735
838 3 2 101 2 1006 1134 1211 1073
839 3 2 101 2 1030 1094 953 825
840 3 2 101 2 1368 1438 1323 1310
841 3 2 101 2 1296 1409 1482 1379
842 3 2 101 2 1435 1483 1489 1436
843 3 2 101 2 1130 1072 973 1114
844 3 2 101 2 1189 1207 1074 1131
845 3 2 101 2 1139 1010 1076 1138
846 3 2 101 2 1485 1521 1353 1438
847 3 2 101 2 841 789 645 933
848 3 2 101 2 1262 1121 1211 1318
849 3 2 101 2 1121 1262 1173 1135
850 3 2 101 2 1174 1266 1140 1043
851 3 2 101 2 1227 1155 1093 1117
852 3 2 101 2 934 774 720 861
853 3 2 101 2 1043 1140 1011 899
854 3 2 101 2 1000 931 1131 1074
855 3 2 101 2 833 860 1004 931
856 3 2 101 2 705 169 168 770
857 3 2 101 2 1473 1450 1378 1419
858 3 2 101 2 771 708 735 842
859 3 2 101 2 882 846 957 958
860 3 2 101 2 1221 1047 1155 1227
861 3 2 101 2 841 1073 972 935
862 3 2 101 2 935 717 789 841
863 3 2 101 2 1352 1437 1238 1322
864 3 2 101 2 976 1030 825 954
865 3 2 101 2 1356 1451 1245 1337
866 3 2 101 2 1483 1435 1484 1504
867 3 2 101 2 1049 1157 1230 1286
868 3 2 101 2 1239 1311 1266 1174
869 3 2 101 2 739 899 1011 861
870 3 2 101 2 1073 1211 1121 972
871 3 2 101 2 1518 1408 1498 1517
872 3 2 101 2 1261 1379 1434 1319
873 3 2 101 2 1092 1048 1024 917
874 3 2 101 2 1320 1267 1173 1381
875 3 2 101 2 1353 1440 1311 1239
876 3 2 101 2 1471 1474 1356 1423
877 3 2 101 2 1435 1294 1367 1484
878 3 2 101 2 840 786 717 935
879 3 2 101 2 1424 1333 1392 1450
880 3 2 101 2 1294 1262 1318 1367
881 3 2 101 2 1486 1458 1352 1440
882 3 2 101 2 1380 1320 1381 1436
883 3 2 101 2 1321 1190 1267 1320
884 3 2 101 2 1476 1477 1425 1360
885 3 2 101 2 1008 1009 821 937
886 3 2 101 2 1135 1173 1267 1041
887 3 2 101 2 976 1091 1157 1049
888 3 2 101 2 1041 1008 1078 1135
889 3 2 101 2 1320 1380 1387 1321
890 3 2 101 2 1156 1157 1091 1062
891 3 2 101 2 1438 1368 1416 1485
892 3 2 101 2 1311 1322 1224 1266
893 3 2 101 2 1180 1230 1157 1156
894 3 2 101 2 1510 1489 1483 1509
895 3 2 101 2 1450 1392 1340 1378
896 3 2 101 2 1336 1337 1280 1279
897 3 2 101 2 935 972 1078 840
898 3 2 101 2 937 840 1078 1008
899 3 2 101 2 1190 1321 1264 1212
900 3 2 101 2 1381 1173 1262 1294
901 3 2 101 2 1410 1380 1436 1489
902 3 2 101 2 1440 1353 1521 1486
903 3 2 101 2 1245 1342 1230 1180
904 3 2 101 2 953 957 846 796
905 3 2 101 2 1239 1323 1438 1353
906 3 2 101 2 1434 1459 1520 1406
907 3 2 101 2 1136 1137 1007 1075
908 3 2 101 2 898 973 1072 936
909 3 2 101 2 1279 1280 1225 1194
910 3 2 101 2 1207 1189 1324 1260
911 3 2 101 2 1482 1507 1533 1459
912 3 2 101 2 1138 1212 1213 1139
913 3 2 101 2 1076 915 821 1009
914 3 2 101 2 1200 1107 1317 1246
915 3 2 101 2 1208 1319 1377 1263
916 3 2 101 2 1420 1487 1305 1382
917 3 2 101 2 1286 1230 1342 1345
918 3 2 101 2 1212 1264 1269 1213
919 3 2 101 2 1337 1245 1180 1280
920 3 2 101 2 1062 1091 1023 911
921 3 2 101 2 1487 1420 1465 1523
922 3 2 101 2 1210 1265 1136 1141
923 3 2 101 2 1310 1323 1209 1265
924 3 2 101 2 1190 1150 1041 1267
925 3 2 101 2 1493 1423 1336 1394
926 3 2 101 2 1523 1512 1416 1487
927 3 2 101 2 825 953 796 753
928 3 2 101 2 1511 1410 1489 1510
929 3 2 101 2 840 937 646 786
930 3 2 101 2 1209 1174 1043 1137
931 3 2 101 2 1010 1139 1079 909
932 3 2 101 2 1010 943 915 1076
933 3 2 101 2 1412 1493 1394 1300
934 3 2 101 2 1418 1355 1391 1472
935 3 2 101 2 1305 1368 1310 1249
936 3 2 101 2 1417 1297 1387 1494
937 3 2 101 2 1265 1210 1249 1310
938 3 2 101 2 1194 1225 1153 1090
939 3 2 101 2 1394 1336 1279 1276
940 3 2 101 2 1297 1264 1321 1387
941 3 2 101 2 1212 1138 1150 1190
942 3 2 101 2 1137 1043 899 1007
943 3 2 101 2 1496 1412 1300 1369
944 3 2 101 2 1335 1302 1285 1181
945 3 2 101 2 1355 1332 1301 1391
946 3 2 101 2 1115 1079 1139 1213
947 3 2 101 2 1476 1360 1451 1475
948 3 2 101 2 1495 1446 1355 1418
949 3 2 101 2 1079 1115 1143 979
950 3 2 101 2 1300 1394 1276 1243
951 3 2 101 2 1420 1357 1466 1465
952 3 2 101 2 1382 1306 1357 1420
953 3 2 101 2 1389 1269 1264 1297
954 3 2 101 2 1306 1382 1182 1270
955 3 2 101 2 1276 1279 1194 1116
956 3 2 101 2 1175 1333 1301 1277
957 3 2 101 2 1178 1115 1213 1269
958 3 2 101 2 909 870 943 1010
959 3 2 101 2 1210 1109 1182 1249
960 3 2 101 2 1368 1305 1487 1416
961 3 2 101 2 1075 1013 1141 1136
962 3 2 101 2 1174 1209 1323 1239
963 3 2 101 2 954 1023 1091 976
964 3 2 101 2 1334 1243 1223 1193
965 3 2 101 2 1022 988 1090 1153
966 3 2 101 2 1141 1044 1109 1210
967 3 2 101 2 1137 1136 1265 1209
968 3 2 101 2 1411 1496 1369 1390
969 3 2 101 2 909 1079 979 823
970 3 2 101 2 996 1171 1056 983
971 3 2 101 2 1193 1223 1151 1089
972 3 2 101 2 1251 1215 1143 1268
973 3 2 101 2 1298 1178 1269 1389
974 3 2 101 2 1076 1009 1150 1138
975 3 2 101 2 1441 1298 1389 1488
976 3 2 101 2 1089 1151 1021 945
977 3 2 101 2 1116 1194 1090 1046
978 3 2 101 2 1249 1182 1382 1305
979 3 2 101 2 1492 1460 1447 1386
980 3 2 101 2 1046 1090 988 952
981 3 2 101 2 1252 1270 1142 1216
982 3 2 101 2 1331 1242 1179 1272
983 3 2 101 2 1488 1389 1297 1417
984 3 2 101 2 1460 1513 1411 1447
985 3 2 101 2 1253 1334 1193 1152
986 3 2 101 2 1494 1387 1380 1410
987 3 2 101 2 1215 1251 1271 1214
988 3 2 101 2 1143 1215 1084 979
989 3 2 101 2 1242 1327 1222 1179
990 3 2 101 2 1270 1252 1325 1306
991 3 2 101 2 1046 1151 1223 1116
992 3 2 101 2 1421 1442 1325 1384
993 3 2 101 2 1272 1217 1214 1271
994 3 2 101 2 1356 1337 1336 1423
995 3 2 101 2 1526 1354 1446 1495
996 3 2 101 2 1044 1080 1142 1109
997 3 2 101 2 1251 1299 1330 1271
998 3 2 101 2 1447 1411 1390 1327
999 3 2 101 2 1298 1441 1443 1383
1000 3 2 101 2 1446 1240 1332 1355
1001 3 2 101 2 1179 1222 1148 1111
1002 3 2 101 2 1268 1383 1299 1251
1003 3 2 101 2 1152 1193 1089 986
1004 3 2 101 2 1109 1142 1270 1182
1005 3 2 101 2 1300 1243 1334 1369
1006 3 2 101 2 1384 1307 1362 1421
1007 3 2 101 2 1110 1216 1082 974
1008 3 2 101 2 1331 1272 1271 1330
1009 3 2 101 2 1326 1307 1273 1244
1010 3 2 101 2 1467 1466 1357 1442
1011 3 2 101 2 1216 1110 1183 1252
1012 3 2 101 2 1215 1214 1145 1084
1013 3 2 101 2 986 1089 945 824
1014 3 2 101 2 1217 1272 1179 1111
1015 3 2 101 2 1471 1423 1493 1525
1016 3 2 101 2 1087 1154 1122 1018
1017 3 2 101 2 1222 1253 1152 1148
1018 3 2 101 2 1141 1013 902 1044
1019 3 2 101 2 1252 1183 1384 1325
1020 3 2 101 2 1148 1152 986 1088
1021 3 2 101 2 1111 1148 1088 975
1022 3 2 101 2 1444 1388 1329 1354
1023 3 2 101 2 1525 1493 1412 1515
1024 3 2 101 2 1469 1385 1422 1470
1025 3 2 101 2 1244 1273 1144 1218
1026 3 2 101 2 1062 1153 1225 1156
1027 3 2 101 2 1214 1217 1085 1145
1028 3 2 101 2 1156 1225 1280 1180
1029 3 2 101 2 1075 944 839 1013
1030 3 2 101 2 868 1007 899 739
1031 3 2 101 2 1306 1325 1442 1357
1032 3 2 101 2 1422 1328 1388 1444
1033 3 2 101 2 1445 1330 1299 1358
1034 3 2 101 2 1358 1299 1383 1443
1035 3 2 101 2 1359 1331 1330 1445
1036 3 2 101 2 1044 902 1012 1080
1037 3 2 101 2 1142 1080 1082 1216
1038 3 2 101 2 1384 1183 1273 1307
1039 3 2 101 2 1122 1175 1277 1042
1040 3 2 101 2 1427 1359 1445 1491
1041 3 2 101 2 975 1088 942 941
1042 3 2 101 2 824 942 1088 986
1043 3 2 101 2 944 1075 1007 868
1044 3 2 101 2 1277 1301 1332 1192
1045 3 2 101 2 1386 1242 1331 1359
1046 3 2 101 2 1276 1116 1223 1243
1047 3 2 101 2 1242 1386 1447 1327
1048 3 2 101 2 1217 1111 975 1085
1049 3 2 101 2 1307 1326 1428 1362
1050 3 2 101 2 1112 1240 1329 1220
1051 3 2 101 2 952 1021 1151 1046
1052 3 2 101 2 1183 1110 1144 1273
1053 3 2 101 2 1515 1412 1496 1514
1054 3 2 101 2 1012 938 1082 1080
1055 3 2 101 2 974 916 1014 1081
1056 3 2 101 2 950 1020 987 822
1057 3 2 101 2 1013 839 869 902
1058 3 2 101 2 902 869 752 1012
1059 3 2 101 2 1491 1445 1358 1468
1060 3 2 101 2 1012 752 863 938
1061 3 2 101 2 1490 1470 1422 1444
1062 3 2 101 2 916 974 1082 938
1063 3 2 101 2 1385 1469 1428 1326
1064 3 2 101 2 938 863 742 916
1065 3 2 101 2 1014 901 1083 1081
1066 3 2 101 2 1274 1244 1218 1191
1067 3 2 101 2 974 1081 1144 1110
1068 3 2 101 2 916 742 866 1014
1069 3 2 101 2 1084 951 823 979
1070 3 2 101 2 1383 1268 1178 1298
1071 3 2 101 2 1145 1017 951 1084
1072 3 2 101 2 1085 985 1017 1145
1073 3 2 101 2 870 909 823 736
1074 3 2 101 2 975 941 985 1085
1075 3 2 101 2 1014 866 865 901
1076 3 2 101 2 1015 901 865 947
1077 3 2 101 2 837 772 712 864
1078 3 2 101 2 869 839 778 710
1079 3 2 101 2 863 752 653 777
1080 3 2 101 2 772 153 152 712
1081 3 2 101 2 712 152 151 651
1082 3 2 101 2 775 713 683 741
1083 3 2 101 2 776 89 88 714
1084 3 2 101 2 779 163 162 674
1085 3 2 101 2 939 1015 947 837
1086 3 2 101 2 87 713 714 88
1087 3 2 101 2 778 161 160 710
1088 3 2 101 2 737 651 781 867
1089 3 2 101 2 868 739 680 779
1090 3 2 101 2 865 866 679 773
1091 3 2 101 2 871 940 656 776
1092 3 2 101 2 718 684 915 943
1093 3 2 101 2 156 679 715 157
1094 3 2 101 2 673 154 153 772
1095 3 2 101 2 773 155 154 673
1096 3 2 101 2 861 720 680 739
1097 3 2 101 2 942 873 838 941
1098 3 2 101 2 776 714 874 871
1099 3 2 101 2 78 718 784 79
1100 3 2 101 2 870 736 644 784
1101 3 2 101 2 81 721 722 82
1102 3 2 101 2 679 156 155 773
1103 3 2 101 2 164 680 720 165
1104 3 2 101 2 785 656 940 843
1105 3 2 101 2 82 722 787 83
1106 3 2 101 2 75 74 786 646
1107 3 2 101 2 783 721 644 736
1108 3 2 101 2 166 774 652 167
1109 3 2 101 2 653 752 869 710
1110 3 2 101 2 781 150 149 709
1111 3 2 101 2 786 74 73 717
1112 3 2 101 2 718 78 77 684
1113 3 2 101 2 771 645 71 70
1114 3 2 101 2 80 79 784 644
1115 3 2 101 2 944 674 778 839
1116 3 2 101 2 777 158 157 715
1117 3 2 101 2 774 166 165 720
1118 3 2 101 2 843 872 681 785
1119 3 2 101 2 713 775 874 714
1120 3 2 101 2 158 777 653 159
1121 3 2 101 2 772 837 947 673
1122 3 2 101 2 89 776 656 90
1123 3 2 101 2 946 790 719 822
1124 3 2 101 2 779 674 944 868
1125 3 2 101 2 937 821 791 646
1126 3 2 101 2 680 164 163 779
1127 3 2 101 2 777 715 742 863
1128 3 2 101 2 724 681 872 740
1129 3 2 101 2 715 679 866 742
1130 3 2 101 2 949 985 941 838
1131 3 2 101 2 92 681 724 93
1132 3 2 101 2 845 1017 985 949
1133 3 2 101 2 674 162 161 778
1134 3 2 101 2 787 722 845 949
1135 3 2 101 2 785 91 90 656
1136 3 2 101 2 790 146 145 719
1137 3 2 101 2 791 821 915 684
1138 3 2 101 2 792 142 141 723
1139 3 2 101 2 140 682 723 141
1140 3 2 101 2 773 673 947 865
1141 3 2 101 2 96 711 725 97
1142 3 2 101 2 790 946 844 650
1143 3 2 101 2 98 780 655 99
1144 3 2 101 2 94 782 654 95
1145 3 2 101 2 984 867 948 1016
1146 3 2 101 2 710 160 159 653
1147 3 2 101 2 793 85 84 647
1148 3 2 101 2 85 793 683 86
1149 3 2 101 2 711 96 95 654
1150 3 2 101 2 780 98 97 725
1151 3 2 101 2 146 790 650 147
1152 3 2 101 2 736 823 951 783
1153 3 2 101 2 782 94 93 724
1154 3 2 101 2 770 168 167 652
1155 3 2 101 2 713 87 86 683
1156 3 2 101 2 143 648 795 144
1157 3 2 101 2 741 683 793 873
1158 3 2 101 2 650 844 876 788
1159 3 2 101 2 144 795 719 145
1160 3 2 101 2 83 787 647 84
1161 3 2 101 2 91 785 681 92
1162 3 2 101 2 824 741 873 942
1163 3 2 101 2 717 73 72 789
1164 3 2 101 2 651 151 150 781
1165 3 2 101 2 794 139 138 649
1166 3 2 101 2 781 709 948 867
1167 3 2 101 2 867 984 910 737
1168 3 2 101 2 684 77 76 791
1169 3 2 101 2 709 788 876 948
1170 3 2 101 2 789 72 71 645
1171 3 2 101 2 139 794 682 140
1172 3 2 101 2 784 718 943 870
1173 3 2 101 2 148 788 709 149
1174 3 2 101 2 142 792 648 143
1175 3 2 101 2 837 864 1019 939
1176 3 2 101 2 651 737 864 712
1177 3 2 101 2 795 950 822 719
1178 3 2 101 2 792 723 738 875
1179 3 2 101 2 791 76 75 646
1180 3 2 101 2 788 148 147 650
1181 3 2 101 2 783 951 1017 845
1182 3 2 101 2 876 900 1016 948
1183 3 2 101 2 721 81 80 644
1184 3 2 101 2 721 783 845 722
1185 3 2 101 2 950 795 648 880
1186 3 2 101 2 875 880 648 792
1187 3 2 101 2 873 793 647 838
1188 3 2 101 2 1019 864 737 910
1189 3 2 101 2 949 838 647 787
1190 3 2 101 2 940 988 1022 843
1191 3 2 101 2 1219 1191 1146 1045
1192 3 2 101 2 1083 901 1015 1146
1193 3 2 101 2 1191 1218 1083 1146
1194 3 2 101 2 1081 1083 1218 1144
1195 3 2 101 2 1146 1015 939 1045
1196 3 2 101 2 1222 1327 1390 1253
1197 3 2 101 2 939 1019 1147 1045
1198 3 2 101 2 1086 1061 1112 1220
1199 3 2 101 2 1385 1274 1328 1422
1200 3 2 101 2 1220 1275 1147 1086
1201 3 2 101 2 1045 1147 1275 1219
1202 3 2 101 2 1191 1219 1328 1274
1203 3 2 101 2 1326 1244 1274 1385
1204 3 2 101 2 910 1086 1147 1019
1205 3 2 101 2 1388 1328 1219 1275
1206 3 2 101 2 1149 1061 984 1016
1207 3 2 101 2 1329 1388 1275 1220
1208 3 2 101 2 1359 1427 1492 1386
1209 3 2 101 2 1149 1016 900 1042
1210 3 2 101 2 876 844 1018 900
1211 3 2 101 2 984 1061 1086 910
1212 3 2 101 2 1154 1087 987 1047
1213 3 2 101 2 844 946 1087 1018
1214 3 2 101 2 1061 1149 1192 1112
1215 3 2 101 2 1122 1042 900 1018
1216 3 2 101 2 1444 1354 1526 1490
1217 3 2 101 2 1149 1042 1277 1192
1218 3 2 101 2 1021 874 775 945
1219 3 2 101 2 741 824 945 775
1220 3 2 101 2 1112 1192 1332 1240
1221 3 2 101 2 1329 1240 1446 1354
1222 3 2 101 2 1369 1334 1253 1390
1223 3 2 101 2 1514 1496 1411 1513
1224 3 2 101 2 822 987 1087 946
1225 3 2 101 2 1115 1178 1268 1143
1226 3 2 101 2 1020 950 880 903
1227 3 2 101 2 988 940 871 952
1228 3 2 101 2 1021 952 871 874
1229 3 2 101 2 1153 1062 911 1022
1230 3 2 101 2 1008 1041 1150 1009
1231 3 2 101 2 1023 740 872 911
1232 3 2 101 2 1022 911 872 843
1233 3 2 101 2 782 724 740 881
1234 3 2 101 2 1391 1424 1528 1472
1235 3 2 101 2 1154 1278 1175 1122
1236 3 2 101 2 740 1023 954 881
1237 3 2 101 2 1175 1278 1392 1333
1238 3 2 101 2 1301 1333 1424 1391
1239 3 2 101 2 780 725 846 882
1240 3 2 101 2 825 753 881 954
1241 3 2 101 2 654 782 881 753
1242 3 2 101 2 1322 1311 1440 1352
1243 3 2 101 2 976 1049 1123 1030
1244 3 2 101 2 1278 1221 1340 1392
1245 3 2 101 2 1505 1529 1413 1499
1246 3 2 101 2 1154 1047 1221 1278
1247 3 2 101 2 711 796 846 725
1248 3 2 101 2 987 1020 1155 1047
1249 3 2 101 2 1473 1528 1424 1450
1250 3 2 101 2 1342 1360 1425 1345
1251 3 2 101 2 1338 1231 1169 1289
1252 3 2 101 2 654 753 796 711
1253 3 2 101 2 1324 1238 1437 1351
1254 3 2 101 2 1530 1462 1454 1361
1255 3 2 101 2 1108 1224 1322 1238
1256 3 2 101 2 1077 1140 1266 1224
1257 3 2 101 2 1003 1011 1140 1077
1258 3 2 101 2 1040 1077 1224 1108
1259 3 2 101 2 1317 1260 1439 1376
1260 3 2 101 2 1351 1437 1522 1457
1261 3 2 101 2 1456 1395 1309 1373
1262 3 2 101 2 977 1034 958 957
1263 3 2 101 2 1313 1246 1433 1364
1264 3 2 101 2 1059 1074 1207 1107
1265 3 2 101 2 903 1093 1155 1020
1266 3 2 101 2 1335 1393 1479 1448
1267 3 2 101 2 1302 1335 1448 1363
1268 3 2 101 2 917 1024 875 738
1269 3 2 101 2 880 875 1024 903
1270 3 2 101 2 1376 1439 1524 1502
1271 3 2 101 2 1195 1290 1398 1312
1272 3 2 101 2 1117 1158 1281 1181
1273 3 2 101 2 1181 1281 1393 1335
1274 3 2 101 2 1281 1312 1452 1393
1275 3 2 101 2 1159 1229 1343 1287
1276 3 2 101 2 1033 956 884 965
1277 3 2 101 2 989 1099 1229 1159
1278 3 2 101 2 727 799 961 847
1279 3 2 101 2 808 731 889 964
1280 3 2 101 2 847 961 1099 989
1281 3 2 101 2 849 962 1036 914
1282 3 2 101 2 828 980 1099 961
1283 3 2 101 2 664 828 961 799
1284 3 2 101 2 800 890 728 716
1285 3 2 101 2 1312 1281 1158 1195
1286 3 2 101 2 1159 1051 905 989
1287 3 2 101 2 879 963 797 729
1288 3 2 101 2 726 798 887 884
1289 3 2 101 2 798 267 268 658
1290 3 2 101 2 137 797 649 138
1291 3 2 101 2 1226 1185 1160 1057
1292 3 2 101 2 1124 1161 1282 1176
1293 3 2 101 2 1176 1282 1400 1295
1294 3 2 101 2 1315 1254 1348 1403
1295 3 2 101 2 1096 980 828 960
1296 3 2 101 2 99 655 716 100
1297 3 2 101 2 997 991 830 921
1298 3 2 101 2 960 828 664 802
1299 3 2 101 2 723 682 877 738
1300 3 2 101 2 799 727 269 270
1301 3 2 101 2 1057 1163 1284 1226
1302 3 2 101 2 1398 1295 1499 1413
1303 3 2 101 2 1048 1092 1195 1158
1304 3 2 101 2 1501 1456 1373 1415
1305 3 2 101 2 1430 1481 1531 1426
1306 3 2 101 2 847 746 658 727
1307 3 2 101 2 887 798 658 746
1308 3 2 101 2 1235 1118 1054 1165
1309 3 2 101 2 801 265 266 726
1310 3 2 101 2 798 726 266 267
1311 3 2 101 2 989 905 746 847
1312 3 2 101 2 802 664 271 272
1313 3 2 101 2 799 270 271 664
1314 3 2 101 2 956 827 685 801
1315 3 2 101 2 848 748 662 805
1316 3 2 101 2 738 877 1025 917
1317 3 2 101 2 1396 1339 1226 1284
1318 3 2 101 2 1429 1396 1308 1426
1319 3 2 101 2 746 905 1028 887
1320 3 2 101 2 928 834 671 804
1321 3 2 101 2 917 1025 1168 1092
1322 3 2 101 2 1339 1255 1185 1226
1323 3 2 101 2 803 263 264 685
1324 3 2 101 2 801 685 264 265
1325 3 2 101 2 1429 1426 1531 1503
1326 3 2 101 2 812 819 696 687
1327 3 2 101 2 929 803 685 827
1328 3 2 101 2 1201 1257 1120 1232
1329 3 2 101 2 682 794 959 877
1330 3 2 101 2 1163 1051 1186 1284
1331 3 2 101 2 1032 1033 1160 1097
1332 3 2 101 2 803 668 262 263
1333 3 2 101 2 760 261 262 668
1334 3 2 101 2 671 834 960 802
1335 3 2 101 2 1232 1120 980 1096
1336 3 2 101 2 1290 1195 1092 1168
1337 3 2 101 2 802 272 273 671
1338 3 2 101 2 804 671 273 274
1339 3 2 101 2 1527 1464 1366 1449
1340 3 2 101 2 878 963 1100 1026
1341 3 2 101 2 1449 1366 1248 1341
1342 3 2 101 2 1026 1100 1233 1161
1343 3 2 101 2 1395 1283 1188 1309
1344 3 2 101 2 268 269 727 658
1345 3 2 101 2 1341 1248 1118 1235
1346 3 2 101 2 805 102 101 728
1347 3 2 101 2 978 1113 1197 1095
1348 3 2 101 2 804 274 275 677
1349 3 2 101 2 759 677 275 276
1350 3 2 101 2 1371 1256 1349 1404
1351 3 2 101 2 1027 1100 963 879
1352 3 2 101 2 1430 1426 1308 1372
1353 3 2 101 2 1346 1282 1161 1233
1354 3 2 101 2 672 809 892 815
1355 3 2 101 2 1026 1098 959 878
1356 3 2 101 2 905 1051 1163 1028
1357 3 2 101 2 1502 1506 1531 1481
1358 3 2 101 2 1284 1186 1308 1396
1359 3 2 101 2 963 878 649 797
1360 3 2 101 2 1372 1308 1186 1287
1361 3 2 101 2 1287 1186 1051 1159
1362 3 2 101 2 1098 1025 877 959
1363 3 2 101 2 1517 1498 1407 1516
1364 3 2 101 2 848 805 728 890
1365 3 2 101 2 136 729 797 137
1366 3 2 101 2 806 686 135 134
1367 3 2 101 2 1295 1398 1290 1176
1368 3 2 101 2 100 716 728 101
1369 3 2 101 2 1283 1162 1055 1188
1370 3 2 101 2 1162 1233 1100 1027
1371 3 2 101 2 1133 927 983 1056
1372 3 2 101 2 1176 1290 1168 1124
1373 3 2 101 2 806 661 832 891
1374 3 2 101 2 1029 908 748 848
1375 3 2 101 2 1162 1027 907 1055
1376 3 2 101 2 649 878 959 794
1377 3 2 101 2 1027 879 745 907
1378 3 2 101 2 879 729 686 745
1379 3 2 101 2 1166 1058 914 1036
1380 3 2 101 2 805 662 103 102
1381 3 2 101 2 964 832 661 808
1382 3 2 101 2 808 661 133 132
1383 3 2 101 2 806 134 133 661
1384 3 2 101 2 135 686 729 136
1385 3 2 101 2 807 105 104 730
1386 3 2 101 2 1283 1346 1233 1162
1387 3 2 101 2 730 662 748 888
1388 3 2 101 2 1288 1188 1055 1167
1389 3 2 101 2 1066 981 1234 1125
1390 3 2 101 2 891 745 686 806
1391 3 2 101 2 921 830 665 756
1392 3 2 101 2 1167 1101 1237 1288
1393 3 2 101 2 891 832 967 1031
1394 3 2 101 2 962 849 666 807
1395 3 2 101 2 750 969 919 889
1396 3 2 101 2 809 107 106 666
1397 3 2 101 2 807 666 106 105
1398 3 2 101 2 1031 967 1101 1167
1399 3 2 101 2 1031 907 745 891
1400 3 2 101 2 808 132 131 731
1401 3 2 101 2 990 888 748 908
1402 3 2 101 2 1236 1126 1058 1166
1403 3 2 101 2 1167 1055 907 1031
1404 3 2 101 2 831 912 996 883
1405 3 2 101 2 1125 1237 1101 1106
1406 3 2 101 2 130 129 810 669
1407 3 2 101 2 1125 1106 982 1066
1408 3 2 101 2 173 756 665 174
1409 3 2 101 2 1096 960 834 992
1410 3 2 101 2 103 662 730 104
1411 3 2 101 2 1035 967 832 964
1412 3 2 101 2 809 672 108 107
1413 3 2 101 2 1250 1314 1402 1347
1414 3 2 101 2 1464 1432 1403 1366
1415 3 2 101 2 1037 968 815 892
1416 3 2 101 2 1293 1056 1171 1202
1417 3 2 101 2 7 177 687 283
1418 3 2 101 2 883 811 697 831
1419 3 2 101 2 731 669 750 889
1420 3 2 101 2 851 970 754 896
1421 3 2 101 2 733 110 109 699
1422 3 2 101 2 130 669 731 131
1423 3 2 101 2 61 2 253 732
1424 3 2 101 2 127 698 128 5
1425 3 2 101 2 1375 1315 1403 1432
1426 3 2 101 2 128 698 810 129
1427 3 2 101 2 177 176 812 687
1428 3 2 101 2 1347 1288 1237 1250
1429 3 2 101 2 1415 1461 1532 1501
1430 3 2 101 2 108 672 699 109
1431 3 2 101 2 253 254 813 732
1432 3 2 101 2 914 1058 1105 1037
1433 3 2 101 2 829 1066 982 913
1434 3 2 101 2 1396 1429 1404 1339
1435 3 2 101 2 174 665 751 6
1436 3 2 101 2 897 894 675 755
1437 3 2 101 2 6 751 850 755
1438 3 2 101 2 755 675 175 6
1439 3 2 101 2 734 281 282 696
1440 3 2 101 2 1067 994 1105 1170
1441 3 2 101 2 697 3 814 754
1442 3 2 101 2 751 665 830 918
1443 3 2 101 2 991 1065 918 830
1444 3 2 101 2 1126 1170 1105 1058
1445 3 2 101 2 175 675 812 176
1446 3 2 101 2 63 676 814 3
1447 3 2 101 2 1503 1371 1404 1429
1448 3 2 101 2 913 982 919 969
1449 3 2 101 2 256 695 255 10
1450 3 2 101 2 283 687 696 282
1451 3 2 101 2 62 61 732 693
1452 3 2 101 2 1343 1257 1350 1405
1453 3 2 101 2 255 695 813 254
1454 3 2 101 2 818 693 732 813
1455 3 2 101 2 1364 1405 1350 1313
1456 3 2 101 2 1106 1035 919 982
1457 3 2 101 2 62 693 676 63
1458 3 2 101 2 1431 1461 1415 1365
1459 3 2 101 2 758 690 819 894
1460 3 2 101 2 818 895 676 693
1461 3 2 101 2 894 819 812 675
1462 3 2 101 2 692 818 813 695
1463 3 2 101 2 896 754 814 820
1464 3 2 101 2 1339 1404 1349 1255
1465 3 2 101 2 1234 1250 1237 1125
1466 3 2 101 2 755 850 971 897
1467 3 2 101 2 1531 1506 1409 1503
1468 3 2 101 2 1366 1403 1348 1248
1469 3 2 101 2 1365 1415 1373 1402
1470 3 2 101 2 1119 1314 1250 1234
1471 3 2 101 2 1232 1172 1068 1201
1472 3 2 101 2 757 895 818 692
1473 3 2 101 2 1428 1427 1491 1362
1474 3 2 101 2 1448 1478 1477 1363
1475 3 2 101 2 1472 1471 1525 1418
1476 3 2 101 2 1363 1477 1476 1419
1477 3 2 101 2 1442 1421 1468 1467
1478 3 2 101 2 1362 1491 1468 1421
1479 3 2 101 2 1427 1428 1469 1492
1480 3 2 101 2 1432 1464 1461 1431
1481 3 2 101 2 1466 1441 1488 1465
1482 3 2 101 2 1443 1441 1466 1467
1483 3 2 101 2 1358 1443 1467 1468
1484 3 2 101 2 1478 1448 1479 1530
1485 3 2 101 2 1524 1457 1533 1507
1486 3 2 101 2 1522 1534 1533 1457
1487 3 2 101 2 1470 1460 1492 1469
1488 3 2 101 2 1464 1527 1532 1461
1489 3 2 101 2 1480 1462 1530 1479
1490 3 2 101 2 1417 1523 1465 1488
1491 3 2 101 2 1460 1470 1490 1513
1492 3 2 101 2 1471 1472 1528 1474
1493 3 2 101 2 1419 1476 1475 1473
1494 3 2 101 2 1473 1475 1474 1528
1495 3 2 101 2 1462 1480 1529 1516
1496 3 2 101 2 1511 1510 1521 1485
1497 3 2 101 2 1416 1512 1511 1485
1498 3 2 101 2 1458 1486 1509 1508
1499 3 2 101 2 1513 1490 1526 1514
1500 3 2 101 2 1410 1511 1512 1494
1501 3 2 101 2 1417 1494 1512 1523
1502 3 2 101 2 1418 1525 1515 1495
1503 3 2 101 2 1483 1504 1508 1509
1504 3 2 101 2 1502 1524 1507 1506
1505 3 2 101 2 1504 1520 1534 1508
1506 3 2 101 2 1486 1521 1510 1509
1507 3 2 101 2 1495 1515 1514 1526
1508 3 2 101 2 1459 1533 1534 1520
$EndElements
