$MeshFormat
2.2 0 8
$EndMeshFormat
$PhysicalNames
5
1 200 "LEFT_WALL"
1 201 "GAMMA_D"
1 202 "VOID_RIGHT"
2 100 "SOLID"
2 101 "VOID"
$EndPhysicalNames
$Nodes
1429
1 0 0 0
2 1 0 0
3 1 0.07199999999999999 0
4 0.07199999999999999 0.07199999999999999 0
5 0.07199999999999999 0.428 0
6 1 0.428 0
7 1 0.5 0
8 0.9928 0.5 0
9 0 0.5 0
10 0.01999999999996237 0 0
11 0.03999999999992186 0 0
12 0.05999999999987837 0 0
13 0.07999999999984518 0 0
14 0.09999999999981463 0 0
15 0.1199999999997832 0 0
16 0.1399999999997328 0 0
17 0.1599999999996745 0 0
18 0.1799999999996162 0 0
19 0.1999999999995579 0 0
20 0.2199999999994996 0 0
21 0.2399999999994413 0 0
22 0.259999999999383 0 0
23 0.2799999999993247 0 0
24 0.2999999999992664 0 0
25 0.3199999999992081 0 0
26 0.3399999999991498 0 0
27 0.3599999999990915 0 0
28 0.3799999999990332 0 0
29 0.3999999999989749 0 0
30 0.4199999999989167 0 0
31 0.4399999999988584 0 0
32 0.4599999999988 0 0
33 0.4799999999987418 0 0
34 0.4999999999986943 0 0
35 0.5199999999987361 0 0
36 0.5399999999987888 0 0
37 0.5599999999988415 0 0
38 0.5799999999988942 0 0
39 0.5999999999989468 0 0
40 0.6199999999989995 0 0
41 0.6399999999990521 0 0
42 0.6599999999991049 0 0
43 0.6799999999991574 0 0
44 0.6999999999992101 0 0
45 0.7199999999992628 0 0
46 0.7399999999993154 0 0
47 0.7599999999993681 0 0
48 0.7799999999994207 0 0
49 0.7999999999994734 0 0
50 0.8199999999995261 0 0
51 0.8399999999995788 0 0
52 0.8599999999996314 0 0
53 0.8799999999996841 0 0
54 0.8999999999997367 0 0
55 0.9199999999997894 0 0
56 0.939999999999842 0 0
57 0.9599999999998947 0 0
58 0.9799999999999475 0 0
59 1 0.01799999999995843 0
60 1 0.03599999999991129 0
61 1 0.05399999999995769 0
62 0.9806666666667092 0.07199999999999999 0
63 0.9613333333334183 0.07199999999999999 0
64 0.9420000000001275 0.07199999999999999 0
65 0.9226666666668366 0.07199999999999999 0
66 0.9033333333335168 0.07199999999999999 0
67 0.8840000000002116 0.07199999999999999 0
68 0.8646666666669207 0.07199999999999999 0
69 0.8453333333336299 0.07199999999999999 0
70 0.8260000000003608 0.07199999999999999 0
71 0.8066666666670916 0.07199999999999999 0
72 0.7873333333338007 0.07199999999999999 0
73 0.7680000000005099 0.07199999999999999 0
74 0.7486666666672552 0.07199999999999999 0
75 0.7293333333340005 0.07199999999999999 0
76 0.7100000000007241 0.07199999999999999 0
77 0.6906666666674333 0.07199999999999999 0
78 0.6713333333341713 0.07199999999999999 0
79 0.6520000000009382 0.07199999999999999 0
80 0.6326666666676473 0.07199999999999999 0
81 0.6133333333343565 0.07199999999999999 0
82 0.594000000001109 0.07199999999999999 0
83 0.5746666666678542 0.07199999999999999 0
84 0.5553333333345705 0.07199999999999999 0
85 0.5360000000012797 0.07199999999999999 0
86 0.5166666666678442 0.07199999999999999 0
87 0.4973333333344017 0.07199999999999999 0
88 0.4780000000010168 0.07199999999999999 0
89 0.4586666666676321 0.07199999999999999 0
90 0.4393333333342546 0.07199999999999999 0
91 0.4200000000008626 0.07199999999999999 0
92 0.4006666666674923 0.07199999999999999 0
93 0.3813333333340929 0.07199999999999999 0
94 0.36200000000073 0.07199999999999999 0
95 0.3426666666673233 0.07199999999999999 0
96 0.3233333333339602 0.07199999999999999 0
97 0.3040000000005534 0.07199999999999999 0
98 0.2846666666671904 0.07199999999999999 0
99 0.2653333333337909 0.07199999999999999 0
100 0.2460000000004207 0.07199999999999999 0
101 0.2266666666670284 0.07199999999999999 0
102 0.2073333333336943 0.07199999999999999 0
103 0.1880000000002876 0.07199999999999999 0
104 0.1686666666669244 0.07199999999999999 0
105 0.1493333333335251 0.07199999999999999 0
106 0.1300000000001547 0.07199999999999999 0
107 0.1106666666667625 0.07199999999999999 0
108 0.09133333333338489 0.07199999999999999 0
109 0.07199999999999999 0.09177777777773982 0
110 0.07199999999999999 0.1115555555554911 0
111 0.07199999999999999 0.1313333333332123 0
112 0.07199999999999999 0.1511111111109232 0
113 0.07199999999999999 0.170888888888663 0
114 0.07199999999999999 0.1906666666663667 0
115 0.07199999999999999 0.2104444444440722 0
116 0.07199999999999999 0.2302222222218115 0
117 0.07199999999999999 0.249999999999523 0
118 0.07199999999999999 0.2697777777773429 0
119 0.07199999999999999 0.2895555555551628 0
120 0.07199999999999999 0.3093333333330043 0
121 0.07199999999999999 0.3291111111108243 0
122 0.07199999999999999 0.3488888888886875 0
123 0.07199999999999999 0.3686666666665074 0
124 0.07199999999999999 0.3884444444443489 0
125 0.07199999999999999 0.408222222222169 0
126 0.09133333333329909 0.428 0
127 0.1106666666665837 0.428 0
128 0.1299999999998756 0.428 0
129 0.1493333333331783 0.428 0
130 0.1686666666664846 0.428 0
131 0.1879999999997892 0.428 0
132 0.207333333333072 0.428 0
133 0.2266666666663403 0.428 0
134 0.245999999999616 0.428 0
135 0.2653333333328879 0.428 0
136 0.284666666666178 0.428 0
137 0.3039999999994536 0.428 0
138 0.3233333333327256 0.428 0
139 0.3426666666660048 0.428 0
140 0.3619999999992803 0.428 0
141 0.381333333332545 0.428 0
142 0.4006666666658206 0.428 0
143 0.4199999999990853 0.428 0
144 0.439333333332361 0.428 0
145 0.458666666665651 0.428 0
146 0.477999999998923 0.428 0
147 0.4973333333321986 0.428 0
148 0.5166666666654887 0.428 0
149 0.5359999999987607 0.428 0
150 0.5553333333321266 0.428 0
151 0.5746666666655359 0.428 0
152 0.5939999999989234 0.428 0
153 0.6133333333323111 0.428 0
154 0.6326666666656915 0.428 0
155 0.6519999999990863 0.428 0
156 0.6713333333324595 0.428 0
157 0.6906666666658615 0.428 0
158 0.7099999999992275 0.428 0
159 0.7293333333326368 0.428 0
160 0.7486666666660029 0.428 0
161 0.7679999999994124 0.428 0
162 0.7873333333327784 0.428 0
163 0.8066666666661806 0.428 0
164 0.8259999999995539 0.428 0
165 0.8453333333329489 0.428 0
166 0.8646666666662859 0.428 0
167 0.8839999999996954 0.428 0
168 0.9033333333330613 0.428 0
169 0.9226666666664636 0.428 0
170 0.9419999999998367 0.428 0
171 0.9613333333332318 0.428 0
172 0.9806666666666123 0.428 0
173 1 0.4459999999999186 0
174 1 0.4639999999999131 0
175 1 0.481999999999962 0
176 0.9729440000000342 0.5 0
177 0.9530880000000875 0.5 0
178 0.9332320000001244 0.5 0
179 0.9133760000001752 0.5 0
180 0.8935200000001972 0.5 0
181 0.8736640000002193 0.5 0
182 0.8538080000002612 0.5 0
183 0.8339520000003172 0.5 0
184 0.8140960000003722 0.5 0
185 0.794240000000442 0.5 0
186 0.7743840000005031 0.5 0
187 0.7545280000005782 0.5 0
188 0.7346720000006342 0.5 0
189 0.7148160000006961 0.5 0
190 0.6949600000007521 0.5 0
191 0.6751040000008297 0.5 0
192 0.6552480000008856 0.5 0
193 0.6353920000009181 0.5 0
194 0.615536000000976 0.5 0
195 0.5956800000010103 0.5 0
196 0.5758240000010714 0.5 0
197 0.5559680000011438 0.5 0
198 0.5361120000012025 0.5 0
199 0.5162560000012775 0.5 0
200 0.4964000000013226 0.5 0
201 0.4765440000012905 0.5 0
202 0.4566880000012422 0.5 0
203 0.436832000001168 0.5 0
204 0.4169760000011511 0.5 0
205 0.3971200000010622 0.5 0
206 0.3772640000010165 0.5 0
207 0.3574080000009275 0.5 0
208 0.337552000000914 0.5 0
209 0.3176960000008364 0.5 0
210 0.2978400000007823 0.5 0
211 0.2779840000007021 0.5 0
212 0.258128000000666 0.5 0
213 0.2382720000006111 0.5 0
214 0.2184160000005404 0.5 0
215 0.1985600000005201 0.5 0
216 0.1787040000004519 0.5 0
217 0.158848000000429 0.5 0
218 0.1389920000003421 0.5 0
219 0.1191360000003302 0.5 0
220 0.09928000000025361 0.5 0
221 0.07942400000024175 0.5 0
222 0.05956800000015827 0.5 0
223 0.0397120000001292 0.5 0
224 0.01985600000006715 0.5 0
225 0 0.4807692307691507 0
226 0 0.4615384615383014 0
227 0 0.442307692307452 0
228 0 0.4230769230767628 0
229 0 0.403846153846127 0
230 0 0.3846153846154912 0
231 0 0.3653846153848554 0
232 0 0.3461538461542196 0
233 0 0.3269230769235838 0
234 0 0.3076923076929479 0
235 0 0.288461538462312 0
236 0 0.2692307692316762 0
237 0 0.2500000000010295 0
238 0 0.2307692307701911 0
239 0 0.2115384615393418 0
240 0 0.1923076923084925 0
241 0 0.1730769230776433 0
242 0 0.153846153846794 0
243 0 0.1346153846159447 0
244 0 0.1153846153850955 0
245 0 0.09615384615424621 0
246 0 0.07692307692339695 0
247 0 0.05769230769254768 0
248 0 0.03846153846169853 0
249 0 0.01923076923084927 0
250 1 0.09177777777773982 0
251 1 0.1115555555554911 0
252 1 0.1313333333332123 0
253 1 0.1511111111109232 0
254 1 0.170888888888663 0
255 1 0.1906666666663667 0
256 1 0.2104444444440722 0
257 1 0.2302222222218115 0
258 1 0.249999999999523 0
259 1 0.2697777777773429 0
260 1 0.2895555555551628 0
261 1 0.3093333333330043 0
262 1 0.3291111111108243 0
263 1 0.3488888888886875 0
264 1 0.3686666666665074 0
265 1 0.3884444444443489 0
266 1 0.408222222222169 0
267 0.01888019168554566 0.4426027550385163 0
268 0.01847209839036072 0.05702280808203977 0
269 0.01785057857003999 0.2694847712714373 0
270 0.01813465618815051 0.3853443229619825 0
271 0.01770674831388527 0.3275584162846354 0
272 0.01804062465296132 0.2307585862401992 0
273 0.01796990407886319 0.1727470268624753 0
274 0.01819415797614677 0.1341137008940942 0
275 0.5359690866869287 0.4458832643381391 0
276 0.4971676920370734 0.4459588230503779 0
277 0.4194519793856272 0.4465126460981352 0
278 0.3613532571584549 0.4451648124001944 0
279 0.2255481088471935 0.4474329742951739 0
280 0.1118671099504882 0.4480222613758506 0
281 0.2835649508384184 0.4461770212872568 0
282 0.1872175114842807 0.4476758223256346 0
283 0.8637626315571297 0.4491124651885824 0
284 0.7108992911818082 0.446078638653704 0
285 0.7689702884824833 0.4464313793337892 0
286 0.8269774858265267 0.4454508061933378 0
287 0.9219476224298991 0.4457744560448726 0
288 0.6720744864762416 0.4462259053317701 0
289 0.5942324698161389 0.4461109703378918 0
290 0.6510093348559441 0.05597653451033918 0
291 0.5952393655935628 0.05357993308758549 0
292 0.727235529426998 0.05408539948474938 0
293 0.8055995928322347 0.05368304538371017 0
294 0.2091474805045556 0.05593353500172717 0
295 0.8445474724351574 0.05342273852064709 0
296 0.5364739052119032 0.05363185450392643 0
297 0.9223217916561947 0.0534532708945607 0
298 0.2841600933391533 0.05489514496931325 0
299 0.3613887242282268 0.05410860469154988 0
300 0.1469190289935708 0.05362079646354515 0
301 0.4004053323518494 0.05416142630884101 0
302 0.4393688529548721 0.05379606862348346 0
303 0.4781806155706718 0.05357952004574764 0
304 0.09216515643878055 0.05448597949569073 0
305 0.05419905276881468 0.09319209272727855 0
306 0.9568725346287511 0.4823440413196771 0
307 0.1372742142256732 0.4802257273214007 0
308 0.3164100876625543 0.4836012833671364 0
309 0.05862284346048009 0.4801438804492322 0
310 0.2586663769111908 0.02197686473698346 0
311 0.7821750127963183 0.01809623892231234 0
312 0.7000585823006024 0.02089723763388245 0
313 0.01956310345717419 0.4807389867051027 0
314 0.05822587420074641 0.01868604268720327 0
315 0.0387696312163712 0.01881319423874644 0
316 0.054282279996711 0.4066843461682672 0
317 0.01859614010081596 0.4235895242458603 0
318 0.01827471067012266 0.1147519006647556 0
319 0.01826657755340002 0.09539030124719032 0
320 0.05417558957110039 0.1127890866591184 0
321 0.05384806804783988 0.2501160771429803 0
322 0.05362680815619894 0.3483197210827079 0
323 0.01787758690587418 0.3661724132604776 0
324 0.05364497520095005 0.2894144762247066 0
325 0.01771399555640511 0.3082012251175482 0
326 0.05362812474569021 0.3090437670628737 0
327 0.05380557650539192 0.3678517508335756 0
328 0.05392324270283749 0.2108401703389239 0
329 0.01801959842478392 0.2114053487150412 0
330 0.05385833696379384 0.1716122235496884 0
331 0.05406921966594291 0.1324037957033304 0
332 0.3247887083296577 0.4493869642819464 0
333 0.1507143829602979 0.4464300862504089 0
334 0.9607480935826218 0.446156817917519 0
335 0.5163475069978785 0.4817213113544502 0
336 0.5360284131183384 0.4817896253148023 0
337 0.4770305176925673 0.4820529663041525 0
338 0.4777862367768039 0.4461836107816047 0
339 0.7526343652471752 0.4821622213590213 0
340 0.7496192575330759 0.4462570964203131 0
341 0.8540232153849663 0.4779863559458599 0
342 0.772295095170428 0.4822985441320108 0
343 0.6740413464854095 0.4820883222617052 0
344 0.6937483374690606 0.481996602361985 0
345 0.4178783857059636 0.4823804555096836 0
346 0.3360771554900524 0.478202973825386 0
347 0.7133864878570061 0.4819752885654496 0
348 0.1997302629775105 0.4807354413993343 0
349 0.8744259485981344 0.4827097737329487 0
350 0.8118625712573007 0.4818379397563561 0
351 0.8078986631938623 0.4461083682907888 0
352 0.09996898635320206 0.483920594482287 0
353 0.09062374280103931 0.4496288671076275 0
354 0.3581285309574898 0.4807504349745989 0
355 0.575403491137203 0.4819426327359422 0
356 0.574809438108421 0.4460527739135324 0
357 0.9165601669351776 0.4812719030365505 0
358 0.9031770540409743 0.4455561037732103 0
359 0.220313823541339 0.47877971428715 0
360 0.5951074988507822 0.4819895190772311 0
361 0.1581616687744386 0.4830753751092873 0
362 0.2601278987335609 0.4816299491516254 0
363 0.2641400998469495 0.4455679829544156 0
364 0.2799062566954994 0.4820307673576513 0
365 0.6700658985499538 0.05081544611218512 0
366 0.6904643461544376 0.05353928178485233 0
367 0.7662061734336452 0.05382663480126888 0
368 0.2474590258339672 0.05088389764930387 0
369 0.197439141919682 0.02306156153083217 0
370 0.300922907870483 0.01834319604718597 0
371 0.3031465502797347 0.05418122375752096 0
372 0.3603502442650912 0.01823783715579397 0
373 0.5187539048171139 0.01782810058988968 0
374 0.4976037156874561 0.05368648028246729 0
375 0.6604327157570498 0.02194451107121001 0
376 0.6384903443566853 0.01922456582728838 0
377 0.6148723326165229 0.0540339300018548 0
378 0.1769171398867801 0.01784568920915293 0
379 0.1679831456230544 0.05056489116726413 0
380 0.1594099368543995 0.01735259438624433 0
381 0.2387035000663129 0.01678375439423687 0
382 0.4000592001584797 0.01828838582118889 0
383 0.1408549363081115 0.01851163681783466 0
384 0.110377250824873 0.05473308575669389 0
385 0.4397146323894361 0.01792260499097137 0
386 0.5783408657940908 0.01760245911177596 0
387 0.556003845687896 0.05353757752626968 0
388 0.4792216831623021 0.01770947111556863 0
389 0.7419774353794658 0.01839411348425742 0
390 0.618378050231744 0.01816729744839162 0
391 0.1190935205320048 0.02150785671280502 0
392 0.8219862281745243 0.01767211315322927 0
393 0.5584150552589711 0.01765605825257762 0
394 0.09726251382830703 0.0190862722006241 0
395 0.8813084848811136 0.01754239133235341 0
396 0.8639483859883943 0.05342087553334515 0
397 0.8833647677027237 0.05344237265115193 0
398 0.8615429784227668 0.01752899351945825 0
399 0.9209292486639586 0.01757951191987213 0
400 0.9796661069720777 0.4644215733877368 0
401 0.98031045457428 0.01795057599705353 0
402 0.9806708975214985 0.05388718646717987 0
403 0.01883548305533123 0.03800139861323113 0
404 0.9605600570124215 0.01780475538428589 0
405 0.94180287279186 0.05357949869783986 0
406 0.3405760510497744 0.01803186085905845 0
407 0.3225183554148051 0.0539142719026158 0
408 0.437658740061517 0.4823775490740501 0
409 0.4583896385420297 0.4463719792328967 0
410 0.3781181792709112 0.4817471909720066 0
411 0.3998291751078665 0.4463006101161538 0
412 0.6345353522638035 0.4820884702258091 0
413 0.6525984779112263 0.4462493207291273 0
414 0.6331366505978308 0.4461755710321558 0
415 0.01937646784513234 0.01900220993475915 0
416 0.9803098223448138 0.4461360161218261 0
417 0.9787254700364644 0.4837094038581367 0
418 0.9907259774260245 0.4909312877304711 0
419 0.05456407048095805 0.4254906175763002 0
420 0.05446031098912386 0.07401372521999616 0
421 0.03771945833821508 0.03756761124093341 0
422 0.07151308842042546 0.4434061362345323 0
423 0.07374697610587488 0.05476443870280116 0
424 0.961246901809087 0.05375331525483908 0
425 0.9407524457197551 0.01766517377108694 0
426 0.05404660635990534 0.3873120816740024 0
427 0.07768838335507455 0.01862549112323694 0
428 0.5385755826458324 0.01775477295442155 0
429 0.5983447894810505 0.01774116518516713 0
430 0.6804726116706431 0.0171986663759498 0
431 0.7620961274317828 0.01818761468972498 0
432 0.7219612788961947 0.0188656886584372 0
433 0.802127609440522 0.01784990273811654 0
434 0.8417633661646099 0.01756714519930613 0
435 0.901097297236468 0.01756568605342067 0
436 0.498990976725673 0.01777523077997969 0
437 0.2206813358863061 0.01880562350153699 0
438 0.3207897112266704 0.01801266261049538 0
439 0.2809015371518208 0.01933893217881521 0
440 0.3802036677655901 0.01828508106752971 0
441 0.4199123766018882 0.01810507788265997 0
442 0.4594833147957064 0.01775660446599258 0
443 0.03902568014405514 0.4806555613388389 0
444 0.05395503014403395 0.1520033834451639 0
445 0.05364360004659958 0.328677163129258 0
446 0.05377341353325915 0.2697592288972828 0
447 0.05393927798088034 0.230468505345347 0
448 0.05389461505404134 0.1912176061212014 0
449 0.08032614088017792 0.4781606928217867 0
450 0.3980113854051743 0.4821887229249004 0
451 0.1171811218076466 0.4829018822606572 0
452 0.2989757817422543 0.4826464593116371 0
453 0.4573595666294847 0.4822650589301509 0
454 0.1787763338948759 0.4802163307705197 0
455 0.240373639239836 0.4812992881305718 0
456 0.4966819685360052 0.4818618515282854 0
457 0.8945843613783998 0.4790643634777446 0
458 0.6148224048238776 0.4820273372984665 0
459 0.5557165515662505 0.4818879739373889 0
460 0.9366039799380859 0.481904255288868 0
461 0.8318919585223243 0.4807883985478835 0
462 0.7330159232995441 0.4820421291090496 0
463 0.6542784484018371 0.4821483707729958 0
464 0.7920416195256265 0.4822323821484529 0
465 0.01829570267832694 0.07613017829622513 0
466 0.0183446538948043 0.4045129472616243 0
467 0.5553922627651603 0.4459581729847114 0
468 0.884604201543191 0.4462422275485313 0
469 0.7884895311699103 0.4463445387650281 0
470 0.7302885762820932 0.4461116692532335 0
471 0.6915425293126514 0.4460989936834625 0
472 0.9411156227831561 0.4459876360006182 0
473 0.8442464019379443 0.4441108113717757 0
474 0.61369689592525 0.4460981010231476 0
475 0.51656036112535 0.4458498775241606 0
476 0.1685687538198296 0.4459600355811252 0
477 0.1319974184057074 0.4491695985401839 0
478 0.2066634138697349 0.4442700889686208 0
479 0.3030387401093767 0.4470025016382611 0
480 0.4389346805711521 0.4464455549306856 0
481 0.3803340384722843 0.4458590008575593 0
482 0.3442192984799901 0.4440202985847828 0
483 0.2461562225228052 0.4442192219738107 0
484 0.01794020705098985 0.2501100287571624 0
485 0.01796393734206763 0.1920577744298151 0
486 0.01802847468248317 0.1534044141851891 0
487 0.0177593880689242 0.2888441353094363 0
488 0.01774362537127508 0.3469013078352295 0
489 0.5170654168585367 0.0537446421961852 0
490 0.1908295968224818 0.05210475467193548 0
491 0.3419426277393642 0.05396969461455833 0
492 0.2669294893622559 0.05608176666806294 0
493 0.1284536999639238 0.0546439152260897 0
494 0.380886881839363 0.0542023165840867 0
495 0.2262863307242266 0.05394597306695365 0
496 0.4199124699300673 0.05402336837108318 0
497 0.4588000849364438 0.05367435031975763 0
498 0.6338447130838264 0.0548503819579257 0
499 0.9028032369483933 0.05348835449308387 0
500 0.7859157510247203 0.05384658364620631 0
501 0.7087398984716845 0.05434695061996044 0
502 0.7465184485050675 0.05397195791646039 0
503 0.8250413589926443 0.05358189277375477 0
504 0.5756175540116182 0.05353726078976174 0
505 0.01918684693870401 0.4616422522195361 0
506 0.9805214244256095 0.03588010143030237 0
507 0.03679483700633153 0.4243625795099908 0
508 0.9593043067264365 0.4642968774630205 0
509 0.03595419766651726 0.2306514974430773 0
510 0.03628079167386791 0.1138658580380787 0
511 0.03555722409068679 0.3281560627313139 0
512 0.03610348674701858 0.386266614049707 0
513 0.03563077530149836 0.2891639097469674 0
514 0.03563228584243849 0.3476160347790671 0
515 0.9413623154571531 0.03550588957465593 0
516 0.4774467611492155 0.4641515107070062 0
517 0.6730017560321828 0.4641925367618925 0
518 0.4186918053734548 0.4645369635292039 0
519 0.1143555255103968 0.4661622172650045 0
520 0.770490549141327 0.4644252048093647 0
521 0.2620823335767333 0.4634260826840998 0
522 0.8097165925431762 0.4638885524891112 0
523 0.575063341475604 0.4639934665856902 0
524 0.9028057412830334 0.4613926785682881 0
525 0.6533884590713015 0.4642258639305913 0
526 0.8466383957113126 0.460110499189768 0
527 0.6925729077455084 0.4640757185733974 0
528 0.359948936972208 0.462488141160927 0
529 0.3425007546274738 0.4601175708490146 0
530 0.1387663653288799 0.4611902643810091 0
531 0.6770805533015845 0.03345735634066604 0
532 0.5967411967916951 0.03561825133646594 0
533 0.5570786024778499 0.03548446526846903 0
534 0.3020677405201004 0.03643688914006452 0
535 0.5164532690697378 0.4637564169852011 0
536 0.2000764395797175 0.4619541107866916 0
537 0.1737781733020054 0.02985794201725696 0
538 0.8432936775472427 0.03536051977753466 0
539 0.8628514342970838 0.03534360929852579 0
540 0.4786176924265669 0.03557150444264085 0
541 0.1107060137993681 0.03908880317309943 0
542 0.6532893268440264 0.03995713730571038 0
543 0.1612270946897287 0.0330330460488512 0
544 0.265156750764353 0.0400419029769655 0
545 0.1822168137610736 0.03661625723807008 0
546 0.3608430428469307 0.03620344139725842 0
547 0.1437893884377368 0.03601280599607284 0
548 0.6358797655508942 0.03748211874320605 0
549 0.03815137946323893 0.461702692295388 0
550 0.03732018231185856 0.4430513679170529 0
551 0.05532487635969474 0.05548769612351665 0
552 0.03695838927804033 0.05630842385497287 0
553 0.05514411281808164 0.4434108969616681 0
554 0.9609477256804426 0.03572238391742383 0
555 0.03651295048066482 0.07522468964198381 0
556 0.03640222846380628 0.4054312757313463 0
557 0.03613649499561728 0.1333183151410528 0
558 0.0358994011375544 0.1722342715323371 0
559 0.03575728725446461 0.269652237796577 0
560 0.03595110120646701 0.2111592857363427 0
561 0.03560624907868455 0.3086466392978551 0
562 0.03582816378658627 0.3669884072322678 0
563 0.03632772009107272 0.09442789540449575 0
564 0.03587089517743389 0.250138837540485 0
565 0.09751617625700934 0.4678384121796149 0
566 0.3989175336729379 0.4642557401685133 0
567 0.4579228165639224 0.4643908322754832 0
568 0.2265962471065287 0.4668070109379676 0
569 0.1863628618405007 0.4662751870601669 0
570 0.2817340724109692 0.46415756059574 0
571 0.7510168724174118 0.4642516244065066 0
572 0.8290704616952589 0.4626115245524512 0
573 0.9198405877880977 0.4631736919847805 0
574 0.6337911960349463 0.4641528355934507 0
575 0.4969384227518737 0.4639028164890872 0
576 0.5359842202220887 0.4638062367203322 0
577 0.3183776967956502 0.4673955781159002 0
578 0.8710566883089488 0.4663692912346082 0
579 0.712069482926888 0.464045472496063 0
580 0.1513622598868896 0.4649821895656552 0
581 0.5946316677988459 0.4640432162845494 0
582 0.9392526519923828 0.4638780817118853 0
583 0.05666941353921986 0.0371564505562586 0
584 0.5555311207044262 0.4638993161000923 0
585 0.7901407725211156 0.4642907641626806 0
586 0.2405591338992276 0.4623354007428952 0
587 0.8860936348148686 0.4622016895382955 0
588 0.0736742201744035 0.4597061505191481 0
589 0.3792732872791469 0.4636451966600549 0
590 0.1815883164725139 0.4601799531674141 0
591 0.0942709450563866 0.0372931498761041 0
592 0.4383298031899939 0.4644859170120641 0
593 0.7247998050505998 0.03677945140567195 0
594 0.2065313438056793 0.04032743646973524 0
595 0.7641935226393759 0.03604508617598579 0
596 0.8039974355970838 0.03571608599383299 0
597 0.4002015508038282 0.03626899699409386 0
598 0.8824259522496103 0.03536388567043863 0
599 0.4394997175944298 0.03583335474606239 0
600 0.4981971074599928 0.03566912098891783 0
601 0.9216907602312906 0.03542094496112405 0
602 0.282795966190804 0.03764494812523365 0
603 0.5374200726212525 0.03563526668576199 0
604 0.6916319463698696 0.03757986296428722 0
605 0.3216469796134951 0.03602829545644154 0
606 0.2408968690473264 0.03318969305351996 0
607 0.3805200514490044 0.03627985351020443 0
608 0.6165201159252737 0.0362590306367383 0
609 0.4590883936197489 0.03566863963460542 0
610 0.3412442474243553 0.03603617882756843 0
611 0.576908175021379 0.03550823328610437 0
612 0.823621473478917 0.03554515610087051 0
613 0.1273514130893695 0.03893604132923231 0
614 0.1303496232264665 0.4669468524140009 0
615 0.218312605012134 0.4606075609520391 0
616 0.03599661999289643 0.1527598842130165 0
617 0.03591443209455912 0.1916777531026324 0
618 0.05666498941083782 0.4612842081228836 0
619 0.7315674719794582 0.4641067291423961 0
620 0.3008320273079094 0.4652344284980149 0
621 0.6142186668310108 0.4640802041082314 0
622 0.07559399618650955 0.03692810150757863 0
623 0.9020256334077118 0.03541476810523925 0
624 0.2235192555706673 0.0365671022615747 0
625 0.4198813517456841 0.03607403297823412 0
626 0.51782134150634 0.03571275252857323 0
627 0.7841195282348653 0.03592035035696307 0
628 0.7443180349246483 0.03624497280087395 0
629 0.7080217869745751 0.03858498664754868 0
630 0.1702106642465178 0.462246601425485 0
631 0.6519985915236309 0.09133370165826725 0
632 0.7486553999574614 0.09134000529396051 0
633 0.4006675806027845 0.4086665920087121 0
634 0.3233438665029144 0.40866070333654 0
635 0.555333329140911 0.09133333665140796 0
636 0.5359999998902587 0.4086666665334527 0
637 0.7099998903756808 0.408666553722138 0
638 0.6326666647098005 0.4086666607150772 0
639 0.3620004934942067 0.09133355288259284 0
640 0.8066586428891196 0.4086554667138054 0
641 0.2653428468074032 0.09134692870877556 0
642 0.4393333438041119 0.09133334293858822 0
643 0.09170458875471005 0.190618330465368 0
644 0.2460099304991892 0.4086326361286581 0
645 0.9802757953897663 0.2697800470755413 0
646 0.8259679512331005 0.09136062595883922 0
647 0.09172210276499133 0.2697936522526144 0
648 0.9802833856819398 0.210450110184869 0
649 0.1880744942909246 0.4085910822077594 0
650 0.8839330320720129 0.4086096828063936 0
651 0.9032045344035163 0.09141621068674297 0
652 0.1880787490541241 0.0914048252580182 0
653 0.09168468696030747 0.3291811115750563 0
654 0.9803522774001406 0.3489897086898311 0
655 0.09160199297314199 0.1312379282915688 0
656 0.1495134906130526 0.4084878409229746 0
657 0.9803490030138416 0.1509861155538034 0
658 0.9418223775749793 0.09151277350110965 0
659 0.9418617380574714 0.4084978040156434 0
660 0.4780000073969875 0.408666666240565 0
661 0.09160853463494685 0.3687762200132202 0
662 0.1301491876205274 0.09156366319700726 0
663 0.7679971533913877 0.4086640484997904 0
664 0.3040035291263078 0.09133664766012212 0
665 0.5939999984816053 0.4086666644530996 0
666 0.6906634282348223 0.09133438197691611 0
667 0.4780000025466786 0.09133333525517846 0
668 0.5939999374757899 0.0913333595555695 0
669 0.9804808041316093 0.1114158201426029 0
670 0.9805798768119225 0.408316848582817 0
671 0.09142283138757115 0.09171422382604508 0
672 0.9611774418681696 0.0916031579695314 0
673 0.09152758984372751 0.3885451747819105 0
674 0.1108368958967828 0.4083448471108942 0
675 0.9804988535005809 0.3885932108701937 0
676 0.9803137908045949 0.3291583218018785 0
677 0.9802938757687688 0.3093473193401872 0
678 0.0917180366870818 0.2302317296770602 0
679 0.09171567108565006 0.2895742928358731 0
680 0.9802755314760255 0.2500112359716408 0
681 0.9802966637190691 0.1906380464276192 0
682 0.09165652197055947 0.1510245948506258 0
683 0.8453067466770194 0.4086368815778184 0
684 0.2266983769850674 0.09136764171306859 0
685 0.574666665581978 0.4086666654390094 0
686 0.5166666670452925 0.09133333376697833 0
687 0.6906666543095716 0.4086666247822197 0
688 0.3813335286706249 0.09133343178228599 0
689 0.4586666963609718 0.4086666656593894 0
690 0.5166666670336321 0.4086666665643582 0
691 0.3620039920237818 0.4086656006365099 0
692 0.4393334519527852 0.4086666631416218 0
693 0.7679823520458753 0.09134478071116424 0
694 0.6713333341274914 0.4086666481131421 0
695 0.7099949732601959 0.09133539772508774 0
696 0.4006667349824051 0.09133338045948917 0
697 0.7486651000372947 0.4086654423088061 0
698 0.3233356555912499 0.09133489205962045 0
699 0.6133331051845221 0.09133340444091223 0
700 0.3040153436127504 0.408654822432132 0
701 0.2846847014473002 0.4086468096223567 0
702 0.2266775969438031 0.4086242080860046 0
703 0.7873089963499985 0.09135067588506889 0
704 0.8452904169549333 0.09136865670535262 0
705 0.8646018043046624 0.09138096687614636 0
706 0.9225464297139275 0.4085516426342609 0
707 0.14946701561858 0.09149657113714481 0
708 0.9805772354655616 0.09169562469193444 0
709 0.09142905397091816 0.408280680462022 0
710 0.7099845046721689 0.1106724372265162 0
711 0.536000003171839 0.3893333328217363 0
712 0.4393339582345018 0.3893333190814481 0
713 0.3040124992957814 0.1106763881604928 0
714 0.5939997000415996 0.1106667913674052 0
715 0.7099997467982316 0.389332925156067 0
716 0.3813342131424926 0.1106669865017872 0
717 0.3233626460260654 0.3893175598362107 0
718 0.8259195144355053 0.1107325563372242 0
719 0.9605768246379477 0.2500276267245378 0
720 0.2267185772935414 0.3892322200870251 0
721 0.1114148211061588 0.269825391519774 0
722 0.9606812417042834 0.3292676479069341 0
723 0.9223689709927299 0.3890358364197873 0
724 0.1112436027818594 0.1508534103709865 0
725 0.1496572453752981 0.1110395633856224 0
726 0.5746666620132824 0.3893333283900619 0
727 0.7486340606009176 0.110684020139683 0
728 0.1111472698327906 0.3689191953218673 0
729 0.1109929188415638 0.3886526602902447 0
730 0.9804109898249216 0.131179215733104 0
731 0.09150843679358732 0.1114592834035122 0
732 0.9804265464219744 0.3688143128260244 0
733 0.09164564987243139 0.3489901238544476 0
734 0.9803205446674664 0.1708051014105897 0
735 0.09170108418350463 0.309374968740484 0
736 0.09168011895046524 0.1708072383825695 0
737 0.9802847221050091 0.2895578883883101 0
738 0.09171751012950179 0.2500191671474857 0
739 0.980280929345874 0.2302374979078264 0
740 0.09170980835720079 0.2104248820853822 0
741 0.4973333346663359 0.09133333430010207 0
742 0.5553333328357255 0.4086666659690453 0
743 0.5359999992311828 0.09133333439805195 0
744 0.7293327145772791 0.4086661932127624 0
745 0.3426680363980256 0.09133402918397104 0
746 0.7873281442486415 0.4086605177694027 0
747 0.2846732517383373 0.09134132389059903 0
748 0.6133333311075395 0.4086666620109337 0
749 0.6713306824375154 0.0913340685291574 0
750 0.4586666734047053 0.09133333861426214 0
751 0.6326659262003635 0.09133352897605065 0
752 0.6519999993028094 0.4086666558417036 0
753 0.420000027841849 0.09133335715978497 0
754 0.4780001157861624 0.3893333312610928 0
755 0.6906666382959051 0.3893331426304171 0
756 0.4200004442929763 0.4086666449766143 0
757 0.7293244114188068 0.09133776589772062 0
758 0.4973333421795189 0.4086666663675584 0
759 0.3426744272653314 0.4086633827505964 0
760 0.3813356136900024 0.4086662981053988 0
761 0.5746666325208147 0.09133334991485918 0
762 0.3040395139638321 0.3893033637528319 0
763 0.8259839473091948 0.4086462279434681 0
764 0.7679529556062789 0.1106951048463931 0
765 0.2460189885536665 0.09135706533776586 0
766 0.2653494694269088 0.408638173472928 0
767 0.8066364314338965 0.09135698901539356 0
768 0.8452193839465738 0.1107524444011831 0
769 0.8646185631000352 0.4086227351267648 0
770 0.2073702201913974 0.4086094281086927 0
771 0.2073904205190749 0.09138516745495616 0
772 0.8839015931734838 0.09139817838800085 0
773 0.1688035011430592 0.408546345848254 0
774 0.9032332340735719 0.4085797157961985 0
775 0.9225004687298236 0.0914585087529748 0
776 0.1687803483338268 0.09144757070390365 0
777 0.1301941197594009 0.4084095263080821 0
778 0.9612012199295201 0.4084046131586799 0
779 0.1108058507551793 0.091648745715114 0
780 0.9416254650782373 0.1110941062883155 0
781 0.9610262676767737 0.1112643093465075 0
782 0.4973333384624488 0.1106666693659433 0
783 0.7873194461351252 0.3893175702497137 0
784 0.7099993364891258 0.3699988050252771 0
785 0.3233943528640072 0.3699690120450803 0
786 0.7485994255889064 0.1300330355724926 0
787 0.2267561113515619 0.1107566280783588 0
788 0.8258359352621225 0.1301180676337531 0
789 0.8452568474943828 0.3892540237278844 0
790 0.9606919788055157 0.1706493960320424 0
791 0.111368417067703 0.3094582789757154 0
792 0.1112400543166667 0.3491426507769977 0
793 0.1882079697576049 0.3891529133291312 0
794 0.4586666936336866 0.1106666830318149 0
795 0.6133333252357643 0.3893333127062256 0
796 0.4973333950867792 0.3893333322939749 0
797 0.4006699740961104 0.3893330491189105 0
798 0.5553333165293234 0.1106666813260111 0
799 0.9030255887959375 0.1108717568831168 0
800 0.1303437993252883 0.1111975537839102 0
801 0.9416800182336399 0.388895422769374 0
802 0.9607821893755621 0.3491525083969366 0
803 0.1111079232973206 0.1310771191865508 0
804 0.1303993602058364 0.3887896189112139 0
805 0.9608858130478244 0.1309828222971483 0
806 0.1113121244646822 0.1706428533585129 0
807 0.1113871387532136 0.2103720829589863 0
808 0.1114126847662491 0.2500461863471826 0
809 0.1113943302902508 0.2896280457441983 0
810 0.9605873207541235 0.2302483895104056 0
811 0.9605990752863089 0.2895879511533176 0
812 0.960637720936228 0.3094209882433264 0
813 0.9605877448468332 0.2698023824866672 0
814 0.3620124493524171 0.3893302739541133 0
815 0.5553333315725285 0.3893333311560333 0
816 0.7293319017932132 0.3893320539601178 0
817 0.5939999927122533 0.3893333208236465 0
818 0.5359999968666297 0.1106666714862654 0
819 0.6326641153559359 0.1106673120595767 0
820 0.6519944650170524 0.110668000158716 0
821 0.6906544427928586 0.1106703350358885 0
822 0.6519999992473626 0.3893332827997463 0
823 0.6713333381522145 0.389333233379535 0
824 0.5166666931589414 0.3893333328078115 0
825 0.4586669953538279 0.3893333274618401 0
826 0.6133321990060562 0.110667003549974 0
827 0.5746665694002018 0.1106667217788669 0
828 0.4200001260134293 0.110666741688449 0
829 0.4200016781933737 0.3893332518857303 0
830 0.362002380095133 0.1106674570636708 0
831 0.3233421500155413 0.1106715707835947 0
832 0.4006670609793037 0.1106668391280233 0
833 0.2846858883277189 0.1106869917887133 0
834 0.3426883546797173 0.3893248332825696 0
835 0.7293089965864922 0.1106777861511616 0
836 0.8065950020311186 0.110721217605621 0
837 0.2847119400131041 0.3892850306673345 0
838 0.2460439458581471 0.3892488962759772 0
839 0.8066423169760024 0.3893025340781314 0
840 0.2653634057182225 0.1107034811268441 0
841 0.8838149778456746 0.3891839460829039 0
842 0.8644959779918447 0.110781519187119 0
843 0.1882116146907361 0.1108418974531355 0
844 0.7872727465969502 0.1107085331146795 0
845 0.2074524515153858 0.3891986876766669 0
846 0.9030793668342272 0.3891131530864503 0
847 0.9223043044396921 0.1109708426874913 0
848 0.1689483426183769 0.1109294124781699 0
849 0.1109504719764761 0.1113429499148477 0
850 0.9610622332209354 0.3887343002085642 0
851 0.1497307645574601 0.3889380386222308 0
852 0.5360000463165001 0.3699999983643248 0
853 0.6326598773997343 0.130001654648491 0
854 0.4393356867086858 0.3699999487858102 0
855 0.5553332861843 0.1300000435538924 0
856 0.4200005404148321 0.1300002008110676 0
857 0.3040323650623947 0.1300212233911486 0
858 0.7873018471461114 0.3699663002060075 0
859 0.9409367659375381 0.2698460313912027 0
860 0.1310647189945177 0.2500939546010995 0
861 0.2268497550875665 0.3698165354930386 0
862 0.5939999834869956 0.3699999647773358 0
863 0.729330294043473 0.3699969451440777 0
864 0.8836476028164835 0.3696788650508239 0
865 0.9412941740769485 0.3493797865496436 0
866 0.1883906486744903 0.1303500400181519 0
867 0.1308590369225942 0.1703871571352965 0
868 0.9028111441091393 0.1303864229865958 0
869 0.9606077619882469 0.2104227112945442 0
870 0.6713333457033978 0.3699996979022532 0
871 0.4780007626800629 0.3699999928809644 0
872 0.3813365985756426 0.1300008438673179 0
873 0.7486625790223488 0.3893298633387211 0
874 0.7099637709196385 0.1300123001975698 0
875 0.9221450852899666 0.3693924819802586 0
876 0.9414949876798892 0.3691773454408801 0
877 0.1499675297646845 0.3693382791313959 0
878 0.111306711331035 0.3293211929834074 0
879 0.9410498176894817 0.3095848073167196 0
880 0.1113984117786738 0.2302282590161915 0
881 0.9607816995210969 0.1507750349814712 0
882 0.9409429827331377 0.230222113606636 0
883 0.1113481824338583 0.1904868473302802 0
884 0.9606478836318835 0.1905392020180268 0
885 0.1305357762550641 0.1308648218376532 0
886 0.131020073556684 0.2897544240786114 0
887 0.5553333409672115 0.3699999941030118 0
888 0.6326666595926723 0.3893332950448456 0
889 0.690666519614102 0.3699993589216869 0
890 0.5939991018939351 0.1300003606722553 0
891 0.5166668486901268 0.3699999985162866 0
892 0.5166666685236053 0.1106666690282207 0
893 0.6713239630923896 0.1106690797139417 0
894 0.4780000143079997 0.110666674385094 0
895 0.400674739745003 0.3699993024431187 0
896 0.4393334168223541 0.1106667103883909 0
897 0.381340823991614 0.3893321284714674 0
898 0.3426720947272177 0.1106689034970763 0
899 0.7679910853983049 0.3893245352016995 0
900 0.7679096581519042 0.130051925720717 0
901 0.806532274217591 0.1300950777369136 0
902 0.3620274230343716 0.3699934193753897 0
903 0.3427111634801767 0.3699836006861016 0
904 0.2847130677426367 0.1300415294591778 0
905 0.7292826962432514 0.1300210278338513 0
906 0.3040821271695989 0.3699438396170209 0
907 0.2074847403627327 0.1108016523413607 0
908 0.8645353282788092 0.3892146876376241 0
909 0.8837570103294475 0.1108260505331825 0
910 0.2653800571780204 0.3892653875665547 0
911 0.9609326386216649 0.3689756615846613 0
912 0.8259542463059376 0.3892789016711748 0
913 0.2460538976638282 0.1107290391965809 0
914 0.1689892046771198 0.3890559509450915 0
915 0.8450974727428168 0.1301548130875921 0
916 0.130587105084314 0.3691109989445118 0
917 0.1884232853935568 0.3696773872278634 0
918 0.9414508928040148 0.1307597744255115 0
919 0.1498848894715563 0.1306439316302308 0
920 0.5360002411309112 0.3506664961496639 0
921 0.4973333511890032 0.1300000065549129 0
922 0.362049915281299 0.3506541556896137 0
923 0.6713331115709356 0.3506652863136175 0
924 0.729244427604719 0.1493670076778177 0
925 0.3040670215037282 0.1493707711030161 0
926 0.8256908678059943 0.1495142339221051 0
927 0.9410595702842376 0.190359838315581 0
928 0.941296036989248 0.1505221208455802 0
929 0.5359999905462519 0.1300000152851404 0
930 0.7486582279524618 0.3699923752693625 0
931 0.3234463581520977 0.3506140907827746 0
932 0.8643325349816523 0.1302098965706624 0
933 0.9219296358513844 0.3496331390623492 0
934 0.1501687902486107 0.3496510459294482 0
935 0.150103162830202 0.1503233511840959 0
936 0.1309357337461379 0.1903053652561705 0
937 0.1310448828498167 0.2302296075707398 0
938 0.9409971590404166 0.2103112707559442 0
939 0.1309572378206513 0.309656253377438 0
940 0.9411699778569096 0.3294990480338686 0
941 0.940989036513925 0.2897052494105521 0
942 0.1310416033912921 0.2699229379146291 0
943 0.9409330276243799 0.2500390782481134 0
944 0.3426809146959039 0.1300046481261101 0
945 0.5746666572562374 0.3699999824527533 0
946 0.6326666541179802 0.3699998794106371 0
947 0.5746663916801841 0.1300001519573491 0
948 0.6519862493526285 0.1300031556834403 0
949 0.6906376287794894 0.1300081284524171 0
950 0.6133302516217439 0.1300008848305334 0
951 0.4973338114661255 0.3699999965105981 0
952 0.458668173924794 0.3699999796487435 0
953 0.4780000438078034 0.1300000288781607 0
954 0.4200046847791026 0.369999768132803 0
955 0.4393335633934816 0.1300001083322601 0
956 0.6133333167199077 0.3699999238348269 0
957 0.6519999842488829 0.3699997441470381 0
958 0.709997415867149 0.3506631488969066 0
959 0.4006682561393372 0.130000456974266 0
960 0.3233576870238136 0.1300114140515727 0
961 0.3620081270129811 0.1300021691313973 0
962 0.3813501153411486 0.3699970579638737 0
963 0.7485480985688728 0.1493874068778004 0
964 0.1307362427061752 0.349364647344443 0
965 0.806610776835438 0.3699336726489478 0
966 0.2654023128833191 0.1300749906178589 0
967 0.7679815345890165 0.369982171965095 0
968 0.2461478095757806 0.3698495019986586 0
969 0.169156588369084 0.1304862543954341 0
970 0.9028805432727112 0.3695419288017103 0
971 0.2847708800212672 0.3699126878119555 0
972 0.1306977141134673 0.1505989121397119 0
973 0.2076307905560275 0.3697590973202144 0
974 0.8259022257383244 0.3698808419747855 0
975 0.2461120573513627 0.1301298429026722 0
976 0.7872199272043606 0.1300737659899194 0
977 0.8644162046250445 0.3697433658996157 0
978 0.2076128406673204 0.1302805498905159 0
979 0.8835612869891574 0.1302907152467011 0
980 0.9221032906229653 0.1305642772491463 0
981 0.1692211468071705 0.3695194902421859 0
982 0.4780027101738202 0.3506666455481587 0
983 0.5939977662947981 0.1493343091991638 0
984 0.4973333933697341 0.1493352171295759 0
985 0.4393340022078324 0.1493343512852492 0
986 0.5939999744663778 0.3506665278333666 0
987 0.3813425839734021 0.1493355022996605 0
988 0.7679627850590409 0.3506352924341901 0
989 0.729185598126832 0.1687170087241003 0
990 0.1506503128707037 0.2302445056426975 0
991 0.2271055015023791 0.3503795966293793 0
992 0.9213522474255118 0.2698953303867777 0
993 0.9215667984237411 0.1900777946486475 0
994 0.1885979469976241 0.1500207285016658 0
995 0.8834368192264468 0.3500009601013228 0
996 0.1504528537462267 0.3099758570427667 0
997 0.8641193218820222 0.1496810855697945 0
998 0.5166674418151007 0.3506665924646695 0
999 0.4393397040791064 0.3506664927283496 0
1000 0.5553333965516322 0.3506663764376212 0
1001 0.7293253104645506 0.3506595955853175 0
1002 0.8065470728748444 0.3505323952136878 0
1003 0.2654715994279737 0.1494660822165717 0
1004 0.9217477006043464 0.3297729732214674 0
1005 0.1503145560438104 0.3298639855739773 0
1006 0.1502735197501602 0.170154862394166 0
1007 0.9411777371868729 0.170395379783725 0
1008 0.1309935150553543 0.2102792891620782 0
1009 0.9213694222566723 0.2301146373360544 0
1010 0.1505344682930347 0.2900447246826527 0
1011 0.1506629423920118 0.2501807296812028 0
1012 0.9214426996463342 0.2898348518390313 0
1013 0.5746659645708999 0.1493337623414011 0
1014 0.6326518648902597 0.1493368087678051 0
1015 0.5553331364513566 0.1493339660551565 0
1016 0.5166666751172619 0.1300001239298542 0
1017 0.4006840310460391 0.3506647113597212 0
1018 0.458666797736038 0.1300001272384873 0
1019 0.6133333059104333 0.3506664597318395 0
1020 0.6519999011949671 0.3506657977731327 0
1021 0.420001864459225 0.1493350333299949 0
1022 0.6906656319976582 0.3506641582912464 0
1023 0.3620191556697649 0.1493375506896379 0
1024 0.8064209532449802 0.1494769980317004 0
1025 0.6713112371060521 0.1300053985947172 0
1026 0.3813647779333534 0.3506608360046229 0
1027 0.2654648349786505 0.3698796973503268 0
1028 0.9025814431188706 0.1500086853074361 0
1029 0.3233831191956202 0.1493532282500293 0
1030 0.70992929408937 0.1493553714316827 0
1031 0.3427461029108927 0.3506379553501628 0
1032 0.3041664806738279 0.3505761226879427 0
1033 0.1308403084925198 0.3295481625323227 0
1034 0.1886878773274329 0.3501502798881984 0
1035 0.284764631335595 0.1494076764378809 0
1036 0.7678467271979533 0.1494143881619019 0
1037 0.8451663672308982 0.3698055917986334 0
1038 0.2268532507103227 0.1302104328482634 0
1039 0.8449090820622417 0.1495821388433663 0
1040 0.9219108538657769 0.1502691720312947 0
1041 0.9026614454699118 0.3498318243945103 0
1042 0.1693745518612712 0.1501703840507307 0
1043 0.1694514682613683 0.3499113856971297 0
1044 0.5360006252857271 0.3313282603968213 0
1045 0.5939994484379315 0.3313099022564224 0
1046 0.4393358842768377 0.168684121084761 0
1047 0.3620835330940563 0.3312929546602779 0
1048 0.6713302724958055 0.3312882491963286 0
1049 0.3041216452069875 0.168731602041941 0
1050 0.8254809823176852 0.1689169659936513 0
1051 0.5939943585785937 0.1686839091074933 0
1052 0.3813546626800848 0.1687004765241474 0
1053 0.9019751694839666 0.2898859733203826 0
1054 0.1702319638146798 0.230252789552615 0
1055 0.7098817868686841 0.1687000144439879 0
1056 0.1504227312290225 0.1901531365395726 0
1057 0.1698199227295507 0.3104028028456874 0
1058 0.5359999605314999 0.1493346896750943 0
1059 0.4780001412883392 0.1493349442312477 0
1060 0.7099886745563069 0.331283641697784 0
1061 0.3235270133768375 0.3312240732421848 0
1062 0.1505456728614129 0.2102140707274408 0
1063 0.9023705135220298 0.1697925072943049 0
1064 0.1889210151073453 0.3305384984229112 0
1065 0.9214629665782033 0.2101090981305355 0
1066 0.9213444723328188 0.2500070477398839 0
1067 0.1506098798116157 0.2701133667455184 0
1068 0.9215938600978096 0.3098136787507426 0
1069 0.5746644278546396 0.1686967375411774 0
1070 0.497335069884764 0.3506666423241415 0
1071 0.5166666855395542 0.1493355821857513 0
1072 0.4586711250699945 0.35066660136252 0
1073 0.5746666300775806 0.350664945335871 0
1074 0.4200109345008228 0.3506659168129245 0
1075 0.4586670930394338 0.1493353638121012 0
1076 0.6326666148724008 0.350666190071356 0
1077 0.4006718010113577 0.1493373115966283 0
1078 0.6133259812308711 0.149336608162327 0
1079 0.6519720003492345 0.1493392704998866 0
1080 0.7871351306474753 0.1494452931445458 0
1081 0.246374893711954 0.3504348636685287 0
1082 0.4007019844579224 0.3313088806724741 0
1083 0.8257972221561574 0.3504060090639323 0
1084 0.8642340209452557 0.3500960142068504 0
1085 0.24621588963843 0.1495831044601525 0
1086 0.2077870976316743 0.1499143205403878 0
1087 0.748646584426465 0.3506508185616223 0
1088 0.8833342159890515 0.149846671108828 0
1089 0.3427006988299978 0.1493432256671264 0
1090 0.6906099779351433 0.1493480395745971 0
1091 0.2849056850521811 0.3505303367389755 0
1092 0.207891634714071 0.3502775184519218 0
1093 0.7872601115913995 0.3505962579323333 0
1094 0.2848396117878959 0.1687886128076896 0
1095 0.1696386179513243 0.3301982880145312 0
1096 0.7484712436869682 0.1687456581725622 0
1097 0.9217441824606655 0.1701203557155932 0
1098 0.8446805949842175 0.1690318563195106 0
1099 0.1695878125489811 0.1700292707776092 0
1100 0.9024361791162078 0.3299633443749814 0
1101 0.5166667213876237 0.1687203432580486 0
1102 0.4780061054730827 0.3313088474983789 0
1103 0.7679163413908682 0.3312427880303443 0
1104 0.5939849376975721 0.1881666583389353 0
1105 0.7098150099411171 0.1880816317522906 0
1106 0.3042013071691627 0.1881772983426845 0
1107 0.8252313211605229 0.1883635989371217 0
1108 0.1891288699064337 0.3107800380985329 0
1109 0.9020171279370547 0.2097896240790421 0
1110 0.1700410376706327 0.2101509655243361 0
1111 0.5553325642044395 0.168710109866275 0
1112 0.5166685217753866 0.3313275219916832 0
1113 0.5553333789143822 0.3313224378389069 0
1114 0.4200058537113423 0.1686968722489211 0
1115 0.6326360476572898 0.168675984718812 0
1116 0.7293088513350446 0.3312745741488149 0
1117 0.8064258678312001 0.3310527517771802 0
1118 0.8638753942828883 0.1692387325581804 0
1119 0.2274288568767031 0.3309108392574556 0
1120 0.9022061306301948 0.3099401607788619 0
1121 0.9021939502993979 0.1897383302675555 0
1122 0.1698047127373085 0.1900571540998714 0
1123 0.9018225077424679 0.2498611750580075 0
1124 0.9018638595631501 0.2698337993730379 0
1125 0.1701674666043726 0.2703803132031135 0
1126 0.1702723149282679 0.2503101278333212 0
1127 0.1699805969443313 0.2904258632254229 0
1128 0.7870032819020957 0.1688195980523008 0
1129 0.3427289530474275 0.1687024976720484 0
1130 0.6905695626596156 0.168693358235937 0
1131 0.4973335342140579 0.1687196624187378 0
1132 0.4393475562686856 0.331302613258123 0
1133 0.6133323006006095 0.3312958369006143 0
1134 0.6519977818516692 0.3312845695393618 0
1135 0.381390780687161 0.3312993633553336 0
1136 0.5746663169113844 0.3313129846111177 0
1137 0.4586678504693559 0.1686820802445339 0
1138 0.8062394272864515 0.1688665028019045 0
1139 0.4006788395584274 0.1687062573187482 0
1140 0.6906598819684905 0.3312739759395162 0
1141 0.3234259235202273 0.168717844293367 0
1142 0.2655881446806824 0.1688937229195585 0
1143 0.6133166578606348 0.1686878647277624 0
1144 0.4200236149616779 0.3312995075823298 0
1145 0.7677390547714865 0.1687812997572177 0
1146 0.2656545004381443 0.3504820397430625 0
1147 0.3620402966980211 0.1687089707901105 0
1148 0.6712896591707128 0.1493434964042967 0
1149 0.3043121211934893 0.3311661212033894 0
1150 0.3427955630284779 0.3312595597691808 0
1151 0.7290911621491289 0.1881157256598927 0
1152 0.8450169606336355 0.3502326967621247 0
1153 0.2269948232360834 0.1497568647512051 0
1154 0.883104875503386 0.1695255454264571 0
1155 0.8831840588550506 0.3300707686701311 0
1156 0.1888249119506633 0.1699130158948978 0
1157 0.2081674950407168 0.330738516829284 0
1158 0.5360008492495096 0.3119362420618685 0
1159 0.4586700806758963 0.1881222424919539 0
1160 0.4007323586162598 0.3118097868083943 0
1161 0.5939953721826988 0.3117706905971499 0
1162 0.4006930061050742 0.1882535377820339 0
1163 0.6713154924958759 0.3116335255706696 0
1164 0.3428507435866949 0.3117111782689345 0
1165 0.7097367867986086 0.2077107877852344 0
1166 0.7099573389403357 0.3116305448954332 0
1167 0.1894358224553238 0.2099880826675602 0
1168 0.8826173805366875 0.2898612547504467 0
1169 0.1898602885327311 0.2504342721628197 0
1170 0.1893975322676497 0.290830260534537 0
1171 0.6519472531225314 0.1686784997079057 0
1172 0.1890967741579915 0.1898937468312104 0
1173 0.8636477013468443 0.188912610992291 0
1174 0.88290145698065 0.3100117247617387 0
1175 0.8824256369830287 0.2495233370860637 0
1176 0.8828935067838596 0.1893609956769148 0
1177 0.227187900304175 0.1693781095706309 0
1178 0.8447924405887983 0.3305038013304161 0
1179 0.9019145284603004 0.2298204907872749 0
1180 0.6905152271797222 0.1880926643147102 0
1181 0.5746597365231341 0.1882667227911599 0
1182 0.5359998148504048 0.168725900086677 0
1183 0.4586763719534722 0.3312957068127345 0
1184 0.4973371094891697 0.3313164875184963 0
1185 0.574664041210565 0.3118294594109633 0
1186 0.4780006492926182 0.1687076827401488 0
1187 0.3813774434542545 0.1882911738840622 0
1188 0.6326648441834033 0.3312798535168339 0
1189 0.4393418488633492 0.188155884708274 0
1190 0.7483450675295764 0.1881566034224672 0
1191 0.2849556449328824 0.1883012967381487 0
1192 0.2466945508203216 0.3309985414038707 0
1193 0.6132995216304248 0.188117813591917 0
1194 0.4393604864674274 0.3117211011837941 0
1195 0.7675761887247317 0.1881953034263519 0
1196 0.8639667538787905 0.3302203381621183 0
1197 0.2080210763755385 0.1696929531334075 0
1198 0.2851306080577558 0.3311093616728819 0
1199 0.7486163155638896 0.3312563620897545 0
1200 0.3620702656069812 0.1882761232851443 0
1201 0.3236302591943894 0.3115953905523244 0
1202 0.6712564415796209 0.1686885855668731 0
1203 0.7871806632429281 0.3311674767682504 0
1204 0.3621302218966188 0.3117721839985946 0
1205 0.3234806900224959 0.1881622269195669 0
1206 0.8256111621602021 0.3307957508984414 0
1207 0.2463787622586294 0.1690925458112521 0
1208 0.786791504093005 0.1882416695176559 0
1209 0.8060051113467075 0.1883011480923803 0
1210 0.8444402691065485 0.1885802855834724 0
1211 0.2277303969745292 0.3113625515095122 0
1212 0.2084335550932802 0.3110794770146487 0
1213 0.7673746391705215 0.2078516918224456 0
1214 0.5746581484679227 0.29195899048452 0
1215 0.4586756990719215 0.2079500686491609 0
1216 0.4973388997012466 0.3118594213341619 0
1217 0.4007201128072294 0.2083286444541992 0
1218 0.3621705107621693 0.291844803569091 0
1219 0.3235514432768243 0.2079226376951522 0
1220 0.748546475851116 0.3116127218224882 0
1221 0.7870466581587472 0.3115132281963905 0
1222 0.8249811195622271 0.2080517112598556 0
1223 0.5939678997027936 0.2080842025810049 0
1224 0.6904616057608476 0.207741631769484 0
1225 0.5359995335269861 0.1883781490841527 0
1226 0.24700456655816 0.3114901345994195 0
1227 0.8253795322325833 0.3109872610595663 0
1228 0.8636613100830416 0.3101884424754376 0
1229 0.2465780777123854 0.1887361882853545 0
1230 0.2083071247289108 0.1895646954093355 0
1231 0.1896784169374544 0.2706922194702373 0
1232 0.2280053830628276 0.2915754641145256 0
1233 0.2087428593047793 0.2911932880161234 0
1234 0.8827002472410138 0.209310498838114 0
1235 0.8825494250344198 0.2293575479526755 0
1236 0.1897129102376376 0.2301552718378339 0
1237 0.8824749799981136 0.2696802097910564 0
1238 0.6519106253222087 0.1880638108860161 0
1239 0.5553323256632656 0.3118668329702512 0
1240 0.5553307501718561 0.1883723390147982 0
1241 0.5166694207992217 0.3119033817020789 0
1242 0.6133252726124558 0.3116726642820817 0
1243 0.6519856627909653 0.3116101108577759 0
1244 0.420044968657519 0.3117237658416724 0
1245 0.4780017660514311 0.1882303098804936 0
1246 0.671211810849165 0.1880993871561183 0
1247 0.4200175868291501 0.1882556548397966 0
1248 0.381428734883884 0.3117720382065852 0
1249 0.6906364510508229 0.3115687693548685 0
1250 0.3043161947868683 0.2080151925880871 0
1251 0.7289766934879527 0.2077903016922639 0
1252 0.4586835266477654 0.3117022541480821 0
1253 0.2659317040478656 0.3310487819072362 0
1254 0.3044827081148388 0.3115223093852232 0
1255 0.3814111025039139 0.2084404843486541 0
1256 0.7292538240993759 0.3115755298477699 0
1257 0.3429054311753653 0.2915746861033831 0
1258 0.6326062119723659 0.1880865151308869 0
1259 0.3427732693182443 0.188249247412656 0
1260 0.2657504532141102 0.1885037170151388 0
1261 0.7865608285715816 0.207935766107684 0
1262 0.8442099287703984 0.2083349095137652 0
1263 0.5360003260624697 0.2922553590617489 0
1264 0.6325735240787466 0.2077548392348979 0
1265 0.5553280992137279 0.2085854216942995 0
1266 0.4393752443096665 0.2915561062400423 0
1267 0.6712766514581463 0.2912855425827663 0
1268 0.7096904745277944 0.2280046441740559 0
1269 0.7672422569886722 0.2281462444695566 0
1270 0.2659380969613719 0.2085328928529538 0
1271 0.4007539276988649 0.2291070068990927 0
1272 0.3621911445554933 0.2711729050040826 0
1273 0.7098849866840152 0.2912987919212588 0
1274 0.3236374040447723 0.2283682163349818 0
1275 0.4780038541590151 0.2081744179099826 0
1276 0.2472253227026685 0.2917113337381326 0
1277 0.2090093907406132 0.2299826416591805 0
1278 0.8631957561716186 0.2695995500239055 0
1279 0.8248189591994765 0.2282915113042488 0
1280 0.5166667243686404 0.1884154470960132 0
1281 0.4393538790218588 0.2080412174308898 0
1282 0.3621100884430919 0.208341410515325 0
1283 0.2853678885362441 0.3114974508983308 0
1284 0.863268467405921 0.2288450626005297 0
1285 0.2090459091284263 0.2710165049759037 0
1286 0.5166694126279099 0.292164127664879 0
1287 0.593982598941124 0.2916488654456909 0
1288 0.5553300263071568 0.2921066855944649 0
1289 0.4007661958161056 0.2918819538364833 0
1290 0.5746510721301928 0.2084317818327057 0
1291 0.4973340980130339 0.1883833471627792 0
1292 0.6326544101691612 0.3115881921491277 0
1293 0.4200368558949 0.208250115318241 0
1294 0.4780100129469924 0.3117406699210883 0
1295 0.8057716151612758 0.208051851915771 0
1296 0.7481897843564193 0.2078955219916863 0
1297 0.3237129925283904 0.2913847798402022 0
1298 0.7291524746716 0.2912615376435031 0
1299 0.6132735464768521 0.2079398129517736 0
1300 0.2274544897430095 0.1891557439559458 0
1301 0.7678004416925743 0.3115327747937024 0
1302 0.3814652138384795 0.291844639796769 0
1303 0.3428247141142338 0.2081905017342443 0
1304 0.6518712356781086 0.2077565706612882 0
1305 0.6711704233759519 0.2077949981477497 0
1306 0.8444987851475473 0.3105273724882501 0
1307 0.863453892170485 0.2088145107143025 0
1308 0.8062286589678516 0.3112781600079924 0
1309 0.285115730949373 0.2082917755266311 0
1310 0.863398398555191 0.2899889478496837 0
1311 0.2086336991537333 0.2096481646645961 0
1312 0.2662062437113528 0.3114806735691337 0
1313 0.555326641852217 0.2717616749788086 0
1314 0.4780070680243021 0.228807949014313 0
1315 0.5939537811889593 0.2286806694991724 0
1316 0.6325546384408086 0.2281128013230685 0
1317 0.7676252285321408 0.2912848520753038 0
1318 0.8059994348043905 0.291053110171324 0
1319 0.2852875348754552 0.2288370377619096 0
1320 0.7097867118411798 0.2702497548780673 0
1321 0.7289046183628146 0.2281203852042327 0
1322 0.7864235996924578 0.2282637806113386 0
1323 0.2468305150512206 0.2089227511171886 0
1324 0.8442440644816382 0.2903005954599334 0
1325 0.8631897969884241 0.2491895579683783 0
1326 0.2091218577902065 0.2505419270772317 0
1327 0.4586905527028306 0.2915364364930144 0
1328 0.5359984649066734 0.208752593415451 0
1329 0.4973349855889592 0.2085362208113878 0
1330 0.5359986919369938 0.2718487033676911 0
1331 0.4586845146984296 0.228570831575144 0
1332 0.555324693463079 0.2295603338130743 0
1333 0.5746482040710537 0.2712937845555805 0
1334 0.6133059493214209 0.2914224203862279 0
1335 0.6519541396022895 0.2912536798769347 0
1336 0.3814486164861286 0.2292365658372124 0
1337 0.3428767142735235 0.2286775119811245 0
1338 0.4200681180144347 0.2916233201269827 0
1339 0.3045978962404039 0.2913385145350068 0
1340 0.2663888101003173 0.2916270915938492 0
1341 0.6905826176040689 0.2911719259010814 0
1342 0.6904377722061729 0.2280540151943742 0
1343 0.4973395547548335 0.29197232576976 0
1344 0.3429298896757859 0.2707405808205949 0
1345 0.4200605459474018 0.2288357042166718 0
1346 0.7483915234260792 0.2912059535021292 0
1347 0.6518565187436244 0.22810268681745 0
1348 0.4007839799441514 0.2712912825611953 0
1349 0.3814823760059535 0.2712882728478871 0
1350 0.3044516608191161 0.2285720284158297 0
1351 0.8440544229425144 0.2285532396619996 0
1352 0.7480926414306815 0.228221790200434 0
1353 0.2281737949527237 0.2712898494138429 0
1354 0.8056302468529687 0.228356651785019 0
1355 0.227752066278196 0.2093116090915102 0
1356 0.5359975063002345 0.229732776321364 0
1357 0.4780110251880143 0.2500150384155904 0
1358 0.6325657987779054 0.2491528503155148 0
1359 0.7481079472794294 0.2491505007957348 0
1360 0.3045658231850653 0.2495563149519733 0
1361 0.7864460545155385 0.2492051041594652 0
1362 0.4973364052966543 0.2293414931292568 0
1363 0.2280343031227513 0.2298713244778137 0
1364 0.5553235605913455 0.250693524043262 0
1365 0.4393836741841864 0.2707066064874352 0
1366 0.4200781071560644 0.2498946459477296 0
1367 0.4007758676582387 0.2502320381556573 0
1368 0.6712199613260291 0.2702044533597962 0
1369 0.3814732713327326 0.2502462528815245 0
1370 0.6904581401716138 0.24898622517667 0
1371 0.3621802950177564 0.2499785486478885 0
1372 0.7097130238311827 0.2490556087850932 0
1373 0.3429183517645243 0.2496496763032418 0
1374 0.7290216340295832 0.2702618072658578 0
1375 0.74822747197767 0.2702730367533945 0
1376 0.3237416155839628 0.2705458198193257 0
1377 0.2664223498793221 0.2712449507621398 0
1378 0.2472839461401125 0.2713304854669558 0
1379 0.8440597379839238 0.2697423509542508 0
1380 0.8440019214413621 0.2490932114946256 0
1381 0.4780127382348236 0.2916778871914815 0
1382 0.5746433524718042 0.2291874690182445 0
1383 0.5939645882630642 0.2708275149908874 0
1384 0.5166668358810433 0.2087859705769191 0
1385 0.6326287767860367 0.2912478681818352 0
1386 0.6711564944282593 0.2281520798796929 0
1387 0.497339167106148 0.2714860197369665 0
1388 0.516668708629153 0.2716907006489759 0
1389 0.2661532085023844 0.2293450783473949 0
1390 0.8248234394323797 0.2491397964114255 0
1391 0.4393693435050782 0.2286542430646265 0
1392 0.6905142870036924 0.2701901347422207 0
1393 0.6132586504446478 0.2284268046600564 0
1394 0.4200789691531197 0.2709021334963957 0
1395 0.3621529152906153 0.2290305594969005 0
1396 0.7868182612704181 0.2911318169658803 0
1397 0.2854908741595114 0.2913929241493047 0
1398 0.8251337540896461 0.290654055602583 0
1399 0.5359971949172585 0.2508360190932349 0
1400 0.4973381627016097 0.2504478450703161 0
1401 0.4780135622616815 0.2710068815185341 0
1402 0.4586920506500539 0.2496684901482218 0
1403 0.5746417037834584 0.2502231014362245 0
1404 0.5939534128451661 0.2497482045081064 0
1405 0.6132801135156831 0.2705135065005946 0
1406 0.6325957468752271 0.2703251366882609 0
1407 0.6518748372045956 0.2490956688895969 0
1408 0.3046186426565707 0.2705876579830828 0
1409 0.7674175815911741 0.2702825209335129 0
1410 0.786602506388087 0.2702619189341975 0
1411 0.8057776658517113 0.2701596952899115 0
1412 0.2854406736211069 0.2499358133987695 0
1413 0.2663183588445121 0.2503315489683713 0
1414 0.516667121997786 0.2296575761287959 0
1415 0.6519113120376474 0.2702380370802765 0
1416 0.6711761629007299 0.2490661532992247 0
1417 0.4586944936184157 0.2707374978463341 0
1418 0.8056539048488238 0.2491866936201215 0
1419 0.4393805738283929 0.2496740983111237 0
1420 0.2470712981807749 0.2296958396185789 0
1421 0.61326273516734 0.2494098522377141 0
1422 0.2472392385082443 0.2505607962636353 0
1423 0.3237130176113019 0.2494955949325219 0
1424 0.7289338010370456 0.2491099900475542 0
1425 0.7672935987234167 0.2491683782870482 0
1426 0.2855052800514006 0.2708169239716712 0
1427 0.8249449958074015 0.2699617455765327 0
1428 0.2281751083145499 0.2505814055689248 0
1429 0.5166678077364604 0.2507104683753009 0
$EndNodes
$Elements
1407
1 1 2 201 7 7 8
2 1 2 200 9 9 225
3 1 2 200 9 225 226
4 1 2 200 9 226 227
5 1 2 200 9 227 228
6 1 2 200 9 228 229
7 1 2 200 9 229 230
8 1 2 200 9 230 231
9 1 2 200 9 231 232
10 1 2 200 9 232 233
11 1 2 200 9 233 234
12 1 2 200 9 234 235
13 1 2 200 9 235 236
14 1 2 200 9 236 237
15 1 2 200 9 237 238
16 1 2 200 9 238 239
17 1 2 200 9 239 240
18 1 2 200 9 240 241
19 1 2 200 9 241 242
20 1 2 200 9 242 243
21 1 2 200 9 243 244
22 1 2 200 9 244 245
23 1 2 200 9 245 246
24 1 2 200 9 246 247
25 1 2 200 9 247 248
26 1 2 200 9 248 249
27 1 2 200 9 249 1
28 1 2 202 11 3 250
29 1 2 202 11 250 251
30 1 2 202 11 251 252
31 1 2 202 11 252 253
32 1 2 202 11 253 254
33 1 2 202 11 254 255
34 1 2 202 11 255 256
35 1 2 202 11 256 257
36 1 2 202 11 257 258
37 1 2 202 11 258 259
38 1 2 202 11 259 260
39 1 2 202 11 260 261
40 1 2 202 11 261 262
41 1 2 202 11 262 263
42 1 2 202 11 263 264
43 1 2 202 11 264 265
44 1 2 202 11 265 266
45 1 2 202 11 266 6
46 2 2 100 1 417 175 418
47 2 2 100 1 381 310 606
48 2 2 100 1 346 308 577
49 2 2 100 1 361 307 580
50 2 2 100 1 349 341 578
51 2 2 100 1 375 430 531
52 2 2 100 1 352 449 565
53 2 2 100 1 568 359 615
54 2 2 100 1 477 530 614
55 2 2 100 1 294 490 594
56 2 2 100 1 279 483 586
57 2 2 100 1 422 353 588
58 2 2 100 1 332 482 529
59 2 2 100 1 282 478 536
60 2 2 100 1 365 290 542
61 2 2 100 1 473 283 526
62 2 2 100 1 490 379 545
63 2 2 100 1 492 368 544
64 2 2 100 1 524 457 587
65 2 2 100 1 541 391 613
66 2 2 100 1 604 312 629
67 3 2 100 1 244 318 274 243
68 3 2 100 1 245 319 318 244
69 3 2 100 1 390 40 41 376
70 3 2 100 1 380 17 18 378
71 3 2 100 1 18 19 369 378
72 3 2 100 1 323 270 230 231
73 3 2 100 1 21 22 310 381
74 3 2 100 1 65 297 405 64
75 3 2 100 1 406 26 27 372
76 3 2 100 1 37 38 386 393
77 3 2 100 1 234 325 271 233
78 3 2 100 1 248 403 268 247
79 3 2 100 1 57 58 401 404
80 3 2 100 1 398 52 53 395
81 3 2 100 1 41 42 375 376
82 3 2 100 1 276 338 146 147
83 3 2 100 1 11 12 314 315
84 3 2 100 1 110 111 331 320
85 3 2 100 1 16 17 380 383
86 3 2 100 1 277 411 142 143
87 3 2 100 1 239 329 272 238
88 3 2 100 1 186 187 339 342
89 3 2 100 1 85 296 387 84
90 3 2 100 1 280 353 126 127
91 3 2 100 1 396 397 67 68
92 3 2 100 1 198 199 335 336
93 3 2 100 1 281 363 135 136
94 3 2 100 1 14 15 391 394
95 3 2 100 1 338 409 145 146
96 3 2 100 1 304 384 107 108
97 3 2 100 1 305 109 110 320
98 3 2 100 1 190 191 343 344
99 3 2 100 1 189 190 344 347
100 3 2 100 1 322 122 123 327
101 3 2 100 1 324 119 120 326
102 3 2 100 1 295 396 68 69
103 3 2 100 1 288 413 155 156
104 3 2 100 1 413 414 154 155
105 3 2 100 1 15 16 383 391
106 3 2 100 1 181 182 341 349
107 3 2 100 1 228 317 267 227
108 3 2 100 1 290 365 78 79
109 3 2 100 1 195 196 355 360
110 3 2 100 1 289 356 151 152
111 3 2 100 1 286 351 163 164
112 3 2 100 1 300 379 104 105
113 3 2 100 1 287 358 168 169
114 3 2 100 1 208 209 308 346
115 3 2 100 1 211 212 362 364
116 3 2 100 1 365 366 77 78
117 3 2 100 1 291 377 81 82
118 3 2 100 1 285 340 160 161
119 3 2 100 1 298 371 97 98
120 3 2 100 1 371 407 96 97
121 3 2 100 1 214 215 348 359
122 3 2 100 1 203 204 345 408
123 3 2 100 1 303 374 87 88
124 3 2 100 1 217 218 307 361
125 3 2 100 1 207 208 346 354
126 3 2 100 1 206 207 354 410
127 3 2 100 1 229 230 270 466
128 3 2 100 1 5 422 553 419
129 3 2 100 1 150 151 356 467
130 3 2 100 1 167 168 358 468
131 3 2 100 1 159 160 340 470
132 3 2 100 1 153 154 414 474
133 3 2 100 1 157 158 284 471
134 3 2 100 1 170 171 334 472
135 3 2 100 1 148 149 275 475
136 3 2 100 1 128 129 333 477
137 3 2 100 1 165 166 283 473
138 3 2 100 1 134 135 363 483
139 3 2 100 1 162 163 351 469
140 3 2 100 1 137 138 332 479
141 3 2 100 1 132 133 279 478
142 3 2 100 1 141 142 411 481
143 3 2 100 1 144 145 409 480
144 3 2 100 1 139 140 278 482
145 3 2 100 1 130 131 282 476
146 3 2 100 1 197 198 336 459
147 3 2 100 1 185 186 342 464
148 3 2 100 1 192 193 412 463
149 3 2 100 1 188 189 347 462
150 3 2 100 1 183 184 350 461
151 3 2 100 1 180 181 349 457
152 3 2 100 1 178 179 357 460
153 3 2 100 1 194 195 360 458
154 3 2 100 1 200 201 337 456
155 3 2 100 1 213 214 359 455
156 3 2 100 1 216 217 361 454
157 3 2 100 1 210 211 364 452
158 3 2 100 1 202 203 408 453
159 3 2 100 1 205 206 410 450
160 3 2 100 1 221 222 309 449
161 3 2 100 1 219 220 352 451
162 3 2 100 1 317 507 550 267
163 3 2 100 1 246 247 268 465
164 3 2 100 1 237 238 272 484
165 3 2 100 1 240 241 273 485
166 3 2 100 1 242 243 274 486
167 3 2 100 1 235 236 269 487
168 3 2 100 1 232 233 271 488
169 3 2 100 1 114 115 328 448
170 3 2 100 1 116 117 321 447
171 3 2 100 1 118 119 324 446
172 3 2 100 1 121 122 322 445
173 3 2 100 1 112 113 330 444
174 3 2 100 1 223 224 313 443
175 3 2 100 1 103 104 379 490
176 3 2 100 1 99 100 368 492
177 3 2 100 1 95 96 407 491
178 3 2 100 1 89 90 302 497
179 3 2 100 1 91 92 301 496
180 3 2 100 1 93 94 299 494
181 3 2 100 1 86 87 374 489
182 3 2 100 1 106 107 384 493
183 3 2 100 1 101 102 294 495
184 3 2 100 1 83 84 387 504
185 3 2 100 1 70 71 293 503
186 3 2 100 1 74 75 292 502
187 3 2 100 1 66 67 397 499
188 3 2 100 1 80 81 377 498
189 3 2 100 1 76 77 366 501
190 3 2 100 1 72 73 367 500
191 3 2 100 1 32 33 388 442
192 3 2 100 1 30 31 385 441
193 3 2 100 1 23 24 370 439
194 3 2 100 1 28 29 382 440
195 3 2 100 1 25 26 406 438
196 3 2 100 1 34 35 373 436
197 3 2 100 1 20 21 381 437
198 3 2 100 1 56 57 404 425
199 3 2 100 1 54 55 399 435
200 3 2 100 1 51 52 398 434
201 3 2 100 1 45 46 389 432
202 3 2 100 1 49 50 392 433
203 3 2 100 1 47 48 311 431
204 3 2 100 1 39 40 390 429
205 3 2 100 1 43 44 312 430
206 3 2 100 1 36 37 393 428
207 3 2 100 1 13 14 394 427
208 3 2 100 1 405 297 601 515
209 3 2 100 1 317 228 229 466
210 3 2 100 1 581 523 356 289
211 3 2 100 1 572 522 351 286
212 3 2 100 1 288 517 525 413
213 3 2 100 1 573 524 358 287
214 3 2 100 1 570 521 363 281
215 3 2 100 1 280 519 565 353
216 3 2 100 1 286 164 165 473
217 3 2 100 1 285 161 162 469
218 3 2 100 1 284 158 159 470
219 3 2 100 1 288 156 157 471
220 3 2 100 1 283 166 167 468
221 3 2 100 1 287 169 170 472
222 3 2 100 1 289 152 153 474
223 3 2 100 1 282 131 132 478
224 3 2 100 1 276 147 148 475
225 3 2 100 1 275 149 150 467
226 3 2 100 1 333 129 130 476
227 3 2 100 1 281 136 137 479
228 3 2 100 1 278 140 141 481
229 3 2 100 1 280 127 128 477
230 3 2 100 1 5 126 353 422
231 3 2 100 1 277 143 144 480
232 3 2 100 1 279 133 134 483
233 3 2 100 1 332 138 139 482
234 3 2 100 1 191 192 463 343
235 3 2 100 1 179 180 457 357
236 3 2 100 1 187 188 462 339
237 3 2 100 1 196 197 459 355
238 3 2 100 1 184 185 464 350
239 3 2 100 1 177 178 460 306
240 3 2 100 1 182 183 461 341
241 3 2 100 1 199 200 456 335
242 3 2 100 1 193 194 458 412
243 3 2 100 1 212 213 455 362
244 3 2 100 1 201 202 453 337
245 3 2 100 1 209 210 452 308
246 3 2 100 1 204 205 450 345
247 3 2 100 1 215 216 454 348
248 3 2 100 1 220 221 449 352
249 3 2 100 1 218 219 451 307
250 3 2 100 1 354 346 529 528
251 3 2 100 1 536 615 359 348
252 3 2 100 1 319 245 246 465
253 3 2 100 1 560 509 272 329
254 3 2 100 1 329 239 240 485
255 3 2 100 1 273 241 242 486
256 3 2 100 1 269 236 237 484
257 3 2 100 1 325 234 235 487
258 3 2 100 1 323 231 232 488
259 3 2 100 1 113 114 448 330
260 3 2 100 1 115 116 447 328
261 3 2 100 1 117 118 446 321
262 3 2 100 1 123 124 426 327
263 3 2 100 1 120 121 445 326
264 3 2 100 1 111 112 444 331
265 3 2 100 1 510 318 319 563
266 3 2 100 1 326 561 513 324
267 3 2 100 1 327 562 514 322
268 3 2 100 1 222 223 443 309
269 3 2 100 1 397 598 623 499
270 3 2 100 1 603 533 387 296
271 3 2 100 1 295 538 539 396
272 3 2 100 1 591 541 384 304
273 3 2 100 1 368 100 101 495
274 3 2 100 1 299 94 95 491
275 3 2 100 1 301 92 93 494
276 3 2 100 1 294 102 103 490
277 3 2 100 1 300 105 106 493
278 3 2 100 1 298 98 99 492
279 3 2 100 1 302 90 91 496
280 3 2 100 1 303 88 89 497
281 3 2 100 1 304 108 4 423
282 3 2 100 1 367 73 74 502
283 3 2 100 1 295 69 70 503
284 3 2 100 1 297 65 66 499
285 3 2 100 1 296 85 86 489
286 3 2 100 1 293 71 72 500
287 3 2 100 1 292 75 76 501
288 3 2 100 1 291 82 83 504
289 3 2 100 1 290 79 80 498
290 3 2 100 1 33 34 436 388
291 3 2 100 1 31 32 442 385
292 3 2 100 1 29 30 441 382
293 3 2 100 1 22 23 439 310
294 3 2 100 1 24 25 438 370
295 3 2 100 1 27 28 440 372
296 3 2 100 1 19 20 437 369
297 3 2 100 1 55 56 425 399
298 3 2 100 1 53 54 435 395
299 3 2 100 1 50 51 434 392
300 3 2 100 1 44 45 432 312
301 3 2 100 1 48 49 433 311
302 3 2 100 1 46 47 431 389
303 3 2 100 1 38 39 429 386
304 3 2 100 1 42 43 430 375
305 3 2 100 1 35 36 428 373
306 3 2 100 1 383 380 543 547
307 3 2 100 1 376 375 542 548
308 3 2 100 1 12 13 427 314
309 3 2 100 1 512 556 466 270
310 3 2 100 1 409 567 592 480
311 3 2 100 1 285 520 571 340
312 3 2 100 1 413 525 574 414
313 3 2 100 1 277 518 566 411
314 3 2 100 1 338 516 567 409
315 3 2 100 1 580 333 476 630
316 3 2 100 1 318 510 557 274
317 3 2 100 1 426 124 125 316
318 3 2 100 1 5 419 316 125
319 3 2 100 1 551 423 4 420
320 3 2 100 1 303 540 600 374
321 3 2 100 1 371 534 605 407
322 3 2 100 1 365 531 604 366
323 3 2 100 1 396 539 598 397
324 3 2 100 1 497 302 599 609
325 3 2 100 1 503 293 596 612
326 3 2 100 1 469 351 522 585
327 3 2 100 1 507 317 466 556
328 3 2 100 1 405 515 554 424
329 3 2 100 1 504 387 533 611
330 3 2 100 1 601 297 499 623
331 3 2 100 1 520 285 469 585
332 3 2 100 1 519 280 477 614
333 3 2 100 1 518 277 480 592
334 3 2 100 1 575 535 335 456
335 3 2 100 1 572 526 341 461
336 3 2 100 1 505 267 550 549
337 3 2 100 1 540 303 497 609
338 3 2 100 1 538 295 503 612
339 3 2 100 1 532 291 504 611
340 3 2 100 1 602 544 310 439
341 3 2 100 1 607 546 372 440
342 3 2 100 1 109 305 420 4
343 3 2 100 1 225 313 224 9
344 3 2 100 1 173 174 400 416
345 3 2 100 1 402 61 3 62
346 3 2 100 1 6 173 416 172
347 3 2 100 1 334 171 172 416
348 3 2 100 1 227 267 505 226
349 3 2 100 1 226 505 313 225
350 3 2 100 1 63 64 405 424
351 3 2 100 1 424 402 62 63
352 3 2 100 1 313 505 549 443
353 3 2 100 1 443 549 618 309
354 3 2 100 1 276 475 535 575
355 3 2 100 1 588 449 309 618
356 3 2 100 1 268 403 421 552
357 3 2 100 1 400 508 334 416
358 3 2 100 1 447 509 560 328
359 3 2 100 1 59 401 58 2
360 3 2 100 1 407 605 610 491
361 3 2 100 1 325 487 513 561
362 3 2 100 1 60 506 401 59
363 3 2 100 1 355 523 581 360
364 3 2 100 1 609 599 385 442
365 3 2 100 1 61 402 506 60
366 3 2 100 1 330 558 616 444
367 3 2 100 1 540 609 442 388
368 3 2 100 1 567 516 337 453
369 3 2 100 1 607 494 299 546
370 3 2 100 1 458 360 581 621
371 3 2 100 1 425 515 601 399
372 3 2 100 1 403 248 249 415
373 3 2 100 1 448 328 560 617
374 3 2 100 1 515 425 404 554
375 3 2 100 1 600 540 388 436
376 3 2 100 1 424 554 506 402
377 3 2 100 1 592 567 453 408
378 3 2 100 1 423 551 583 622
379 3 2 100 1 518 592 408 345
380 3 2 100 1 296 489 626 603
381 3 2 100 1 412 574 525 463
382 3 2 100 1 323 488 514 562
383 3 2 100 1 406 610 605 438
384 3 2 100 1 287 472 582 573
385 3 2 100 1 269 559 513 487
386 3 2 100 1 399 601 623 435
387 3 2 100 1 10 11 315 415
388 3 2 100 1 283 468 587 578
389 3 2 100 1 626 600 436 373
390 3 2 100 1 368 495 624 606
391 3 2 100 1 271 511 514 488
392 3 2 100 1 176 177 306 417
393 3 2 100 1 583 421 315 314
394 3 2 100 1 284 470 619 579
395 3 2 100 1 450 410 589 566
396 3 2 100 1 481 411 566 589
397 3 2 100 1 321 446 559 564
398 3 2 100 1 463 525 517 343
399 3 2 100 1 293 500 627 596
400 3 2 100 1 622 583 314 427
401 3 2 100 1 344 343 517 527
402 3 2 100 1 566 518 345 450
403 3 2 100 1 435 623 598 395
404 3 2 100 1 616 558 273 486
405 3 2 100 1 511 445 322 514
406 3 2 100 1 438 605 534 370
407 3 2 100 1 331 557 510 320
408 3 2 100 1 607 597 301 494
409 3 2 100 1 602 439 370 534
410 3 2 100 1 272 509 564 484
411 3 2 100 1 616 486 274 557
412 3 2 100 1 329 485 617 560
413 3 2 100 1 617 485 273 558
414 3 2 100 1 356 523 584 467
415 3 2 100 1 545 369 594 490
416 3 2 100 1 459 336 576 584
417 3 2 100 1 289 474 621 581
418 3 2 100 1 315 421 403 415
419 3 2 100 1 587 468 358 524
420 3 2 100 1 320 510 563 305
421 3 2 100 1 621 474 414 574
422 3 2 100 1 275 576 535 475
423 3 2 100 1 377 291 532 608
424 3 2 100 1 440 382 597 607
425 3 2 100 1 555 420 305 563
426 3 2 100 1 589 528 278 481
427 3 2 100 1 563 319 465 555
428 3 2 100 1 627 500 367 595
429 3 2 100 1 517 288 471 527
430 3 2 100 1 619 470 340 571
431 3 2 100 1 533 603 428 393
432 3 2 100 1 395 598 539 398
433 3 2 100 1 335 535 576 336
434 3 2 100 1 625 496 301 597
435 3 2 100 1 620 479 332 577
436 3 2 100 1 400 174 175 417
437 3 2 100 1 507 556 316 419
438 3 2 100 1 556 512 426 316
439 3 2 100 1 302 496 625 599
440 3 2 100 1 363 521 586 483
441 3 2 100 1 624 495 294 594
442 3 2 100 1 550 507 419 553
443 3 2 100 1 324 513 559 446
444 3 2 100 1 269 484 564 559
445 3 2 100 1 441 625 597 382
446 3 2 100 1 321 564 509 447
447 3 2 100 1 275 467 584 576
448 3 2 100 1 619 462 347 579
449 3 2 100 1 608 390 376 548
450 3 2 100 1 338 276 575 516
451 3 2 100 1 372 546 610 406
452 3 2 100 1 354 528 589 410
453 3 2 100 1 626 489 374 600
454 3 2 100 1 599 625 441 385
455 3 2 100 1 307 614 530 580
456 3 2 100 1 534 371 298 602
457 3 2 100 1 398 539 538 434
458 3 2 100 1 482 278 528 529
459 3 2 100 1 431 595 628 389
460 3 2 100 1 432 593 629 312
461 3 2 100 1 383 547 613 391
462 3 2 100 1 459 584 523 355
463 3 2 100 1 379 543 537 545
464 3 2 100 1 602 298 492 544
465 3 2 100 1 281 479 620 570
466 3 2 100 1 454 630 590 569
467 3 2 100 1 434 538 612 392
468 3 2 100 1 516 575 456 337
469 3 2 100 1 308 452 620 577
470 3 2 100 1 334 508 582 472
471 3 2 100 1 401 506 554 404
472 3 2 100 1 611 533 393 386
473 3 2 100 1 448 617 558 330
474 3 2 100 1 532 611 386 429
475 3 2 100 1 271 325 561 511
476 3 2 100 1 339 571 520 342
477 3 2 100 1 624 437 381 606
478 3 2 100 1 415 249 1 10
479 3 2 100 1 569 590 282 536
480 3 2 100 1 628 502 292 593
481 3 2 100 1 511 561 326 445
482 3 2 100 1 342 520 585 464
483 3 2 100 1 627 311 433 596
484 3 2 100 1 392 612 596 433
485 3 2 100 1 429 390 608 532
486 3 2 100 1 521 570 364 362
487 3 2 100 1 458 621 574 412
488 3 2 100 1 362 455 586 521
489 3 2 100 1 491 610 546 299
490 3 2 100 1 444 616 557 331
491 3 2 100 1 421 583 551 552
492 3 2 100 1 373 428 603 626
493 3 2 100 1 464 585 522 350
494 3 2 100 1 618 553 422 588
495 3 2 100 1 608 548 498 377
496 3 2 100 1 629 501 366 604
497 3 2 100 1 613 493 384 541
498 3 2 100 1 290 498 548 542
499 3 2 100 1 350 522 572 461
500 3 2 100 1 568 615 279 586
501 3 2 100 1 352 565 519 451
502 3 2 100 1 304 423 622 591
503 3 2 100 1 572 286 473 526
504 3 2 100 1 270 323 562 512
505 3 2 100 1 451 519 614 307
506 3 2 100 1 478 279 615 536
507 3 2 100 1 587 457 349 578
508 3 2 100 1 541 591 394 391
509 3 2 100 1 512 562 327 426
510 3 2 100 1 524 573 357 457
511 3 2 100 1 582 508 306 460
512 3 2 100 1 604 531 430 312
513 3 2 100 1 543 379 300 547
514 3 2 100 1 361 580 630 454
515 3 2 100 1 176 417 418 8
516 3 2 100 1 462 619 571 339
517 3 2 100 1 555 465 268 552
518 3 2 100 1 552 551 420 555
519 3 2 100 1 389 628 593 432
520 3 2 100 1 527 471 284 579
521 3 2 100 1 508 400 417 306
522 3 2 100 1 344 527 579 347
523 3 2 100 1 544 368 606 310
524 3 2 100 1 549 550 553 618
525 3 2 100 1 7 8 418 175
526 3 2 100 1 577 332 529 346
527 3 2 100 1 437 624 594 369
528 3 2 100 1 545 537 378 369
529 3 2 100 1 452 364 570 620
530 3 2 100 1 311 627 595 431
531 3 2 100 1 460 357 573 582
532 3 2 100 1 588 353 565 449
533 3 2 100 1 502 628 595 367
534 3 2 100 1 531 365 542 375
535 3 2 100 1 526 283 578 341
536 3 2 100 1 501 629 593 292
537 3 2 100 1 493 613 547 300
538 3 2 100 1 591 622 427 394
539 3 2 100 1 455 359 568 586
540 3 2 100 1 569 536 348 454
541 3 2 100 1 530 477 333 580
542 3 2 100 1 476 282 590 630
543 3 2 100 1 537 543 380 378
544 3 2 101 2 1425 1361 1410 1409
545 3 2 101 2 1408 1426 1412 1360
546 3 2 101 2 1361 1418 1411 1410
547 3 2 101 2 1413 1422 1420 1389
548 3 2 101 2 1167 1110 1122 1172
549 3 2 101 2 1120 1174 1168 1053
550 3 2 101 2 1121 1109 1234 1176
551 3 2 101 2 1170 1231 1285 1233
552 3 2 101 2 1056 1122 1110 1062
553 3 2 101 2 1057 1095 1005 996
554 3 2 101 2 865 802 911 876
555 3 2 101 2 1306 1324 1310 1228
556 3 2 101 2 1285 1353 1232 1233
557 3 2 101 2 1233 1212 1108 1170
558 3 2 101 2 885 803 849 800
559 3 2 101 2 1005 1033 939 996
560 3 2 101 2 1284 1351 1262 1307
561 3 2 101 2 1300 1355 1311 1230
562 3 2 101 2 1412 1426 1377 1413
563 3 2 101 2 1378 1276 1232 1353
564 3 2 101 2 1097 1007 927 993
565 3 2 101 2 1056 1062 1008 936
566 3 2 101 2 933 1004 940 865
567 3 2 101 2 1120 1053 1012 1068
568 3 2 101 2 1033 878 791 939
569 3 2 101 2 911 802 654 732
570 3 2 101 2 1172 1122 1099 1156
571 3 2 101 2 1173 1118 1154 1176
572 3 2 101 2 1307 1234 1235 1284
573 3 2 101 2 867 936 883 806
574 3 2 101 2 1064 1034 1043 1095
575 3 2 101 2 1211 1119 1157 1212
576 3 2 101 2 876 911 850 801
577 3 2 101 2 938 927 884 869
578 3 2 101 2 781 669 730 805
579 3 2 101 2 669 781 672 708
580 3 2 101 2 1176 1154 1063 1121
581 3 2 101 2 673 729 674 709
582 3 2 101 2 992 859 941 1012
583 3 2 101 2 6 172 670 266
584 3 2 101 2 1118 997 1088 1154
585 3 2 101 2 4 108 671 109
586 3 2 101 2 849 803 655 731
587 3 2 101 2 1119 991 1092 1157
588 3 2 101 2 1397 1283 1312 1340
589 3 2 101 2 1361 1322 1354 1418
590 3 2 101 2 1122 1056 1006 1099
591 3 2 101 2 1234 1307 1173 1176
592 3 2 101 2 1212 1157 1064 1108
593 3 2 101 2 1121 993 1065 1109
594 3 2 101 2 994 1042 969 866
595 3 2 101 2 1178 1196 1084 1152
596 3 2 101 2 1410 1411 1318 1396
597 3 2 101 2 1177 1197 1086 1153
598 3 2 101 2 729 673 661 728
599 3 2 101 2 847 980 868 799
600 3 2 101 2 997 932 979 1088
601 3 2 101 2 1283 1198 1253 1312
602 3 2 101 2 995 1041 970 864
603 3 2 101 2 1322 1261 1295 1354
604 3 2 101 2 800 849 779 662
605 3 2 101 2 250 708 62 3
606 3 2 101 2 125 709 126 5
607 3 2 101 2 724 806 736 682
608 3 2 101 2 1063 1028 1040 1097
609 3 2 101 2 927 938 1065 993
610 3 2 101 2 801 850 778 659
611 3 2 101 2 859 813 811 941
612 3 2 101 2 719 810 739 680
613 3 2 101 2 1319 1389 1270 1309
614 3 2 101 2 914 981 917 793
615 3 2 101 2 869 884 681 648
616 3 2 101 2 1270 1323 1229 1260
617 3 2 101 2 1396 1318 1308 1221
618 3 2 101 2 1318 1398 1227 1308
619 3 2 101 2 792 733 653 878
620 3 2 101 2 866 969 848 843
621 3 2 101 2 1261 1208 1209 1295
622 3 2 101 2 1309 1270 1260 1191
623 3 2 101 2 909 979 932 842
624 3 2 101 2 1170 1127 1125 1231
625 3 2 101 2 1339 1254 1283 1397
626 3 2 101 2 811 737 677 812
627 3 2 101 2 1360 1412 1319 1350
628 3 2 101 2 1208 1128 1138 1209
629 3 2 101 2 1222 1107 1210 1262
630 3 2 101 2 881 805 730 657
631 3 2 101 2 807 740 643 883
632 3 2 101 2 928 881 790 1007
633 3 2 101 2 1229 1300 1177 1207
634 3 2 101 2 1424 1321 1352 1359
635 3 2 101 2 1260 1229 1207 1142
636 3 2 101 2 846 841 864 970
637 3 2 101 2 808 738 678 880
638 3 2 101 2 1312 1253 1192 1226
639 3 2 101 2 1308 1227 1206 1117
640 3 2 101 2 1227 1306 1178 1206
641 3 2 101 2 791 735 679 809
642 3 2 101 2 677 676 722 812
643 3 2 101 2 1324 1379 1278 1310
644 3 2 101 2 1235 1234 1109 1179
645 3 2 101 2 1107 1050 1098 1210
646 3 2 101 2 879 812 722 940
647 3 2 101 2 937 880 807 1008
648 3 2 101 2 806 724 972 867
649 3 2 101 2 878 1033 964 792
650 3 2 101 2 1213 1195 1208 1261
651 3 2 101 2 1210 1098 1118 1173
652 3 2 101 2 737 811 813 645
653 3 2 101 2 1269 1213 1261 1322
654 3 2 101 2 1359 1352 1269 1425
655 3 2 101 2 1350 1319 1309 1250
656 3 2 101 2 1321 1251 1296 1352
657 3 2 101 2 775 847 799 651
658 3 2 101 2 645 813 719 680
659 3 2 101 2 865 876 875 933
660 3 2 101 2 1061 931 1032 1149
661 3 2 101 2 971 837 910 1027
662 3 2 101 2 1037 977 908 789
663 3 2 101 2 1257 1164 1201 1297
664 3 2 101 2 1098 1039 997 1118
665 3 2 101 2 1272 1218 1257 1344
666 3 2 101 2 882 943 1066 1009
667 3 2 101 2 1425 1269 1322 1361
668 3 2 101 2 1125 1067 1011 1126
669 3 2 101 2 776 652 843 848
670 3 2 101 2 709 125 124 673
671 3 2 101 2 907 787 1038 978
672 3 2 101 2 657 734 790 881
673 3 2 101 2 735 791 878 653
674 3 2 101 2 654 802 722 676
675 3 2 101 2 1207 1177 1153 1085
676 3 2 101 2 1094 1142 1003 1035
677 3 2 101 2 886 942 1067 1010
678 3 2 101 2 1352 1296 1213 1269
679 3 2 101 2 1123 1066 992 1124
680 3 2 101 2 1409 1410 1396 1317
681 3 2 101 2 1423 1360 1350 1274
682 3 2 101 2 810 719 943 882
683 3 2 101 2 1050 926 1039 1098
684 3 2 101 2 805 918 780 781
685 3 2 101 2 942 886 809 721
686 3 2 101 2 1169 1126 1054 1236
687 3 2 101 2 682 655 803 724
688 3 2 101 2 1206 1178 1152 1083
689 3 2 101 2 773 914 793 649
690 3 2 101 2 1106 1191 1094 1049
691 3 2 101 2 1067 1125 1127 1010
692 3 2 101 2 736 806 883 643
693 3 2 101 2 976 844 836 901
694 3 2 101 2 1049 1094 1035 925
695 3 2 101 2 672 781 780 658
696 3 2 101 2 791 809 886 939
697 3 2 101 2 772 909 842 705
698 3 2 101 2 1123 1124 1237 1175
699 3 2 101 2 1218 1204 1164 1257
700 3 2 101 2 1007 1097 1040 928
701 3 2 101 2 675 265 266 670
702 3 2 101 2 790 884 927 1007
703 3 2 101 2 804 777 674 729
704 3 2 101 2 740 807 880 678
705 3 2 101 2 1372 1268 1321 1424
706 3 2 101 2 730 669 251 252
707 3 2 101 2 708 250 251 669
708 3 2 101 2 739 810 869 648
709 3 2 101 2 1317 1396 1221 1301
710 3 2 101 2 734 681 884 790
711 3 2 101 2 869 810 882 938
712 3 2 101 2 1003 1085 975 966
713 3 2 101 2 803 885 972 724
714 3 2 101 2 647 721 809 679
715 3 2 101 2 1151 989 1096 1190
716 3 2 101 2 1164 1150 1061 1201
717 3 2 101 2 774 650 841 846
718 3 2 101 2 1032 906 971 1091
719 3 2 101 2 931 785 906 1032
720 3 2 101 2 875 876 801 723
721 3 2 101 2 1036 900 976 1080
722 3 2 101 2 1233 1232 1211 1212
723 3 2 101 2 1375 1409 1317 1346
724 3 2 101 2 938 882 1009 1065
725 3 2 101 2 1068 1012 941 879
726 3 2 101 2 1049 1141 1205 1106
727 3 2 101 2 657 730 252 253
728 3 2 101 2 943 859 992 1066
729 3 2 101 2 1179 1109 1065 1009
730 3 2 101 2 860 1011 1067 942
731 3 2 101 2 1008 1062 990 937
732 3 2 101 2 673 124 123 661
733 3 2 101 2 733 661 123 122
734 3 2 101 2 880 937 860 808
735 3 2 101 2 738 808 721 647
736 3 2 101 2 1165 1105 1151 1251
737 3 2 101 2 671 731 110 109
738 3 2 101 2 808 860 942 721
739 3 2 101 2 792 964 916 728
740 3 2 101 2 675 732 264 265
741 3 2 101 2 1011 860 937 990
742 3 2 101 2 1010 996 939 886
743 3 2 101 2 1326 1285 1231 1169
744 3 2 101 2 1325 1284 1235 1175
745 3 2 101 2 883 936 1008 807
746 3 2 101 2 1301 1221 1203 1103
747 3 2 101 2 1380 1325 1278 1379
748 3 2 101 2 990 1054 1126 1011
749 3 2 101 2 1096 963 1036 1145
750 3 2 101 2 1039 915 932 997
751 3 2 101 2 813 859 943 719
752 3 2 101 2 965 974 912 839
753 3 2 101 2 802 865 940 722
754 3 2 101 2 1066 1123 1179 1009
755 3 2 101 2 1346 1317 1301 1220
756 3 2 101 2 1035 1003 966 904
757 3 2 101 2 653 733 122 121
758 3 2 101 2 766 910 837 701
759 3 2 101 2 989 924 963 1096
760 3 2 101 2 1179 1123 1175 1235
761 3 2 101 2 734 657 253 254
762 3 2 101 2 1053 1168 1237 1124
763 3 2 101 2 1150 1031 931 1061
764 3 2 101 2 963 786 900 1036
765 3 2 101 2 1126 1169 1231 1125
766 3 2 101 2 1054 990 1062 1110
767 3 2 101 2 845 793 917 973
768 3 2 101 2 812 879 941 811
769 3 2 101 2 996 1010 1127 1057
770 3 2 101 2 1237 1278 1325 1175
771 3 2 101 2 676 262 263 654
772 3 2 101 2 732 654 263 264
773 3 2 101 2 1168 1310 1278 1237
774 3 2 101 2 940 1004 1068 879
775 3 2 101 2 681 734 254 255
776 3 2 101 2 731 655 111 110
777 3 2 101 2 682 112 111 655
778 3 2 101 2 735 653 121 120
779 3 2 101 2 1276 1226 1211 1232
780 3 2 101 2 1230 1172 1156 1197
781 3 2 101 2 677 261 262 676
782 3 2 101 2 1110 1167 1236 1054
783 3 2 101 2 1093 1002 965 858
784 3 2 101 2 1105 1055 989 1151
785 3 2 101 2 966 975 913 840
786 3 2 101 2 679 735 120 119
787 3 2 101 2 1167 1311 1277 1236
788 3 2 101 2 733 792 728 661
789 3 2 101 2 1012 1053 1124 992
790 3 2 101 2 785 717 762 906
791 3 2 101 2 1228 1174 1155 1196
792 3 2 101 2 1236 1277 1326 1169
793 3 2 101 2 682 736 113 112
794 3 2 101 2 677 737 260 261
795 3 2 101 2 1055 1030 924 989
796 3 2 101 2 900 764 844 976
797 3 2 101 2 906 762 837 971
798 3 2 101 2 1219 1303 1337 1274
799 3 2 101 2 738 647 118 117
800 3 2 101 2 679 119 118 647
801 3 2 101 2 838 968 1027 910
802 3 2 101 2 678 738 117 116
803 3 2 101 2 739 648 256 257
804 3 2 101 2 681 255 256 648
805 3 2 101 2 740 678 116 115
806 3 2 101 2 680 739 257 258
807 3 2 101 2 645 680 258 259
808 3 2 101 2 643 740 115 114
809 3 2 101 2 737 645 259 260
810 3 2 101 2 736 643 114 113
811 3 2 101 2 787 913 975 1038
812 3 2 101 2 785 931 1031 903
813 3 2 101 2 1047 922 1031 1150
814 3 2 101 2 1367 1348 1349 1369
815 3 2 101 2 786 727 764 900
816 3 2 101 2 1374 1375 1346 1298
817 3 2 101 2 1103 1199 1220 1301
818 3 2 101 2 1081 1146 1027 968
819 3 2 101 2 1347 1304 1305 1386
820 3 2 101 2 717 785 903 834
821 3 2 101 2 1192 1253 1146 1081
822 3 2 101 2 1304 1238 1246 1305
823 3 2 101 2 1030 874 905 924
824 3 2 101 2 974 1037 789 912
825 3 2 101 2 857 904 833 713
826 3 2 101 2 1348 1289 1302 1349
827 3 2 101 2 1377 1378 1422 1413
828 3 2 101 2 857 960 1029 925
829 3 2 101 2 905 835 727 786
830 3 2 101 2 783 899 967 858
831 3 2 101 2 1238 1171 1202 1246
832 3 2 101 2 1303 1219 1205 1259
833 3 2 101 2 1369 1349 1272 1371
834 3 2 101 2 1392 1320 1273 1341
835 3 2 101 2 1342 1224 1165 1268
836 3 2 101 2 1386 1305 1224 1342
837 3 2 101 2 1213 1296 1190 1195
838 3 2 101 2 1305 1246 1180 1224
839 3 2 101 2 1316 1264 1304 1347
840 3 2 101 2 1358 1316 1347 1407
841 3 2 101 2 1298 1346 1220 1256
842 3 2 101 2 1264 1258 1238 1304
843 3 2 101 2 1171 1079 1148 1202
844 3 2 101 2 1393 1299 1264 1316
845 3 2 101 2 768 915 788 718
846 3 2 101 2 1141 1129 1259 1205
847 3 2 101 2 1289 1160 1248 1302
848 3 2 101 2 1421 1393 1316 1358
849 3 2 101 2 904 966 840 833
850 3 2 101 2 1282 1303 1259 1200
851 3 2 101 2 1378 1377 1340 1276
852 3 2 101 2 1404 1315 1393 1421
853 3 2 101 2 1320 1374 1298 1273
854 3 2 101 2 1079 948 1025 1148
855 3 2 101 2 1199 1116 1256 1220
856 3 2 101 2 1273 1298 1256 1166
857 3 2 101 2 1276 1340 1312 1226
858 3 2 101 2 903 1031 922 902
859 3 2 101 2 1202 1148 1090 1130
860 3 2 101 2 1315 1223 1299 1393
861 3 2 101 2 1049 925 1029 1141
862 3 2 101 2 1368 1392 1341 1267
863 3 2 101 2 1271 1336 1255 1217
864 3 2 101 2 634 717 834 759
865 3 2 101 2 1258 1115 1171 1238
866 3 2 101 2 1218 1272 1349 1302
867 3 2 101 2 1377 1426 1397 1340
868 3 2 101 2 1217 1255 1187 1162
869 3 2 101 2 1299 1193 1258 1264
870 3 2 101 2 717 634 700 762
871 3 2 101 2 693 764 727 632
872 3 2 101 2 835 905 874 710
873 3 2 101 2 1024 1080 976 901
874 3 2 101 2 1224 1180 1105 1165
875 3 2 101 2 1115 1014 1079 1171
876 3 2 101 2 1217 1293 1345 1271
877 3 2 101 2 1339 1297 1201 1254
878 3 2 101 2 1148 1025 949 1090
879 3 2 101 2 1029 1089 1129 1141
880 3 2 101 2 1365 1266 1338 1394
881 3 2 101 2 858 965 839 783
882 3 2 101 2 842 932 915 768
883 3 2 101 2 1255 1282 1200 1187
884 3 2 101 2 934 1005 1095 1043
885 3 2 101 2 1293 1217 1162 1247
886 3 2 101 2 1187 1200 1147 1052
887 3 2 101 2 899 873 930 967
888 3 2 101 2 1254 1201 1061 1149
889 3 2 101 2 1405 1406 1385 1334
890 3 2 101 2 1138 1128 1080 1024
891 3 2 101 2 1129 1147 1200 1259
892 3 2 101 2 960 944 1089 1029
893 3 2 101 2 1296 1251 1151 1190
894 3 2 101 2 948 1079 1014 853
895 3 2 101 2 893 1025 948 820
896 3 2 101 2 1372 1370 1342 1268
897 3 2 101 2 1139 1052 987 1077
898 3 2 101 2 1419 1366 1345 1391
899 3 2 101 2 1370 1416 1386 1342
900 3 2 101 2 877 934 1043 981
901 3 2 101 2 821 949 1025 893
902 3 2 101 2 963 924 905 786
903 3 2 101 2 1208 1195 1145 1128
904 3 2 101 2 1105 1180 1130 1055
905 3 2 101 2 987 1023 961 872
906 3 2 101 2 1402 1419 1391 1331
907 3 2 101 2 1198 1149 1032 1091
908 3 2 101 2 1293 1281 1391 1345
909 3 2 101 2 1180 1246 1202 1130
910 3 2 101 2 1253 1198 1091 1146
911 3 2 101 2 1030 1055 1130 1090
912 3 2 101 2 718 646 704 768
913 3 2 101 2 1195 1190 1096 1145
914 3 2 101 2 1114 1139 1077 1021
915 3 2 101 2 1247 1189 1281 1293
916 3 2 101 2 1014 1115 1143 1078
917 3 2 101 2 874 1030 1090 949
918 3 2 101 2 1315 1382 1290 1223
919 3 2 101 2 831 898 944 960
920 3 2 101 2 1204 1218 1302 1248
921 3 2 101 2 1394 1338 1289 1348
922 3 2 101 2 701 837 762 700
923 3 2 101 2 1194 1132 1144 1244
924 3 2 101 2 1026 1135 1082 1017
925 3 2 101 2 1137 1046 985 1075
926 3 2 101 2 1052 1147 1023 987
927 3 2 101 2 986 1073 1136 1045
928 3 2 101 2 1074 1144 1132 999
929 3 2 101 2 1159 1245 1275 1215
930 3 2 101 2 1265 1332 1356 1328
931 3 2 101 2 1294 1102 1183 1252
932 3 2 101 2 1187 1052 1139 1162
933 3 2 101 2 1415 1335 1385 1406
934 3 2 101 2 986 1019 956 862
935 3 2 101 2 962 1026 1017 895
936 3 2 101 2 1343 1216 1294 1381
937 3 2 101 2 1382 1332 1265 1290
938 3 2 101 2 957 946 1076 1020
939 3 2 101 2 897 962 895 797
940 3 2 101 2 1102 1294 1216 1184
941 3 2 101 2 1137 1186 1245 1159
942 3 2 101 2 834 903 902 814
943 3 2 101 2 1075 985 955 1018
944 3 2 101 2 1414 1362 1329 1384
945 3 2 101 2 1291 1280 1384 1329
946 3 2 101 2 1186 1137 1075 1059
947 3 2 101 2 952 1072 982 871
948 3 2 101 2 1131 1101 1280 1291
949 3 2 101 2 1186 1131 1291 1245
950 3 2 101 2 1018 955 896 794
951 3 2 101 2 982 1102 1184 1070
952 3 2 101 2 1275 1329 1362 1314
953 3 2 101 2 1245 1291 1329 1275
954 3 2 101 2 1071 984 921 1016
955 3 2 101 2 921 953 894 782
956 3 2 101 2 1059 1075 1018 953
957 3 2 101 2 1082 1160 1244 1144
958 3 2 101 2 1183 1102 982 1072
959 3 2 101 2 1330 1399 1364 1313
960 3 2 101 2 1112 998 1070 1184
961 3 2 101 2 828 896 955 856
962 3 2 101 2 1263 1158 1241 1286
963 3 2 101 2 1021 856 955 985
964 3 2 101 2 1327 1381 1294 1252
965 3 2 101 2 998 891 951 1070
966 3 2 101 2 1356 1414 1384 1328
967 3 2 101 2 1286 1388 1330 1263
968 3 2 101 2 1240 1225 1182 1111
969 3 2 101 2 1058 1071 1016 929
970 3 2 101 2 1044 1158 1239 1113
971 3 2 101 2 1104 1181 1069 1051
972 3 2 101 2 1051 1069 1013 983
973 3 2 101 2 1069 1111 1015 1013
974 3 2 101 2 1185 1136 1113 1239
975 3 2 101 2 1131 984 1071 1101
976 3 2 101 2 871 982 1070 951
977 3 2 101 2 1161 1045 1136 1185
978 3 2 101 2 986 862 945 1073
979 3 2 101 2 887 1000 1073 945
980 3 2 101 2 711 852 887 815
981 3 2 101 2 86 85 743 686
982 3 2 101 2 149 636 742 150
983 3 2 101 2 815 742 636 711
984 3 2 101 2 742 685 151 150
985 3 2 101 2 819 751 631 820
986 3 2 101 2 816 744 637 715
987 3 2 101 2 747 641 99 98
988 3 2 101 2 746 640 163 162
989 3 2 101 2 79 631 751 80
990 3 2 101 2 752 822 823 694
991 3 2 101 2 822 752 638 888
992 3 2 101 2 751 699 81 80
993 3 2 101 2 795 748 665 817
994 3 2 101 2 77 76 695 666
995 3 2 101 2 685 665 152 151
996 3 2 101 2 742 815 726 685
997 3 2 101 2 748 795 888 638
998 3 2 101 2 870 889 755 823
999 3 2 101 2 666 749 78 77
1000 3 2 101 2 665 748 153 152
1001 3 2 101 2 741 667 88 87
1002 3 2 101 2 862 817 726 945
1003 3 2 101 2 755 687 694 823
1004 3 2 101 2 637 687 755 715
1005 3 2 101 2 667 750 89 88
1006 3 2 101 2 76 75 757 695
1007 3 2 101 2 145 144 692 689
1008 3 2 101 2 155 154 638 752
1009 3 2 101 2 157 156 694 687
1010 3 2 101 2 715 755 889 784
1011 3 2 101 2 91 90 642 753
1012 3 2 101 2 756 692 144 143
1013 3 2 101 2 93 92 696 688
1014 3 2 101 2 741 686 892 782
1015 3 2 101 2 159 158 637 744
1016 3 2 101 2 138 634 759 139
1017 3 2 101 2 95 94 639 745
1018 3 2 101 2 87 86 686 741
1019 3 2 101 2 748 638 154 153
1020 3 2 101 2 752 694 156 155
1021 3 2 101 2 796 824 690 758
1022 3 2 101 2 687 637 158 157
1023 3 2 101 2 148 147 758 690
1024 3 2 101 2 750 642 90 89
1025 3 2 101 2 161 160 697 663
1026 3 2 101 2 753 696 92 91
1027 3 2 101 2 147 146 660 758
1028 3 2 101 2 688 639 94 93
1029 3 2 101 2 685 726 817 665
1030 3 2 101 2 815 887 945 726
1031 3 2 101 2 758 660 754 796
1032 3 2 101 2 140 139 759 691
1033 3 2 101 2 818 743 635 798
1034 3 2 101 2 744 697 160 159
1035 3 2 101 2 97 96 698 664
1036 3 2 101 2 745 698 96 95
1037 3 2 101 2 663 746 162 161
1038 3 2 101 2 142 141 760 633
1039 3 2 101 2 751 819 826 699
1040 3 2 101 2 689 660 146 145
1041 3 2 101 2 141 140 691 760
1042 3 2 101 2 668 699 826 714
1043 3 2 101 2 664 747 98 97
1044 3 2 101 2 690 636 149 148
1045 3 2 101 2 660 689 825 754
1046 3 2 101 2 636 690 824 711
1047 3 2 101 2 692 712 825 689
1048 3 2 101 2 143 142 633 756
1049 3 2 101 2 749 666 821 893
1050 3 2 101 2 1078 983 890 950
1051 3 2 101 2 743 818 892 686
1052 3 2 101 2 85 84 635 743
1053 3 2 101 2 757 75 74 632
1054 3 2 101 2 947 827 714 890
1055 3 2 101 2 695 710 821 666
1056 3 2 101 2 819 853 950 826
1057 3 2 101 2 749 631 79 78
1058 3 2 101 2 631 749 893 820
1059 3 2 101 2 827 761 668 714
1060 3 2 101 2 855 798 827 947
1061 3 2 101 2 82 668 761 83
1062 3 2 101 2 714 826 950 890
1063 3 2 101 2 83 761 635 84
1064 3 2 101 2 699 668 82 81
1065 3 2 101 2 798 635 761 827
1066 3 2 101 2 1069 1181 1240 1111
1067 3 2 101 2 1000 887 852 920
1068 3 2 101 2 1113 1136 1073 1000
1069 3 2 101 2 1113 1000 920 1044
1070 3 2 101 2 1263 1288 1239 1158
1071 3 2 101 2 1288 1214 1185 1239
1072 3 2 101 2 921 782 892 1016
1073 3 2 101 2 1015 855 947 1013
1074 3 2 101 2 890 983 1013 947
1075 3 2 101 2 855 1015 1058 929
1076 3 2 101 2 1182 1058 1015 1111
1077 3 2 101 2 951 891 824 796
1078 3 2 101 2 711 824 891 852
1079 3 2 101 2 852 891 998 920
1080 3 2 101 2 798 855 929 818
1081 3 2 101 2 1189 1046 1137 1159
1082 3 2 101 2 1101 1071 1058 1182
1083 3 2 101 2 818 929 1016 892
1084 3 2 101 2 920 998 1112 1044
1085 3 2 101 2 951 796 754 871
1086 3 2 101 2 952 871 754 825
1087 3 2 101 2 1417 1401 1381 1327
1088 3 2 101 2 952 825 712 854
1089 3 2 101 2 1044 1112 1241 1158
1090 3 2 101 2 1225 1280 1101 1182
1091 3 2 101 2 953 1018 794 894
1092 3 2 101 2 1429 1399 1330 1388
1093 3 2 101 2 1248 1160 1082 1135
1094 3 2 101 2 1216 1241 1112 1184
1095 3 2 101 2 921 984 1059 953
1096 3 2 101 2 1286 1343 1387 1388
1097 3 2 101 2 984 1131 1186 1059
1098 3 2 101 2 1331 1215 1275 1314
1099 3 2 101 2 829 797 895 954
1100 3 2 101 2 1429 1388 1387 1400
1101 3 2 101 2 667 741 782 894
1102 3 2 101 2 759 834 814 691
1103 3 2 101 2 1263 1330 1313 1288
1104 3 2 101 2 962 897 814 902
1105 3 2 101 2 1333 1214 1288 1313
1106 3 2 101 2 756 829 712 692
1107 3 2 101 2 954 854 712 829
1108 3 2 101 2 1225 1328 1384 1280
1109 3 2 101 2 1327 1252 1194 1266
1110 3 2 101 2 750 794 896 642
1111 3 2 101 2 1252 1183 1132 1194
1112 3 2 101 2 750 667 894 794
1113 3 2 101 2 897 797 633 760
1114 3 2 101 2 1072 952 854 999
1115 3 2 101 2 832 696 753 828
1116 3 2 101 2 753 642 896 828
1117 3 2 101 2 633 797 829 756
1118 3 2 101 2 1074 999 854 954
1119 3 2 101 2 1290 1265 1240 1181
1120 3 2 101 2 897 760 691 814
1121 3 2 101 2 832 716 688 696
1122 3 2 101 2 1328 1225 1240 1265
1123 3 2 101 2 1183 1072 999 1132
1124 3 2 101 2 1314 1357 1402 1331
1125 3 2 101 2 1286 1241 1216 1343
1126 3 2 101 2 1074 954 895 1017
1127 3 2 101 2 1019 1076 946 956
1128 3 2 101 2 831 698 745 898
1129 3 2 101 2 1338 1266 1194 1244
1130 3 2 101 2 823 822 957 870
1131 3 2 101 2 817 862 956 795
1132 3 2 101 2 1026 962 902 922
1133 3 2 101 2 1046 1189 1247 1114
1134 3 2 101 2 1144 1074 1017 1082
1135 3 2 101 2 985 1046 1114 1021
1136 3 2 101 2 1401 1387 1343 1381
1137 3 2 101 2 1417 1327 1266 1365
1138 3 2 101 2 856 1021 1077 959
1139 3 2 101 2 1135 1026 922 1047
1140 3 2 101 2 688 716 830 639
1141 3 2 101 2 795 956 946 888
1142 3 2 101 2 888 946 957 822
1143 3 2 101 2 986 1045 1133 1019
1144 3 2 101 2 1403 1333 1313 1364
1145 3 2 101 2 639 830 898 745
1146 3 2 101 2 1215 1331 1391 1281
1147 3 2 101 2 1159 1215 1281 1189
1148 3 2 101 2 1019 1133 1188 1076
1149 3 2 101 2 856 959 832 828
1150 3 2 101 2 1162 1139 1114 1247
1151 3 2 101 2 1290 1181 1104 1223
1152 3 2 101 2 1134 1020 1076 1188
1153 3 2 101 2 843 907 978 866
1154 3 2 101 2 1023 1089 944 961
1155 3 2 101 2 1045 1161 1242 1133
1156 3 2 101 2 1214 1333 1383 1287
1157 3 2 101 2 1185 1214 1287 1161
1158 3 2 101 2 1020 923 870 957
1159 3 2 101 2 831 713 664 698
1160 3 2 101 2 1334 1242 1161 1287
1161 3 2 101 2 987 872 959 1077
1162 3 2 101 2 1292 1188 1133 1242
1163 3 2 101 2 1104 1193 1299 1223
1164 3 2 101 2 1405 1334 1287 1383
1165 3 2 101 2 1134 1048 923 1020
1166 3 2 101 2 716 872 961 830
1167 3 2 101 2 1243 1134 1188 1292
1168 3 2 101 2 716 832 959 872
1169 3 2 101 2 870 923 1022 889
1170 3 2 101 2 1033 1005 934 964
1171 3 2 101 2 1385 1292 1242 1334
1172 3 2 101 2 1051 1143 1193 1104
1173 3 2 101 2 1060 958 1022 1140
1174 3 2 101 2 1243 1163 1048 1134
1175 3 2 101 2 1415 1368 1267 1335
1176 3 2 101 2 1335 1243 1292 1385
1177 3 2 101 2 1140 1022 923 1048
1178 3 2 101 2 899 663 697 873
1179 3 2 101 2 744 816 873 697
1180 3 2 101 2 816 715 784 863
1181 3 2 101 2 1143 1051 983 1078
1182 3 2 101 2 960 857 713 831
1183 3 2 101 2 1335 1267 1163 1243
1184 3 2 101 2 898 830 961 944
1185 3 2 101 2 899 783 746 663
1186 3 2 101 2 1089 1023 1147 1129
1187 3 2 101 2 1249 1140 1048 1163
1188 3 2 101 2 784 889 1022 958
1189 3 2 101 2 1250 1106 1205 1219
1190 3 2 101 2 1166 1060 1140 1249
1191 3 2 101 2 1273 1166 1249 1341
1192 3 2 101 2 1341 1249 1163 1267
1193 3 2 101 2 820 948 853 819
1194 3 2 101 2 1165 1251 1321 1268
1195 3 2 101 2 988 967 930 1087
1196 3 2 101 2 930 873 816 863
1197 3 2 101 2 1087 930 863 1001
1198 3 2 101 2 958 1060 1116 1001
1199 3 2 101 2 1078 950 853 1014
1200 3 2 101 2 1001 863 784 958
1201 3 2 101 2 1338 1244 1160 1289
1202 3 2 101 2 1103 988 1087 1199
1203 3 2 101 2 1060 1166 1256 1116
1204 3 2 101 2 1146 1091 971 1027
1205 3 2 101 2 1258 1193 1143 1115
1206 3 2 101 2 1255 1336 1395 1282
1207 3 2 101 2 703 844 764 693
1208 3 2 101 2 1416 1407 1347 1386
1209 3 2 101 2 1199 1087 1001 1116
1210 3 2 101 2 977 864 841 908
1211 3 2 101 2 644 838 910 766
1212 3 2 101 2 1413 1389 1319 1412
1213 3 2 101 2 1324 1306 1227 1398
1214 3 2 101 2 727 835 757 632
1215 3 2 101 2 757 835 710 695
1216 3 2 101 2 1257 1297 1376 1344
1217 3 2 101 2 746 783 839 640
1218 3 2 101 2 1248 1135 1047 1204
1219 3 2 101 2 1297 1339 1408 1376
1220 3 2 101 2 138 137 700 634
1221 3 2 101 2 949 821 710 874
1222 3 2 101 2 1138 1024 926 1050
1223 3 2 101 2 1337 1303 1282 1395
1224 3 2 101 2 74 73 693 632
1225 3 2 101 2 1024 901 788 926
1226 3 2 101 2 964 934 877 916
1227 3 2 101 2 799 868 979 909
1228 3 2 101 2 901 836 718 788
1229 3 2 101 2 1295 1209 1107 1222
1230 3 2 101 2 646 718 836 767
1231 3 2 101 2 1209 1138 1050 1107
1232 3 2 101 2 1337 1373 1423 1274
1233 3 2 101 2 729 728 916 804
1234 3 2 101 2 988 1103 1203 1093
1235 3 2 101 2 164 163 640 763
1236 3 2 101 2 731 671 779 849
1237 3 2 101 2 707 776 848 725
1238 3 2 101 2 1219 1274 1350 1250
1239 3 2 101 2 1149 1198 1283 1254
1240 3 2 101 2 766 701 136 135
1241 3 2 101 2 664 713 833 747
1242 3 2 101 2 1164 1204 1047 1150
1243 3 2 101 2 1270 1389 1420 1323
1244 3 2 101 2 857 925 1035 904
1245 3 2 101 2 100 99 641 765
1246 3 2 101 2 767 703 72 71
1247 3 2 101 2 1106 1250 1309 1191
1248 3 2 101 2 1418 1354 1279 1390
1249 3 2 101 2 706 774 846 723
1250 3 2 101 2 1002 1117 1206 1083
1251 3 2 101 2 1094 1191 1260 1142
1252 3 2 101 2 1003 1142 1207 1085
1253 3 2 101 2 836 844 703 767
1254 3 2 101 2 1411 1427 1398 1318
1255 3 2 101 2 747 833 840 641
1256 3 2 101 2 1203 1221 1308 1117
1257 3 2 101 2 1354 1295 1222 1279
1258 3 2 101 2 1192 1081 991 1119
1259 3 2 101 2 913 765 641 840
1260 3 2 101 2 137 136 701 700
1261 3 2 101 2 965 1002 1083 974
1262 3 2 101 2 967 988 1093 858
1263 3 2 101 2 1081 968 861 991
1264 3 2 101 2 705 842 768 704
1265 3 2 101 2 658 780 847 775
1266 3 2 101 2 787 684 765 913
1267 3 2 101 2 165 683 769 166
1268 3 2 101 2 73 72 703 693
1269 3 2 101 2 1152 1037 974 1083
1270 3 2 101 2 640 839 912 763
1271 3 2 101 2 766 135 134 644
1272 3 2 101 2 1099 1006 935 1042
1273 3 2 101 2 1092 973 917 1034
1274 3 2 101 2 1128 1145 1036 1080
1275 3 2 101 2 1084 995 864 977
1276 3 2 101 2 968 838 720 861
1277 3 2 101 2 1086 994 866 978
1278 3 2 101 2 675 670 778 850
1279 3 2 101 2 1197 1156 994 1086
1280 3 2 101 2 684 787 907 771
1281 3 2 101 2 1088 979 868 1028
1282 3 2 101 2 1226 1192 1119 1211
1283 3 2 101 2 101 684 771 102
1284 3 2 101 2 767 71 70 646
1285 3 2 101 2 1004 933 1041 1100
1286 3 2 101 2 1196 1155 995 1084
1287 3 2 101 2 770 702 133 132
1288 3 2 101 2 908 769 683 789
1289 3 2 101 2 165 164 763 683
1290 3 2 101 2 732 675 850 911
1291 3 2 101 2 769 908 841 650
1292 3 2 101 2 763 912 789 683
1293 3 2 101 2 1153 1038 975 1085
1294 3 2 101 2 671 108 107 779
1295 3 2 101 2 772 705 68 67
1296 3 2 101 2 838 644 702 720
1297 3 2 101 2 1426 1408 1339 1397
1298 3 2 101 2 770 132 131 649
1299 3 2 101 2 773 649 131 130
1300 3 2 101 2 1039 926 788 915
1301 3 2 101 2 1157 1092 1034 1064
1302 3 2 101 2 1086 978 1038 1153
1303 3 2 101 2 774 168 167 650
1304 3 2 101 2 101 100 765 684
1305 3 2 101 2 167 166 769 650
1306 3 2 101 2 1084 977 1037 1152
1307 3 2 101 2 771 907 843 652
1308 3 2 101 2 1117 1002 1093 1203
1309 3 2 101 2 1154 1088 1028 1063
1310 3 2 101 2 772 67 66 651
1311 3 2 101 2 775 651 66 65
1312 3 2 101 2 845 720 702 770
1313 3 2 101 2 725 848 969 919
1314 3 2 101 2 973 861 720 845
1315 3 2 101 2 1174 1228 1310 1168
1316 3 2 101 2 649 793 845 770
1317 3 2 101 2 134 133 702 644
1318 3 2 101 2 1230 1197 1177 1300
1319 3 2 101 2 1422 1378 1353 1428
1320 3 2 101 2 909 772 651 799
1321 3 2 101 2 662 707 725 800
1322 3 2 101 2 1228 1196 1178 1306
1323 3 2 101 2 776 104 103 652
1324 3 2 101 2 103 102 771 652
1325 3 2 101 2 1092 991 861 973
1326 3 2 101 2 1351 1380 1390 1279
1327 3 2 101 2 773 130 129 656
1328 3 2 101 2 777 656 129 128
1329 3 2 101 2 670 172 171 778
1330 3 2 101 2 70 69 704 646
1331 3 2 101 2 1300 1229 1323 1355
1332 3 2 101 2 659 706 723 801
1333 3 2 101 2 1043 1034 917 981
1334 3 2 101 2 774 706 169 168
1335 3 2 101 2 69 68 705 704
1336 3 2 101 2 914 773 656 851
1337 3 2 101 2 775 65 64 658
1338 3 2 101 2 723 846 970 875
1339 3 2 101 2 1099 1042 994 1156
1340 3 2 101 2 1040 1028 868 980
1341 3 2 101 2 776 707 105 104
1342 3 2 101 2 980 847 780 918
1343 3 2 101 2 1420 1363 1355 1323
1344 3 2 101 2 1040 980 918 928
1345 3 2 101 2 1042 935 919 969
1346 3 2 101 2 981 914 851 877
1347 3 2 101 2 804 851 656 777
1348 3 2 101 2 708 672 63 62
1349 3 2 101 2 777 128 127 674
1350 3 2 101 2 709 674 127 126
1351 3 2 101 2 885 800 725 919
1352 3 2 101 2 1172 1230 1311 1167
1353 3 2 101 2 170 659 778 171
1354 3 2 101 2 106 662 779 107
1355 3 2 101 2 170 169 706 659
1356 3 2 101 2 916 877 851 804
1357 3 2 101 2 1325 1380 1351 1284
1358 3 2 101 2 972 885 919 935
1359 3 2 101 2 1422 1428 1363 1420
1360 3 2 101 2 64 63 672 658
1361 3 2 101 2 106 105 707 662
1362 3 2 101 2 867 972 935 1006
1363 3 2 101 2 1041 933 875 970
1364 3 2 101 2 881 928 918 805
1365 3 2 101 2 993 1121 1063 1097
1366 3 2 101 2 936 867 1006 1056
1367 3 2 101 2 1279 1222 1262 1351
1368 3 2 101 2 1057 1108 1064 1095
1369 3 2 101 2 1262 1210 1173 1307
1370 3 2 101 2 995 1155 1100 1041
1371 3 2 101 2 1068 1004 1100 1120
1372 3 2 101 2 1174 1120 1100 1155
1373 3 2 101 2 1127 1170 1108 1057
1374 3 2 101 2 1326 1277 1363 1428
1375 3 2 101 2 1326 1428 1353 1285
1376 3 2 101 2 1355 1363 1277 1311
1377 3 2 101 2 1379 1324 1398 1427
1378 3 2 101 2 1345 1366 1367 1271
1379 3 2 101 2 1336 1271 1367 1369
1380 3 2 101 2 1372 1424 1374 1320
1381 3 2 101 2 1356 1332 1364 1399
1382 3 2 101 2 1369 1371 1395 1336
1383 3 2 101 2 1272 1344 1373 1371
1384 3 2 101 2 1314 1362 1400 1357
1385 3 2 101 2 1387 1401 1357 1400
1386 3 2 101 2 1401 1417 1402 1357
1387 3 2 101 2 1406 1405 1421 1358
1388 3 2 101 2 1375 1374 1424 1359
1389 3 2 101 2 1409 1375 1359 1425
1390 3 2 101 2 1408 1360 1423 1376
1391 3 2 101 2 1400 1362 1414 1429
1392 3 2 101 2 1332 1382 1403 1364
1393 3 2 101 2 1348 1367 1366 1394
1394 3 2 101 2 1365 1394 1366 1419
1395 3 2 101 2 1392 1368 1416 1370
1396 3 2 101 2 1320 1392 1370 1372
1397 3 2 101 2 1337 1395 1371 1373
1398 3 2 101 2 1344 1376 1423 1373
1399 3 2 101 2 1380 1379 1427 1390
1400 3 2 101 2 1315 1404 1403 1382
1401 3 2 101 2 1333 1403 1404 1383
1402 3 2 101 2 1404 1421 1405 1383
1403 3 2 101 2 1418 1390 1427 1411
1404 3 2 101 2 1356 1399 1429 1414
1405 3 2 101 2 1365 1419 1402 1417
1406 3 2 101 2 1358 1407 1415 1406
1407 3 2 101 2 1368 1415 1407 1416
$EndElements
