$MeshFormat
2.2 0 8
$EndMeshFormat
$PhysicalNames
5
1 200 "LEFT_WALL"
1 201 "GAMMA_D"
1 202 "VOID_RIGHT"
2 100 "SOLID"
2 101 "VOID"
$EndPhysicalNames
$Nodes
1537
1 0 0 0
2 1 0 0
3 1 0.07199999999999999 0
4 0.07199999999999999 0.07199999999999999 0
5 0.07199999999999999 0.428 0
6 1 0.428 0
7 1 0.5 0
8 0.9928 0.5 0
9 0 0.5 0
10 1.072 0 0
11 1.072 0.5 0
12 0.01999999999996237 0 0
13 0.03999999999992186 0 0
14 0.05999999999987837 0 0
15 0.07999999999984518 0 0
16 0.09999999999981463 0 0
17 0.1199999999997832 0 0
18 0.1399999999997328 0 0
19 0.1599999999996745 0 0
20 0.1799999999996162 0 0
21 0.1999999999995579 0 0
22 0.2199999999994996 0 0
23 0.2399999999994413 0 0
24 0.259999999999383 0 0
25 0.2799999999993247 0 0
26 0.2999999999992664 0 0
27 0.3199999999992081 0 0
28 0.3399999999991498 0 0
29 0.3599999999990915 0 0
30 0.3799999999990332 0 0
31 0.3999999999989749 0 0
32 0.4199999999989167 0 0
33 0.4399999999988584 0 0
34 0.4599999999988 0 0
35 0.4799999999987418 0 0
36 0.4999999999986943 0 0
37 0.5199999999987361 0 0
38 0.5399999999987888 0 0
39 0.5599999999988415 0 0
40 0.5799999999988942 0 0
41 0.5999999999989468 0 0
42 0.6199999999989995 0 0
43 0.6399999999990521 0 0
44 0.6599999999991049 0 0
45 0.6799999999991574 0 0
46 0.6999999999992101 0 0
47 0.7199999999992628 0 0
48 0.7399999999993154 0 0
49 0.7599999999993681 0 0
50 0.7799999999994207 0 0
51 0.7999999999994734 0 0
52 0.8199999999995261 0 0
53 0.8399999999995788 0 0
54 0.8599999999996314 0 0
55 0.8799999999996841 0 0
56 0.8999999999997367 0 0
57 0.9199999999997894 0 0
58 0.939999999999842 0 0
59 0.9599999999998947 0 0
60 0.9799999999999475 0 0
61 1 0.01799999999995843 0
62 1 0.03599999999991129 0
63 1 0.05399999999995769 0
64 0.9806666666667092 0.07199999999999999 0
65 0.9613333333334183 0.07199999999999999 0
66 0.9420000000001275 0.07199999999999999 0
67 0.9226666666668366 0.07199999999999999 0
68 0.9033333333335168 0.07199999999999999 0
69 0.8840000000002116 0.07199999999999999 0
70 0.8646666666669207 0.07199999999999999 0
71 0.8453333333336299 0.07199999999999999 0
72 0.8260000000003608 0.07199999999999999 0
73 0.8066666666670916 0.07199999999999999 0
74 0.7873333333338007 0.07199999999999999 0
75 0.7680000000005099 0.07199999999999999 0
76 0.7486666666672552 0.07199999999999999 0
77 0.7293333333340005 0.07199999999999999 0
78 0.7100000000007241 0.07199999999999999 0
79 0.6906666666674333 0.07199999999999999 0
80 0.6713333333341713 0.07199999999999999 0
81 0.6520000000009382 0.07199999999999999 0
82 0.6326666666676473 0.07199999999999999 0
83 0.6133333333343565 0.07199999999999999 0
84 0.594000000001109 0.07199999999999999 0
85 0.5746666666678542 0.07199999999999999 0
86 0.5553333333345705 0.07199999999999999 0
87 0.5360000000012797 0.07199999999999999 0
88 0.5166666666678442 0.07199999999999999 0
89 0.4973333333344017 0.07199999999999999 0
90 0.4780000000010168 0.07199999999999999 0
91 0.4586666666676321 0.07199999999999999 0
92 0.4393333333342546 0.07199999999999999 0
93 0.4200000000008626 0.07199999999999999 0
94 0.4006666666674923 0.07199999999999999 0
95 0.3813333333340929 0.07199999999999999 0
96 0.36200000000073 0.07199999999999999 0
97 0.3426666666673233 0.07199999999999999 0
98 0.3233333333339602 0.07199999999999999 0
99 0.3040000000005534 0.07199999999999999 0
100 0.2846666666671904 0.07199999999999999 0
101 0.2653333333337909 0.07199999999999999 0
102 0.2460000000004207 0.07199999999999999 0
103 0.2266666666670284 0.07199999999999999 0
104 0.2073333333336943 0.07199999999999999 0
105 0.1880000000002876 0.07199999999999999 0
106 0.1686666666669244 0.07199999999999999 0
107 0.1493333333335251 0.07199999999999999 0
108 0.1300000000001547 0.07199999999999999 0
109 0.1106666666667625 0.07199999999999999 0
110 0.09133333333338489 0.07199999999999999 0
111 0.07199999999999999 0.09177777777773982 0
112 0.07199999999999999 0.1115555555554911 0
113 0.07199999999999999 0.1313333333332123 0
114 0.07199999999999999 0.1511111111109232 0
115 0.07199999999999999 0.170888888888663 0
116 0.07199999999999999 0.1906666666663667 0
117 0.07199999999999999 0.2104444444440722 0
118 0.07199999999999999 0.2302222222218115 0
119 0.07199999999999999 0.249999999999523 0
120 0.07199999999999999 0.2697777777773429 0
121 0.07199999999999999 0.2895555555551628 0
122 0.07199999999999999 0.3093333333330043 0
123 0.07199999999999999 0.3291111111108243 0
124 0.07199999999999999 0.3488888888886875 0
125 0.07199999999999999 0.3686666666665074 0
126 0.07199999999999999 0.3884444444443489 0
127 0.07199999999999999 0.408222222222169 0
128 0.09133333333329909 0.428 0
129 0.1106666666665837 0.428 0
130 0.1299999999998756 0.428 0
131 0.1493333333331783 0.428 0
132 0.1686666666664846 0.428 0
133 0.1879999999997892 0.428 0
134 0.207333333333072 0.428 0
135 0.2266666666663403 0.428 0
136 0.245999999999616 0.428 0
137 0.2653333333328879 0.428 0
138 0.284666666666178 0.428 0
139 0.3039999999994536 0.428 0
140 0.3233333333327256 0.428 0
141 0.3426666666660048 0.428 0
142 0.3619999999992803 0.428 0
143 0.381333333332545 0.428 0
144 0.4006666666658206 0.428 0
145 0.4199999999990853 0.428 0
146 0.439333333332361 0.428 0
147 0.458666666665651 0.428 0
148 0.477999999998923 0.428 0
149 0.4973333333321986 0.428 0
150 0.5166666666654887 0.428 0
151 0.5359999999987607 0.428 0
152 0.5553333333321266 0.428 0
153 0.5746666666655359 0.428 0
154 0.5939999999989234 0.428 0
155 0.6133333333323111 0.428 0
156 0.6326666666656915 0.428 0
157 0.6519999999990863 0.428 0
158 0.6713333333324595 0.428 0
159 0.6906666666658615 0.428 0
160 0.7099999999992275 0.428 0
161 0.7293333333326368 0.428 0
162 0.7486666666660029 0.428 0
163 0.7679999999994124 0.428 0
164 0.7873333333327784 0.428 0
165 0.8066666666661806 0.428 0
166 0.8259999999995539 0.428 0
167 0.8453333333329489 0.428 0
168 0.8646666666662859 0.428 0
169 0.8839999999996954 0.428 0
170 0.9033333333330613 0.428 0
171 0.9226666666664636 0.428 0
172 0.9419999999998367 0.428 0
173 0.9613333333332318 0.428 0
174 0.9806666666666123 0.428 0
175 1 0.4459999999999186 0
176 1 0.4639999999999131 0
177 1 0.481999999999962 0
178 0.9729440000000342 0.5 0
179 0.9530880000000875 0.5 0
180 0.9332320000001244 0.5 0
181 0.9133760000001752 0.5 0
182 0.8935200000001972 0.5 0
183 0.8736640000002193 0.5 0
184 0.8538080000002612 0.5 0
185 0.8339520000003172 0.5 0
186 0.8140960000003722 0.5 0
187 0.794240000000442 0.5 0
188 0.7743840000005031 0.5 0
189 0.7545280000005782 0.5 0
190 0.7346720000006342 0.5 0
191 0.7148160000006961 0.5 0
192 0.6949600000007521 0.5 0
193 0.6751040000008297 0.5 0
194 0.6552480000008856 0.5 0
195 0.6353920000009181 0.5 0
196 0.615536000000976 0.5 0
197 0.5956800000010103 0.5 0
198 0.5758240000010714 0.5 0
199 0.5559680000011438 0.5 0
200 0.5361120000012025 0.5 0
201 0.5162560000012775 0.5 0
202 0.4964000000013226 0.5 0
203 0.4765440000012905 0.5 0
204 0.4566880000012422 0.5 0
205 0.436832000001168 0.5 0
206 0.4169760000011511 0.5 0
207 0.3971200000010622 0.5 0
208 0.3772640000010165 0.5 0
209 0.3574080000009275 0.5 0
210 0.337552000000914 0.5 0
211 0.3176960000008364 0.5 0
212 0.2978400000007823 0.5 0
213 0.2779840000007021 0.5 0
214 0.258128000000666 0.5 0
215 0.2382720000006111 0.5 0
216 0.2184160000005404 0.5 0
217 0.1985600000005201 0.5 0
218 0.1787040000004519 0.5 0
219 0.158848000000429 0.5 0
220 0.1389920000003421 0.5 0
221 0.1191360000003302 0.5 0
222 0.09928000000025361 0.5 0
223 0.07942400000024175 0.5 0
224 0.05956800000015827 0.5 0
225 0.0397120000001292 0.5 0
226 0.01985600000006715 0.5 0
227 0 0.4807692307691507 0
228 0 0.4615384615383014 0
229 0 0.442307692307452 0
230 0 0.4230769230767628 0
231 0 0.403846153846127 0
232 0 0.3846153846154912 0
233 0 0.3653846153848554 0
234 0 0.3461538461542196 0
235 0 0.3269230769235838 0
236 0 0.3076923076929479 0
237 0 0.288461538462312 0
238 0 0.2692307692316762 0
239 0 0.2500000000010295 0
240 0 0.2307692307701911 0
241 0 0.2115384615393418 0
242 0 0.1923076923084925 0
243 0 0.1730769230776433 0
244 0 0.153846153846794 0
245 0 0.1346153846159447 0
246 0 0.1153846153850955 0
247 0 0.09615384615424621 0
248 0 0.07692307692339695 0
249 0 0.05769230769254768 0
250 0 0.03846153846169853 0
251 0 0.01923076923084927 0
252 1.017999999999957 0 0
253 1.035999999999913 0 0
254 1.053999999999957 0 0
255 1.072 0.01923076923073185 0
256 1.072 0.0384615384614634 0
257 1.072 0.05769230769220328 0
258 1.072 0.07692307692292313 0
259 1.072 0.0961538461536363 0
260 1.072 0.1153846153843495 0
261 1.072 0.1346153846150627 0
262 1.072 0.1538461538457758 0
263 1.072 0.173076923076489 0
264 1.072 0.1923076923072022 0
265 1.072 0.2115384615379154 0
266 1.072 0.2307692307686286 0
267 1.072 0.2499999999993472 0
268 1.072 0.2692307692301616 0
269 1.072 0.2884615384609815 0
270 1.072 0.3076923076918013 0
271 1.072 0.3269230769226212 0
272 1.072 0.3461538461534411 0
273 1.072 0.365384615384261 0
274 1.072 0.3846153846150808 0
275 1.072 0.4038461538459007 0
276 1.072 0.4230769230767206 0
277 1.072 0.4423076923075404 0
278 1.072 0.4615384615383603 0
279 1.072 0.4807692307691802 0
280 1.054000000000043 0.5 0
281 1.036000000000087 0.5 0
282 1.018000000000043 0.5 0
283 0.01888019168554566 0.4426027550385163 0
284 0.01847209839036072 0.05702280808203977 0
285 0.01785057857003999 0.2694847712714373 0
286 0.01813465618815051 0.3853443229619825 0
287 0.01770674831388527 0.3275584162846354 0
288 0.01804062465296132 0.2307585862401992 0
289 0.01796990407886319 0.1727470268624753 0
290 0.01819415797614677 0.1341137008940942 0
291 0.5359690866869287 0.4458832643381391 0
292 0.4971676920370734 0.4459588230503779 0
293 0.4194519793856272 0.4465126460981352 0
294 0.3613532571584549 0.4451648124001944 0
295 0.2255481088471935 0.4474329742951739 0
296 0.1118671099504882 0.4480222613758506 0
297 0.2835649508384184 0.4461770212872568 0
298 0.1872175114842807 0.4476758223256346 0
299 0.8637626315571297 0.4491124651885824 0
300 0.7108992911818082 0.446078638653704 0
301 0.7689702884824833 0.4464313793337892 0
302 0.8269774858265267 0.4454508061933378 0
303 0.9219476224298991 0.4457744560448726 0
304 0.6720744864762416 0.4462259053317701 0
305 0.5942324698161389 0.4461109703378918 0
306 0.6510093348559441 0.05597653451033918 0
307 0.5952393655935628 0.05357993308758549 0
308 0.727235529426998 0.05408539948474938 0
309 0.8055995928322347 0.05368304538371017 0
310 0.2091474805045556 0.05593353500172717 0
311 0.8445474724351574 0.05342273852064709 0
312 0.5364739052119032 0.05363185450392643 0
313 0.9223217916561947 0.0534532708945607 0
314 0.2841600933391533 0.05489514496931325 0
315 0.3613887242282268 0.05410860469154988 0
316 0.1469190289935708 0.05362079646354515 0
317 0.4004053323518494 0.05416142630884101 0
318 0.4393688529548721 0.05379606862348346 0
319 0.4781806155706718 0.05357952004574764 0
320 0.09216515643878055 0.05448597949569073 0
321 0.05419905276881468 0.09319209272727855 0
322 0.9568725346287511 0.4823440413196771 0
323 0.1372742142256732 0.4802257273214007 0
324 0.3164100876625543 0.4836012833671364 0
325 0.05862284346048009 0.4801438804492322 0
326 0.2586663769111908 0.02197686473698346 0
327 0.7821750127963183 0.01809623892231234 0
328 0.7000585823006024 0.02089723763388245 0
329 0.01956310345717419 0.4807389867051027 0
330 0.05822587420074641 0.01868604268720327 0
331 0.0387696312163712 0.01881319423874644 0
332 0.054282279996711 0.4066843461682672 0
333 0.01859614010081596 0.4235895242458603 0
334 0.01827471067012266 0.1147519006647556 0
335 0.01826657755340002 0.09539030124719032 0
336 0.05417558957110039 0.1127890866591184 0
337 0.05384806804783988 0.2501160771429803 0
338 0.05362680815619894 0.3483197210827079 0
339 0.01787758690587418 0.3661724132604776 0
340 0.05364497520095005 0.2894144762247066 0
341 0.01771399555640511 0.3082012251175482 0
342 0.05362812474569021 0.3090437670628737 0
343 0.05380557650539192 0.3678517508335756 0
344 0.05392324270283749 0.2108401703389239 0
345 0.01801959842478392 0.2114053487150412 0
346 0.05385833696379384 0.1716122235496884 0
347 0.05406921966594291 0.1324037957033304 0
348 0.3247887083296577 0.4493869642819464 0
349 0.1507143829602979 0.4464300862504089 0
350 0.9607480935826218 0.446156817917519 0
351 0.5163475069978785 0.4817213113544502 0
352 0.5360284131183384 0.4817896253148023 0
353 0.4770305176925673 0.4820529663041525 0
354 0.4777862367768039 0.4461836107816047 0
355 0.7526343652471752 0.4821622213590213 0
356 0.7496192575330759 0.4462570964203131 0
357 0.8540232153849663 0.4779863559458599 0
358 0.772295095170428 0.4822985441320108 0
359 0.6740413464854095 0.4820883222617052 0
360 0.6937483374690606 0.481996602361985 0
361 0.4178783857059636 0.4823804555096836 0
362 0.3360771554900524 0.478202973825386 0
363 0.7133864878570061 0.4819752885654496 0
364 0.1997302629775105 0.4807354413993343 0
365 0.8744259485981344 0.4827097737329487 0
366 0.8118625712573007 0.4818379397563561 0
367 0.8078986631938623 0.4461083682907888 0
368 0.09996898635320206 0.483920594482287 0
369 0.09062374280103931 0.4496288671076275 0
370 0.3581285309574898 0.4807504349745989 0
371 0.575403491137203 0.4819426327359422 0
372 0.574809438108421 0.4460527739135324 0
373 0.9165601669351776 0.4812719030365505 0
374 0.9031770540409743 0.4455561037732103 0
375 0.220313823541339 0.47877971428715 0
376 0.5951074988507822 0.4819895190772311 0
377 0.1581616687744386 0.4830753751092873 0
378 0.2601278987335609 0.4816299491516254 0
379 0.2641400998469495 0.4455679829544156 0
380 0.2799062566954994 0.4820307673576513 0
381 0.6700658985499538 0.05081544611218512 0
382 0.6904643461544376 0.05353928178485233 0
383 0.7662061734336452 0.05382663480126888 0
384 0.2474590258339672 0.05088389764930387 0
385 0.197439141919682 0.02306156153083217 0
386 0.300922907870483 0.01834319604718597 0
387 0.3031465502797347 0.05418122375752096 0
388 0.3603502442650912 0.01823783715579397 0
389 0.5187539048171139 0.01782810058988968 0
390 0.4976037156874561 0.05368648028246729 0
391 0.6604327157570498 0.02194451107121001 0
392 0.6384903443566853 0.01922456582728838 0
393 0.6148723326165229 0.0540339300018548 0
394 0.1769171398867801 0.01784568920915293 0
395 0.1679831456230544 0.05056489116726413 0
396 0.1594099368543995 0.01735259438624433 0
397 0.2387035000663129 0.01678375439423687 0
398 0.4000592001584797 0.01828838582118889 0
399 0.1408549363081115 0.01851163681783466 0
400 0.110377250824873 0.05473308575669389 0
401 0.4397146323894361 0.01792260499097137 0
402 0.5783408657940908 0.01760245911177596 0
403 0.556003845687896 0.05353757752626968 0
404 0.4792216831623021 0.01770947111556863 0
405 0.7419774353794658 0.01839411348425742 0
406 0.618378050231744 0.01816729744839162 0
407 0.1190935205320048 0.02150785671280502 0
408 0.8219862281745243 0.01767211315322927 0
409 0.5584150552589711 0.01765605825257762 0
410 0.09726251382830703 0.0190862722006241 0
411 0.8813084848811136 0.01754239133235341 0
412 0.8639483859883943 0.05342087553334515 0
413 0.8833647677027237 0.05344237265115193 0
414 0.8615429784227668 0.01752899351945825 0
415 0.9209292486639586 0.01757951191987213 0
416 0.9796661069720777 0.4644215733877368 0
417 0.98031045457428 0.01795057599705353 0
418 0.9806708975214985 0.05388718646717987 0
419 0.01883548305533123 0.03800139861323113 0
420 0.9605600570124215 0.01780475538428589 0
421 0.94180287279186 0.05357949869783986 0
422 0.3405760510497744 0.01803186085905845 0
423 0.3225183554148051 0.0539142719026158 0
424 0.437658740061517 0.4823775490740501 0
425 0.4583896385420297 0.4463719792328967 0
426 0.3781181792709112 0.4817471909720066 0
427 0.3998291751078665 0.4463006101161538 0
428 0.6345353522638035 0.4820884702258091 0
429 0.6525984779112263 0.4462493207291273 0
430 0.6331366505978308 0.4461755710321558 0
431 0.01937646784513234 0.01900220993475915 0
432 0.9803098223448138 0.4461360161218261 0
433 0.9787254700364644 0.4837094038581367 0
434 0.9907259774260245 0.4909312877304711 0
435 0.05456407048095805 0.4254906175763002 0
436 0.05446031098912386 0.07401372521999616 0
437 0.03771945833821508 0.03756761124093341 0
438 0.07151308842042546 0.4434061362345323 0
439 0.07374697610587488 0.05476443870280116 0
440 0.961246901809087 0.05375331525483908 0
441 0.9407524457197551 0.01766517377108694 0
442 0.05404660635990534 0.3873120816740024 0
443 0.07768838335507455 0.01862549112323694 0
444 0.5385755826458324 0.01775477295442155 0
445 0.5983447894810505 0.01774116518516713 0
446 0.6804726116706431 0.0171986663759498 0
447 0.7620961274317828 0.01818761468972498 0
448 0.7219612788961947 0.0188656886584372 0
449 0.802127609440522 0.01784990273811654 0
450 0.8417633661646099 0.01756714519930613 0
451 0.901097297236468 0.01756568605342067 0
452 0.498990976725673 0.01777523077997969 0
453 0.2206813358863061 0.01880562350153699 0
454 0.3207897112266704 0.01801266261049538 0
455 0.2809015371518208 0.01933893217881521 0
456 0.3802036677655901 0.01828508106752971 0
457 0.4199123766018882 0.01810507788265997 0
458 0.4594833147957064 0.01775660446599258 0
459 0.03902568014405514 0.4806555613388389 0
460 0.05395503014403395 0.1520033834451639 0
461 0.05364360004659958 0.328677163129258 0
462 0.05377341353325915 0.2697592288972828 0
463 0.05393927798088034 0.230468505345347 0
464 0.05389461505404134 0.1912176061212014 0
465 0.08032614088017792 0.4781606928217867 0
466 0.3980113854051743 0.4821887229249004 0
467 0.1171811218076466 0.4829018822606572 0
468 0.2989757817422543 0.4826464593116371 0
469 0.4573595666294847 0.4822650589301509 0
470 0.1787763338948759 0.4802163307705197 0
471 0.240373639239836 0.4812992881305718 0
472 0.4966819685360052 0.4818618515282854 0
473 0.8945843613783998 0.4790643634777446 0
474 0.6148224048238776 0.4820273372984665 0
475 0.5557165515662505 0.4818879739373889 0
476 0.9366039799380859 0.481904255288868 0
477 0.8318919585223243 0.4807883985478835 0
478 0.7330159232995441 0.4820421291090496 0
479 0.6542784484018371 0.4821483707729958 0
480 0.7920416195256265 0.4822323821484529 0
481 0.01829570267832694 0.07613017829622513 0
482 0.0183446538948043 0.4045129472616243 0
483 0.5553922627651603 0.4459581729847114 0
484 0.884604201543191 0.4462422275485313 0
485 0.7884895311699103 0.4463445387650281 0
486 0.7302885762820932 0.4461116692532335 0
487 0.6915425293126514 0.4460989936834625 0
488 0.9411156227831561 0.4459876360006182 0
489 0.8442464019379443 0.4441108113717757 0
490 0.61369689592525 0.4460981010231476 0
491 0.51656036112535 0.4458498775241606 0
492 0.1685687538198296 0.4459600355811252 0
493 0.1319974184057074 0.4491695985401839 0
494 0.2066634138697349 0.4442700889686208 0
495 0.3030387401093767 0.4470025016382611 0
496 0.4389346805711521 0.4464455549306856 0
497 0.3803340384722843 0.4458590008575593 0
498 0.3442192984799901 0.4440202985847828 0
499 0.2461562225228052 0.4442192219738107 0
500 0.01794020705098985 0.2501100287571624 0
501 0.01796393734206763 0.1920577744298151 0
502 0.01802847468248317 0.1534044141851891 0
503 0.0177593880689242 0.2888441353094363 0
504 0.01774362537127508 0.3469013078352295 0
505 0.5170654168585367 0.0537446421961852 0
506 0.1908295968224818 0.05210475467193548 0
507 0.3419426277393642 0.05396969461455833 0
508 0.2669294893622559 0.05608176666806294 0
509 0.1284536999639238 0.0546439152260897 0
510 0.380886881839363 0.0542023165840867 0
511 0.2262863307242266 0.05394597306695365 0
512 0.4199124699300673 0.05402336837108318 0
513 0.4588000849364438 0.05367435031975763 0
514 0.6338447130838264 0.0548503819579257 0
515 0.9028032369483933 0.05348835449308387 0
516 0.7859157510247203 0.05384658364620631 0
517 0.7087398984716845 0.05434695061996044 0
518 0.7465184485050675 0.05397195791646039 0
519 0.8250413589926443 0.05358189277375477 0
520 0.5756175540116182 0.05353726078976174 0
521 0.01918684693870401 0.4616422522195361 0
522 0.9805214244256095 0.03588010143030237 0
523 0.03679483700633153 0.4243625795099908 0
524 0.9593043067264365 0.4642968774630205 0
525 0.03595419766651726 0.2306514974430773 0
526 0.03628079167386791 0.1138658580380787 0
527 0.03555722409068679 0.3281560627313139 0
528 0.03610348674701858 0.386266614049707 0
529 0.03563077530149836 0.2891639097469674 0
530 0.03563228584243849 0.3476160347790671 0
531 0.9413623154571531 0.03550588957465593 0
532 0.4774467611492155 0.4641515107070062 0
533 0.6730017560321828 0.4641925367618925 0
534 0.4186918053734548 0.4645369635292039 0
535 0.1143555255103968 0.4661622172650045 0
536 0.770490549141327 0.4644252048093647 0
537 0.2620823335767333 0.4634260826840998 0
538 0.8097165925431762 0.4638885524891112 0
539 0.575063341475604 0.4639934665856902 0
540 0.9028057412830334 0.4613926785682881 0
541 0.6533884590713015 0.4642258639305913 0
542 0.8466383957113126 0.460110499189768 0
543 0.6925729077455084 0.4640757185733974 0
544 0.359948936972208 0.462488141160927 0
545 0.3425007546274738 0.4601175708490146 0
546 0.1387663653288799 0.4611902643810091 0
547 0.6770805533015845 0.03345735634066604 0
548 0.5967411967916951 0.03561825133646594 0
549 0.5570786024778499 0.03548446526846903 0
550 0.3020677405201004 0.03643688914006452 0
551 0.5164532690697378 0.4637564169852011 0
552 0.2000764395797175 0.4619541107866916 0
553 0.1737781733020054 0.02985794201725696 0
554 0.8432936775472427 0.03536051977753466 0
555 0.8628514342970838 0.03534360929852579 0
556 0.4786176924265669 0.03557150444264085 0
557 0.1107060137993681 0.03908880317309943 0
558 0.6532893268440264 0.03995713730571038 0
559 0.1612270946897287 0.0330330460488512 0
560 0.265156750764353 0.0400419029769655 0
561 0.1822168137610736 0.03661625723807008 0
562 0.3608430428469307 0.03620344139725842 0
563 0.1437893884377368 0.03601280599607284 0
564 0.6358797655508942 0.03748211874320605 0
565 0.03815137946323893 0.461702692295388 0
566 0.03732018231185856 0.4430513679170529 0
567 0.05532487635969474 0.05548769612351665 0
568 0.03695838927804033 0.05630842385497287 0
569 0.05514411281808164 0.4434108969616681 0
570 0.9609477256804426 0.03572238391742383 0
571 0.03651295048066482 0.07522468964198381 0
572 0.03640222846380628 0.4054312757313463 0
573 0.03613649499561728 0.1333183151410528 0
574 0.0358994011375544 0.1722342715323371 0
575 0.03575728725446461 0.269652237796577 0
576 0.03595110120646701 0.2111592857363427 0
577 0.03560624907868455 0.3086466392978551 0
578 0.03582816378658627 0.3669884072322678 0
579 0.03632772009107272 0.09442789540449575 0
580 0.03587089517743389 0.250138837540485 0
581 0.09751617625700934 0.4678384121796149 0
582 0.3989175336729379 0.4642557401685133 0
583 0.4579228165639224 0.4643908322754832 0
584 0.2265962471065287 0.4668070109379676 0
585 0.1863628618405007 0.4662751870601669 0
586 0.2817340724109692 0.46415756059574 0
587 0.7510168724174118 0.4642516244065066 0
588 0.8290704616952589 0.4626115245524512 0
589 0.9198405877880977 0.4631736919847805 0
590 0.6337911960349463 0.4641528355934507 0
591 0.4969384227518737 0.4639028164890872 0
592 0.5359842202220887 0.4638062367203322 0
593 0.3183776967956502 0.4673955781159002 0
594 0.8710566883089488 0.4663692912346082 0
595 0.712069482926888 0.464045472496063 0
596 0.1513622598868896 0.4649821895656552 0
597 0.5946316677988459 0.4640432162845494 0
598 0.9392526519923828 0.4638780817118853 0
599 0.05666941353921986 0.0371564505562586 0
600 0.5555311207044262 0.4638993161000923 0
601 0.7901407725211156 0.4642907641626806 0
602 0.2405591338992276 0.4623354007428952 0
603 0.8860936348148686 0.4622016895382955 0
604 0.0736742201744035 0.4597061505191481 0
605 0.3792732872791469 0.4636451966600549 0
606 0.1815883164725139 0.4601799531674141 0
607 0.0942709450563866 0.0372931498761041 0
608 0.4383298031899939 0.4644859170120641 0
609 0.7247998050505998 0.03677945140567195 0
610 0.2065313438056793 0.04032743646973524 0
611 0.7641935226393759 0.03604508617598579 0
612 0.8039974355970838 0.03571608599383299 0
613 0.4002015508038282 0.03626899699409386 0
614 0.8824259522496103 0.03536388567043863 0
615 0.4394997175944298 0.03583335474606239 0
616 0.4981971074599928 0.03566912098891783 0
617 0.9216907602312906 0.03542094496112405 0
618 0.282795966190804 0.03764494812523365 0
619 0.5374200726212525 0.03563526668576199 0
620 0.6916319463698696 0.03757986296428722 0
621 0.3216469796134951 0.03602829545644154 0
622 0.2408968690473264 0.03318969305351996 0
623 0.3805200514490044 0.03627985351020443 0
624 0.6165201159252737 0.0362590306367383 0
625 0.4590883936197489 0.03566863963460542 0
626 0.3412442474243553 0.03603617882756843 0
627 0.576908175021379 0.03550823328610437 0
628 0.823621473478917 0.03554515610087051 0
629 0.1273514130893695 0.03893604132923231 0
630 0.1303496232264665 0.4669468524140009 0
631 0.218312605012134 0.4606075609520391 0
632 0.03599661999289643 0.1527598842130165 0
633 0.03591443209455912 0.1916777531026324 0
634 0.05666498941083782 0.4612842081228836 0
635 0.7315674719794582 0.4641067291423961 0
636 0.3008320273079094 0.4652344284980149 0
637 0.6142186668310108 0.4640802041082314 0
638 0.07559399618650955 0.03692810150757863 0
639 0.9020256334077118 0.03541476810523925 0
640 0.2235192555706673 0.0365671022615747 0
641 0.4198813517456841 0.03607403297823412 0
642 0.51782134150634 0.03571275252857323 0
643 0.7841195282348653 0.03592035035696307 0
644 0.7443180349246483 0.03624497280087395 0
645 0.7080217869745751 0.03858498664754868 0
646 0.1702106642465178 0.462246601425485 0
647 0.6713333322874608 0.09133332993620147 0
648 0.8453329835154196 0.09133208422275306 0
649 0.7679999232977799 0.09133314733265317 0
650 0.5940000005686761 0.09133333361953599 0
651 0.3813335478300692 0.4086661988361618 0
652 0.2846657606897877 0.4086538802968815 0
653 0.4586666749322105 0.4086666636965942 0
654 0.5359999999864253 0.4086666666311666 0
655 0.8453327686583988 0.4086694577698566 0
656 0.6906666745424859 0.4086666678048196 0
657 0.3813342635967987 0.09133354054334478 0
658 0.3040119395461389 0.09134059923444603 0
659 0.4780000102098736 0.09133334302917422 0
660 0.09172959733460707 0.2499995988283072 0
661 1.052758237369802 0.2499983975158281 0
662 0.9226762856816167 0.4086922850310691 0
663 0.9611475839287279 0.09129160592009761 0
664 0.1880007932094337 0.4086110193886325 0
665 0.2267058722306257 0.0913715860455491 0
666 0.09170859845352922 0.1906612308453488 0
667 1.05276137420609 0.3077810701060724 0
668 0.980166859403045 0.4087389994258206 0
669 0.1687953001524739 0.0914208032780523 0
670 0.09167988038528585 0.3291750431346574 0
671 1.053040596840884 0.1340152189073029 0
672 0.1301079927020651 0.4085015071354615 0
673 0.09165563605095989 0.1510344768889937 0
674 1.052846670563033 0.3465745956844903 0
675 0.1301798381154559 0.09152602038308971 0
676 0.5940000000090323 0.4086666666809204 0
677 0.7486667727261782 0.4086667423261515 0
678 1.017762243281622 0.4449847792649214 0
679 1.017764823845616 0.05490490371890111 0
680 1.053226621222488 0.3853895822073767 0
681 0.9226465557691406 0.09131403870765537 0
682 0.6326666667176382 0.4086666667420044 0
683 0.7873334379209787 0.4086671447982417 0
684 0.4393333906272174 0.0913333601922543 0
685 0.3233332922409206 0.40866212645485 0
686 0.5553333351375386 0.09133333469237151 0
687 0.7293333276447433 0.09133327723047763 0
688 1.052809371763503 0.1728971806915348 0
689 0.2266553215106703 0.4086351389689043 0
690 1.017908148623793 0.4817748338273455 0
691 0.09149210916064038 0.3885972515470467 0
692 0.09152177561029455 0.1114358351716104 0
693 1.053806009419265 0.462187287882532 0
694 1.05358472674662 0.07599915064081932 0
695 1.053878408462144 0.03770023508818469 0
696 1.017902618508438 0.03646251073604221 0
697 1.053643481705197 0.4239156841951238 0
698 1.053960484026994 0.01881021684974493 0
699 1.035867330977783 0.481473507674007 0
700 0.9988365943897868 0.09181677640868595 0
701 0.09140515441028921 0.4083168721568261 0
702 0.1108245401054299 0.09161618068869216 0
703 1.053429410385935 0.09526812543974009 0
704 0.0915672027817151 0.3688211077882108 0
705 0.09170365899645136 0.3093580460829291 0
706 0.09171659685303522 0.2895580045339357 0
707 0.09172720639975726 0.2302299521992963 0
708 0.8840006225699615 0.408673147427699 0
709 0.941976235359051 0.4087322220707686 0
710 0.9033262566673211 0.09132425153470819 0
711 0.8839978819542723 0.09132908014101618 0
712 0.4973333338182342 0.4086666663769735 0
713 0.7100000281891161 0.408666671804509 0
714 0.3620022562138304 0.09133388036773764 0
715 0.5553333333247412 0.4086666666467324 0
716 0.5360000030737628 0.09133333604521145 0
717 0.5166666710556634 0.09133333785799447 0
718 0.6520000003812096 0.4086666668312845 0
719 0.2846843041857516 0.09134713435238982 0
720 0.8066663672087493 0.09133285053034114 0
721 0.7099999961037369 0.09133330121729645 0
722 0.4200000657154316 0.4086666146603003 0
723 0.806666645684309 0.4086677074984515 0
724 0.6519999996338053 0.09133333228727789 0
725 0.6326666667060268 0.09133333303098898 0
726 0.342666823009658 0.40866420126008 0
727 0.4200001899342534 0.09133339144746688 0
728 0.342671613026358 0.09133492677473241 0
729 1.052762575915594 0.2115153401848489 0
730 1.05275735549058 0.2692377904375201 0
731 0.2653575289040883 0.09135571930273283 0
732 0.245993569227502 0.4086413975524251 0
733 0.2073944771216474 0.09138340037554028 0
734 0.14940696230332 0.4085544212485602 0
735 1.0179674694254 0.01819328931075755 0
736 0.09142387180455348 0.09170337179625732 0
737 1.053907999499613 0.4811213803227077 0
738 0.8839946672854101 0.1106569483274783 0
739 0.6713333281345933 0.1106666525567632 0
740 0.5359999999564704 0.3893333330622297 0
741 0.3426678078862173 0.3893261475217749 0
742 0.7873334072275655 0.3893346493557385 0
743 0.4200008257066916 0.1106668516578236 0
744 0.5553333412474242 0.1106666718820792 0
745 0.6520000008220307 0.3893333337845734 0
746 0.3040367247378686 0.1106856507866108 0
747 0.1114280596804982 0.2302248883936909 0
748 0.2266478311990121 0.3892507014930879 0
749 1.033512850689324 0.2500003018807958 0
750 0.9226462920148985 0.389387076032946 0
751 0.2267799517812719 0.1107593541843191 0
752 0.1112921342153167 0.3292892056381545 0
753 0.1302571932213686 0.3889124012422751 0
754 0.9987233843663782 0.4082278771474888 0
755 0.6906666848513421 0.3893333381869653 0
756 0.3813372132418321 0.110667365409881 0
757 1.016987706902252 0.0928790666481933 0
758 1.017498233971551 0.4262103870667051 0
759 0.9611481601851036 0.4087709936496385 0
760 1.053765915922769 0.05677995422226097 0
761 1.053757222551285 0.4431067116782 0
762 1.053483334339902 0.4047114432566679 0
763 1.053254652002175 0.1145748065080005 0
764 0.09159327094726467 0.1312185942620132 0
765 0.09162223537820714 0.3490126840944224 0
766 0.1113528029845252 0.3094154180374701 0
767 0.09168370613939464 0.1708468593170472 0
768 0.09172322614545854 0.2697733228736247 0
769 0.09171654034555227 0.2104493624887253 0
770 0.9419262306897218 0.0912998224075672 0
771 0.9033350250272154 0.4086798333835738 0
772 0.9226094970705722 0.1106263042992316 0
773 0.864666022173737 0.4086711207192258 0
774 0.8646657792167183 0.09133088146557093 0
775 0.5746666666667593 0.4086666666616544 0
776 0.6133333333586934 0.4086666667125358 0
777 0.8259996814070911 0.4086685742848242 0
778 0.5360000139350839 0.1106666767253635 0
779 0.497333340581901 0.09133334072043313 0
780 0.6713333361825168 0.4086666673276663 0
781 0.7293333998874899 0.4086666932619175 0
782 0.7680001169387612 0.4086669170588484 0
783 0.3233428005084926 0.09133754172964777 0
784 0.5166666667941046 0.4086666665135047 0
785 0.4006673297923532 0.0913334774146721 0
786 0.6519999982707072 0.1106666610326916 0
787 0.6906666639575431 0.09133331832574351 0
788 0.4586666957662879 0.09133335096911681 0
789 0.7873331410230254 0.09133300016490031 0
790 0.6133333336536564 0.09133333335095452 0
791 0.4780000029636716 0.4086666655840362 0
792 0.8259995963510317 0.09133251104531696 0
793 0.4393333641888442 0.4086666505547889 0
794 0.7486666375565105 0.09133321663263748 0
795 0.3620002975972996 0.4086652794103292 0
796 0.5746666681202098 0.09133333425691938 0
797 0.3039998119569355 0.4086579902343188 0
798 0.4006668265564462 0.4086664600003577 0
799 0.3620084833227779 0.1106683734408942 0
800 0.2653305460145807 0.4086470118232035 0
801 1.05275899809331 0.2307599615911128 0
802 1.052757486203771 0.2884961315707526 0
803 0.2847180075675833 0.1107013273218376 0
804 1.052778100368472 0.1922284399020942 0
805 1.052787161379625 0.3271665413398082 0
806 1.052909287987799 0.1534472888406367 0
807 1.053010162352964 0.3660520364481928 0
808 0.24603359680324 0.09136539196586071 0
809 0.2073235346131037 0.4086218845450754 0
810 0.1880962696650229 0.09140076834858381 0
811 0.1687022964043665 0.4085843134182702 0
812 0.1495011962637412 0.09146905072741369 0
813 0.1107788520376644 0.4084018521627367 0
814 0.9801689134575597 0.09140228485430911 0
815 1.017846216857135 0.4634298257840389 0
816 1.035947093888426 0.01846934896181741 0
817 1.017469950626796 0.07373472534125815 0
818 0.1303804573781467 0.1111371866116302 0
819 0.1109788531159252 0.111305239519545 0
820 0.1110508115591665 0.3690044807682549 0
821 1.035849745813211 0.03707625957629668 0
822 1.035782320712495 0.4627967157748158 0
823 1.035428034282949 0.07492470584952082 0
824 0.7486665598011737 0.1106663324778448 0
825 0.4200003735100076 0.389333116783231 0
826 0.6713333150803111 0.129999956858481 0
827 0.5553333573554424 0.1300000132963963 0
828 0.3813457845367912 0.1300017829246921 0
829 0.3040830479796977 0.1300366800121088 0
830 1.033717657919747 0.1725503821641049 0
831 1.033550477427914 0.3080060756492543 0
832 0.1307795830054639 0.3294653791767819 0
833 0.9795350862099211 0.389378307466181 0
834 0.9981529002245794 0.1114220430286176 0
835 0.1880341352572693 0.3891721353108631 0
836 0.8646639157636687 0.3893436919269843 0
837 1.033814736524583 0.3473145376127816 0
838 0.1113152799914624 0.1707177935588248 0
839 0.9418560136587396 0.3894455886297507 0
840 0.5746666666735748 0.3893333332670708 0
841 0.5940000025127132 0.1106666676722216 0
842 0.729333462449155 0.3893334014616592 0
843 0.7873328000995216 0.1106657788088072 0
844 0.8259988199925629 0.1106645871682222 0
845 0.8646641760398069 0.1106610654910394 0
846 0.4586667989317904 0.1106667224676879 0
847 0.4586667241593601 0.3893333142508428 0
848 0.6326666669379246 0.1106666644870064 0
849 0.3426830466063693 0.1106710889624892 0
850 1.033512616489261 0.2692703933477216 0
851 0.2460887217822863 0.1107409254886908 0
852 0.1689761716586251 0.1108837241982978 0
853 1.016912869627266 0.4071061546672929 0
854 1.034718259243194 0.1135368370268316 0
855 0.1111643734424562 0.3491775833187474 0
856 0.1114041648947648 0.2104212885929826 0
857 0.1111219180754669 0.1310562309729529 0
858 0.1114218945328969 0.26977127934575 0
859 0.1113913144773593 0.2895767936284487 0
860 0.111426244715463 0.2499969058199983 0
861 0.9033273172096226 0.3893609400564428 0
862 0.9418255520016164 0.110610294099464 0
863 0.845331178335256 0.3893405345187688 0
864 0.8066662658825997 0.389336050124069 0
865 0.9033116465011518 0.1106457603695301 0
866 0.6713333387568535 0.3893333353917903 0
867 0.5553333333109701 0.3893333331508509 0
868 0.6133333334026227 0.3893333332587704 0
869 0.632666666918475 0.3893333332071662 0
870 0.5166666670288814 0.3893333326557792 0
871 0.7680002072867819 0.3893339483054368 0
872 0.7100000583248942 0.3893333557259421 0
873 0.6906666545392127 0.1106666198643108 0
874 0.497333366068719 0.1106666903195937 0
875 0.4393337395309768 0.1106667748104346 0
876 0.5746666722372479 0.1106666697530796 0
877 0.5166666901755519 0.110666683786267 0
878 0.3620011578377446 0.3893295018354467 0
879 0.478000016523316 0.3893333273969811 0
880 0.32333482929322 0.3893193137594715 0
881 0.2846664479443605 0.3892983683731986 0
882 0.2459886289499534 0.3892678665822282 0
883 0.381334342758935 0.3893315721670912 0
884 0.4006690766233062 0.1106670965442269 0
885 0.3233615141924527 0.1106773870349097 0
886 0.9796570176167011 0.1109137581947165 0
887 1.033539133331759 0.2114453805289038 0
888 1.034620706058331 0.3865165500228366 0
889 1.034317482936278 0.1331446732849061 0
890 1.033520074527442 0.2307347772426602 0
891 0.2075031862167622 0.1107872761476266 0
892 0.1495320693460095 0.3890226891323442 0
893 0.2654038179543382 0.1107216184247523 0
894 0.2073292038587508 0.3892134812038444 0
895 0.1497001000212063 0.1109994556881324 0
896 0.1109012453526418 0.3887389036422924 0
897 1.035678206538272 0.4439602370562017 0
898 1.035690993424625 0.05590143927044473 0
899 1.035129651338965 0.09414475518326619 0
900 1.035475020215974 0.4249613498876719 0
901 0.9032901343812354 0.1299707583964574 0
902 0.7873331325580866 0.3700026278750546 0
903 0.4780000634135888 0.3699999554810697 0
904 0.6133333335259379 0.3699999992997557 0
905 0.7100000661359223 0.3700000423275837 0
906 0.3813361432354726 0.3699960998975519 0
907 0.131085261439305 0.2499966839129959 0
908 1.014272113086217 0.2500224260641022 0
909 0.9416378602275987 0.3701154595071895 0
910 0.2266598882365558 0.3698374446185984 0
911 0.2269205321398373 0.1301689843619778 0
912 0.6906666242940501 0.1299998887082216 0
913 0.5360000003188908 0.3699999986622669 0
914 0.4393346272327718 0.1300002401874093 0
915 0.9974561569813284 0.1312456776648063 0
916 0.1305973844678572 0.3493794591493136 0
917 0.1691956153633467 0.1304037778248461 0
918 0.7293332827606852 0.1106664621023467 0
919 0.6520000013719562 0.3699999853142134 0
920 0.3426702942721254 0.3699834825474914 0
921 0.9978847888227104 0.3887779571739837 0
922 0.1497033870322418 0.3693688627565848 0
923 0.1310023945171649 0.2896530530153716 0
924 0.960808432727959 0.3894680208312424 0
925 0.1308913724486902 0.3095541980542848 0
926 0.1113607128681782 0.1905678941941766 0
927 0.1310336340142939 0.2103012169723841 0
928 0.9608518821753408 0.1106884879583056 0
929 0.1112262209266971 0.1508563923208704 0
930 0.9416365646431765 0.1299907702118835 0
931 1.0341847671683 0.3670235388318065 0
932 1.033982088710531 0.1528524915454581 0
933 0.903302481092585 0.3700425854132276 0
934 0.8646598237525539 0.3700185263828416 0
935 0.8839952887964273 0.3893504228397549 0
936 0.8453317004102524 0.1106632066898671 0
937 0.8259987525221305 0.3893381088484037 0
938 0.8066657588440191 0.1106652329866937 0
939 0.883984279664128 0.1299828927047959 0
940 0.7679997139940341 0.1106660754334243 0
941 0.6713333394826758 0.3699999790334951 0
942 0.5746666667844491 0.3699999996418871 0
943 0.478000074276048 0.11066670544701 0
944 0.5940000074787943 0.1300000022263563 0
945 0.5746666814644517 0.130000007078899 0
946 0.709999973721828 0.1106665516070385 0
947 0.7486668599989753 0.389333584189546 0
948 0.5360000447394054 0.1300000246113004 0
949 0.4393335288395499 0.3893332525635309 0
950 0.5940000000465231 0.3893333332631937 0
951 0.4973333403498501 0.3893333288588314 0
952 0.6133333349992827 0.1106666663217007 0
953 0.4006674475715366 0.3893325138660551 0
954 0.6519999936229902 0.1299999797727265 0
955 0.4973334593098843 0.130000057983964 0
956 0.3620241498472434 0.1300040477190196 0
957 0.4006732813124967 0.1300009176101476 0
958 0.2847792508604024 0.1300640023052674 0
959 1.033609927622769 0.192040708844659 0
960 0.342707182113524 0.1300092158250431 0
961 0.3233959440060761 0.1300203157029698 0
962 0.3040015662236008 0.3893091385649973 0
963 1.033651566370274 0.327633647264753 0
964 1.033524257344943 0.2886035202657966 0
965 0.1882434839057501 0.1108324051993865 0
966 0.265328979198649 0.3892824411946957 0
967 0.168784788653378 0.3890912136982906 0
968 1.014364041066712 0.2112760423471784 0
969 0.2654830349658797 0.1300974699189462 0
970 0.1881168951881062 0.369656039672241 0
971 0.1305572116393302 0.1308298208822618 0
972 0.1304108820425335 0.3691767339594446 0
973 1.01641124515517 0.1124479471948869 0
974 1.035117297052458 0.4058271497293487 0
975 0.8066648706061547 0.1299972410897633 0
976 0.9032272411598682 0.1493118543083628 0
977 0.6520000009820813 0.3506654512014729 0
978 0.5940000176488861 0.1493333444353507 0
979 0.4006834704703738 0.1493350638873101 0
980 0.3427494090921928 0.1493497669131287 0
981 0.2848786056455216 0.149433781494665 0
982 0.6713332863632856 0.149333412607181 0
983 1.014446540550472 0.3084686428664832 0
984 0.1503048942469651 0.3098331466009036 0
985 0.1498915144878042 0.3495784321567404 0
986 0.960486548691639 0.1301665615556029 0
987 0.5166666702298525 0.3699999839197614 0
988 0.6133333378705321 0.129999998570676 0
989 0.555333396352536 0.1493333668689163 0
990 0.420001350025747 0.3699993275633097 0
991 0.4780002586638126 0.1300000895669424 0
992 1.014284377117688 0.269395071268454 0
993 0.2076812917631952 0.1302210203737323 0
994 0.9788500024395576 0.3698128755451337 0
995 1.015029399084311 0.3482744694619201 0
996 1.015263084560497 0.152090563251786 0
997 0.1307129087863191 0.1505951355071424 0
998 0.1309507749205313 0.1903620314167121 0
999 0.9790525614485212 0.1306106114528734 0
1000 0.960356376536722 0.3700387840190804 0
1001 0.1310502581983806 0.269819329032176 0
1002 0.1310676156537402 0.2301671137638238 0
1003 0.8839868117516648 0.3700281657515888 0
1004 0.9225081422780906 0.1299717096063699 0
1005 0.864660249924762 0.1299898837744393 0
1006 0.8259973083707699 0.3700085334074276 0
1007 0.8453285411060806 0.3700132030844352 0
1008 0.9225294854990536 0.3700736506521826 0
1009 0.8453296494131147 0.1299936095106315 0
1010 0.7680001351652875 0.3700012310266386 0
1011 0.7679993821738114 0.1299988193452123 0
1012 0.7486663443572803 0.1299992424294878 0
1013 0.7099999185474521 0.129999756494459 0
1014 0.8066654502415693 0.3700052548493425 0
1015 0.6906666902339327 0.3699999980122053 0
1016 0.7293334755224612 0.3700001561947323 0
1017 0.6326666671571993 0.3699999206671604 0
1018 0.5940000001561655 0.3699999997666438 0
1019 0.4973333557243811 0.3699999581608888 0
1020 0.6326666669062612 0.1299999909096744 0
1021 0.4586669245557834 0.3699998921369649 0
1022 0.5553333335461296 0.3699999991358504 0
1023 0.4006689877070377 0.3699980904575488 0
1024 0.5166667483755345 0.1300000405516137 0
1025 0.4586672907975625 0.1300001480401752 0
1026 0.4200037545199476 0.1300005182691436 0
1027 0.3620032339548012 0.3699910343855357 0
1028 0.3233386698108756 0.3699699887470771 0
1029 0.2846717775400725 0.3699304042777269 0
1030 0.2459950522097859 0.369874320872803 0
1031 1.01430033399553 0.2306727718184269 0
1032 0.2462009440018371 0.1301337842926173 0
1033 0.3813665232951197 0.1493371610733017 0
1034 0.2073693839642948 0.3697608675959098 0
1035 1.014847052119376 0.1719621319480057 0
1036 1.014559278923461 0.1916773809199394 0
1037 0.3234536979444267 0.1493671142340052 0
1038 0.1689175665623763 0.3694982164299957 0
1039 0.1884490480663644 0.1303006468973884 0
1040 0.1499038353240316 0.1306040151289783 0
1041 1.015842756656372 0.1322042028321523 0
1042 1.016210801310347 0.3877126191778495 0
1043 0.8453253721117574 0.3506866679993546 0
1044 0.7679988626417014 0.1493321995389251 0
1045 0.4780003247917126 0.3506656619566581 0
1046 0.7873326307589663 0.3506704238520385 0
1047 0.7100000389787366 0.3506666097385002 0
1048 0.5746666677736093 0.3506660138141085 0
1049 0.4973337114633163 0.1493334480705947 0
1050 0.4200036480127271 0.3506614150330951 0
1051 0.3620065456076734 0.3506505610359079 0
1052 0.4007054531500659 0.1686704388745229 0
1053 0.3428186956811218 0.168693764316632 0
1054 0.9950755353655436 0.25008367187949 0
1055 0.1506452687305529 0.2300576981264927 0
1056 0.941246142232253 0.3506962365450923 0
1057 0.2271230491779359 0.1496017594320315 0
1058 0.2267239886162204 0.3503994588783632 0
1059 0.9599571549461473 0.1498478105218261 0
1060 0.9953085630450338 0.2109289140664184 0
1061 0.1694350287417902 0.1500237474762549 0
1062 0.9032418076391897 0.3507200597046014 0
1063 0.8646533347118517 0.14931927662408 0
1064 0.5166666861734015 0.3506657639906255 0
1065 0.4393371596736909 0.1493338107254259 0
1066 0.9223461967360893 0.1493603092751325 0
1067 0.9967992958130287 0.1512311797391004 0
1068 0.9971503560045978 0.3690890569853136 0
1069 0.1500838296722578 0.3297386494639182 0
1070 0.1308362444742587 0.1704409104844008 0
1071 0.978145847821536 0.3499835488016327 0
1072 0.1506060584431257 0.2699554769332241 0
1073 0.1504642902410942 0.2899261194343925 0
1074 0.1504545972755827 0.1900549847615404 0
1075 0.8839579555106645 0.1493140049147774 0
1076 0.8259973643501404 0.129995720457026 0
1077 0.8839650314994967 0.3507043413522202 0
1078 0.7486668495208114 0.3700005103938337 0
1079 0.7293331650217121 0.1299995365826877 0
1080 0.8259954357044822 0.3506797537484068 0
1081 0.787332155445986 0.1299981477069763 0
1082 0.6906665593867153 0.1493338117898551 0
1083 0.6906666805648536 0.3506659231845959 0
1084 0.6326666671982776 0.3506659108503498 0
1085 0.671333337491766 0.3506649153713511 0
1086 0.6133333338363949 0.350666286935087 0
1087 0.6519999816386973 0.1493334501814008 0
1088 0.6133333421870809 0.1493333521796229 0
1089 0.5360000066645338 0.3506653747576552 0
1090 0.4393341318208881 0.369999426022232 0
1091 0.5746667031314712 0.1493333505997212 0
1092 0.5360001211743206 0.1493333926077328 0
1093 0.4780008172687168 0.1493335108842672 0
1094 0.4200098655092017 0.1493343736324693 0
1095 0.3426750992301574 0.3506355412251926 0
1096 0.3813396404697928 0.3506574112362299 0
1097 0.3620582068454924 0.1493421986334338 0
1098 0.2656138980059171 0.149483998941524 0
1099 1.0147071321353 0.3283354705489647 0
1100 0.9961874329519427 0.1712114795325975 0
1101 0.3040067698713515 0.3699512520085174 0
1102 1.01434588666981 0.2888898195183551 0
1103 0.265334895196859 0.3699024081014007 0
1104 0.1882598950412231 0.3500850367610607 0
1105 0.304166002971622 0.149395950078554 0
1106 0.2079135919421377 0.1497006946115896 0
1107 1.015604628917904 0.3680605553140162 0
1108 0.1501010801066529 0.150306891776082 0
1109 0.169092043845065 0.3498229616035867 0
1110 0.9031193995205553 0.3313391507649686 0
1111 0.8453205956709055 0.3313371730272581 0
1112 0.7099999889755123 0.3313274744107296 0
1113 0.6519999985006525 0.3312996545451466 0
1114 0.5940000379489874 0.1686681465375109 0
1115 0.516666764667069 0.33128654304191 0
1116 0.2850237425540069 0.168823820226656 0
1117 0.9030492921884914 0.168704835261728 0
1118 0.690666480209343 0.1687044769731428 0
1119 0.4973342867910062 0.168667543519844 0
1120 0.3813465630869401 0.3312776000219501 0
1121 0.2273311021822984 0.1690852930575205 0
1122 0.1698274977094932 0.2903374169763072 0
1123 0.9955584658503833 0.3092231463962692 0
1124 0.8066636553021266 0.1493294077671923 0
1125 0.4586676379802873 0.3506642417122834 0
1126 0.3814027734844828 0.1686744025839399 0
1127 0.3040185049411523 0.3505851544914053 0
1128 0.1693033425316238 0.330105565715108 0
1129 0.1696568546864684 0.1697867187094695 0
1130 0.1505610273839094 0.210057109029509 0
1131 0.9223345773686082 0.3507221812984607 0
1132 0.1506425811765683 0.2500105797190456 0
1133 0.8838806212095121 0.1686750951891541 0
1134 0.8646503353491896 0.3506931469589311 0
1135 0.9597717378390723 0.3504475796278267 0
1136 0.9412449726602491 0.1495397815856352 0
1137 0.8453258140635753 0.1493239698279744 0
1138 0.787331356033068 0.1493310248067699 0
1139 0.7486667514155128 0.3506669812796169 0
1140 0.7679998663445807 0.3506682824464755 0
1141 0.7293329756784324 0.1493336572660296 0
1142 0.7099997839574401 0.1493367600561549 0
1143 0.8066644435975355 0.3506740024898236 0
1144 0.7293334008397701 0.3506662145727768 0
1145 0.6906666583663035 0.3313201379190427 0
1146 0.671333241203079 0.1687009087939324 0
1147 0.6326666667783701 0.3312907817392648 0
1148 0.6326666646034985 0.1493334013548007 0
1149 0.5940000007185263 0.3506663392650228 0
1150 0.5553333363431511 0.3506652352147053 0
1151 0.5746667479367648 0.1686669916403754 0
1152 0.4973334595329568 0.3506629414647441 0
1153 0.7486659946642181 0.1493331523264202 0
1154 0.5166669151350102 0.149333464003518 0
1155 0.5553334993823954 0.1686674000926021 0
1156 0.458668574850348 0.1493336264870055 0
1157 0.4393355845189137 0.3506618474996939 0
1158 0.4006722455084277 0.3506565039538327 0
1159 0.4393425222690909 0.16866807528635 0
1160 0.4200213738686981 0.1686687023937248 0
1161 0.3620161544610081 0.3312601991539056 0
1162 0.9951355828321454 0.2697028551811929 0
1163 0.9956942328332052 0.1911180148934059 0
1164 0.2846906266604972 0.3505488055054782 0
1165 0.2460390736441844 0.3504611599455892 0
1166 0.9951527860030458 0.2305150206886421 0
1167 0.3621095072491723 0.1686818011580043 0
1168 0.2463639090014292 0.1495434334026448 0
1169 0.1886889015434207 0.1498571264322306 0
1170 0.2074751730592215 0.3502756308453651 0
1171 0.3233468744997949 0.3506126268851807 0
1172 0.323547821095005 0.1687219881693035 0
1173 0.1502738869204578 0.1701347099878111 0
1174 0.9783939616152439 0.1504707580241595 0
1175 0.9965300845665647 0.3491488650165476 0
1176 0.7873304647205068 0.1686833174183085 0
1177 0.7873320320595931 0.3313105800432593 0
1178 0.4586695992052435 0.3312756136543633 0
1179 0.3040513898304463 0.3311732039087023 0
1180 0.9026888732479287 0.1882295849389917 0
1181 0.6906664018183409 0.1883211732893661 0
1182 0.594000076376956 0.1880447265976632 0
1183 0.4393518531080294 0.1880373406389134 0
1184 0.3813689737245299 0.311621998271561 0
1185 0.7099999195100946 0.3119183707738105 0
1186 0.651999992879468 0.3117273437528434 0
1187 0.3814553255183689 0.1880556976652007 0
1188 0.9770081301272047 0.19041007272585 0
1189 0.9759857926372199 0.2501483847461585 0
1190 0.1699920183829983 0.2097381868151656 0
1191 0.2268837304729545 0.3309284301720805 0
1192 0.8646364916287298 0.3313375071981612 0
1193 0.7486655847586672 0.1687004114803309 0
1194 0.5940000030223492 0.331292997686362 0
1195 0.4973337140618742 0.3312819982922269 0
1196 0.5360003088914116 0.168668200948046 0
1197 0.4780020965556838 0.1686681154745519 0
1198 0.3426899263025315 0.3312347933391664 0
1199 0.3429209514035814 0.1880795810628899 0
1200 0.2657786452388582 0.1689006219798144 0
1201 0.2081420287472391 0.1692667168273287 0
1202 0.9591385413828626 0.3307503889186861 0
1203 0.9220662748127846 0.3313033202573218 0
1204 0.9774857423033091 0.3300130212966398 0
1205 0.9777182653726447 0.1704171156249131 0
1206 0.1698312170553216 0.1897027107869506 0
1207 0.9407173277855406 0.1691726963421733 0
1208 0.1701049317183129 0.2500487216950826 0
1209 0.1700017232070302 0.2702332899859903 0
1210 0.8839062844893602 0.3313299407771059 0
1211 0.8646191391146312 0.1686732249166913 0
1212 0.7679995215857046 0.3313057439558474 0
1213 0.7293333030533807 0.3313195094856263 0
1214 0.8259953027270033 0.1493273700072573 0
1215 0.7293326819181588 0.1687107048813552 0
1216 0.7099996257070202 0.1687302699185265 0
1217 0.632666661300198 0.1686758420620006 0
1218 0.6519999611632841 0.1686903878248892 0
1219 0.6713333284288285 0.3312947578108356 0
1220 0.6133333507866395 0.1686753219846692 0
1221 0.6133333348763076 0.3312845755344316 0
1222 0.5746666752678848 0.3312797395067923 0
1223 0.5360000448877049 0.3312762595092031 0
1224 0.4200087736801406 0.3312597082737174 0
1225 0.5746668463350794 0.188045878302377 0
1226 0.5166672366381739 0.1686681403932724 0
1227 0.8259933090094356 0.3313246928448222 0
1228 0.4586717338031129 0.1686709185881655 0
1229 0.9764606617579559 0.210330722341293 0
1230 0.4006792480854672 0.3312458865125628 0
1231 0.9219405570658626 0.168881463919558 0
1232 0.9953178402361456 0.2894487653227848 0
1233 0.4200397097958115 0.1880415357621138 0
1234 0.3042871236037306 0.1687689670128124 0
1235 0.9960289584113006 0.3291717783905277 0
1236 0.2653660427164136 0.3505065313447813 0
1237 0.1695521615358893 0.3102983320136264 0
1238 0.246543564751972 0.1689906978571186 0
1239 0.1889203392441075 0.1695256588031792 0
1240 0.1884780548281355 0.3304769570669667 0
1241 0.8453102615053667 0.3118083108660404 0
1242 0.7873314096948498 0.3117524847396383 0
1243 0.5166670717842943 0.3116180734735253 0
1244 0.2851928220176806 0.1883280781970854 0
1245 0.5940001294026088 0.2076877996681921 0
1246 0.5166678107821575 0.1880425726092786 0
1247 0.6133333385169361 0.3116615889318641 0
1248 0.439364849681516 0.2076502156834567 0
1249 0.9216078165213651 0.311624571044696 0
1250 0.1893112399378172 0.270589204053115 0
1251 0.2275053209004877 0.1887719806395194 0
1252 0.7293331738819664 0.3118934624117743 0
1253 0.1887637216366456 0.3107452993041044 0
1254 0.6519999435857775 0.1881743956563836 0
1255 0.6713333136476934 0.3117923059368379 0
1256 0.5553337092790698 0.1880489975330314 0
1257 0.1891137654930357 0.1893474445378796 0
1258 0.9584821309181193 0.1896316823090176 0
1259 0.9213578850088439 0.1885269794840429 0
1260 0.976953616012452 0.3101079374124216 0
1261 0.9406881746003909 0.3311095895608469 0
1262 0.1700584890253466 0.2298690388602416 0
1263 0.8837914481230226 0.3117352573067486 0
1264 0.883692716959637 0.1881575336058192 0
1265 0.8066622595026605 0.1686836282439208 0
1266 0.8453144756753965 0.1686807796217583 0
1267 0.7293324397282681 0.1883278286751978 0
1268 0.7486665139974115 0.3313049495861823 0
1269 0.8066633077577706 0.3313008419747501 0
1270 0.7679981632043799 0.1686967745887563 0
1271 0.6713331970925627 0.1883009058699942 0
1272 0.7099994868483807 0.1883933675634125 0
1273 0.6906666225975442 0.3118649323138461 0
1274 0.6326666573379488 0.1881160678520933 0
1275 0.6133333657487179 0.1880951889292772 0
1276 0.6326666664126277 0.3116357214585752 0
1277 0.5940000147585951 0.311621642725991 0
1278 0.5553333571922092 0.3312649759912996 0
1279 0.4973354780663272 0.1880492507170165 0
1280 0.4780013193983522 0.3312755157302263 0
1281 0.4393393805823591 0.3312452373314745 0
1282 0.4780044842472104 0.1880494402375685 0
1283 0.4586768167558529 0.1880638037378254 0
1284 0.362050648564465 0.3115688451910199 0
1285 0.2847435336869269 0.3311254577596919 0
1286 0.2461573773297426 0.3310173000760316 0
1287 0.9761288592801934 0.2302067263332589 0
1288 0.4006948520062612 0.3115772354076237 0
1289 0.400742885875765 0.1880561712130748 0
1290 0.9761476917023409 0.2701507545576587 0
1291 0.207677901738832 0.3307331551307984 0
1292 0.323678583813126 0.1881347727520762 0
1293 0.3233707740469785 0.3311977319379171 0
1294 0.3621849162571614 0.1880728138242712 0
1295 0.2659467131027948 0.1884924941415141 0
1296 0.9592360914459426 0.1697417673831375 0
1297 0.8066607307054321 0.1881722359449496 0
1298 0.304132551694077 0.3115210169849648 0
1299 0.9021048638379594 0.2081034017671493 0
1300 0.7293323028718829 0.2085814570368374 0
1301 0.6906663546395508 0.2085734853379225 0
1302 0.6519999335773807 0.2080819569789101 0
1303 0.5166686679800624 0.2076786074346667 0
1304 0.478002995467357 0.3116312017810469 0
1305 0.4007280021907342 0.29124829845146 0
1306 0.3622688022668294 0.2077006625494488 0
1307 0.2853382991544681 0.2082172962500241 0
1308 0.7293329905563724 0.2921495157151817 0
1309 0.6906665745529664 0.2921203767526874 0
1310 0.6326666673302539 0.2914371140953934 0
1311 0.9570344459995053 0.2501311258916008 0
1312 0.227144028413699 0.3113572620636854 0
1313 0.7486662867890643 0.3118097389874023 0
1314 0.8066623423641914 0.3117518516510112 0
1315 0.3427376066696271 0.3115370625944494 0
1316 0.940075733787554 0.3113563936297895 0
1317 0.1890568557341517 0.2907848284600815 0
1318 0.1892575083849866 0.2094023214823158 0
1319 0.1893895823265704 0.250150648973665 0
1320 0.9027796705388543 0.3116423963533568 0
1321 0.8259914603094066 0.1686947578878485 0
1322 0.8645430791164997 0.1881643584198162 0
1323 0.767997551410651 0.1882049493210876 0
1324 0.7486651356006414 0.1883347428082097 0
1325 0.8259897152683392 0.311764528887691 0
1326 0.7679990766274795 0.3117366836173443 0
1327 0.8645822017416387 0.3117356561272755 0
1328 0.6713332868865921 0.2918355168368705 0
1329 0.6133333508367662 0.2913227926285403 0
1330 0.5746669792321921 0.2077122073207172 0
1331 0.5746667077434834 0.3115915199447241 0
1332 0.5360002071903029 0.3115821983178872 0
1333 0.6326666597504571 0.2078961589519034 0
1334 0.6133333828190036 0.2078018332740632 0
1335 0.4973345992089852 0.3115753362691248 0
1336 0.4586738543581625 0.3115596284142694 0
1337 0.5360007211834046 0.1880662563177777 0
1338 0.3814256099629023 0.2912033340727077 0
1339 0.4780077383767566 0.2076832325923326 0
1340 0.4586832304257625 0.2077144118359166 0
1341 0.3044368667373903 0.1882490304417917 0
1342 0.9577387012048955 0.2096460099434971 0
1343 0.4200214367716585 0.3115034412956558 0
1344 0.2467120840286874 0.1886651337539521 0
1345 0.42006415318163 0.2076678927891673 0
1346 0.9765146704316112 0.2901611137973537 0
1347 0.3430333301045407 0.2077552864231332 0
1348 0.400783364617467 0.2076907094563282 0
1349 0.2654495861467407 0.3310734830820368 0
1350 0.2079581719617413 0.3110731481710897 0
1351 0.2083116903254088 0.1890527769086845 0
1352 0.9399209936895814 0.1890239675235285 0
1353 0.9584957275429509 0.3108305212688718 0
1354 0.864506512311802 0.2916321773511765 0
1355 0.8259852666939014 0.2917666332095852 0
1356 0.7873304900523675 0.2916427779954461 0
1357 0.536000535860565 0.2912593589471875 0
1358 0.4973358395152903 0.2912790573819167 0
1359 0.4586882713664778 0.2279378664648113 0
1360 0.6906665031535901 0.2716957185050197 0
1361 0.6519999376617801 0.228622240953109 0
1362 0.6133333934195794 0.2280794188501249 0
1363 0.4200828455914822 0.2278833559971963 0
1364 0.3623230436997088 0.2279777795731037 0
1365 0.632666669403655 0.270487231780539 0
1366 0.4007762232068492 0.2701201012011674 0
1367 0.9393499455919533 0.2912059719141614 0
1368 0.2085083751448947 0.2709699426438728 0
1369 0.2276523093749775 0.2089352151012387 0
1370 0.8259875727231416 0.1882160337059419 0
1371 0.7486659564249111 0.2919307426753965 0
1372 0.5360011644148364 0.2077039712574065 0
1373 0.3238057936707174 0.2078410336707914 0
1374 0.9205707133016382 0.208532819602738 0
1375 0.9573407955616524 0.270508841747947 0
1376 0.2274396641161195 0.2915099903729956 0
1377 0.265596434321977 0.3115155279709312 0
1378 0.1893446931481738 0.2297137281544472 0
1379 0.9023228397869937 0.291442530964228 0
1380 0.8452898307289402 0.1882237928496531 0
1381 0.4200418274961435 0.2911251482641284 0
1382 0.883403146139036 0.2079812674838362 0
1383 0.7679971310561549 0.2081807565100455 0
1384 0.7873294618546502 0.1882173482876018 0
1385 0.7099998048493428 0.2921088115362571 0
1386 0.6713331727705534 0.2084591497519553 0
1387 0.6519999814406209 0.2915157709101232 0
1388 0.5940000504920212 0.2912750156645492 0
1389 0.5940001686435281 0.2280606813323287 0
1390 0.7486648923306575 0.2084970376748278 0
1391 0.5553334497820613 0.3115193668415733 0
1392 0.7099994102637922 0.2087214848674282 0
1393 0.5553339847667396 0.2077381816153919 0
1394 0.4780062034655702 0.291234907947214 0
1395 0.4393475264356378 0.3114586249747354 0
1396 0.3621293015668061 0.2911890690381495 0
1397 0.4973373653969891 0.207743373815916 0
1398 0.2463700407035955 0.3114280033428278 0
1399 0.9572379277475752 0.2298059143285664 0
1400 0.2660930933601565 0.2085667861381807 0
1401 0.3234353787686504 0.3114882336142368 0
1402 0.3815184794844239 0.2077654410037674 0
1403 0.284862623189908 0.311485463883535 0
1404 0.304570481885263 0.2080377315971249 0
1405 0.208251272826089 0.291140607886353 0
1406 0.208455378670276 0.2091863064170364 0
1407 0.9391136675465644 0.209082421645173 0
1408 0.9578945952854494 0.2907208871257334 0
1409 0.8452663963578635 0.2081727348736644 0
1410 0.3238626441456092 0.2281502965729923 0
1411 0.2854030503996414 0.2287702807276116 0
1412 0.9016064194755582 0.2285181660891114 0
1413 0.7679970605914026 0.2288784925355868 0
1414 0.5553341273034424 0.227983485958907 0
1415 0.5166693398646829 0.2279805249541419 0
1416 0.3235476720904704 0.2912342677154362 0
1417 0.285032745059723 0.2914316471326158 0
1418 0.2276791636180692 0.2711840335240197 0
1419 0.7486655558557205 0.2714619172025885 0
1420 0.7293323108538277 0.2295809923347421 0
1421 0.4973376194968506 0.2702091689269043 0
1422 0.4200668018471965 0.2700563046630097 0
1423 0.7099996712060056 0.2717856976283439 0
1424 0.6519999673844959 0.2707605890582247 0
1425 0.5746667948198629 0.2912272421193918 0
1426 0.4780109082344455 0.2280182268121197 0
1427 0.4586801522445617 0.2911613228445786 0
1428 0.4008125441065327 0.2279552623127721 0
1429 0.9382875927506447 0.2499805155905092 0
1430 0.6133333919129867 0.2491116134498861 0
1431 0.6133333740738084 0.2703274442274502 0
1432 0.9385346010094454 0.2294035232265579 0
1433 0.938719152346417 0.2706482853626255 0
1434 0.2085925563623469 0.2503012411660467 0
1435 0.208554858738165 0.2296619368766186 0
1436 0.9208676417393248 0.2912928769878617 0
1437 0.8644286829001284 0.2080910696478164 0
1438 0.8066587833411639 0.2080915418070699 0
1439 0.7873286723239259 0.2081593163460318 0
1440 0.8452774999078277 0.2916655733102509 0
1441 0.7679984748092088 0.291660164583164 0
1442 0.8835088123572513 0.2914309174242827 0
1443 0.806660122340625 0.2916082708015847 0
1444 0.6906663620880704 0.2295121338546177 0
1445 0.671333246777386 0.2711690110257649 0
1446 0.6713331764285081 0.2291669695123508 0
1447 0.5553336311543424 0.2911536413302965 0
1448 0.6326666659498296 0.2283853691660322 0
1449 0.5166679504965113 0.2911487233874665 0
1450 0.5746670619930262 0.2280924352349721 0
1451 0.3815005094159725 0.2701109965452127 0
1452 0.2468624983681457 0.2088491834612699 0
1453 0.4393592618546766 0.2910420062093194 0
1454 0.4393773692866343 0.2279973470663294 0
1455 0.3428399989255777 0.29114108516415 0
1456 0.3815574019221452 0.2280478361703104 0
1457 0.3430835289882546 0.2281339768866752 0
1458 0.265821867559752 0.2915353143144278 0
1459 0.2466237799874874 0.2915250759859032 0
1460 0.8643856663428378 0.2707638372520298 0
1461 0.8259748573945872 0.2710173579514312 0
1462 0.8643456477839193 0.2285641865995996 0
1463 0.5746670321485825 0.2490415293136885 0
1464 0.227776888012 0.2504351940294963 0
1465 0.3430563691614057 0.2490672791149582 0
1466 0.2852269883653484 0.2707538437972901 0
1467 0.2277490511293111 0.2296164510534906 0
1468 0.7099995242913765 0.2508296690827052 0
1469 0.6906664067884485 0.2505866361857873 0
1470 0.6713332005605878 0.2501406905078425 0
1471 0.6519999454288286 0.2496683001024215 0
1472 0.5940001139800644 0.2702525734366732 0
1473 0.5746669346417208 0.2702036034520865 0
1474 0.4780113496573322 0.2489705563701518 0
1475 0.4780097913369711 0.2701819844741151 0
1476 0.4393714386285646 0.2700380558042684 0
1477 0.4586903130701896 0.2489554481756896 0
1478 0.4393796722361614 0.2488978674615432 0
1479 0.4200849857280357 0.2488651262104098 0
1480 0.4008092248955868 0.2488951463260026 0
1481 0.3815493102094139 0.248956630222066 0
1482 0.3622271608451603 0.270164907467937 0
1483 0.3429574493680172 0.2701971039824058 0
1484 0.9202016764649844 0.2705890441857576 0
1485 0.883146753980117 0.2284719591456626 0
1486 0.8066578003549494 0.2286680952461262 0
1487 0.8259755936336405 0.2082819782386811 0
1488 0.7679978555797604 0.2710422663803252 0
1489 0.8066572095509124 0.2708368772554783 0
1490 0.7293326918302139 0.2716189667923741 0
1491 0.7099994119612534 0.2296354069307839 0
1492 0.7873282293997362 0.2287398789950169 0
1493 0.5553338832138136 0.270162074951474 0
1494 0.6326666685808352 0.2493613338020325 0
1495 0.5940001727537998 0.2490787791594398 0
1496 0.4973388429395333 0.2280941731951882 0
1497 0.748664885014783 0.2293438303255755 0
1498 0.5166688119447428 0.2701435893726303 0
1499 0.5360014687926595 0.2280627537096375 0
1500 0.2661752588097299 0.2292447926147691 0
1501 0.3046190233184475 0.2284724419232351 0
1502 0.3042861253770326 0.2912047110809706 0
1503 0.2660322303459006 0.2710313664894134 0
1504 0.246839892175359 0.2711323212186482 0
1505 0.9017939336964792 0.2704947765653828 0
1506 0.9200157810591392 0.2289914785127651 0
1507 0.8259700253802035 0.2288921108211782 0
1508 0.3044513945856911 0.2703996434637047 0
1509 0.901525344277767 0.2494582374412926 0
1510 0.8831037838226814 0.2494630479659574 0
1511 0.8259673838117711 0.2499029389966667 0
1512 0.8066536993711689 0.2497558975036513 0
1513 0.7873277415875587 0.2497976723688675 0
1514 0.7679971229727316 0.2500700023274512 0
1515 0.7486650536106638 0.2504290594590466 0
1516 0.5553340910083431 0.2490029236440185 0
1517 0.5360014212061359 0.2490016774299377 0
1518 0.5166694564862865 0.2489975435773409 0
1519 0.3238057112837857 0.2491721773649763 0
1520 0.3045689911245058 0.2494038492820258 0
1521 0.2853498849114418 0.2497769635379368 0
1522 0.2661471964955231 0.2501456322650236 0
1523 0.8452152542202702 0.2288760162426417 0
1524 0.7873284253573409 0.2708477359954513 0
1525 0.8452312604246043 0.2709082653633492 0
1526 0.7293324184214997 0.2506638062917139 0
1527 0.8832262783077017 0.2705712755836363 0
1528 0.4973391918571611 0.2490208942485107 0
1529 0.5360011399602899 0.2701684328501204 0
1530 0.2469501643710282 0.2295244362634176 0
1531 0.4586875541050198 0.2701212788213111 0
1532 0.3236898842895042 0.2702741984946632 0
1533 0.3622932944551327 0.2490153067117149 0
1534 0.9199296082064854 0.2497373874682477 0
1535 0.2469416567427423 0.2503528794222897 0
1536 0.864278477827336 0.2496675405623187 0
1537 0.8451891186775153 0.249861100712634 0
$EndNodes
$Elements
1519
1 1 2 201 7 7 8
2 1 2 200 9 9 227
3 1 2 200 9 227 228
4 1 2 200 9 228 229
5 1 2 200 9 229 230
6 1 2 200 9 230 231
7 1 2 200 9 231 232
8 1 2 200 9 232 233
9 1 2 200 9 233 234
10 1 2 200 9 234 235
11 1 2 200 9 235 236
12 1 2 200 9 236 237
13 1 2 200 9 237 238
14 1 2 200 9 238 239
15 1 2 200 9 239 240
16 1 2 200 9 240 241
17 1 2 200 9 241 242
18 1 2 200 9 242 243
19 1 2 200 9 243 244
20 1 2 200 9 244 245
21 1 2 200 9 245 246
22 1 2 200 9 246 247
23 1 2 200 9 247 248
24 1 2 200 9 248 249
25 1 2 200 9 249 250
26 1 2 200 9 250 251
27 1 2 200 9 251 1
28 1 2 202 11 10 255
29 1 2 202 11 255 256
30 1 2 202 11 256 257
31 1 2 202 11 257 258
32 1 2 202 11 258 259
33 1 2 202 11 259 260
34 1 2 202 11 260 261
35 1 2 202 11 261 262
36 1 2 202 11 262 263
37 1 2 202 11 263 264
38 1 2 202 11 264 265
39 1 2 202 11 265 266
40 1 2 202 11 266 267
41 1 2 202 11 267 268
42 1 2 202 11 268 269
43 1 2 202 11 269 270
44 1 2 202 11 270 271
45 1 2 202 11 271 272
46 1 2 202 11 272 273
47 1 2 202 11 273 274
48 1 2 202 11 274 275
49 1 2 202 11 275 276
50 1 2 202 11 276 277
51 1 2 202 11 277 278
52 1 2 202 11 278 279
53 1 2 202 11 279 11
54 2 2 100 1 433 177 434
55 2 2 100 1 397 326 622
56 2 2 100 1 362 324 593
57 2 2 100 1 377 323 596
58 2 2 100 1 365 357 594
59 2 2 100 1 391 446 547
60 2 2 100 1 368 465 581
61 2 2 100 1 584 375 631
62 2 2 100 1 493 546 630
63 2 2 100 1 310 506 610
64 2 2 100 1 295 499 602
65 2 2 100 1 438 369 604
66 2 2 100 1 348 498 545
67 2 2 100 1 298 494 552
68 2 2 100 1 381 306 558
69 2 2 100 1 489 299 542
70 2 2 100 1 506 395 561
71 2 2 100 1 508 384 560
72 2 2 100 1 540 473 603
73 2 2 100 1 557 407 629
74 2 2 100 1 620 328 645
75 3 2 100 1 246 334 290 245
76 3 2 100 1 247 335 334 246
77 3 2 100 1 406 42 43 392
78 3 2 100 1 396 19 20 394
79 3 2 100 1 20 21 385 394
80 3 2 100 1 339 286 232 233
81 3 2 100 1 23 24 326 397
82 3 2 100 1 67 313 421 66
83 3 2 100 1 422 28 29 388
84 3 2 100 1 39 40 402 409
85 3 2 100 1 236 341 287 235
86 3 2 100 1 250 419 284 249
87 3 2 100 1 59 60 417 420
88 3 2 100 1 414 54 55 411
89 3 2 100 1 43 44 391 392
90 3 2 100 1 292 354 148 149
91 3 2 100 1 13 14 330 331
92 3 2 100 1 112 113 347 336
93 3 2 100 1 18 19 396 399
94 3 2 100 1 293 427 144 145
95 3 2 100 1 241 345 288 240
96 3 2 100 1 188 189 355 358
97 3 2 100 1 87 312 403 86
98 3 2 100 1 296 369 128 129
99 3 2 100 1 412 413 69 70
100 3 2 100 1 200 201 351 352
101 3 2 100 1 297 379 137 138
102 3 2 100 1 16 17 407 410
103 3 2 100 1 354 425 147 148
104 3 2 100 1 320 400 109 110
105 3 2 100 1 321 111 112 336
106 3 2 100 1 192 193 359 360
107 3 2 100 1 191 192 360 363
108 3 2 100 1 338 124 125 343
109 3 2 100 1 340 121 122 342
110 3 2 100 1 311 412 70 71
111 3 2 100 1 304 429 157 158
112 3 2 100 1 429 430 156 157
113 3 2 100 1 17 18 399 407
114 3 2 100 1 183 184 357 365
115 3 2 100 1 230 333 283 229
116 3 2 100 1 306 381 80 81
117 3 2 100 1 197 198 371 376
118 3 2 100 1 305 372 153 154
119 3 2 100 1 302 367 165 166
120 3 2 100 1 316 395 106 107
121 3 2 100 1 303 374 170 171
122 3 2 100 1 210 211 324 362
123 3 2 100 1 213 214 378 380
124 3 2 100 1 381 382 79 80
125 3 2 100 1 307 393 83 84
126 3 2 100 1 301 356 162 163
127 3 2 100 1 314 387 99 100
128 3 2 100 1 387 423 98 99
129 3 2 100 1 216 217 364 375
130 3 2 100 1 205 206 361 424
131 3 2 100 1 319 390 89 90
132 3 2 100 1 219 220 323 377
133 3 2 100 1 209 210 362 370
134 3 2 100 1 208 209 370 426
135 3 2 100 1 231 232 286 482
136 3 2 100 1 5 438 569 435
137 3 2 100 1 152 153 372 483
138 3 2 100 1 169 170 374 484
139 3 2 100 1 161 162 356 486
140 3 2 100 1 155 156 430 490
141 3 2 100 1 159 160 300 487
142 3 2 100 1 172 173 350 488
143 3 2 100 1 150 151 291 491
144 3 2 100 1 130 131 349 493
145 3 2 100 1 167 168 299 489
146 3 2 100 1 136 137 379 499
147 3 2 100 1 164 165 367 485
148 3 2 100 1 139 140 348 495
149 3 2 100 1 134 135 295 494
150 3 2 100 1 143 144 427 497
151 3 2 100 1 146 147 425 496
152 3 2 100 1 141 142 294 498
153 3 2 100 1 132 133 298 492
154 3 2 100 1 199 200 352 475
155 3 2 100 1 187 188 358 480
156 3 2 100 1 194 195 428 479
157 3 2 100 1 190 191 363 478
158 3 2 100 1 185 186 366 477
159 3 2 100 1 182 183 365 473
160 3 2 100 1 180 181 373 476
161 3 2 100 1 196 197 376 474
162 3 2 100 1 202 203 353 472
163 3 2 100 1 215 216 375 471
164 3 2 100 1 218 219 377 470
165 3 2 100 1 212 213 380 468
166 3 2 100 1 204 205 424 469
167 3 2 100 1 207 208 426 466
168 3 2 100 1 223 224 325 465
169 3 2 100 1 221 222 368 467
170 3 2 100 1 333 523 566 283
171 3 2 100 1 248 249 284 481
172 3 2 100 1 239 240 288 500
173 3 2 100 1 242 243 289 501
174 3 2 100 1 244 245 290 502
175 3 2 100 1 237 238 285 503
176 3 2 100 1 234 235 287 504
177 3 2 100 1 116 117 344 464
178 3 2 100 1 118 119 337 463
179 3 2 100 1 120 121 340 462
180 3 2 100 1 123 124 338 461
181 3 2 100 1 114 115 346 460
182 3 2 100 1 225 226 329 459
183 3 2 100 1 105 106 395 506
184 3 2 100 1 101 102 384 508
185 3 2 100 1 97 98 423 507
186 3 2 100 1 91 92 318 513
187 3 2 100 1 93 94 317 512
188 3 2 100 1 95 96 315 510
189 3 2 100 1 88 89 390 505
190 3 2 100 1 108 109 400 509
191 3 2 100 1 103 104 310 511
192 3 2 100 1 85 86 403 520
193 3 2 100 1 72 73 309 519
194 3 2 100 1 76 77 308 518
195 3 2 100 1 68 69 413 515
196 3 2 100 1 82 83 393 514
197 3 2 100 1 78 79 382 517
198 3 2 100 1 74 75 383 516
199 3 2 100 1 34 35 404 458
200 3 2 100 1 32 33 401 457
201 3 2 100 1 25 26 386 455
202 3 2 100 1 30 31 398 456
203 3 2 100 1 27 28 422 454
204 3 2 100 1 36 37 389 452
205 3 2 100 1 22 23 397 453
206 3 2 100 1 58 59 420 441
207 3 2 100 1 56 57 415 451
208 3 2 100 1 53 54 414 450
209 3 2 100 1 47 48 405 448
210 3 2 100 1 51 52 408 449
211 3 2 100 1 49 50 327 447
212 3 2 100 1 41 42 406 445
213 3 2 100 1 45 46 328 446
214 3 2 100 1 38 39 409 444
215 3 2 100 1 15 16 410 443
216 3 2 100 1 421 313 617 531
217 3 2 100 1 333 230 231 482
218 3 2 100 1 597 539 372 305
219 3 2 100 1 588 538 367 302
220 3 2 100 1 304 533 541 429
221 3 2 100 1 589 540 374 303
222 3 2 100 1 586 537 379 297
223 3 2 100 1 296 535 581 369
224 3 2 100 1 302 166 167 489
225 3 2 100 1 301 163 164 485
226 3 2 100 1 300 160 161 486
227 3 2 100 1 304 158 159 487
228 3 2 100 1 299 168 169 484
229 3 2 100 1 303 171 172 488
230 3 2 100 1 305 154 155 490
231 3 2 100 1 298 133 134 494
232 3 2 100 1 292 149 150 491
233 3 2 100 1 291 151 152 483
234 3 2 100 1 349 131 132 492
235 3 2 100 1 297 138 139 495
236 3 2 100 1 294 142 143 497
237 3 2 100 1 296 129 130 493
238 3 2 100 1 5 128 369 438
239 3 2 100 1 293 145 146 496
240 3 2 100 1 295 135 136 499
241 3 2 100 1 348 140 141 498
242 3 2 100 1 193 194 479 359
243 3 2 100 1 181 182 473 373
244 3 2 100 1 189 190 478 355
245 3 2 100 1 198 199 475 371
246 3 2 100 1 186 187 480 366
247 3 2 100 1 179 180 476 322
248 3 2 100 1 184 185 477 357
249 3 2 100 1 201 202 472 351
250 3 2 100 1 195 196 474 428
251 3 2 100 1 214 215 471 378
252 3 2 100 1 203 204 469 353
253 3 2 100 1 211 212 468 324
254 3 2 100 1 206 207 466 361
255 3 2 100 1 217 218 470 364
256 3 2 100 1 222 223 465 368
257 3 2 100 1 220 221 467 323
258 3 2 100 1 370 362 545 544
259 3 2 100 1 552 631 375 364
260 3 2 100 1 335 247 248 481
261 3 2 100 1 576 525 288 345
262 3 2 100 1 345 241 242 501
263 3 2 100 1 289 243 244 502
264 3 2 100 1 285 238 239 500
265 3 2 100 1 341 236 237 503
266 3 2 100 1 339 233 234 504
267 3 2 100 1 115 116 464 346
268 3 2 100 1 117 118 463 344
269 3 2 100 1 119 120 462 337
270 3 2 100 1 125 126 442 343
271 3 2 100 1 122 123 461 342
272 3 2 100 1 113 114 460 347
273 3 2 100 1 526 334 335 579
274 3 2 100 1 342 577 529 340
275 3 2 100 1 343 578 530 338
276 3 2 100 1 224 225 459 325
277 3 2 100 1 413 614 639 515
278 3 2 100 1 619 549 403 312
279 3 2 100 1 311 554 555 412
280 3 2 100 1 607 557 400 320
281 3 2 100 1 384 102 103 511
282 3 2 100 1 315 96 97 507
283 3 2 100 1 317 94 95 510
284 3 2 100 1 310 104 105 506
285 3 2 100 1 316 107 108 509
286 3 2 100 1 314 100 101 508
287 3 2 100 1 318 92 93 512
288 3 2 100 1 319 90 91 513
289 3 2 100 1 320 110 4 439
290 3 2 100 1 383 75 76 518
291 3 2 100 1 311 71 72 519
292 3 2 100 1 313 67 68 515
293 3 2 100 1 312 87 88 505
294 3 2 100 1 309 73 74 516
295 3 2 100 1 308 77 78 517
296 3 2 100 1 307 84 85 520
297 3 2 100 1 306 81 82 514
298 3 2 100 1 35 36 452 404
299 3 2 100 1 33 34 458 401
300 3 2 100 1 31 32 457 398
301 3 2 100 1 24 25 455 326
302 3 2 100 1 26 27 454 386
303 3 2 100 1 29 30 456 388
304 3 2 100 1 21 22 453 385
305 3 2 100 1 57 58 441 415
306 3 2 100 1 55 56 451 411
307 3 2 100 1 52 53 450 408
308 3 2 100 1 46 47 448 328
309 3 2 100 1 50 51 449 327
310 3 2 100 1 48 49 447 405
311 3 2 100 1 40 41 445 402
312 3 2 100 1 44 45 446 391
313 3 2 100 1 37 38 444 389
314 3 2 100 1 399 396 559 563
315 3 2 100 1 392 391 558 564
316 3 2 100 1 14 15 443 330
317 3 2 100 1 528 572 482 286
318 3 2 100 1 425 583 608 496
319 3 2 100 1 301 536 587 356
320 3 2 100 1 429 541 590 430
321 3 2 100 1 293 534 582 427
322 3 2 100 1 354 532 583 425
323 3 2 100 1 596 349 492 646
324 3 2 100 1 334 526 573 290
325 3 2 100 1 442 126 127 332
326 3 2 100 1 5 435 332 127
327 3 2 100 1 567 439 4 436
328 3 2 100 1 319 556 616 390
329 3 2 100 1 387 550 621 423
330 3 2 100 1 381 547 620 382
331 3 2 100 1 412 555 614 413
332 3 2 100 1 513 318 615 625
333 3 2 100 1 519 309 612 628
334 3 2 100 1 485 367 538 601
335 3 2 100 1 523 333 482 572
336 3 2 100 1 421 531 570 440
337 3 2 100 1 520 403 549 627
338 3 2 100 1 617 313 515 639
339 3 2 100 1 536 301 485 601
340 3 2 100 1 535 296 493 630
341 3 2 100 1 534 293 496 608
342 3 2 100 1 591 551 351 472
343 3 2 100 1 588 542 357 477
344 3 2 100 1 521 283 566 565
345 3 2 100 1 556 319 513 625
346 3 2 100 1 554 311 519 628
347 3 2 100 1 548 307 520 627
348 3 2 100 1 618 560 326 455
349 3 2 100 1 623 562 388 456
350 3 2 100 1 111 321 436 4
351 3 2 100 1 227 329 226 9
352 3 2 100 1 175 176 416 432
353 3 2 100 1 418 63 3 64
354 3 2 100 1 6 175 432 174
355 3 2 100 1 350 173 174 432
356 3 2 100 1 229 283 521 228
357 3 2 100 1 228 521 329 227
358 3 2 100 1 65 66 421 440
359 3 2 100 1 440 418 64 65
360 3 2 100 1 329 521 565 459
361 3 2 100 1 459 565 634 325
362 3 2 100 1 292 491 551 591
363 3 2 100 1 604 465 325 634
364 3 2 100 1 284 419 437 568
365 3 2 100 1 416 524 350 432
366 3 2 100 1 463 525 576 344
367 3 2 100 1 61 417 60 2
368 3 2 100 1 423 621 626 507
369 3 2 100 1 341 503 529 577
370 3 2 100 1 62 522 417 61
371 3 2 100 1 371 539 597 376
372 3 2 100 1 625 615 401 458
373 3 2 100 1 63 418 522 62
374 3 2 100 1 346 574 632 460
375 3 2 100 1 556 625 458 404
376 3 2 100 1 583 532 353 469
377 3 2 100 1 623 510 315 562
378 3 2 100 1 474 376 597 637
379 3 2 100 1 441 531 617 415
380 3 2 100 1 419 250 251 431
381 3 2 100 1 464 344 576 633
382 3 2 100 1 531 441 420 570
383 3 2 100 1 616 556 404 452
384 3 2 100 1 440 570 522 418
385 3 2 100 1 608 583 469 424
386 3 2 100 1 439 567 599 638
387 3 2 100 1 534 608 424 361
388 3 2 100 1 312 505 642 619
389 3 2 100 1 428 590 541 479
390 3 2 100 1 339 504 530 578
391 3 2 100 1 422 626 621 454
392 3 2 100 1 303 488 598 589
393 3 2 100 1 285 575 529 503
394 3 2 100 1 415 617 639 451
395 3 2 100 1 12 13 331 431
396 3 2 100 1 299 484 603 594
397 3 2 100 1 642 616 452 389
398 3 2 100 1 384 511 640 622
399 3 2 100 1 287 527 530 504
400 3 2 100 1 178 179 322 433
401 3 2 100 1 599 437 331 330
402 3 2 100 1 300 486 635 595
403 3 2 100 1 466 426 605 582
404 3 2 100 1 497 427 582 605
405 3 2 100 1 337 462 575 580
406 3 2 100 1 479 541 533 359
407 3 2 100 1 309 516 643 612
408 3 2 100 1 638 599 330 443
409 3 2 100 1 360 359 533 543
410 3 2 100 1 582 534 361 466
411 3 2 100 1 451 639 614 411
412 3 2 100 1 632 574 289 502
413 3 2 100 1 527 461 338 530
414 3 2 100 1 454 621 550 386
415 3 2 100 1 347 573 526 336
416 3 2 100 1 623 613 317 510
417 3 2 100 1 618 455 386 550
418 3 2 100 1 288 525 580 500
419 3 2 100 1 632 502 290 573
420 3 2 100 1 345 501 633 576
421 3 2 100 1 633 501 289 574
422 3 2 100 1 372 539 600 483
423 3 2 100 1 561 385 610 506
424 3 2 100 1 475 352 592 600
425 3 2 100 1 305 490 637 597
426 3 2 100 1 331 437 419 431
427 3 2 100 1 603 484 374 540
428 3 2 100 1 336 526 579 321
429 3 2 100 1 637 490 430 590
430 3 2 100 1 291 592 551 491
431 3 2 100 1 393 307 548 624
432 3 2 100 1 456 398 613 623
433 3 2 100 1 571 436 321 579
434 3 2 100 1 605 544 294 497
435 3 2 100 1 579 335 481 571
436 3 2 100 1 643 516 383 611
437 3 2 100 1 533 304 487 543
438 3 2 100 1 635 486 356 587
439 3 2 100 1 549 619 444 409
440 3 2 100 1 411 614 555 414
441 3 2 100 1 351 551 592 352
442 3 2 100 1 641 512 317 613
443 3 2 100 1 636 495 348 593
444 3 2 100 1 416 176 177 433
445 3 2 100 1 523 572 332 435
446 3 2 100 1 572 528 442 332
447 3 2 100 1 318 512 641 615
448 3 2 100 1 379 537 602 499
449 3 2 100 1 640 511 310 610
450 3 2 100 1 566 523 435 569
451 3 2 100 1 340 529 575 462
452 3 2 100 1 285 500 580 575
453 3 2 100 1 457 641 613 398
454 3 2 100 1 337 580 525 463
455 3 2 100 1 291 483 600 592
456 3 2 100 1 635 478 363 595
457 3 2 100 1 624 406 392 564
458 3 2 100 1 354 292 591 532
459 3 2 100 1 388 562 626 422
460 3 2 100 1 370 544 605 426
461 3 2 100 1 642 505 390 616
462 3 2 100 1 615 641 457 401
463 3 2 100 1 323 630 546 596
464 3 2 100 1 550 387 314 618
465 3 2 100 1 414 555 554 450
466 3 2 100 1 498 294 544 545
467 3 2 100 1 447 611 644 405
468 3 2 100 1 448 609 645 328
469 3 2 100 1 399 563 629 407
470 3 2 100 1 475 600 539 371
471 3 2 100 1 395 559 553 561
472 3 2 100 1 618 314 508 560
473 3 2 100 1 297 495 636 586
474 3 2 100 1 470 646 606 585
475 3 2 100 1 450 554 628 408
476 3 2 100 1 532 591 472 353
477 3 2 100 1 324 468 636 593
478 3 2 100 1 350 524 598 488
479 3 2 100 1 417 522 570 420
480 3 2 100 1 627 549 409 402
481 3 2 100 1 464 633 574 346
482 3 2 100 1 548 627 402 445
483 3 2 100 1 287 341 577 527
484 3 2 100 1 355 587 536 358
485 3 2 100 1 640 453 397 622
486 3 2 100 1 431 251 1 12
487 3 2 100 1 585 606 298 552
488 3 2 100 1 644 518 308 609
489 3 2 100 1 527 577 342 461
490 3 2 100 1 358 536 601 480
491 3 2 100 1 643 327 449 612
492 3 2 100 1 408 628 612 449
493 3 2 100 1 445 406 624 548
494 3 2 100 1 537 586 380 378
495 3 2 100 1 474 637 590 428
496 3 2 100 1 378 471 602 537
497 3 2 100 1 507 626 562 315
498 3 2 100 1 460 632 573 347
499 3 2 100 1 437 599 567 568
500 3 2 100 1 389 444 619 642
501 3 2 100 1 480 601 538 366
502 3 2 100 1 634 569 438 604
503 3 2 100 1 624 564 514 393
504 3 2 100 1 645 517 382 620
505 3 2 100 1 629 509 400 557
506 3 2 100 1 306 514 564 558
507 3 2 100 1 366 538 588 477
508 3 2 100 1 584 631 295 602
509 3 2 100 1 368 581 535 467
510 3 2 100 1 320 439 638 607
511 3 2 100 1 588 302 489 542
512 3 2 100 1 286 339 578 528
513 3 2 100 1 467 535 630 323
514 3 2 100 1 494 295 631 552
515 3 2 100 1 603 473 365 594
516 3 2 100 1 557 607 410 407
517 3 2 100 1 528 578 343 442
518 3 2 100 1 540 589 373 473
519 3 2 100 1 598 524 322 476
520 3 2 100 1 620 547 446 328
521 3 2 100 1 559 395 316 563
522 3 2 100 1 377 596 646 470
523 3 2 100 1 178 433 434 8
524 3 2 100 1 478 635 587 355
525 3 2 100 1 571 481 284 568
526 3 2 100 1 568 567 436 571
527 3 2 100 1 405 644 609 448
528 3 2 100 1 543 487 300 595
529 3 2 100 1 524 416 433 322
530 3 2 100 1 360 543 595 363
531 3 2 100 1 560 384 622 326
532 3 2 100 1 565 566 569 634
533 3 2 100 1 7 8 434 177
534 3 2 100 1 593 348 545 362
535 3 2 100 1 453 640 610 385
536 3 2 100 1 561 553 394 385
537 3 2 100 1 468 380 586 636
538 3 2 100 1 327 643 611 447
539 3 2 100 1 476 373 589 598
540 3 2 100 1 604 369 581 465
541 3 2 100 1 518 644 611 383
542 3 2 100 1 547 381 558 391
543 3 2 100 1 542 299 594 357
544 3 2 100 1 517 645 609 308
545 3 2 100 1 509 629 563 316
546 3 2 100 1 607 638 443 410
547 3 2 100 1 471 375 584 602
548 3 2 100 1 585 552 364 470
549 3 2 100 1 546 493 349 596
550 3 2 100 1 492 298 606 646
551 3 2 100 1 553 559 396 394
552 3 2 101 2 1519 1532 1508 1520
553 3 2 101 2 1520 1508 1466 1521
554 3 2 101 2 1522 1535 1530 1500
555 3 2 101 2 1041 996 1067 915
556 3 2 101 2 1205 1188 1258 1296
557 3 2 101 2 1204 1202 1353 1260
558 3 2 101 2 1408 1367 1433 1375
559 3 2 101 2 853 1042 888 974
560 3 2 101 2 1317 1250 1368 1405
561 3 2 101 2 1206 1257 1318 1190
562 3 2 101 2 973 854 889 1041
563 3 2 101 2 1067 1174 999 915
564 3 2 101 2 995 1107 1068 1175
565 3 2 101 2 898 760 694 823
566 3 2 101 2 823 817 679 898
567 3 2 101 2 762 974 888 680
568 3 2 101 2 973 1041 915 834
569 3 2 101 2 972 820 855 916
570 3 2 101 2 701 691 896 813
571 3 2 101 2 693 737 699 822
572 3 2 101 2 897 900 697 761
573 3 2 101 2 1042 921 1068 1107
574 3 2 101 2 853 754 921 1042
575 3 2 101 2 279 11 280 737
576 3 2 101 2 752 855 765 670
577 3 2 101 2 3 700 814 64
578 3 2 101 2 1069 832 925 984
579 3 2 101 2 759 709 839 924
580 3 2 101 2 700 757 973 834
581 3 2 101 2 1258 1352 1207 1296
582 3 2 101 2 1351 1257 1239 1201
583 3 2 101 2 819 857 764 692
584 3 2 101 2 692 736 702 819
585 3 2 101 2 1503 1458 1459 1504
586 3 2 101 2 1295 1344 1238 1200
587 3 2 101 2 854 899 703 763
588 3 2 101 2 1201 1239 1169 1106
589 3 2 101 2 971 997 929 857
590 3 2 101 2 1206 1190 1130 1074
591 3 2 101 2 1317 1122 1209 1250
592 3 2 101 2 1458 1377 1398 1459
593 3 2 101 2 1522 1503 1504 1535
594 3 2 101 2 1521 1466 1503 1522
595 3 2 101 2 1376 1312 1350 1405
596 3 2 101 2 896 691 704 820
597 3 2 101 2 895 852 917 1040
598 3 2 101 2 986 928 886 999
599 3 2 101 2 1257 1206 1129 1239
600 3 2 101 2 698 255 256 695
601 3 2 101 2 1200 1238 1168 1098
602 3 2 101 2 762 697 900 974
603 3 2 101 2 1106 1169 1039 993
604 3 2 101 2 1312 1191 1291 1350
605 3 2 101 2 1466 1417 1458 1503
606 3 2 101 2 111 4 110 736
607 3 2 101 2 761 277 278 693
608 3 2 101 2 737 693 278 279
609 3 2 101 2 695 256 257 760
610 3 2 101 2 814 886 928 663
611 3 2 101 2 663 65 64 814
612 3 2 101 2 760 257 258 694
613 3 2 101 2 747 707 769 856
614 3 2 101 2 1074 1173 1129 1206
615 3 2 101 2 697 276 277 761
616 3 2 101 2 1038 1109 1104 970
617 3 2 101 2 1042 1107 931 888
618 3 2 101 2 763 671 889 854
619 3 2 101 2 907 1001 858 860
620 3 2 101 2 762 275 276 697
621 3 2 101 2 813 896 753 672
622 3 2 101 2 1508 1502 1417 1466
623 3 2 101 2 1068 994 1071 1175
624 3 2 101 2 1251 1351 1201 1121
625 3 2 101 2 1174 1067 1100 1205
626 3 2 101 2 1506 1412 1299 1374
627 3 2 101 2 965 891 993 1039
628 3 2 101 2 820 972 753 896
629 3 2 101 2 862 770 663 928
630 3 2 101 2 766 752 670 705
631 3 2 101 2 1041 889 932 996
632 3 2 101 2 929 673 764 857
633 3 2 101 2 838 926 666 767
634 3 2 101 2 1410 1501 1404 1373
635 3 2 101 2 1307 1400 1295 1244
636 3 2 101 2 1404 1307 1244 1341
637 3 2 101 2 694 258 259 703
638 3 2 101 2 1378 1262 1190 1318
639 3 2 101 2 694 703 899 823
640 3 2 101 2 969 1032 851 893
641 3 2 101 2 1173 1074 998 1070
642 3 2 101 2 1403 1285 1349 1377
643 3 2 101 2 928 986 930 862
644 3 2 101 2 997 971 1040 1108
645 3 2 101 2 858 859 706 768
646 3 2 101 2 812 669 852 895
647 3 2 101 2 923 925 766 859
648 3 2 101 2 1070 838 929 997
649 3 2 101 2 1373 1404 1341 1292
650 3 2 101 2 767 673 929 838
651 3 2 101 2 1404 1501 1411 1307
652 3 2 101 2 1072 1073 923 1001
653 3 2 101 2 932 830 1035 996
654 3 2 101 2 856 927 1002 747
655 3 2 101 2 1208 1209 1072 1132
656 3 2 101 2 862 930 1004 772
657 3 2 101 2 857 819 818 971
658 3 2 101 2 926 998 927 856
659 3 2 101 2 1483 1455 1416 1532
660 3 2 101 2 1244 1295 1200 1116
661 3 2 101 2 768 660 860 858
662 3 2 101 2 1502 1298 1403 1417
663 3 2 101 2 1435 1434 1319 1378
664 3 2 101 2 855 752 832 916
665 3 2 101 2 1482 1396 1455 1483
666 3 2 101 2 1105 981 958 829
667 3 2 101 2 704 691 126 125
668 3 2 101 2 701 127 126 691
669 3 2 101 2 1132 907 1002 1055
670 3 2 101 2 702 675 818 819
671 3 2 101 2 769 666 926 856
672 3 2 101 2 1455 1315 1401 1416
673 3 2 101 2 764 113 112 692
674 3 2 101 2 736 692 112 111
675 3 2 101 2 810 733 891 965
676 3 2 101 2 1175 1235 1099 995
677 3 2 101 2 770 862 772 681
678 3 2 101 2 981 1098 969 958
679 3 2 101 2 1484 1436 1379 1505
680 3 2 101 2 1130 927 998 1074
681 3 2 101 2 703 259 260 763
682 3 2 101 2 1205 1100 1163 1188
683 3 2 101 2 1172 1234 1105 1037
684 3 2 101 2 1121 1201 1106 1057
685 3 2 101 2 888 931 807 680
686 3 2 101 2 1105 1234 1116 981
687 3 2 101 2 765 855 820 704
688 3 2 101 2 860 747 1002 907
689 3 2 101 2 673 114 113 764
690 3 2 101 2 927 1130 1055 1002
691 3 2 101 2 704 125 124 765
692 3 2 101 2 1001 907 1132 1072
693 3 2 101 2 1132 1055 1262 1208
694 3 2 101 2 705 706 859 766
695 3 2 101 2 933 861 935 1003
696 3 2 101 2 1262 1055 1130 1190
697 3 2 101 2 752 766 925 832
698 3 2 101 2 984 1073 1122 1237
699 3 2 101 2 707 747 860 660
700 3 2 101 2 1057 1106 993 911
701 3 2 101 2 859 858 1001 923
702 3 2 101 2 767 115 114 673
703 3 2 101 2 930 1136 1066 1004
704 3 2 101 2 925 923 1073 984
705 3 2 101 2 1171 1028 1101 1127
706 3 2 101 2 765 124 123 670
707 3 2 101 2 705 670 123 122
708 3 2 101 2 1035 830 959 1036
709 3 2 101 2 1250 1319 1434 1368
710 3 2 101 2 1209 1208 1319 1250
711 3 2 101 2 1347 1373 1292 1199
712 3 2 101 2 1073 1072 1209 1122
713 3 2 101 2 706 705 122 121
714 3 2 101 2 666 116 115 767
715 3 2 101 2 1127 1101 1029 1164
716 3 2 101 2 1481 1533 1364 1456
717 3 2 101 2 772 1004 901 865
718 3 2 101 2 1059 1296 1207 1136
719 3 2 101 2 838 1070 998 926
720 3 2 101 2 1465 1519 1410 1457
721 3 2 101 2 769 117 116 666
722 3 2 101 2 829 961 1037 1105
723 3 2 101 2 1199 1292 1172 1053
724 3 2 101 2 706 121 120 768
725 3 2 101 2 707 118 117 769
726 3 2 101 2 750 662 771 861
727 3 2 101 2 1456 1364 1306 1402
728 3 2 101 2 1063 1005 939 1075
729 3 2 101 2 958 969 893 803
730 3 2 101 2 768 120 119 660
731 3 2 101 2 707 660 119 118
732 3 2 101 2 1232 1123 1260 1346
733 3 2 101 2 1364 1457 1347 1306
734 3 2 101 2 1004 1066 976 901
735 3 2 101 2 1107 995 837 931
736 3 2 101 2 746 885 961 829
737 3 2 101 2 1062 1131 1008 933
738 3 2 101 2 996 1035 1100 1067
739 3 2 101 2 1306 1347 1199 1294
740 3 2 101 2 889 671 806 932
741 3 2 101 2 1480 1481 1456 1428
742 3 2 101 2 1402 1306 1294 1187
743 3 2 101 2 968 1031 1166 1060
744 3 2 101 2 1457 1410 1373 1347
745 3 2 101 2 836 935 708 773
746 3 2 101 2 1053 1172 1037 980
747 3 2 101 2 1102 983 1123 1232
748 3 2 101 2 1262 1378 1319 1208
749 3 2 101 2 1261 1203 1249 1316
750 3 2 101 2 1120 1096 1051 1161
751 3 2 101 2 924 839 909 1000
752 3 2 101 2 890 1031 968 887
753 3 2 101 2 1053 1167 1294 1199
754 3 2 101 2 1288 1230 1120 1184
755 3 2 101 2 1203 1261 1056 1131
756 3 2 101 2 804 729 887 959
757 3 2 101 2 1428 1456 1402 1348
758 3 2 101 2 1056 1135 1000 909
759 3 2 101 2 1117 1180 1264 1133
760 3 2 101 2 1244 1116 1234 1341
761 3 2 101 2 1187 1294 1167 1126
762 3 2 101 2 662 750 839 709
763 3 2 101 2 861 933 1008 750
764 3 2 101 2 1202 1204 1071 1135
765 3 2 101 2 1167 1053 980 1097
766 3 2 101 2 773 655 863 836
767 3 2 101 2 1266 1380 1370 1321
768 3 2 101 2 1075 1133 1211 1063
769 3 2 101 2 967 892 922 1038
770 3 2 101 2 746 803 719 658
771 3 2 101 2 771 708 935 861
772 3 2 101 2 933 1003 1077 1062
773 3 2 101 2 1006 1007 863 937
774 3 2 101 2 1180 1299 1382 1264
775 3 2 101 2 658 783 885 746
776 3 2 101 2 1316 1353 1202 1261
777 3 2 101 2 994 1000 1135 1071
778 3 2 101 2 1131 1062 1110 1203
779 3 2 101 2 681 772 865 710
780 3 2 101 2 1458 1417 1403 1377
781 3 2 101 2 1137 1009 1005 1063
782 3 2 101 2 759 173 172 709
783 3 2 101 2 770 66 65 663
784 3 2 101 2 1530 1452 1400 1500
785 3 2 101 2 935 836 934 1003
786 3 2 101 2 1452 1344 1295 1400
787 3 2 101 2 1522 1500 1411 1521
788 3 2 101 2 1500 1400 1307 1411
789 3 2 101 2 1379 1436 1249 1320
790 3 2 101 2 1056 909 1008 1131
791 3 2 101 2 1117 976 1066 1231
792 3 2 101 2 839 750 1008 909
793 3 2 101 2 709 172 171 662
794 3 2 101 2 681 67 66 770
795 3 2 101 2 1043 1134 934 1007
796 3 2 101 2 1288 1305 1381 1343
797 3 2 101 2 1133 1264 1322 1211
798 3 2 101 2 1507 1487 1409 1523
799 3 2 101 2 1462 1437 1382 1485
800 3 2 101 2 1096 906 1027 1051
801 3 2 101 2 1187 1289 1348 1402
802 3 2 101 2 911 1032 1168 1057
803 3 2 101 2 845 1005 1009 936
804 3 2 101 2 937 864 1014 1006
805 3 2 101 2 845 936 648 774
806 3 2 101 2 1134 1043 1111 1192
807 3 2 101 2 710 68 67 681
808 3 2 101 2 662 171 170 771
809 3 2 101 2 1007 1006 1080 1043
810 3 2 101 2 1126 1167 1097 1033
811 3 2 101 2 1510 1485 1412 1509
812 3 2 101 2 1454 1363 1345 1248
813 3 2 101 2 958 803 746 829
814 3 2 101 2 1259 1231 1207 1352
815 3 2 101 2 939 738 865 901
816 3 2 101 2 1321 1214 1137 1266
817 3 2 101 2 1063 1211 1266 1137
818 3 2 101 2 1440 1355 1461 1525
819 3 2 101 2 1343 1224 1230 1288
820 3 2 101 2 1366 1422 1381 1305
821 3 2 101 2 968 1060 1163 1036
822 3 2 101 2 1460 1527 1442 1354
823 3 2 101 2 1076 844 936 1009
824 3 2 101 2 1263 1320 1110 1210
825 3 2 101 2 1354 1442 1263 1327
826 3 2 101 2 1005 845 738 939
827 3 2 101 2 1135 1056 1261 1202
828 3 2 101 2 1180 1117 1231 1259
829 3 2 101 2 1525 1461 1511 1537
830 3 2 101 2 1289 1187 1126 1052
831 3 2 101 2 1409 1380 1322 1437
832 3 2 101 2 863 655 777 937
833 3 2 101 2 1231 1066 1136 1207
834 3 2 101 2 1241 1327 1192 1111
835 3 2 101 2 1408 1375 1290 1346
836 3 2 101 2 771 170 169 708
837 3 2 101 2 1299 1180 1259 1374
838 3 2 101 2 1477 1478 1454 1359
839 3 2 101 2 1380 1409 1487 1370
840 3 2 101 2 1439 1384 1297 1438
841 3 2 101 2 1168 1032 969 1098
842 3 2 101 2 1484 1433 1367 1436
843 3 2 101 2 1138 1081 975 1124
844 3 2 101 2 710 711 69 68
845 3 2 101 2 774 70 69 711
846 3 2 101 2 1097 980 960 956
847 3 2 101 2 1398 1377 1349 1286
848 3 2 101 2 711 710 865 738
849 3 2 101 2 1009 1137 1214 1076
850 3 2 101 2 1033 1097 956 828
851 3 2 101 2 1371 1441 1326 1313
852 3 2 101 2 1299 1412 1485 1382
853 3 2 101 2 1438 1486 1492 1439
854 3 2 101 2 1133 1075 976 1117
855 3 2 101 2 1192 1210 1077 1134
856 3 2 101 2 1142 1013 1079 1141
857 3 2 101 2 1488 1524 1356 1441
858 3 2 101 2 844 792 648 936
859 3 2 101 2 1265 1124 1214 1321
860 3 2 101 2 1124 1265 1176 1138
861 3 2 101 2 1177 1269 1143 1046
862 3 2 101 2 1230 1158 1096 1120
863 3 2 101 2 937 777 723 864
864 3 2 101 2 1046 1143 1014 902
865 3 2 101 2 1003 934 1134 1077
866 3 2 101 2 836 863 1007 934
867 3 2 101 2 708 169 168 773
868 3 2 101 2 1476 1453 1381 1422
869 3 2 101 2 774 711 738 845
870 3 2 101 2 885 849 960 961
871 3 2 101 2 1224 1050 1158 1230
872 3 2 101 2 844 1076 975 938
873 3 2 101 2 938 720 792 844
874 3 2 101 2 1355 1440 1241 1325
875 3 2 101 2 979 1033 828 957
876 3 2 101 2 1359 1454 1248 1340
877 3 2 101 2 1486 1438 1487 1507
878 3 2 101 2 1052 1160 1233 1289
879 3 2 101 2 1242 1314 1269 1177
880 3 2 101 2 742 902 1014 864
881 3 2 101 2 1076 1214 1124 975
882 3 2 101 2 1521 1411 1501 1520
883 3 2 101 2 1264 1382 1437 1322
884 3 2 101 2 1095 1051 1027 920
885 3 2 101 2 1323 1270 1176 1384
886 3 2 101 2 1356 1443 1314 1242
887 3 2 101 2 1474 1477 1359 1426
888 3 2 101 2 1438 1297 1370 1487
889 3 2 101 2 843 789 720 938
890 3 2 101 2 1427 1336 1395 1453
891 3 2 101 2 1297 1265 1321 1370
892 3 2 101 2 1489 1461 1355 1443
893 3 2 101 2 1383 1323 1384 1439
894 3 2 101 2 1324 1193 1270 1323
895 3 2 101 2 1479 1480 1428 1363
896 3 2 101 2 1011 1012 824 940
897 3 2 101 2 1138 1176 1270 1044
898 3 2 101 2 979 1094 1160 1052
899 3 2 101 2 1044 1011 1081 1138
900 3 2 101 2 1323 1383 1390 1324
901 3 2 101 2 1159 1160 1094 1065
902 3 2 101 2 1441 1371 1419 1488
903 3 2 101 2 1314 1325 1227 1269
904 3 2 101 2 1183 1233 1160 1159
905 3 2 101 2 1513 1492 1486 1512
906 3 2 101 2 1453 1395 1343 1381
907 3 2 101 2 1339 1340 1283 1282
908 3 2 101 2 938 975 1081 843
909 3 2 101 2 940 843 1081 1011
910 3 2 101 2 1193 1324 1267 1215
911 3 2 101 2 1384 1176 1265 1297
912 3 2 101 2 1413 1383 1439 1492
913 3 2 101 2 1443 1356 1524 1489
914 3 2 101 2 1248 1345 1233 1183
915 3 2 101 2 956 960 849 799
916 3 2 101 2 1242 1326 1441 1356
917 3 2 101 2 1437 1462 1523 1409
918 3 2 101 2 1139 1140 1010 1078
919 3 2 101 2 901 976 1075 939
920 3 2 101 2 1282 1283 1228 1197
921 3 2 101 2 1210 1192 1327 1263
922 3 2 101 2 1485 1510 1536 1462
923 3 2 101 2 1141 1215 1216 1142
924 3 2 101 2 1079 918 824 1012
925 3 2 101 2 1203 1110 1320 1249
926 3 2 101 2 1211 1322 1380 1266
927 3 2 101 2 1423 1490 1308 1385
928 3 2 101 2 1289 1233 1345 1348
929 3 2 101 2 1215 1267 1272 1216
930 3 2 101 2 1340 1248 1183 1283
931 3 2 101 2 1065 1094 1026 914
932 3 2 101 2 1490 1423 1468 1526
933 3 2 101 2 1213 1268 1139 1144
934 3 2 101 2 1313 1326 1212 1268
935 3 2 101 2 1193 1153 1044 1270
936 3 2 101 2 1496 1426 1339 1397
937 3 2 101 2 1526 1515 1419 1490
938 3 2 101 2 828 956 799 756
939 3 2 101 2 1514 1413 1492 1513
940 3 2 101 2 843 940 649 789
941 3 2 101 2 1212 1177 1046 1140
942 3 2 101 2 1013 1142 1082 912
943 3 2 101 2 1013 946 918 1079
944 3 2 101 2 1415 1496 1397 1303
945 3 2 101 2 1421 1358 1394 1475
946 3 2 101 2 1308 1371 1313 1252
947 3 2 101 2 1420 1300 1390 1497
948 3 2 101 2 1268 1213 1252 1313
949 3 2 101 2 1197 1228 1156 1093
950 3 2 101 2 1397 1339 1282 1279
951 3 2 101 2 1300 1267 1324 1390
952 3 2 101 2 1215 1141 1153 1193
953 3 2 101 2 1140 1046 902 1010
954 3 2 101 2 1499 1415 1303 1372
955 3 2 101 2 1338 1305 1288 1184
956 3 2 101 2 1358 1335 1304 1394
957 3 2 101 2 1118 1082 1142 1216
958 3 2 101 2 1479 1363 1454 1478
959 3 2 101 2 1498 1449 1358 1421
960 3 2 101 2 1082 1118 1146 982
961 3 2 101 2 1303 1397 1279 1246
962 3 2 101 2 1423 1360 1469 1468
963 3 2 101 2 1385 1309 1360 1423
964 3 2 101 2 1392 1272 1267 1300
965 3 2 101 2 1309 1385 1185 1273
966 3 2 101 2 1279 1282 1197 1119
967 3 2 101 2 1178 1336 1304 1280
968 3 2 101 2 1181 1118 1216 1272
969 3 2 101 2 912 873 946 1013
970 3 2 101 2 1213 1112 1185 1252
971 3 2 101 2 1371 1308 1490 1419
972 3 2 101 2 1078 1016 1144 1139
973 3 2 101 2 1177 1212 1326 1242
974 3 2 101 2 957 1026 1094 979
975 3 2 101 2 1337 1246 1226 1196
976 3 2 101 2 1025 991 1093 1156
977 3 2 101 2 1144 1047 1112 1213
978 3 2 101 2 1140 1139 1268 1212
979 3 2 101 2 1414 1499 1372 1393
980 3 2 101 2 912 1082 982 826
981 3 2 101 2 999 1174 1059 986
982 3 2 101 2 1196 1226 1154 1092
983 3 2 101 2 1254 1218 1146 1271
984 3 2 101 2 1301 1181 1272 1392
985 3 2 101 2 1079 1012 1153 1141
986 3 2 101 2 1444 1301 1392 1491
987 3 2 101 2 1092 1154 1024 948
988 3 2 101 2 1119 1197 1093 1049
989 3 2 101 2 1252 1185 1385 1308
990 3 2 101 2 1495 1463 1450 1389
991 3 2 101 2 1049 1093 991 955
992 3 2 101 2 1255 1273 1145 1219
993 3 2 101 2 1334 1245 1182 1275
994 3 2 101 2 1491 1392 1300 1420
995 3 2 101 2 1463 1516 1414 1450
996 3 2 101 2 1256 1337 1196 1155
997 3 2 101 2 1497 1390 1383 1413
998 3 2 101 2 1218 1254 1274 1217
999 3 2 101 2 1146 1218 1087 982
1000 3 2 101 2 1245 1330 1225 1182
1001 3 2 101 2 1273 1255 1328 1309
1002 3 2 101 2 1049 1154 1226 1119
1003 3 2 101 2 1424 1445 1328 1387
1004 3 2 101 2 1275 1220 1217 1274
1005 3 2 101 2 1359 1340 1339 1426
1006 3 2 101 2 1529 1357 1449 1498
1007 3 2 101 2 1047 1083 1145 1112
1008 3 2 101 2 1254 1302 1333 1274
1009 3 2 101 2 1450 1414 1393 1330
1010 3 2 101 2 1301 1444 1446 1386
1011 3 2 101 2 1449 1243 1335 1358
1012 3 2 101 2 1182 1225 1151 1114
1013 3 2 101 2 1271 1386 1302 1254
1014 3 2 101 2 1155 1196 1092 989
1015 3 2 101 2 1112 1145 1273 1185
1016 3 2 101 2 1303 1246 1337 1372
1017 3 2 101 2 1387 1310 1365 1424
1018 3 2 101 2 1113 1219 1085 977
1019 3 2 101 2 1334 1275 1274 1333
1020 3 2 101 2 1329 1310 1276 1247
1021 3 2 101 2 1470 1469 1360 1445
1022 3 2 101 2 1219 1113 1186 1255
1023 3 2 101 2 1218 1217 1148 1087
1024 3 2 101 2 989 1092 948 827
1025 3 2 101 2 1220 1275 1182 1114
1026 3 2 101 2 1474 1426 1496 1528
1027 3 2 101 2 1090 1157 1125 1021
1028 3 2 101 2 1225 1256 1155 1151
1029 3 2 101 2 1144 1016 905 1047
1030 3 2 101 2 1255 1186 1387 1328
1031 3 2 101 2 1151 1155 989 1091
1032 3 2 101 2 1114 1151 1091 978
1033 3 2 101 2 1447 1391 1332 1357
1034 3 2 101 2 1528 1496 1415 1518
1035 3 2 101 2 1472 1388 1425 1473
1036 3 2 101 2 1247 1276 1147 1221
1037 3 2 101 2 1065 1156 1228 1159
1038 3 2 101 2 1217 1220 1088 1148
1039 3 2 101 2 1159 1228 1283 1183
1040 3 2 101 2 1078 947 842 1016
1041 3 2 101 2 871 1010 902 742
1042 3 2 101 2 1309 1328 1445 1360
1043 3 2 101 2 1425 1331 1391 1447
1044 3 2 101 2 1448 1333 1302 1361
1045 3 2 101 2 1361 1302 1386 1446
1046 3 2 101 2 1362 1334 1333 1448
1047 3 2 101 2 1047 905 1015 1083
1048 3 2 101 2 1145 1083 1085 1219
1049 3 2 101 2 1387 1186 1276 1310
1050 3 2 101 2 1125 1178 1280 1045
1051 3 2 101 2 1430 1362 1448 1494
1052 3 2 101 2 978 1091 945 944
1053 3 2 101 2 827 945 1091 989
1054 3 2 101 2 947 1078 1010 871
1055 3 2 101 2 1280 1304 1335 1195
1056 3 2 101 2 1389 1245 1334 1362
1057 3 2 101 2 1279 1119 1226 1246
1058 3 2 101 2 1245 1389 1450 1330
1059 3 2 101 2 1220 1114 978 1088
1060 3 2 101 2 1310 1329 1431 1365
1061 3 2 101 2 1115 1243 1332 1223
1062 3 2 101 2 955 1024 1154 1049
1063 3 2 101 2 1186 1113 1147 1276
1064 3 2 101 2 1518 1415 1499 1517
1065 3 2 101 2 1015 941 1085 1083
1066 3 2 101 2 977 919 1017 1084
1067 3 2 101 2 953 1023 990 825
1068 3 2 101 2 1016 842 872 905
1069 3 2 101 2 905 872 755 1015
1070 3 2 101 2 1494 1448 1361 1471
1071 3 2 101 2 1015 755 866 941
1072 3 2 101 2 1493 1473 1425 1447
1073 3 2 101 2 919 977 1085 941
1074 3 2 101 2 1388 1472 1431 1329
1075 3 2 101 2 941 866 745 919
1076 3 2 101 2 1017 904 1086 1084
1077 3 2 101 2 1277 1247 1221 1194
1078 3 2 101 2 977 1084 1147 1113
1079 3 2 101 2 919 745 869 1017
1080 3 2 101 2 1087 954 826 982
1081 3 2 101 2 1386 1271 1181 1301
1082 3 2 101 2 1148 1020 954 1087
1083 3 2 101 2 1088 988 1020 1148
1084 3 2 101 2 873 912 826 739
1085 3 2 101 2 978 944 988 1088
1086 3 2 101 2 1017 869 868 904
1087 3 2 101 2 1018 904 868 950
1088 3 2 101 2 840 775 715 867
1089 3 2 101 2 872 842 781 713
1090 3 2 101 2 866 755 656 780
1091 3 2 101 2 775 153 152 715
1092 3 2 101 2 715 152 151 654
1093 3 2 101 2 778 716 686 744
1094 3 2 101 2 779 89 88 717
1095 3 2 101 2 782 163 162 677
1096 3 2 101 2 942 1018 950 840
1097 3 2 101 2 87 716 717 88
1098 3 2 101 2 781 161 160 713
1099 3 2 101 2 740 654 784 870
1100 3 2 101 2 871 742 683 782
1101 3 2 101 2 868 869 682 776
1102 3 2 101 2 874 943 659 779
1103 3 2 101 2 721 687 918 946
1104 3 2 101 2 156 682 718 157
1105 3 2 101 2 676 154 153 775
1106 3 2 101 2 776 155 154 676
1107 3 2 101 2 864 723 683 742
1108 3 2 101 2 945 876 841 944
1109 3 2 101 2 779 717 877 874
1110 3 2 101 2 78 721 787 79
1111 3 2 101 2 873 739 647 787
1112 3 2 101 2 81 724 725 82
1113 3 2 101 2 682 156 155 776
1114 3 2 101 2 164 683 723 165
1115 3 2 101 2 788 659 943 846
1116 3 2 101 2 82 725 790 83
1117 3 2 101 2 75 74 789 649
1118 3 2 101 2 786 724 647 739
1119 3 2 101 2 166 777 655 167
1120 3 2 101 2 656 755 872 713
1121 3 2 101 2 784 150 149 712
1122 3 2 101 2 789 74 73 720
1123 3 2 101 2 721 78 77 687
1124 3 2 101 2 774 648 71 70
1125 3 2 101 2 80 79 787 647
1126 3 2 101 2 947 677 781 842
1127 3 2 101 2 780 158 157 718
1128 3 2 101 2 777 166 165 723
1129 3 2 101 2 846 875 684 788
1130 3 2 101 2 716 778 877 717
1131 3 2 101 2 158 780 656 159
1132 3 2 101 2 775 840 950 676
1133 3 2 101 2 89 779 659 90
1134 3 2 101 2 949 793 722 825
1135 3 2 101 2 782 677 947 871
1136 3 2 101 2 940 824 794 649
1137 3 2 101 2 683 164 163 782
1138 3 2 101 2 780 718 745 866
1139 3 2 101 2 727 684 875 743
1140 3 2 101 2 718 682 869 745
1141 3 2 101 2 952 988 944 841
1142 3 2 101 2 92 684 727 93
1143 3 2 101 2 848 1020 988 952
1144 3 2 101 2 677 162 161 781
1145 3 2 101 2 790 725 848 952
1146 3 2 101 2 788 91 90 659
1147 3 2 101 2 793 146 145 722
1148 3 2 101 2 794 824 918 687
1149 3 2 101 2 795 142 141 726
1150 3 2 101 2 140 685 726 141
1151 3 2 101 2 776 676 950 868
1152 3 2 101 2 96 714 728 97
1153 3 2 101 2 793 949 847 653
1154 3 2 101 2 98 783 658 99
1155 3 2 101 2 94 785 657 95
1156 3 2 101 2 987 870 951 1019
1157 3 2 101 2 713 160 159 656
1158 3 2 101 2 796 85 84 650
1159 3 2 101 2 85 796 686 86
1160 3 2 101 2 714 96 95 657
1161 3 2 101 2 783 98 97 728
1162 3 2 101 2 146 793 653 147
1163 3 2 101 2 739 826 954 786
1164 3 2 101 2 785 94 93 727
1165 3 2 101 2 773 168 167 655
1166 3 2 101 2 716 87 86 686
1167 3 2 101 2 143 651 798 144
1168 3 2 101 2 744 686 796 876
1169 3 2 101 2 653 847 879 791
1170 3 2 101 2 144 798 722 145
1171 3 2 101 2 83 790 650 84
1172 3 2 101 2 91 788 684 92
1173 3 2 101 2 827 744 876 945
1174 3 2 101 2 720 73 72 792
1175 3 2 101 2 654 151 150 784
1176 3 2 101 2 797 139 138 652
1177 3 2 101 2 784 712 951 870
1178 3 2 101 2 870 987 913 740
1179 3 2 101 2 687 77 76 794
1180 3 2 101 2 712 791 879 951
1181 3 2 101 2 792 72 71 648
1182 3 2 101 2 139 797 685 140
1183 3 2 101 2 787 721 946 873
1184 3 2 101 2 148 791 712 149
1185 3 2 101 2 142 795 651 143
1186 3 2 101 2 840 867 1022 942
1187 3 2 101 2 654 740 867 715
1188 3 2 101 2 798 953 825 722
1189 3 2 101 2 795 726 741 878
1190 3 2 101 2 794 76 75 649
1191 3 2 101 2 791 148 147 653
1192 3 2 101 2 786 954 1020 848
1193 3 2 101 2 879 903 1019 951
1194 3 2 101 2 724 81 80 647
1195 3 2 101 2 724 786 848 725
1196 3 2 101 2 953 798 651 883
1197 3 2 101 2 878 883 651 795
1198 3 2 101 2 876 796 650 841
1199 3 2 101 2 1022 867 740 913
1200 3 2 101 2 952 841 650 790
1201 3 2 101 2 943 991 1025 846
1202 3 2 101 2 1222 1194 1149 1048
1203 3 2 101 2 1086 904 1018 1149
1204 3 2 101 2 1194 1221 1086 1149
1205 3 2 101 2 1084 1086 1221 1147
1206 3 2 101 2 1149 1018 942 1048
1207 3 2 101 2 1225 1330 1393 1256
1208 3 2 101 2 942 1022 1150 1048
1209 3 2 101 2 1089 1064 1115 1223
1210 3 2 101 2 1388 1277 1331 1425
1211 3 2 101 2 1223 1278 1150 1089
1212 3 2 101 2 1048 1150 1278 1222
1213 3 2 101 2 1194 1222 1331 1277
1214 3 2 101 2 1329 1247 1277 1388
1215 3 2 101 2 913 1089 1150 1022
1216 3 2 101 2 1391 1331 1222 1278
1217 3 2 101 2 1152 1064 987 1019
1218 3 2 101 2 1332 1391 1278 1223
1219 3 2 101 2 1362 1430 1495 1389
1220 3 2 101 2 1152 1019 903 1045
1221 3 2 101 2 879 847 1021 903
1222 3 2 101 2 987 1064 1089 913
1223 3 2 101 2 1157 1090 990 1050
1224 3 2 101 2 847 949 1090 1021
1225 3 2 101 2 1064 1152 1195 1115
1226 3 2 101 2 1125 1045 903 1021
1227 3 2 101 2 1447 1357 1529 1493
1228 3 2 101 2 1152 1045 1280 1195
1229 3 2 101 2 1024 877 778 948
1230 3 2 101 2 744 827 948 778
1231 3 2 101 2 1115 1195 1335 1243
1232 3 2 101 2 1332 1243 1449 1357
1233 3 2 101 2 1372 1337 1256 1393
1234 3 2 101 2 1517 1499 1414 1516
1235 3 2 101 2 825 990 1090 949
1236 3 2 101 2 1118 1181 1271 1146
1237 3 2 101 2 1023 953 883 906
1238 3 2 101 2 991 943 874 955
1239 3 2 101 2 1024 955 874 877
1240 3 2 101 2 1156 1065 914 1025
1241 3 2 101 2 1011 1044 1153 1012
1242 3 2 101 2 1026 743 875 914
1243 3 2 101 2 1025 914 875 846
1244 3 2 101 2 785 727 743 884
1245 3 2 101 2 1394 1427 1531 1475
1246 3 2 101 2 1157 1281 1178 1125
1247 3 2 101 2 743 1026 957 884
1248 3 2 101 2 1178 1281 1395 1336
1249 3 2 101 2 1304 1336 1427 1394
1250 3 2 101 2 783 728 849 885
1251 3 2 101 2 828 756 884 957
1252 3 2 101 2 657 785 884 756
1253 3 2 101 2 1325 1314 1443 1355
1254 3 2 101 2 979 1052 1126 1033
1255 3 2 101 2 1281 1224 1343 1395
1256 3 2 101 2 1508 1532 1416 1502
1257 3 2 101 2 1157 1050 1224 1281
1258 3 2 101 2 714 799 849 728
1259 3 2 101 2 990 1023 1158 1050
1260 3 2 101 2 1476 1531 1427 1453
1261 3 2 101 2 1345 1363 1428 1348
1262 3 2 101 2 1341 1234 1172 1292
1263 3 2 101 2 657 756 799 714
1264 3 2 101 2 1327 1241 1440 1354
1265 3 2 101 2 1533 1465 1457 1364
1266 3 2 101 2 1111 1227 1325 1241
1267 3 2 101 2 1080 1143 1269 1227
1268 3 2 101 2 1006 1014 1143 1080
1269 3 2 101 2 1043 1080 1227 1111
1270 3 2 101 2 1320 1263 1442 1379
1271 3 2 101 2 1354 1440 1525 1460
1272 3 2 101 2 1459 1398 1312 1376
1273 3 2 101 2 980 1037 961 960
1274 3 2 101 2 1316 1249 1436 1367
1275 3 2 101 2 1062 1077 1210 1110
1276 3 2 101 2 906 1096 1158 1023
1277 3 2 101 2 1338 1396 1482 1451
1278 3 2 101 2 1305 1338 1451 1366
1279 3 2 101 2 920 1027 878 741
1280 3 2 101 2 883 878 1027 906
1281 3 2 101 2 1379 1442 1527 1505
1282 3 2 101 2 1198 1293 1401 1315
1283 3 2 101 2 1120 1161 1284 1184
1284 3 2 101 2 1184 1284 1396 1338
1285 3 2 101 2 1284 1315 1455 1396
1286 3 2 101 2 1162 1232 1346 1290
1287 3 2 101 2 1036 959 887 968
1288 3 2 101 2 992 1102 1232 1162
1289 3 2 101 2 730 802 964 850
1290 3 2 101 2 811 734 892 967
1291 3 2 101 2 850 964 1102 992
1292 3 2 101 2 852 965 1039 917
1293 3 2 101 2 831 983 1102 964
1294 3 2 101 2 667 831 964 802
1295 3 2 101 2 803 893 731 719
1296 3 2 101 2 1315 1284 1161 1198
1297 3 2 101 2 1162 1054 908 992
1298 3 2 101 2 882 966 800 732
1299 3 2 101 2 729 801 890 887
1300 3 2 101 2 801 266 267 661
1301 3 2 101 2 137 800 652 138
1302 3 2 101 2 1229 1188 1163 1060
1303 3 2 101 2 1127 1164 1285 1179
1304 3 2 101 2 1179 1285 1403 1298
1305 3 2 101 2 1318 1257 1351 1406
1306 3 2 101 2 1099 983 831 963
1307 3 2 101 2 99 658 719 100
1308 3 2 101 2 1000 994 833 924
1309 3 2 101 2 963 831 667 805
1310 3 2 101 2 726 685 880 741
1311 3 2 101 2 802 730 268 269
1312 3 2 101 2 1060 1166 1287 1229
1313 3 2 101 2 1401 1298 1502 1416
1314 3 2 101 2 1051 1095 1198 1161
1315 3 2 101 2 1504 1459 1376 1418
1316 3 2 101 2 1433 1484 1534 1429
1317 3 2 101 2 850 749 661 730
1318 3 2 101 2 890 801 661 749
1319 3 2 101 2 1238 1121 1057 1168
1320 3 2 101 2 804 264 265 729
1321 3 2 101 2 801 729 265 266
1322 3 2 101 2 992 908 749 850
1323 3 2 101 2 805 667 270 271
1324 3 2 101 2 802 269 270 667
1325 3 2 101 2 959 830 688 804
1326 3 2 101 2 851 751 665 808
1327 3 2 101 2 741 880 1028 920
1328 3 2 101 2 1399 1342 1229 1287
1329 3 2 101 2 1432 1399 1311 1429
1330 3 2 101 2 749 908 1031 890
1331 3 2 101 2 931 837 674 807
1332 3 2 101 2 920 1028 1171 1095
1333 3 2 101 2 1342 1258 1188 1229
1334 3 2 101 2 806 262 263 688
1335 3 2 101 2 804 688 263 264
1336 3 2 101 2 1432 1429 1534 1506
1337 3 2 101 2 815 822 699 690
1338 3 2 101 2 932 806 688 830
1339 3 2 101 2 1204 1260 1123 1235
1340 3 2 101 2 685 797 962 880
1341 3 2 101 2 1166 1054 1189 1287
1342 3 2 101 2 1035 1036 1163 1100
1343 3 2 101 2 806 671 261 262
1344 3 2 101 2 763 260 261 671
1345 3 2 101 2 674 837 963 805
1346 3 2 101 2 1235 1123 983 1099
1347 3 2 101 2 1293 1198 1095 1171
1348 3 2 101 2 805 271 272 674
1349 3 2 101 2 807 674 272 273
1350 3 2 101 2 1530 1467 1369 1452
1351 3 2 101 2 881 966 1103 1029
1352 3 2 101 2 1452 1369 1251 1344
1353 3 2 101 2 1029 1103 1236 1164
1354 3 2 101 2 1398 1286 1191 1312
1355 3 2 101 2 267 268 730 661
1356 3 2 101 2 1344 1251 1121 1238
1357 3 2 101 2 808 102 101 731
1358 3 2 101 2 981 1116 1200 1098
1359 3 2 101 2 807 273 274 680
1360 3 2 101 2 762 680 274 275
1361 3 2 101 2 1374 1259 1352 1407
1362 3 2 101 2 1030 1103 966 882
1363 3 2 101 2 1433 1429 1311 1375
1364 3 2 101 2 1349 1285 1164 1236
1365 3 2 101 2 675 812 895 818
1366 3 2 101 2 1029 1101 962 881
1367 3 2 101 2 908 1054 1166 1031
1368 3 2 101 2 1505 1509 1534 1484
1369 3 2 101 2 1287 1189 1311 1399
1370 3 2 101 2 966 881 652 800
1371 3 2 101 2 1375 1311 1189 1290
1372 3 2 101 2 1290 1189 1054 1162
1373 3 2 101 2 1101 1028 880 962
1374 3 2 101 2 1520 1501 1410 1519
1375 3 2 101 2 851 808 731 893
1376 3 2 101 2 136 732 800 137
1377 3 2 101 2 809 689 135 134
1378 3 2 101 2 1298 1401 1293 1179
1379 3 2 101 2 100 719 731 101
1380 3 2 101 2 1286 1165 1058 1191
1381 3 2 101 2 1165 1236 1103 1030
1382 3 2 101 2 1136 930 986 1059
1383 3 2 101 2 1179 1293 1171 1127
1384 3 2 101 2 809 664 835 894
1385 3 2 101 2 1032 911 751 851
1386 3 2 101 2 1165 1030 910 1058
1387 3 2 101 2 652 881 962 797
1388 3 2 101 2 1030 882 748 910
1389 3 2 101 2 882 732 689 748
1390 3 2 101 2 1169 1061 917 1039
1391 3 2 101 2 808 665 103 102
1392 3 2 101 2 967 835 664 811
1393 3 2 101 2 811 664 133 132
1394 3 2 101 2 809 134 133 664
1395 3 2 101 2 135 689 732 136
1396 3 2 101 2 810 105 104 733
1397 3 2 101 2 1286 1349 1236 1165
1398 3 2 101 2 733 665 751 891
1399 3 2 101 2 1291 1191 1058 1170
1400 3 2 101 2 1069 984 1237 1128
1401 3 2 101 2 894 748 689 809
1402 3 2 101 2 924 833 668 759
1403 3 2 101 2 1170 1104 1240 1291
1404 3 2 101 2 894 835 970 1034
1405 3 2 101 2 965 852 669 810
1406 3 2 101 2 753 972 922 892
1407 3 2 101 2 812 107 106 669
1408 3 2 101 2 810 669 106 105
1409 3 2 101 2 1034 970 1104 1170
1410 3 2 101 2 1034 910 748 894
1411 3 2 101 2 811 132 131 734
1412 3 2 101 2 993 891 751 911
1413 3 2 101 2 1239 1129 1061 1169
1414 3 2 101 2 1170 1058 910 1034
1415 3 2 101 2 834 915 999 886
1416 3 2 101 2 1128 1240 1104 1109
1417 3 2 101 2 130 129 813 672
1418 3 2 101 2 1128 1109 985 1069
1419 3 2 101 2 173 759 668 174
1420 3 2 101 2 1099 963 837 995
1421 3 2 101 2 103 665 733 104
1422 3 2 101 2 1038 970 835 967
1423 3 2 101 2 812 675 108 107
1424 3 2 101 2 1253 1317 1405 1350
1425 3 2 101 2 1467 1435 1406 1369
1426 3 2 101 2 1040 971 818 895
1427 3 2 101 2 1296 1059 1174 1205
1428 3 2 101 2 7 177 690 282
1429 3 2 101 2 886 814 700 834
1430 3 2 101 2 734 672 753 892
1431 3 2 101 2 854 973 757 899
1432 3 2 101 2 736 110 109 702
1433 3 2 101 2 130 672 734 131
1434 3 2 101 2 61 2 252 735
1435 3 2 101 2 127 701 128 5
1436 3 2 101 2 1378 1318 1406 1435
1437 3 2 101 2 128 701 813 129
1438 3 2 101 2 177 176 815 690
1439 3 2 101 2 1350 1291 1240 1253
1440 3 2 101 2 1418 1464 1535 1504
1441 3 2 101 2 108 675 702 109
1442 3 2 101 2 252 253 816 735
1443 3 2 101 2 917 1061 1108 1040
1444 3 2 101 2 832 1069 985 916
1445 3 2 101 2 1399 1432 1407 1342
1446 3 2 101 2 174 668 754 6
1447 3 2 101 2 900 897 678 758
1448 3 2 101 2 6 754 853 758
1449 3 2 101 2 758 678 175 6
1450 3 2 101 2 737 280 281 699
1451 3 2 101 2 1070 997 1108 1173
1452 3 2 101 2 700 3 817 757
1453 3 2 101 2 754 668 833 921
1454 3 2 101 2 994 1068 921 833
1455 3 2 101 2 1129 1173 1108 1061
1456 3 2 101 2 175 678 815 176
1457 3 2 101 2 63 679 817 3
1458 3 2 101 2 1506 1374 1407 1432
1459 3 2 101 2 916 985 922 972
1460 3 2 101 2 255 698 254 10
1461 3 2 101 2 282 690 699 281
1462 3 2 101 2 62 61 735 696
1463 3 2 101 2 1346 1260 1353 1408
1464 3 2 101 2 254 698 816 253
1465 3 2 101 2 821 696 735 816
1466 3 2 101 2 1367 1408 1353 1316
1467 3 2 101 2 1109 1038 922 985
1468 3 2 101 2 62 696 679 63
1469 3 2 101 2 1434 1464 1418 1368
1470 3 2 101 2 761 693 822 897
1471 3 2 101 2 821 898 679 696
1472 3 2 101 2 897 822 815 678
1473 3 2 101 2 695 821 816 698
1474 3 2 101 2 899 757 817 823
1475 3 2 101 2 1342 1407 1352 1258
1476 3 2 101 2 1237 1253 1240 1128
1477 3 2 101 2 758 853 974 900
1478 3 2 101 2 1534 1509 1412 1506
1479 3 2 101 2 1369 1406 1351 1251
1480 3 2 101 2 1368 1418 1376 1405
1481 3 2 101 2 1122 1317 1253 1237
1482 3 2 101 2 1235 1175 1071 1204
1483 3 2 101 2 760 898 821 695
1484 3 2 101 2 1431 1430 1494 1365
1485 3 2 101 2 1451 1481 1480 1366
1486 3 2 101 2 1475 1474 1528 1421
1487 3 2 101 2 1366 1480 1479 1422
1488 3 2 101 2 1445 1424 1471 1470
1489 3 2 101 2 1365 1494 1471 1424
1490 3 2 101 2 1430 1431 1472 1495
1491 3 2 101 2 1435 1467 1464 1434
1492 3 2 101 2 1469 1444 1491 1468
1493 3 2 101 2 1446 1444 1469 1470
1494 3 2 101 2 1361 1446 1470 1471
1495 3 2 101 2 1481 1451 1482 1533
1496 3 2 101 2 1527 1460 1536 1510
1497 3 2 101 2 1525 1537 1536 1460
1498 3 2 101 2 1473 1463 1495 1472
1499 3 2 101 2 1467 1530 1535 1464
1500 3 2 101 2 1483 1465 1533 1482
1501 3 2 101 2 1420 1526 1468 1491
1502 3 2 101 2 1463 1473 1493 1516
1503 3 2 101 2 1474 1475 1531 1477
1504 3 2 101 2 1422 1479 1478 1476
1505 3 2 101 2 1476 1478 1477 1531
1506 3 2 101 2 1465 1483 1532 1519
1507 3 2 101 2 1514 1513 1524 1488
1508 3 2 101 2 1419 1515 1514 1488
1509 3 2 101 2 1461 1489 1512 1511
1510 3 2 101 2 1516 1493 1529 1517
1511 3 2 101 2 1413 1514 1515 1497
1512 3 2 101 2 1420 1497 1515 1526
1513 3 2 101 2 1421 1528 1518 1498
1514 3 2 101 2 1486 1507 1511 1512
1515 3 2 101 2 1505 1527 1510 1509
1516 3 2 101 2 1507 1523 1537 1511
1517 3 2 101 2 1489 1524 1513 1512
1518 3 2 101 2 1498 1518 1517 1529
1519 3 2 101 2 1462 1536 1537 1523
$EndElements
